PassengerId,HomePlanet,CryoSleep,Destination,VIP,RoomService,FoodCourt,ShoppingMall,Spa,VRDeck,groupid,deck,deckside,AgeGroup,RoomGroup
0001_01,Europa,False,TRAPPIST-1e,False,0.0,0.0,0.0,0.0,0.0,0001,B,P,Adult,roomgroupA
0002_01,Earth,False,TRAPPIST-1e,False,109.0,9.0,25.0,549.0,44.0,0002,F,S,Young Adult,roomgroupA
0003_01,Europa,False,TRAPPIST-1e,True,43.0,3576.0,0.0,6715.0,49.0,0003,A,S,Adult,roomgroupA
0003_02,Europa,False,TRAPPIST-1e,False,0.0,1283.0,371.0,3329.0,193.0,0003,A,S,Young Adult,roomgroupA
0004_01,Earth,False,TRAPPIST-1e,False,303.0,70.0,151.0,565.0,2.0,0004,F,S,Teenager,roomgroupA
0005_01,Earth,False,PSO J318.5-22,False,0.0,483.0,0.0,291.0,0.0,0005,F,P,Adult,roomgroupA
0006_01,Earth,False,TRAPPIST-1e,False,42.0,1539.0,3.0,0.0,0.0,0006,F,S,Young Adult,roomgroupA
0006_02,Earth,True,TRAPPIST-1e,False,0.0,0.0,0.0,0.0,,0006,G,S,Young Adult,roomgroupA
0007_01,Earth,False,TRAPPIST-1e,False,0.0,785.0,17.0,216.0,0.0,0007,F,S,Adult,roomgroupA
0008_01,Europa,True,55 Cancri e,False,0.0,0.0,0.0,0.0,0.0,0008,B,P,Teenager,roomgroupA
0008_02,Europa,True,TRAPPIST-1e,False,0.0,0.0,,0.0,0.0,0008,B,P,Young Adult,roomgroupA
0008_03,Europa,False,55 Cancri e,False,39.0,7295.0,589.0,110.0,124.0,0008,B,P,Adult,roomgroupA
0009_01,Mars,False,TRAPPIST-1e,False,73.0,0.0,1123.0,0.0,113.0,0009,F,P,Young Adult,roomgroupA
0010_01,Earth,False,TRAPPIST-1e,False,719.0,1.0,65.0,0.0,24.0,0010,G,S,Adult,roomgroupA
0011_01,Earth,False,TRAPPIST-1e,False,8.0,974.0,12.0,2.0,7.0,0011,F,P,Young Adult,roomgroupA
0012_01,Earth,False,TRAPPIST-1e,False,32.0,0.0,876.0,0.0,0.0,0012,G,S,Young Adult,roomgroupA
0014_01,Mars,False,55 Cancri e,False,1286.0,122.0,,0.0,0.0,0014,F,P,Young Adult,roomgroupA
0015_01,Earth,False,55 Cancri e,False,0.0,1.0,0.0,0.0,637.0,0015,F,P,Young Adult,roomgroupA
0016_01,Mars,True,TRAPPIST-1e,False,0.0,0.0,0.0,0.0,0.0,0016,F,P,Adult,roomgroupA
0017_01,Earth,False,TRAPPIST-1e,False,0.0,0.0,0.0,0.0,0.0,0017,G,P,Baby,roomgroupA
0017_02,Earth,False,55 Cancri e,False,412.0,0.0,1.0,0.0,679.0,0017,F,P,Teenager,roomgroupA
0020_01,Earth,True,TRAPPIST-1e,False,0.0,0.0,0.0,0.0,0.0,0020,E,S,Baby,roomgroupA
0020_02,Earth,True,55 Cancri e,False,0.0,0.0,0.0,0.0,0.0,0020,E,S,Adult,roomgroupA
0020_03,Earth,True,55 Cancri e,False,0.0,0.0,,0.0,0.0,0020,E,S,Young Adult,roomgroupA
0020_04,Earth,False,TRAPPIST-1e,False,0.0,0.0,0.0,0.0,0.0,0020,E,S,Child,roomgroupA
0020_05,Earth,True,PSO J318.5-22,False,,0.0,0.0,0.0,0.0,0020,E,S,Baby,roomgroupA
0020_06,Earth,False,TRAPPIST-1e,False,0.0,0.0,0.0,0.0,0.0,0020,E,S,Child,roomgroupA
0022_01,Mars,False,TRAPPIST-1e,False,980.0,2.0,69.0,0.0,0.0,0022,D,P,Student,roomgroupA
0024_01,Europa,True,TRAPPIST-1e,False,0.0,0.0,,0.0,0.0,0024,C,S,Senior,roomgroupA
0025_01,Earth,False,TRAPPIST-1e,False,0.0,225.0,0.0,998.0,0.0,0025,F,S,Teenager,roomgroupA
0026_01,Europa,False,55 Cancri e,False,22.0,6073.0,0.0,1438.0,328.0,0026,C,P,Young Adult,roomgroupA
0028_01,Mars,False,TRAPPIST-1e,False,1125.0,0.0,136.0,48.0,0.0,0028,F,P,Adult,roomgroupA
0030_01,Earth,False,TRAPPIST-1e,False,0.0,850.0,81.0,437.0,453.0,0030,G,S,Young Adult,roomgroupA
0031_01,Mars,False,TRAPPIST-1e,False,214.0,0.0,1411.0,0.0,1229.0,0031,F,P,Adult,roomgroupA
0031_02,Mars,False,TRAPPIST-1e,False,0.0,0.0,0.0,0.0,0.0,0031,F,P,Baby,roomgroupA
0031_03,Mars,False,TRAPPIST-1e,False,,0.0,1750.0,990.0,0.0,0031,F,P,Student,roomgroupA
0034_01,Europa,True,55 Cancri e,False,0.0,0.0,0.0,0.0,0.0,0034,D,S,Young Adult,roomgroupA
0035_01,Mars,False,55 Cancri e,False,784.0,964.0,0.0,951.0,0.0,0035,D,P,Student,roomgroupA
0036_01,Earth,False,55 Cancri e,,0.0,492.0,48.0,20.0,401.0,0036,F,S,Teenager,roomgroupA
0038_01,Earth,False,55 Cancri e,False,554.0,195.0,0.0,2606.0,0.0,0038,F,S,Student,roomgroupA
0039_01,Earth,True,55 Cancri e,False,0.0,0.0,,0.0,0.0,0039,G,P,Young Adult,roomgroupA
0041_01,Earth,True,TRAPPIST-1e,False,0.0,0.0,0.0,0.0,0.0,0041,G,P,Teenager,roomgroupA
0043_01,Europa,False,TRAPPIST-1e,False,0.0,164.0,45.0,2511.0,855.0,0043,B,P,Adult,roomgroupA
0044_01,Earth,True,TRAPPIST-1e,False,0.0,0.0,0.0,0.0,0.0,0044,G,P,Adult,roomgroupA
0044_02,Earth,True,55 Cancri e,False,0.0,0.0,0.0,0.0,0.0,0044,G,P,Baby,roomgroupA
0044_03,Earth,True,PSO J318.5-22,False,0.0,0.0,0.0,0.0,0.0,0044,G,P,Student,roomgroupA
0045_01,Mars,False,TRAPPIST-1e,False,970.0,0.0,180.0,0.0,64.0,0045,F,P,Student,roomgroupA
0045_02,Mars,True,,False,0.0,0.0,0.0,0.0,0.0,0045,F,P,Student,roomgroupA
0050_01,Earth,False,55 Cancri e,False,790.0,0.0,0.0,,0.0,0050,E,S,Adult,roomgroupA
0051_01,Earth,False,TRAPPIST-1e,False,0.0,112.0,0.0,1379.0,127.0,0051,E,S,Adult,roomgroupA
0052_01,Earth,False,TRAPPIST-1e,False,4.0,0.0,2.0,4683.0,0.0,0052,G,S,Unknown,roomgroupA
0053_01,Earth,False,TRAPPIST-1e,False,0.0,0.0,1938.0,0.0,1.0,0053,F,S,Young Adult,roomgroupA
0056_01,Europa,False,TRAPPIST-1e,False,0.0,0.0,0.0,0.0,0.0,0056,A,S,Baby,roomgroupA
0056_02,Europa,True,TRAPPIST-1e,False,0.0,0.0,0.0,0.0,0.0,0056,A,S,Adult,roomgroupA
0056_03,Europa,False,TRAPPIST-1e,False,279.0,605.0,3374.0,286.0,3.0,0056,A,S,Young Adult,roomgroupA
0058_01,Earth,True,PSO J318.5-22,False,0.0,0.0,0.0,0.0,0.0,0058,G,S,Adult,roomgroupA
0061_01,Earth,False,TRAPPIST-1e,False,45.0,1096.0,148.0,1377.0,1.0,0061,F,S,Student,roomgroupA
0062_01,Earth,False,TRAPPIST-1e,False,0.0,592.0,0.0,17.0,25.0,0062,F,S,Senior,roomgroupA
0064_01,Mars,True,TRAPPIST-1e,False,0.0,0.0,0.0,0.0,0.0,0064,F,S,Teenager,roomgroupA
0064_02,,True,TRAPPIST-1e,False,0.0,0.0,,0.0,0.0,0064,E,S,Young Adult,roomgroupA
0066_01,Earth,False,TRAPPIST-1e,False,1.0,153.0,197.0,0.0,460.0,0066,G,P,Senior,roomgroupA
0067_01,Earth,True,PSO J318.5-22,False,0.0,0.0,0.0,0.0,0.0,0067,G,S,Baby,roomgroupA
0067_02,Earth,False,TRAPPIST-1e,False,1.0,258.0,446.0,0.0,0.0,0067,G,S,Student,roomgroupA
0067_03,Earth,False,55 Cancri e,False,1946.0,37.0,0.0,0.0,24.0,0067,F,S,Student,roomgroupA
0068_01,Mars,False,TRAPPIST-1e,False,793.0,0.0,2.0,253.0,0.0,0068,E,S,Unknown,roomgroupA
0069_01,Earth,False,TRAPPIST-1e,False,887.0,0.0,9.0,6.0,0.0,0069,F,S,Adult,roomgroupA
0070_01,Earth,False,TRAPPIST-1e,False,190.0,0.0,5.0,1.0,726.0,0070,F,P,Student,roomgroupA
0071_01,Earth,False,TRAPPIST-1e,False,16.0,2165.0,0.0,0.0,52.0,0071,F,P,Teenager,roomgroupA
0072_01,Earth,False,TRAPPIST-1e,False,0.0,1.0,0.0,0.0,1063.0,0072,F,S,Teenager,roomgroupA
0073_01,Mars,False,PSO J318.5-22,False,46.0,83.0,738.0,0.0,12.0,0073,D,P,Adult,roomgroupA
0074_01,Europa,False,TRAPPIST-1e,False,1.0,8397.0,0.0,0.0,506.0,0074,C,S,Adult,roomgroupA
0076_01,Mars,False,TRAPPIST-1e,False,147.0,0.0,1018.0,0.0,0.0,0076,F,S,Young Adult,roomgroupA
0077_01,Mars,False,TRAPPIST-1e,False,14.0,0.0,1295.0,0.0,0.0,0077,F,P,Young Adult,roomgroupA
0078_01,Europa,False,TRAPPIST-1e,False,0.0,5840.0,0.0,321.0,9654.0,0078,C,S,Adult,roomgroupA
0081_01,Earth,True,TRAPPIST-1e,False,0.0,0.0,0.0,0.0,0.0,0081,G,S,Teenager,roomgroupA
0082_01,Mars,False,TRAPPIST-1e,False,7406.0,0.0,0.0,0.0,0.0,0082,F,P,Adult,roomgroupA
0082_02,Mars,True,TRAPPIST-1e,False,0.0,0.0,0.0,0.0,0.0,0082,F,P,Baby,roomgroupA
0082_03,Mars,False,TRAPPIST-1e,False,0.0,0.0,0.0,0.0,0.0,0082,F,P,Child,roomgroupA
0084_01,Earth,False,TRAPPIST-1e,False,688.0,0.0,0.0,0.0,17.0,0084,G,S,Young Adult,roomgroupA
0085_01,Europa,True,TRAPPIST-1e,False,0.0,0.0,0.0,0.0,0.0,0085,C,S,Adult,roomgroupA
0086_01,Earth,False,TRAPPIST-1e,False,211.0,0.0,0.0,638.0,513.0,0086,F,P,Adult,roomgroupA
0088_01,Mars,True,PSO J318.5-22,False,0.0,0.0,0.0,0.0,0.0,0088,E,S,Adult,roomgroupA
0090_01,Earth,True,TRAPPIST-1e,False,0.0,0.0,0.0,0.0,0.0,0090,G,S,Adult,roomgroupA
0091_01,Earth,True,TRAPPIST-1e,False,,0.0,0.0,0.0,0.0,0091,G,S,Young Adult,roomgroupA
0091_02,Earth,False,TRAPPIST-1e,False,1.0,697.0,31.0,188.0,0.0,0091,F,S,Young Adult,roomgroupA
0092_01,Earth,False,TRAPPIST-1e,False,0.0,0.0,670.0,1.0,34.0,0092,G,P,Student,roomgroupA
0092_02,Earth,True,TRAPPIST-1e,False,0.0,0.0,,0.0,0.0,0092,G,P,Baby,roomgroupA
0092_03,Earth,True,TRAPPIST-1e,False,0.0,0.0,0.0,0.0,0.0,0092,G,P,Baby,roomgroupA
0097_01,Europa,False,TRAPPIST-1e,False,0.0,1208.0,0.0,3.0,637.0,0097,A,S,Adult,roomgroupA
0098_01,Earth,False,TRAPPIST-1e,False,0.0,856.0,5.0,32.0,0.0,0098,G,P,Young Adult,roomgroupA
0098_02,Earth,False,TRAPPIST-1e,False,0.0,2811.0,957.0,0.0,87.0,0098,G,P,Young Adult,roomgroupA
0099_01,Earth,False,PSO J318.5-22,False,311.0,427.0,526.0,37.0,0.0,0099,F,P,Student,roomgroupA
0099_02,Earth,,TRAPPIST-1e,False,0.0,0.0,0.0,0.0,0.0,0099,G,P,Baby,roomgroupA
0101_01,Mars,True,TRAPPIST-1e,False,0.0,0.0,0.0,0.0,0.0,0101,G,S,Young Adult,roomgroupA
0102_01,Earth,False,TRAPPIST-1e,False,0.0,0.0,0.0,830.0,91.0,0102,F,S,Student,roomgroupA
0103_01,Earth,False,TRAPPIST-1e,False,0.0,,0.0,0.0,17.0,0103,F,S,Young Adult,roomgroupA
0103_02,Earth,True,55 Cancri e,False,0.0,0.0,0.0,0.0,0.0,0103,G,S,Child,roomgroupA
0103_03,Earth,True,TRAPPIST-1e,False,0.0,0.0,0.0,0.0,0.0,0103,G,S,Child,roomgroupA
0105_01,Earth,,TRAPPIST-1e,False,0.0,0.0,570.0,2.0,131.0,0105,F,P,Young Adult,roomgroupA
0107_01,Mars,False,TRAPPIST-1e,False,1743.0,5.0,17.0,0.0,0.0,0107,D,S,Student,roomgroupA
0108_01,Earth,True,TRAPPIST-1e,False,0.0,0.0,0.0,0.0,0.0,0108,G,S,Student,roomgroupA
0108_02,Earth,False,TRAPPIST-1e,False,562.0,0.0,326.0,0.0,0.0,0108,G,S,Young Adult,roomgroupA
0108_03,Earth,False,TRAPPIST-1e,,0.0,0.0,0.0,0.0,0.0,0108,G,S,Baby,roomgroupA
0110_01,Europa,False,TRAPPIST-1e,False,0.0,410.0,6.0,3929.0,764.0,0110,G,S,Young Adult,roomgroupA
0110_02,Europa,,TRAPPIST-1e,False,0.0,331.0,0.0,0.0,1687.0,0110,B,P,Adult,roomgroupA
0110_03,Europa,False,TRAPPIST-1e,False,2209.0,11418.0,0.0,1868.0,445.0,0110,B,P,Adult,roomgroupA
0110_04,Europa,True,TRAPPIST-1e,False,0.0,0.0,0.0,0.0,0.0,0110,B,P,Young Adult,roomgroupA
0111_01,Europa,True,TRAPPIST-1e,False,0.0,0.0,0.0,0.0,0.0,0111,E,S,Young Adult,roomgroupA
0112_01,Europa,False,55 Cancri e,True,0.0,2537.0,87.0,17.0,13.0,0112,B,S,Adult,roomgroupA
0113_01,Earth,False,TRAPPIST-1e,False,0.0,0.0,804.0,0.0,0.0,0113,F,P,Senior,roomgroupA
0114_01,Earth,False,TRAPPIST-1e,False,82.0,157.0,429.0,238.0,1.0,0114,G,S,Young Adult,roomgroupA
0115_01,Mars,,TRAPPIST-1e,False,0.0,0.0,0.0,0.0,,0115,F,P,Young Adult,roomgroupA
0116_01,Europa,False,TRAPPIST-1e,False,1.0,2223.0,0.0,12.0,404.0,0116,D,P,Young Adult,roomgroupA
0119_01,,False,TRAPPIST-1e,False,0.0,2344.0,0.0,65.0,6898.0,0119,A,P,Adult,roomgroupA
0119_02,Europa,True,TRAPPIST-1e,False,0.0,0.0,0.0,0.0,0.0,0119,A,P,Teenager,roomgroupA
0120_01,Mars,True,TRAPPIST-1e,False,0.0,0.0,0.0,0.0,,0120,F,P,Young Adult,roomgroupA
0122_01,Earth,False,TRAPPIST-1e,False,0.0,0.0,0.0,699.0,74.0,0122,G,S,Young Adult,roomgroupA
0123_01,Earth,False,TRAPPIST-1e,False,55.0,597.0,49.0,0.0,1.0,0123,F,P,Student,roomgroupA
0126_01,Mars,True,TRAPPIST-1e,False,0.0,0.0,0.0,0.0,0.0,0126,F,S,Senior,roomgroupA
0127_01,Mars,False,TRAPPIST-1e,False,701.0,0.0,296.0,0.0,25.0,0127,E,S,Adult,roomgroupA
0128_01,Mars,False,TRAPPIST-1e,True,2353.0,334.0,9.0,316.0,2.0,0128,D,S,Senior,roomgroupA
0128_02,Mars,False,TRAPPIST-1e,False,2103.0,6.0,0.0,0.0,0.0,0128,E,S,Adult,roomgroupA
0129_01,Earth,True,PSO J318.5-22,False,0.0,0.0,,0.0,0.0,0129,G,S,Student,roomgroupA
0133_01,Mars,True,TRAPPIST-1e,False,0.0,0.0,0.0,0.0,0.0,0133,F,S,Student,roomgroupA
0133_02,Mars,False,TRAPPIST-1e,False,2738.0,0.0,0.0,0.0,0.0,0133,D,S,Adult,roomgroupA
0134_01,Earth,False,TRAPPIST-1e,False,0.0,14.0,730.0,0.0,0.0,0134,G,P,Student,roomgroupA
0136_01,Earth,False,PSO J318.5-22,False,97.0,418.0,126.0,25.0,55.0,0136,G,S,Adult,roomgroupA
0138_01,Earth,True,TRAPPIST-1e,False,0.0,0.0,0.0,0.0,0.0,0138,G,P,Teenager,roomgroupA
0138_02,Earth,False,,False,0.0,22.0,0.0,564.0,207.0,0138,E,P,Young Adult,roomgroupA
0139_01,Europa,True,55 Cancri e,False,0.0,0.0,0.0,0.0,0.0,0139,C,S,Adult,roomgroupA
0140_01,Earth,True,TRAPPIST-1e,False,0.0,0.0,0.0,0.0,0.0,0140,G,P,Young Adult,roomgroupA
0140_02,Earth,False,TRAPPIST-1e,False,440.0,0.0,0.0,0.0,462.0,0140,F,P,Young Adult,roomgroupA
0141_01,Mars,False,TRAPPIST-1e,False,,0.0,97.0,0.0,0.0,0141,F,P,Young Adult,roomgroupA
0144_01,Earth,False,TRAPPIST-1e,False,0.0,420.0,210.0,0.0,0.0,0144,F,S,Student,roomgroupA
0146_01,Earth,False,TRAPPIST-1e,False,0.0,0.0,0.0,0.0,0.0,0146,G,S,Adult,roomgroupA
0147_01,Earth,True,TRAPPIST-1e,False,0.0,0.0,0.0,0.0,0.0,0147,G,S,Adult,roomgroupA
0148_01,Mars,False,TRAPPIST-1e,False,1072.0,0.0,10.0,0.0,76.0,0148,F,P,Adult,roomgroupA
0149_01,Earth,True,55 Cancri e,False,0.0,0.0,0.0,0.0,0.0,0149,G,S,Unknown,roomgroupA
0151_01,Earth,True,55 Cancri e,False,0.0,0.0,0.0,0.0,0.0,0151,G,P,Adult,roomgroupA
0152_01,Earth,False,,False,0.0,0.0,0.0,0.0,607.0,0152,F,P,Adult,roomgroupA
0160_01,Earth,False,TRAPPIST-1e,False,4119.0,0.0,0.0,0.0,61.0,0160,G,P,Student,roomgroupA
0163_01,Europa,True,TRAPPIST-1e,False,0.0,0.0,0.0,0.0,0.0,0163,B,P,Young Adult,roomgroupA
0163_02,Europa,True,TRAPPIST-1e,False,0.0,0.0,0.0,0.0,0.0,0163,B,P,Teenager,roomgroupA
0164_01,Earth,False,TRAPPIST-1e,False,50.0,1688.0,0.0,,135.0,0164,G,S,Adult,roomgroupA
0164_02,Earth,True,PSO J318.5-22,False,0.0,0.0,0.0,0.0,0.0,0164,G,S,Teenager,roomgroupA
0165_01,Mars,True,TRAPPIST-1e,,0.0,0.0,0.0,0.0,0.0,0165,F,P,Adult,roomgroupA
0167_01,Mars,True,TRAPPIST-1e,False,0.0,0.0,0.0,0.0,0.0,0167,F,S,Teenager,roomgroupA
0167_02,Mars,False,TRAPPIST-1e,False,1365.0,0.0,48.0,22.0,137.0,0167,F,S,Young Adult,roomgroupA
0169_01,Earth,True,TRAPPIST-1e,False,0.0,0.0,0.0,0.0,0.0,0169,G,P,Young Adult,roomgroupA
0170_01,Earth,False,TRAPPIST-1e,False,0.0,0.0,0.0,221.0,567.0,0170,E,S,Young Adult,roomgroupA
0171_01,Earth,True,PSO J318.5-22,False,0.0,0.0,0.0,0.0,0.0,0171,G,S,Student,roomgroupA
0172_01,Earth,True,TRAPPIST-1e,False,0.0,0.0,0.0,0.0,0.0,0172,G,P,Young Adult,roomgroupA
0173_01,Earth,,TRAPPIST-1e,False,0.0,985.0,0.0,5.0,0.0,0173,E,S,Adult,roomgroupA
0174_01,Earth,False,55 Cancri e,False,287.0,0.0,16.0,115.0,175.0,0174,F,P,Student,roomgroupA
0177_01,Europa,False,TRAPPIST-1e,False,0.0,10346.0,1.0,14970.0,2111.0,0177,B,S,Adult,roomgroupA
0178_01,Mars,False,TRAPPIST-1e,False,3414.0,0.0,161.0,28.0,119.0,0178,D,S,Adult,roomgroupA
0179_01,Earth,False,TRAPPIST-1e,False,1.0,219.0,673.0,2.0,11.0,0179,G,P,Student,roomgroupA
0179_02,Earth,False,TRAPPIST-1e,False,0.0,0.0,0.0,0.0,0.0,0179,G,P,Baby,roomgroupA
0179_03,Earth,False,TRAPPIST-1e,False,0.0,0.0,0.0,0.0,0.0,0179,G,P,Baby,roomgroupA
0181_01,Earth,False,TRAPPIST-1e,False,0.0,0.0,3.0,299.0,92.0,0181,G,P,Student,roomgroupA
0182_01,Europa,True,TRAPPIST-1e,False,0.0,0.0,0.0,0.0,0.0,0182,C,P,Young Adult,roomgroupA
0183_01,Earth,False,TRAPPIST-1e,False,17.0,146.0,426.0,0.0,232.0,0183,F,S,Adult,roomgroupA
0186_01,Earth,False,TRAPPIST-1e,False,62.0,0.0,0.0,0.0,956.0,0186,G,P,Young Adult,roomgroupA
0188_01,Earth,True,TRAPPIST-1e,False,0.0,0.0,0.0,0.0,0.0,0188,G,S,Adult,roomgroupA
0189_01,Earth,False,55 Cancri e,False,84.0,3.0,401.0,202.0,98.0,0189,E,P,Adult,roomgroupA
0190_01,Earth,True,55 Cancri e,False,0.0,0.0,0.0,0.0,0.0,0190,G,S,Child,roomgroupA
0192_01,Earth,True,TRAPPIST-1e,False,0.0,0.0,0.0,0.0,0.0,0192,G,P,Baby,roomgroupA
0192_02,Earth,False,TRAPPIST-1e,False,0.0,0.0,0.0,0.0,0.0,0192,G,P,Child,roomgroupA
0192_03,Earth,False,TRAPPIST-1e,False,0.0,0.0,10.0,898.0,0.0,0192,G,P,Adult,roomgroupA
0193_01,Mars,True,TRAPPIST-1e,False,0.0,0.0,0.0,0.0,0.0,0193,F,P,Baby,roomgroupA
0193_02,Mars,False,TRAPPIST-1e,False,,0.0,8.0,1072.0,0.0,0193,F,P,Student,roomgroupA
0193_03,Mars,False,TRAPPIST-1e,False,0.0,0.0,0.0,0.0,0.0,0193,F,P,Baby,roomgroupA
0195_01,Mars,False,TRAPPIST-1e,False,406.0,0.0,867.0,0.0,0.0,0195,F,P,Adult,roomgroupA
0196_01,Mars,False,PSO J318.5-22,False,1052.0,0.0,719.0,0.0,7.0,0196,D,P,Young Adult,roomgroupA
0197_01,Europa,False,TRAPPIST-1e,False,0.0,972.0,0.0,795.0,575.0,0197,C,P,Adult,roomgroupA
0198_01,Earth,,PSO J318.5-22,False,0.0,0.0,0.0,0.0,0.0,0198,G,P,Adult,roomgroupA
0199_01,Earth,True,TRAPPIST-1e,False,0.0,0.0,0.0,0.0,0.0,0199,G,S,Student,roomgroupA
0200_01,Earth,True,TRAPPIST-1e,False,0.0,0.0,0.0,0.0,0.0,0200,G,P,Teenager,roomgroupA
0201_01,Europa,True,TRAPPIST-1e,False,0.0,0.0,0.0,0.0,0.0,0201,B,S,Adult,roomgroupA
0201_02,Europa,True,TRAPPIST-1e,False,0.0,0.0,0.0,0.0,0.0,0201,B,S,Adult,roomgroupA
0202_01,Europa,True,55 Cancri e,False,0.0,0.0,0.0,0.0,0.0,0202,B,P,Adult,roomgroupA
0202_02,Europa,False,55 Cancri e,False,0.0,2433.0,,878.0,443.0,0202,A,P,Unknown,roomgroupA
0203_01,Europa,True,TRAPPIST-1e,False,0.0,0.0,0.0,0.0,0.0,0203,C,S,Adult,roomgroupA
0205_01,Earth,False,TRAPPIST-1e,False,0.0,2.0,66.0,0.0,705.0,0205,G,S,Young Adult,roomgroupA
0206_01,Europa,False,55 Cancri e,False,2.0,1720.0,12.0,1125.0,122.0,0206,C,S,Unknown,roomgroupA
0207_01,Earth,True,PSO J318.5-22,False,0.0,0.0,0.0,0.0,0.0,0207,G,P,Student,roomgroupA
0210_01,,True,55 Cancri e,False,0.0,0.0,,0.0,0.0,0210,D,P,Young Adult,roomgroupA
0211_01,Mars,False,TRAPPIST-1e,False,902.0,1.0,137.0,0.0,0.0,0211,F,P,Young Adult,roomgroupA
0211_02,Mars,True,TRAPPIST-1e,False,0.0,0.0,0.0,0.0,0.0,0211,F,P,Child,roomgroupA
0211_03,Mars,False,TRAPPIST-1e,False,848.0,0.0,307.0,182.0,0.0,0211,F,P,Teenager,roomgroupA
0212_01,Earth,False,TRAPPIST-1e,False,192.0,0.0,0.0,51.0,739.0,0212,E,P,Teenager,roomgroupA
0212_02,Earth,False,TRAPPIST-1e,False,147.0,188.0,0.0,10.0,387.0,0212,F,P,Adult,roomgroupA
0213_01,Earth,False,TRAPPIST-1e,False,367.0,281.0,0.0,0.0,146.0,0213,F,P,Student,roomgroupA
0216_01,Earth,False,55 Cancri e,False,0.0,56.0,0.0,0.0,1918.0,0216,F,S,Student,roomgroupA
0217_01,Earth,False,TRAPPIST-1e,False,1517.0,0.0,0.0,27.0,0.0,0217,F,P,Adult,roomgroupA
0219_01,Earth,True,TRAPPIST-1e,False,0.0,0.0,0.0,0.0,0.0,0219,G,P,Student,roomgroupA
0220_01,Earth,True,TRAPPIST-1e,False,0.0,0.0,0.0,0.0,0.0,0220,G,P,Baby,roomgroupA
0220_02,Earth,False,TRAPPIST-1e,False,0.0,0.0,0.0,0.0,0.0,0220,G,P,Baby,roomgroupA
0220_03,Earth,True,TRAPPIST-1e,False,0.0,0.0,0.0,0.0,0.0,0220,G,P,Teenager,roomgroupA
0220_04,Earth,False,TRAPPIST-1e,False,122.0,84.0,,0.0,0.0,0220,E,P,Young Adult,roomgroupA
0220_05,Earth,False,TRAPPIST-1e,False,0.0,3.0,0.0,0.0,1099.0,0220,F,P,Teenager,roomgroupA
0220_06,Earth,False,55 Cancri e,False,0.0,0.0,0.0,0.0,0.0,0220,G,P,Baby,roomgroupA
0220_07,Earth,True,TRAPPIST-1e,False,0.0,0.0,0.0,0.0,0.0,0220,G,P,Teenager,roomgroupA
0221_01,Mars,False,55 Cancri e,False,2237.0,0.0,119.0,0.0,0.0,0221,E,S,Student,roomgroupA
0221_02,Mars,False,TRAPPIST-1e,False,1215.0,80.0,1.0,2.0,0.0,0221,E,S,Student,roomgroupA
0221_03,Mars,False,TRAPPIST-1e,False,1933.0,12.0,188.0,1.0,0.0,0221,E,S,Young Adult,roomgroupA
0221_04,Mars,True,TRAPPIST-1e,False,0.0,0.0,0.0,0.0,0.0,0221,E,S,Student,roomgroupA
0221_05,Mars,False,TRAPPIST-1e,False,1230.0,0.0,301.0,43.0,1023.0,0221,E,S,Adult,roomgroupA
0221_06,Mars,False,TRAPPIST-1e,False,915.0,0.0,221.0,234.0,0.0,0221,E,S,Teenager,roomgroupA
0221_07,Mars,True,TRAPPIST-1e,False,0.0,0.0,0.0,0.0,0.0,0221,E,S,Adult,roomgroupA
0222_01,Mars,False,TRAPPIST-1e,False,1406.0,0.0,0.0,11.0,0.0,0222,F,S,Student,roomgroupA
0222_02,Mars,True,TRAPPIST-1e,False,0.0,0.0,0.0,0.0,0.0,0222,F,S,Young Adult,roomgroupA
0222_03,Mars,True,TRAPPIST-1e,False,0.0,0.0,0.0,0.0,0.0,0222,E,S,Teenager,roomgroupA
0223_01,Earth,False,TRAPPIST-1e,False,0.0,2.0,665.0,0.0,9.0,0223,G,S,Student,roomgroupA
0224_01,Mars,False,TRAPPIST-1e,True,181.0,0.0,5.0,1634.0,0.0,0224,F,S,Young Adult,roomgroupA
0225_01,Earth,True,PSO J318.5-22,False,0.0,0.0,0.0,0.0,0.0,0225,G,P,Adult,roomgroupA
0229_01,Earth,False,TRAPPIST-1e,False,4.0,7.0,0.0,713.0,79.0,0229,F,S,Young Adult,roomgroupA
0231_01,Mars,False,TRAPPIST-1e,False,85.0,0.0,1.0,1720.0,0.0,0231,F,S,Young Adult,roomgroupA
0232_01,Earth,True,PSO J318.5-22,False,0.0,,0.0,0.0,0.0,0232,G,S,Young Adult,roomgroupA
0233_01,Mars,False,TRAPPIST-1e,False,56.0,0.0,256.0,1438.0,0.0,0233,F,S,Young Adult,roomgroupA
0234_01,Earth,False,TRAPPIST-1e,False,,888.0,0.0,0.0,0.0,0234,F,P,Adult,roomgroupA
0237_01,Europa,True,TRAPPIST-1e,False,0.0,0.0,0.0,0.0,0.0,0237,B,P,Adult,roomgroupA
0239_01,Mars,False,TRAPPIST-1e,False,637.0,0.0,0.0,92.0,319.0,0239,G,S,Adult,roomgroupA
0240_01,Mars,True,TRAPPIST-1e,False,0.0,0.0,0.0,0.0,0.0,0240,F,P,Adult,roomgroupA
0241_01,Europa,,55 Cancri e,False,0.0,1249.0,0.0,4812.0,1116.0,0241,E,P,Young Adult,roomgroupA
0242_01,,False,TRAPPIST-1e,False,313.0,1.0,691.0,283.0,0.0,0242,F,S,Student,roomgroupA
0243_01,Earth,True,TRAPPIST-1e,False,0.0,0.0,0.0,0.0,0.0,0243,G,S,Student,roomgroupA
0244_01,Mars,True,TRAPPIST-1e,False,0.0,0.0,0.0,0.0,0.0,0244,G,S,Adult,roomgroupA
0244_02,Mars,True,55 Cancri e,,0.0,0.0,0.0,0.0,0.0,0244,F,S,Teenager,roomgroupA
0245_01,Europa,False,55 Cancri e,False,0.0,3571.0,0.0,0.0,7.0,0245,C,P,Adult,roomgroupA
0245_02,Europa,False,TRAPPIST-1e,False,0.0,86.0,796.0,584.0,10912.0,0245,C,P,Young Adult,roomgroupA
0246_01,Mars,False,TRAPPIST-1e,False,2947.0,0.0,287.0,27.0,0.0,0246,D,P,Student,roomgroupA
0248_01,Europa,False,TRAPPIST-1e,False,0.0,1.0,0.0,8620.0,1063.0,0248,C,S,Young Adult,roomgroupA
0250_01,Earth,True,PSO J318.5-22,False,,0.0,0.0,0.0,0.0,0250,G,S,Adult,roomgroupA
0251_01,,True,55 Cancri e,False,0.0,0.0,0.0,0.0,0.0,0251,C,S,Adult,roomgroupA
0252_01,Earth,False,TRAPPIST-1e,False,335.0,695.0,541.0,0.0,0.0,0252,F,P,Young Adult,roomgroupA
0253_01,Earth,False,TRAPPIST-1e,False,272.0,615.0,0.0,0.0,1.0,0253,G,P,Young Adult,roomgroupA
0254_01,Earth,False,TRAPPIST-1e,False,702.0,172.0,408.0,2.0,6.0,0254,F,P,Student,roomgroupA
0255_01,Europa,True,TRAPPIST-1e,False,0.0,0.0,0.0,0.0,0.0,0255,A,S,Young Adult,roomgroupA
0257_01,Mars,False,55 Cancri e,False,1664.0,0.0,,0.0,0.0,0257,F,S,Student,roomgroupA
0257_02,Mars,True,TRAPPIST-1e,False,0.0,0.0,0.0,0.0,0.0,0257,F,S,Senior,roomgroupA
0258_01,Earth,False,TRAPPIST-1e,False,0.0,0.0,313.0,299.0,92.0,0258,F,S,Student,roomgroupA
0260_01,Europa,False,TRAPPIST-1e,False,0.0,4810.0,0.0,981.0,2054.0,0260,E,S,Young Adult,roomgroupA
0261_01,Earth,False,TRAPPIST-1e,False,66.0,29.0,0.0,0.0,803.0,0261,F,P,Young Adult,roomgroupA
0263_01,Earth,True,TRAPPIST-1e,False,0.0,0.0,0.0,0.0,0.0,0263,G,P,Young Adult,roomgroupA
0265_01,Europa,True,TRAPPIST-1e,False,0.0,0.0,0.0,,0.0,0265,D,S,Adult,roomgroupA
0267_01,Earth,False,TRAPPIST-1e,False,118.0,0.0,0.0,754.0,1.0,0267,F,S,Teenager,roomgroupA
0269_01,Earth,False,55 Cancri e,False,0.0,231.0,592.0,0.0,0.0,0269,F,S,Adult,roomgroupA
0270_01,Earth,False,TRAPPIST-1e,False,0.0,25.0,128.0,0.0,1240.0,0270,F,P,Senior,roomgroupA
0275_01,Europa,True,55 Cancri e,False,0.0,0.0,0.0,0.0,0.0,0275,D,S,Unknown,roomgroupA
0277_01,Earth,False,55 Cancri e,False,44.0,2390.0,0.0,53.0,0.0,0277,F,P,Adult,roomgroupA
0278_01,Earth,False,TRAPPIST-1e,False,0.0,0.0,0.0,888.0,,0278,G,S,Adult,roomgroupA
0278_02,Earth,False,TRAPPIST-1e,False,0.0,97.0,0.0,14.0,333.0,0278,G,P,Adult,roomgroupA
0281_01,Earth,False,TRAPPIST-1e,False,0.0,0.0,2078.0,0.0,0.0,0281,F,P,Student,roomgroupA
0282_01,Earth,False,TRAPPIST-1e,False,0.0,918.0,0.0,0.0,0.0,0282,F,S,Student,roomgroupA
0283_01,Earth,True,PSO J318.5-22,False,0.0,0.0,0.0,0.0,0.0,0283,G,P,Young Adult,roomgroupA
0283_02,Earth,False,TRAPPIST-1e,False,146.0,654.0,1.0,0.0,2.0,0283,F,P,Student,roomgroupA
0285_01,Europa,True,TRAPPIST-1e,False,0.0,0.0,0.0,0.0,0.0,0285,E,P,Teenager,roomgroupA
0285_02,Europa,True,55 Cancri e,False,0.0,0.0,0.0,0.0,0.0,0285,E,P,Adult,roomgroupA
0286_01,Earth,False,55 Cancri e,False,3.0,1281.0,29.0,162.0,13.0,0286,F,P,Adult,roomgroupA
0287_01,Europa,True,55 Cancri e,False,0.0,0.0,0.0,0.0,0.0,0287,G,S,Adult,roomgroupA
0287_02,Europa,False,TRAPPIST-1e,False,0.0,587.0,32.0,6.0,1460.0,0287,B,P,Young Adult,roomgroupA
0288_01,Earth,False,55 Cancri e,False,0.0,0.0,0.0,0.0,828.0,0288,F,S,Student,roomgroupA
0289_01,Europa,True,55 Cancri e,False,0.0,0.0,0.0,0.0,0.0,0289,C,S,Student,roomgroupA
0290_01,Europa,False,55 Cancri e,False,0.0,4458.0,0.0,1157.0,262.0,0290,B,S,Young Adult,roomgroupA
0290_02,Europa,True,TRAPPIST-1e,False,0.0,0.0,0.0,0.0,0.0,0290,B,S,Teenager,roomgroupA
0290_03,Europa,,TRAPPIST-1e,False,0.0,0.0,0.0,0.0,0.0,0290,B,S,Adult,roomgroupA
0290_04,Europa,False,55 Cancri e,False,0.0,0.0,0.0,0.0,0.0,0290,B,S,Child,roomgroupA
0291_01,Europa,False,TRAPPIST-1e,False,0.0,6500.0,88.0,1090.0,0.0,0291,D,S,Adult,roomgroupA
0294_01,Europa,True,TRAPPIST-1e,False,0.0,0.0,0.0,,0.0,0294,B,S,Adult,roomgroupA
0297_01,Earth,False,TRAPPIST-1e,False,90.0,2.0,1324.0,17.0,0.0,0297,G,P,Young Adult,roomgroupA
0298_01,Europa,True,55 Cancri e,False,0.0,0.0,0.0,0.0,0.0,0298,A,P,Adult,roomgroupA
0301_01,Earth,True,TRAPPIST-1e,False,0.0,0.0,0.0,0.0,0.0,0301,G,S,Teenager,roomgroupA
0302_01,Earth,False,TRAPPIST-1e,False,0.0,0.0,15.0,0.0,1370.0,0302,F,P,Student,roomgroupA
0303_01,,True,TRAPPIST-1e,False,0.0,0.0,0.0,0.0,0.0,0303,G,S,Student,roomgroupA
0304_01,Europa,False,TRAPPIST-1e,False,0.0,422.0,0.0,1851.0,5166.0,0304,E,S,Young Adult,roomgroupA
0305_01,Europa,False,55 Cancri e,False,0.0,584.0,0.0,20.0,2469.0,0305,C,P,Student,roomgroupA
0306_01,Earth,False,TRAPPIST-1e,False,368.0,175.0,259.0,1.0,101.0,0306,E,S,Student,roomgroupA
0307_01,Earth,False,TRAPPIST-1e,False,0.0,0.0,1359.0,0.0,0.0,0307,F,S,Student,roomgroupA
0309_01,Earth,False,TRAPPIST-1e,False,1194.0,0.0,157.0,6.0,0.0,0309,F,S,Student,roomgroupA
0310_01,Europa,False,TRAPPIST-1e,False,,230.0,0.0,4476.0,241.0,0310,G,S,Senior,roomgroupA
0313_01,Earth,False,PSO J318.5-22,False,7.0,540.0,1.0,0.0,4.0,0313,F,P,Senior,roomgroupA
0313_02,Earth,True,55 Cancri e,False,0.0,0.0,,0.0,0.0,0313,G,P,Unknown,roomgroupA
0313_03,Earth,False,55 Cancri e,False,331.0,0.0,0.0,318.0,0.0,0313,F,P,Adult,roomgroupA
0313_04,Earth,False,55 Cancri e,False,0.0,0.0,0.0,0.0,0.0,0313,G,P,Baby,roomgroupA
0314_01,Earth,False,55 Cancri e,False,386.0,0.0,74.0,0.0,1330.0,0314,G,P,Young Adult,roomgroupA
0315_01,,True,PSO J318.5-22,False,0.0,0.0,0.0,0.0,0.0,0315,G,S,Adult,roomgroupA
0316_01,Europa,False,TRAPPIST-1e,False,0.0,2628.0,,170.0,0.0,0316,B,S,Young Adult,roomgroupA
0316_02,Europa,True,TRAPPIST-1e,False,0.0,0.0,0.0,0.0,,0316,B,S,Student,roomgroupA
0320_01,Earth,False,TRAPPIST-1e,False,0.0,2.0,0.0,,0.0,0320,G,S,Student,roomgroupA
0320_02,Earth,False,TRAPPIST-1e,False,0.0,5.0,3.0,0.0,,0320,G,S,Student,roomgroupA
0321_01,,False,TRAPPIST-1e,True,1018.0,0.0,209.0,0.0,0.0,0321,F,S,Adult,roomgroupA
0322_01,Earth,True,PSO J318.5-22,False,0.0,0.0,0.0,0.0,0.0,0322,G,S,Teenager,roomgroupA
0324_01,Earth,True,55 Cancri e,False,0.0,0.0,0.0,0.0,0.0,0324,G,P,Adult,roomgroupA
0326_01,Earth,True,TRAPPIST-1e,False,0.0,0.0,0.0,0.0,0.0,0326,G,S,Young Adult,roomgroupA
0327_01,Earth,False,TRAPPIST-1e,False,17.0,0.0,784.0,0.0,2.0,0327,G,S,Student,roomgroupA
0330_01,Europa,False,TRAPPIST-1e,False,0.0,0.0,0.0,0.0,0.0,0330,C,S,Baby,roomgroupA
0330_02,Europa,False,TRAPPIST-1e,False,247.0,4651.0,0.0,46.0,202.0,0330,C,S,Young Adult,roomgroupA
0330_03,Europa,False,TRAPPIST-1e,False,443.0,317.0,0.0,148.0,1260.0,0330,C,S,Young Adult,roomgroupA
0331_01,Earth,False,TRAPPIST-1e,False,0.0,0.0,251.0,0.0,552.0,0331,F,P,Young Adult,roomgroupA
0333_01,Mars,True,55 Cancri e,False,0.0,0.0,0.0,0.0,0.0,0333,F,P,Young Adult,roomgroupA
0334_01,Mars,False,TRAPPIST-1e,False,5715.0,2.0,211.0,1476.0,0.0,0334,F,S,Young Adult,roomgroupA
0336_01,Earth,False,TRAPPIST-1e,False,695.0,1.0,16.0,0.0,0.0,0336,F,P,Adult,roomgroupA
0337_01,Mars,True,55 Cancri e,False,0.0,0.0,0.0,0.0,0.0,0337,F,S,Baby,roomgroupA
0337_02,Mars,False,TRAPPIST-1e,False,417.0,349.0,634.0,3.0,1057.0,0337,F,S,Student,roomgroupA
0337_03,Mars,False,55 Cancri e,False,0.0,0.0,0.0,0.0,0.0,0337,F,S,Baby,roomgroupA
0338_01,Earth,True,TRAPPIST-1e,False,0.0,0.0,,0.0,0.0,0338,G,S,Student,roomgroupA
0340_01,Europa,True,55 Cancri e,False,0.0,0.0,0.0,0.0,0.0,0340,B,S,Adult,roomgroupA
0341_01,Earth,True,PSO J318.5-22,False,0.0,0.0,0.0,0.0,0.0,0341,G,P,Child,roomgroupA
0343_01,Earth,False,PSO J318.5-22,False,121.0,0.0,0.0,274.0,907.0,0343,F,P,Young Adult,roomgroupA
0345_01,Mars,True,TRAPPIST-1e,False,0.0,0.0,0.0,0.0,0.0,0345,E,S,Young Adult,roomgroupA
0346_01,Earth,True,55 Cancri e,False,0.0,0.0,0.0,0.0,0.0,0346,G,P,Teenager,roomgroupA
0347_01,Mars,False,TRAPPIST-1e,False,434.0,0.0,1434.0,0.0,0.0,0347,F,S,Young Adult,roomgroupA
0348_01,Mars,False,TRAPPIST-1e,False,142.0,2876.0,202.0,3.0,0.0,0348,D,P,Student,roomgroupA
0348_02,Mars,,TRAPPIST-1e,False,520.0,0.0,1865.0,0.0,0.0,0348,G,S,Adult,roomgroupA
0350_01,Earth,True,PSO J318.5-22,False,0.0,0.0,0.0,0.0,0.0,0350,G,P,Teenager,roomgroupA
0352_01,Mars,False,TRAPPIST-1e,False,2001.0,0.0,2975.0,0.0,0.0,0352,F,P,Student,roomgroupA
0355_01,Earth,True,TRAPPIST-1e,False,0.0,0.0,0.0,0.0,0.0,0355,G,S,Student,roomgroupA
0356_01,Europa,True,55 Cancri e,False,0.0,0.0,0.0,0.0,0.0,0356,B,P,Adult,roomgroupA
0357_01,Earth,False,TRAPPIST-1e,False,,1198.0,0.0,124.0,572.0,0357,F,S,Adult,roomgroupA
0358_01,Earth,True,TRAPPIST-1e,False,0.0,0.0,0.0,0.0,0.0,0358,G,S,Adult,roomgroupA
0358_02,Earth,True,PSO J318.5-22,False,0.0,0.0,0.0,0.0,0.0,0358,G,S,Young Adult,roomgroupA
0359_01,Earth,False,PSO J318.5-22,False,148.0,0.0,453.0,0.0,88.0,0359,F,S,Young Adult,roomgroupA
0360_01,Earth,False,TRAPPIST-1e,False,358.0,212.0,33.0,0.0,112.0,0360,F,S,Teenager,roomgroupA
0361_01,Earth,False,55 Cancri e,False,0.0,36.0,0.0,280.0,417.0,0361,F,S,Young Adult,roomgroupA
0365_01,Earth,False,55 Cancri e,False,0.0,0.0,0.0,685.0,21.0,0365,G,S,Unknown,roomgroupA
0368_01,Mars,False,TRAPPIST-1e,False,2832.0,107.0,4447.0,15.0,4.0,0368,F,P,Young Adult,roomgroupA
0368_02,Mars,True,TRAPPIST-1e,False,0.0,0.0,0.0,0.0,0.0,0368,F,P,Senior,roomgroupA
0369_01,Earth,False,TRAPPIST-1e,False,0.0,0.0,592.0,177.0,58.0,0369,G,S,Young Adult,roomgroupA
0370_01,Earth,False,TRAPPIST-1e,False,0.0,95.0,0.0,441.0,1023.0,0370,F,P,Young Adult,roomgroupA
0371_01,Mars,True,TRAPPIST-1e,False,0.0,0.0,0.0,0.0,0.0,0371,F,P,Young Adult,roomgroupA
0372_01,Earth,False,TRAPPIST-1e,False,0.0,5.0,0.0,2766.0,0.0,0372,F,P,Young Adult,roomgroupA
0373_01,Earth,True,TRAPPIST-1e,False,0.0,0.0,0.0,0.0,0.0,0373,G,P,Adult,roomgroupA
0375_01,Earth,False,TRAPPIST-1e,False,0.0,0.0,558.0,0.0,230.0,0375,E,P,Student,roomgroupA
0376_01,Earth,False,TRAPPIST-1e,False,116.0,0.0,786.0,6.0,0.0,0376,G,S,Student,roomgroupA
0377_01,Europa,False,55 Cancri e,False,0.0,1068.0,0.0,176.0,8188.0,0377,C,S,Senior,roomgroupA
0378_01,Europa,False,55 Cancri e,False,17.0,215.0,4.0,5132.0,697.0,0378,B,S,Student,roomgroupA
0378_02,Europa,True,55 Cancri e,False,0.0,0.0,0.0,0.0,0.0,0378,B,S,Student,roomgroupA
0378_03,Europa,False,TRAPPIST-1e,False,5649.0,235.0,7.0,2579.0,2175.0,0378,B,S,Senior,roomgroupA
0378_04,Europa,True,TRAPPIST-1e,False,0.0,0.0,0.0,0.0,0.0,0378,B,S,Adult,roomgroupA
0378_05,Europa,True,TRAPPIST-1e,False,0.0,0.0,0.0,0.0,0.0,0378,B,S,Teenager,roomgroupA
0378_06,Europa,False,TRAPPIST-1e,False,0.0,2491.0,6.0,1173.0,1059.0,0378,B,S,Young Adult,roomgroupA
0378_07,Europa,True,TRAPPIST-1e,False,0.0,0.0,0.0,0.0,0.0,0378,B,S,Young Adult,roomgroupA
0379_01,Earth,False,TRAPPIST-1e,False,198.0,0.0,591.0,0.0,164.0,0379,G,P,Young Adult,roomgroupA
0380_01,Europa,True,55 Cancri e,False,0.0,0.0,0.0,0.0,0.0,0380,G,S,Young Adult,roomgroupA
0381_01,Europa,True,55 Cancri e,False,0.0,0.0,0.0,0.0,0.0,0381,B,P,Student,roomgroupA
0381_02,Europa,True,55 Cancri e,False,0.0,0.0,,0.0,0.0,0381,B,P,Adult,roomgroupA
0382_01,,False,,False,348.0,0.0,0.0,4.0,368.0,0382,G,P,Student,roomgroupA
0383_01,Earth,False,TRAPPIST-1e,False,82.0,773.0,0.0,3693.0,140.0,0383,G,S,Young Adult,roomgroupA
0383_02,Earth,True,PSO J318.5-22,False,0.0,0.0,0.0,0.0,0.0,0383,G,S,Young Adult,roomgroupA
0384_01,Earth,False,55 Cancri e,False,0.0,0.0,0.0,0.0,0.0,0384,G,S,Baby,roomgroupA
0384_02,Earth,False,TRAPPIST-1e,False,3.0,0.0,881.0,25.0,0.0,0384,G,S,Teenager,roomgroupA
0385_01,Earth,False,TRAPPIST-1e,False,13.0,747.0,0.0,0.0,128.0,0385,G,P,Student,roomgroupA
0387_01,Earth,True,TRAPPIST-1e,False,0.0,0.0,0.0,0.0,0.0,0387,G,P,Adult,roomgroupA
0388_01,Earth,True,TRAPPIST-1e,False,0.0,0.0,0.0,0.0,0.0,0388,G,S,Teenager,roomgroupA
0389_01,Earth,False,TRAPPIST-1e,False,391.0,44.0,356.0,0.0,0.0,0389,E,P,Student,roomgroupA
0391_01,Europa,False,PSO J318.5-22,True,69.0,5728.0,0.0,0.0,987.0,0391,C,P,Young Adult,roomgroupA
0392_01,Earth,False,TRAPPIST-1e,False,0.0,111.0,0.0,1508.0,0.0,0392,E,P,Adult,roomgroupA
0395_01,Europa,False,55 Cancri e,True,0.0,11003.0,552.0,8157.0,5688.0,0395,B,P,Young Adult,roomgroupA
0395_02,Europa,False,55 Cancri e,False,1.0,608.0,0.0,3835.0,1.0,0395,B,P,Senior,roomgroupA
0396_01,Earth,True,TRAPPIST-1e,False,0.0,0.0,0.0,0.0,0.0,0396,G,S,Student,roomgroupA
0397_01,Mars,True,TRAPPIST-1e,False,0.0,0.0,0.0,0.0,0.0,0397,F,S,Adult,roomgroupA
0398_01,Mars,False,TRAPPIST-1e,False,28.0,420.0,36.0,6011.0,3.0,0398,D,S,Student,roomgroupA
0401_01,Mars,False,TRAPPIST-1e,True,1056.0,0.0,0.0,0.0,0.0,0401,D,S,Young Adult,roomgroupA
0401_02,Mars,False,TRAPPIST-1e,False,1770.0,0.0,0.0,13.0,0.0,0401,D,S,Young Adult,roomgroupA
0402_01,,True,55 Cancri e,True,0.0,0.0,0.0,0.0,0.0,0402,D,S,Young Adult,roomgroupA
0403_01,Mars,False,TRAPPIST-1e,True,353.0,896.0,0.0,0.0,2.0,0403,D,P,Adult,roomgroupA
0405_01,Earth,False,55 Cancri e,False,177.0,,0.0,310.0,7.0,0405,F,P,Teenager,roomgroupA
0407_01,Earth,False,TRAPPIST-1e,False,,21.0,0.0,0.0,1699.0,0407,G,P,Student,roomgroupA
0407_02,Earth,False,TRAPPIST-1e,False,0.0,465.0,0.0,5.0,223.0,0407,F,P,Student,roomgroupA
0407_03,Earth,True,TRAPPIST-1e,False,0.0,0.0,0.0,0.0,0.0,0407,G,P,Adult,roomgroupA
0408_01,Mars,False,TRAPPIST-1e,False,1134.0,113.0,52.0,0.0,0.0,0408,E,P,Adult,roomgroupA
0409_01,Mars,False,TRAPPIST-1e,False,0.0,0.0,1116.0,2.0,0.0,0409,F,S,Young Adult,roomgroupA
0410_01,Earth,False,55 Cancri e,False,0.0,150.0,0.0,567.0,0.0,0410,F,S,Student,roomgroupA
0411_01,Earth,False,TRAPPIST-1e,False,691.0,0.0,101.0,140.0,0.0,0411,F,P,Teenager,roomgroupA
0412_01,Europa,False,TRAPPIST-1e,False,0.0,7255.0,5952.0,1537.0,0.0,0412,C,P,Senior,roomgroupA
0413_01,Earth,False,TRAPPIST-1e,False,0.0,157.0,0.0,352.0,60.0,0413,F,P,Student,roomgroupA
0415_01,Earth,True,TRAPPIST-1e,False,0.0,0.0,0.0,0.0,0.0,0415,G,S,Adult,roomgroupA
0417_01,Europa,True,55 Cancri e,False,0.0,0.0,0.0,0.0,0.0,0417,B,P,Senior,roomgroupA
0417_02,Europa,False,55 Cancri e,False,0.0,1170.0,0.0,5467.0,1241.0,0417,B,P,Student,roomgroupA
0417_03,Europa,True,TRAPPIST-1e,False,0.0,0.0,0.0,0.0,0.0,0417,B,P,Adult,roomgroupA
0423_01,Europa,False,TRAPPIST-1e,False,8.0,3584.0,0.0,13.0,57.0,0423,B,P,Unknown,roomgroupA
0425_01,Mars,False,TRAPPIST-1e,False,1094.0,2.0,26.0,34.0,1.0,0425,F,P,Adult,roomgroupA
0425_02,Mars,True,TRAPPIST-1e,False,0.0,0.0,0.0,0.0,0.0,0425,F,P,Baby,roomgroupA
0425_03,Mars,True,TRAPPIST-1e,False,0.0,0.0,0.0,0.0,0.0,0425,F,P,Young Adult,roomgroupA
0427_01,Europa,False,TRAPPIST-1e,False,417.0,,7185.0,562.0,792.0,0427,E,P,Young Adult,roomgroupA
0428_01,Europa,False,TRAPPIST-1e,False,0.0,4118.0,0.0,715.0,3139.0,0428,C,S,Young Adult,roomgroupA
0429_01,Europa,False,55 Cancri e,False,2.0,10116.0,0.0,2.0,225.0,0429,A,S,Student,roomgroupA
0429_02,Europa,True,55 Cancri e,False,0.0,0.0,0.0,0.0,0.0,0429,A,S,Adult,roomgroupA
0430_01,Earth,False,TRAPPIST-1e,False,0.0,1026.0,0.0,16.0,0.0,0430,F,S,Young Adult,roomgroupA
0431_01,Mars,True,TRAPPIST-1e,False,0.0,0.0,0.0,0.0,0.0,0431,F,P,Adult,roomgroupA
0432_01,Mars,False,TRAPPIST-1e,False,1483.0,10.0,0.0,0.0,0.0,0432,F,S,Teenager,roomgroupA
0433_01,Europa,,55 Cancri e,False,0.0,0.0,0.0,0.0,0.0,0433,B,P,Young Adult,roomgroupA
0433_02,Europa,False,TRAPPIST-1e,False,4.0,891.0,0.0,2962.0,3656.0,0433,B,P,Adult,roomgroupA
0434_01,Mars,True,TRAPPIST-1e,False,0.0,0.0,0.0,0.0,0.0,0434,F,S,Adult,roomgroupA
0435_01,Earth,True,TRAPPIST-1e,False,0.0,0.0,0.0,0.0,0.0,0435,G,S,Teenager,roomgroupA
0436_01,Earth,False,55 Cancri e,False,0.0,0.0,0.0,0.0,0.0,0436,G,S,Child,roomgroupA
0436_02,Earth,False,PSO J318.5-22,False,46.0,11.0,0.0,622.0,0.0,0436,G,S,Adult,roomgroupA
0437_01,Earth,False,TRAPPIST-1e,False,382.0,0.0,22.0,467.0,0.0,0437,F,S,Adult,roomgroupA
0437_02,Earth,False,PSO J318.5-22,False,7.0,0.0,840.0,26.0,0.0,0437,F,S,Adult,roomgroupA
0438_01,Europa,True,TRAPPIST-1e,False,,0.0,0.0,0.0,0.0,0438,B,S,Adult,roomgroupA
0439_01,Europa,False,55 Cancri e,False,,5637.0,45.0,1936.0,56.0,0439,C,P,Young Adult,roomgroupA
0441_01,Earth,False,55 Cancri e,False,0.0,0.0,0.0,722.0,0.0,0441,F,S,Young Adult,roomgroupA
0442_01,Earth,False,TRAPPIST-1e,False,7.0,1043.0,0.0,0.0,0.0,0442,F,P,Adult,roomgroupA
0444_01,Mars,False,TRAPPIST-1e,True,2484.0,429.0,102.0,0.0,0.0,0444,D,P,Young Adult,roomgroupA
0444_02,,False,TRAPPIST-1e,True,1869.0,0.0,136.0,0.0,0.0,0444,F,P,Young Adult,roomgroupA
0445_01,Earth,False,TRAPPIST-1e,False,1352.0,0.0,0.0,24.0,799.0,0445,F,S,Young Adult,roomgroupA
0445_02,,False,TRAPPIST-1e,False,0.0,0.0,0.0,77.0,715.0,0445,E,S,Young Adult,roomgroupA
0446_01,Europa,True,55 Cancri e,False,0.0,0.0,0.0,0.0,0.0,0446,B,P,Student,roomgroupA
0447_01,Earth,False,TRAPPIST-1e,False,9.0,0.0,795.0,0.0,0.0,0447,F,S,Student,roomgroupA
0448_01,Earth,False,TRAPPIST-1e,False,757.0,0.0,0.0,32.0,0.0,0448,E,P,Young Adult,roomgroupA
0448_02,Earth,True,PSO J318.5-22,False,0.0,0.0,0.0,0.0,0.0,0448,G,P,Young Adult,roomgroupA
0449_01,Earth,True,TRAPPIST-1e,False,0.0,0.0,0.0,0.0,0.0,0449,G,S,Child,roomgroupA
0452_01,Mars,True,TRAPPIST-1e,False,0.0,0.0,0.0,0.0,0.0,0452,E,S,Student,roomgroupA
0453_01,Europa,True,TRAPPIST-1e,False,0.0,0.0,0.0,0.0,0.0,0453,B,S,Student,roomgroupA
0453_02,Europa,True,55 Cancri e,False,0.0,0.0,0.0,0.0,0.0,0453,G,S,Young Adult,roomgroupA
0453_03,Europa,True,TRAPPIST-1e,False,0.0,0.0,0.0,0.0,0.0,0453,B,S,Senior,roomgroupA
0454_01,Europa,,55 Cancri e,True,5.0,4288.0,0.0,745.0,5.0,0454,B,S,Young Adult,roomgroupA
0454_02,Europa,True,TRAPPIST-1e,False,0.0,0.0,0.0,0.0,0.0,0454,B,S,Adult,roomgroupA
0454_03,Europa,True,TRAPPIST-1e,False,0.0,0.0,0.0,0.0,0.0,0454,B,S,Adult,roomgroupA
0456_01,Earth,False,TRAPPIST-1e,False,210.0,185.0,188.0,59.0,73.0,0456,F,S,Adult,roomgroupA
0457_01,Earth,False,PSO J318.5-22,False,0.0,0.0,747.0,26.0,0.0,0457,G,P,Student,roomgroupA
0457_02,Earth,True,TRAPPIST-1e,False,0.0,0.0,0.0,0.0,0.0,0457,G,P,Child,roomgroupA
0457_03,Earth,False,TRAPPIST-1e,False,0.0,0.0,0.0,0.0,0.0,0457,G,P,Child,roomgroupA
0458_01,Europa,True,55 Cancri e,False,0.0,0.0,0.0,0.0,0.0,0458,D,S,Young Adult,roomgroupA
0459_01,Earth,False,TRAPPIST-1e,False,2156.0,0.0,0.0,59.0,2.0,0459,F,S,Teenager,roomgroupA
0460_01,Earth,True,PSO J318.5-22,False,0.0,0.0,0.0,0.0,0.0,0460,G,S,Young Adult,roomgroupA
0461_01,Earth,False,PSO J318.5-22,False,0.0,869.0,0.0,0.0,0.0,0461,E,S,Young Adult,roomgroupA
0461_02,Earth,False,TRAPPIST-1e,False,0.0,70.0,182.0,612.0,20.0,0461,F,S,Student,roomgroupA
0461_03,Earth,False,55 Cancri e,False,0.0,0.0,0.0,0.0,0.0,0461,G,S,Baby,roomgroupA
0462_01,Earth,True,,False,0.0,0.0,0.0,0.0,0.0,0462,G,S,Adult,roomgroupA
0463_01,Mars,False,TRAPPIST-1e,False,865.0,0.0,257.0,,35.0,0463,F,P,Young Adult,roomgroupA
0463_02,Mars,False,TRAPPIST-1e,False,928.0,852.0,81.0,0.0,0.0,0463,F,P,Teenager,roomgroupA
0465_01,Earth,False,TRAPPIST-1e,False,4.0,10.0,0.0,1178.0,428.0,0465,E,P,Student,roomgroupA
0465_02,Earth,False,TRAPPIST-1e,False,0.0,654.0,22.0,146.0,4.0,0465,E,P,Unknown,roomgroupA
0466_01,Earth,False,TRAPPIST-1e,False,0.0,0.0,863.0,1.0,1.0,0466,F,P,Adult,roomgroupA
0468_01,Earth,True,TRAPPIST-1e,False,0.0,0.0,0.0,0.0,0.0,0468,G,S,Young Adult,roomgroupA
0470_01,Mars,True,55 Cancri e,False,0.0,0.0,0.0,0.0,,0470,F,S,Young Adult,roomgroupA
0470_02,,True,TRAPPIST-1e,False,0.0,0.0,0.0,0.0,0.0,0470,F,S,Adult,roomgroupA
0471_01,Europa,False,TRAPPIST-1e,False,0.0,45.0,2.0,5183.0,170.0,0471,B,P,Teenager,roomgroupA
0471_02,Europa,False,55 Cancri e,False,0.0,7972.0,0.0,0.0,4.0,0471,B,P,Young Adult,roomgroupA
0472_01,Earth,False,PSO J318.5-22,False,0.0,10.0,544.0,9.0,299.0,0472,F,S,Adult,roomgroupA
0474_01,Earth,True,55 Cancri e,False,0.0,0.0,0.0,0.0,0.0,0474,G,S,Teenager,roomgroupA
0475_01,Earth,False,TRAPPIST-1e,False,0.0,0.0,38.0,9.0,943.0,0475,E,P,Adult,roomgroupA
0476_01,Mars,False,PSO J318.5-22,False,,6.0,145.0,144.0,0.0,0476,F,P,Young Adult,roomgroupA
0476_02,Mars,True,TRAPPIST-1e,False,0.0,0.0,0.0,0.0,0.0,0476,F,P,Young Adult,roomgroupA
0476_03,Mars,True,TRAPPIST-1e,False,0.0,0.0,0.0,0.0,0.0,0476,F,P,Teenager,roomgroupA
0477_01,Earth,False,TRAPPIST-1e,False,0.0,5.0,0.0,1619.0,0.0,0477,E,P,Student,roomgroupA
0480_01,Earth,False,TRAPPIST-1e,False,,34.0,23.0,0.0,275.0,0480,G,P,Young Adult,roomgroupA
0481_01,Earth,True,TRAPPIST-1e,False,0.0,0.0,0.0,0.0,0.0,0481,G,S,Teenager,roomgroupA
0482_01,Earth,False,TRAPPIST-1e,False,0.0,118.0,0.0,5.0,665.0,0482,E,S,Young Adult,roomgroupA
0482_02,Earth,False,TRAPPIST-1e,False,0.0,14.0,0.0,0.0,615.0,0482,F,S,Young Adult,roomgroupA
0485_01,Europa,False,55 Cancri e,False,0.0,33.0,0.0,3348.0,55.0,0485,B,S,Student,roomgroupA
0487_01,Europa,,TRAPPIST-1e,False,172.0,1794.0,12.0,4303.0,246.0,0487,C,S,Adult,roomgroupA
0488_01,Earth,True,PSO J318.5-22,False,0.0,0.0,,0.0,0.0,0488,G,P,Young Adult,roomgroupA
0490_01,Earth,True,TRAPPIST-1e,False,0.0,0.0,0.0,0.0,0.0,0490,G,S,Teenager,roomgroupA
0498_01,Europa,True,55 Cancri e,False,0.0,,0.0,0.0,0.0,0498,G,S,Young Adult,roomgroupA
0498_02,Europa,True,55 Cancri e,False,0.0,0.0,0.0,,0.0,0498,B,S,Adult,roomgroupA
0499_01,Mars,True,55 Cancri e,False,0.0,0.0,0.0,0.0,0.0,0499,F,S,Young Adult,roomgroupA
0499_02,Mars,False,TRAPPIST-1e,False,0.0,0.0,0.0,0.0,0.0,0499,E,S,Student,roomgroupA
0500_01,Mars,False,55 Cancri e,False,513.0,0.0,1749.0,82.0,0.0,0500,D,P,Student,roomgroupA
0501_01,Europa,False,TRAPPIST-1e,False,0.0,929.0,967.0,,481.0,0501,E,P,Adult,roomgroupA
0502_01,Mars,False,TRAPPIST-1e,False,10.0,0.0,817.0,471.0,0.0,0502,G,S,Student,roomgroupA
0503_01,Mars,False,TRAPPIST-1e,False,0.0,0.0,0.0,0.0,0.0,0503,F,S,Child,roomgroupA
0503_02,Mars,False,TRAPPIST-1e,False,1821.0,0.0,47.0,29.0,0.0,0503,F,S,Adult,roomgroupA
0503_03,Mars,False,TRAPPIST-1e,False,1246.0,35.0,16.0,0.0,0.0,0503,E,S,Adult,roomgroupA
0504_01,Europa,True,55 Cancri e,False,0.0,0.0,0.0,0.0,0.0,0504,B,S,Student,roomgroupA
0504_02,Europa,True,55 Cancri e,False,0.0,0.0,0.0,0.0,0.0,0504,B,S,Adult,roomgroupA
0504_03,Europa,True,,False,0.0,0.0,0.0,0.0,0.0,0504,B,S,Young Adult,roomgroupA
0504_04,Europa,False,TRAPPIST-1e,False,0.0,1737.0,11.0,401.0,752.0,0504,B,S,Senior,roomgroupA
0504_05,Europa,True,55 Cancri e,False,0.0,0.0,0.0,0.0,0.0,0504,B,S,Student,roomgroupA
0504_06,,True,55 Cancri e,False,0.0,0.0,0.0,0.0,0.0,0504,B,S,Adult,roomgroupA
0506_01,Mars,True,TRAPPIST-1e,False,0.0,0.0,0.0,0.0,0.0,0506,F,S,Student,roomgroupA
0507_01,Earth,False,TRAPPIST-1e,False,0.0,0.0,0.0,0.0,0.0,0507,G,S,Adult,roomgroupA
0510_01,Europa,False,TRAPPIST-1e,False,0.0,16521.0,0.0,323.0,0.0,0510,C,P,Adult,roomgroupA
0512_01,Europa,False,55 Cancri e,False,0.0,5755.0,0.0,59.0,122.0,0512,D,S,Young Adult,roomgroupA
0512_02,Europa,True,TRAPPIST-1e,False,0.0,0.0,0.0,0.0,0.0,0512,D,S,Adult,roomgroupA
0513_01,Earth,True,PSO J318.5-22,False,0.0,0.0,0.0,0.0,0.0,0513,G,P,Student,roomgroupA
0515_01,Europa,True,TRAPPIST-1e,False,0.0,0.0,0.0,0.0,0.0,0515,B,S,Adult,roomgroupA
0516_01,Europa,False,55 Cancri e,False,113.0,2492.0,41.0,0.0,2376.0,0516,A,S,Adult,roomgroupA
0517_01,Earth,False,TRAPPIST-1e,False,1445.0,0.0,1.0,2.0,73.0,0517,F,P,Unknown,roomgroupA
0518_01,,True,TRAPPIST-1e,False,0.0,0.0,0.0,0.0,0.0,0518,F,S,Adult,roomgroupA
0519_01,Earth,True,TRAPPIST-1e,False,0.0,0.0,0.0,0.0,0.0,0519,G,S,Unknown,roomgroupA
0520_01,Earth,False,TRAPPIST-1e,False,62.0,,0.0,0.0,,0520,G,S,Adult,roomgroupA
0521_01,Earth,False,TRAPPIST-1e,False,39.0,263.0,0.0,0.0,,0521,E,S,Student,roomgroupA
0522_01,Earth,False,TRAPPIST-1e,False,0.0,0.0,750.0,0.0,156.0,0522,E,P,Adult,roomgroupA
0523_01,Earth,False,TRAPPIST-1e,False,553.0,213.0,1733.0,0.0,6.0,0523,E,S,Adult,roomgroupA
0525_01,Earth,True,TRAPPIST-1e,False,0.0,0.0,0.0,0.0,0.0,0525,G,S,Adult,roomgroupA
0527_01,Mars,False,55 Cancri e,False,1172.0,11.0,3.0,0.0,4.0,0527,F,S,Unknown,roomgroupA
0527_02,Mars,True,TRAPPIST-1e,False,0.0,0.0,0.0,0.0,0.0,0527,F,S,Young Adult,roomgroupA
0528_01,Europa,False,TRAPPIST-1e,False,0.0,1119.0,0.0,3427.0,6595.0,0528,C,P,Adult,roomgroupA
0529_01,Earth,True,PSO J318.5-22,False,0.0,0.0,0.0,0.0,0.0,0529,G,P,Young Adult,roomgroupA
0531_01,Earth,True,55 Cancri e,False,0.0,0.0,0.0,0.0,0.0,0531,G,P,Baby,roomgroupA
0531_02,Earth,True,55 Cancri e,False,0.0,0.0,0.0,0.0,0.0,0531,G,P,Unknown,roomgroupA
0533_01,Mars,False,TRAPPIST-1e,False,20.0,0.0,384.0,557.0,0.0,0533,D,P,Young Adult,roomgroupA
0534_01,Europa,False,TRAPPIST-1e,False,98.0,715.0,29.0,5732.0,1902.0,0534,B,P,Young Adult,roomgroupA
0534_02,Europa,False,TRAPPIST-1e,False,3573.0,1308.0,316.0,641.0,25.0,0534,B,P,Adult,roomgroupA
0537_01,Earth,False,TRAPPIST-1e,False,0.0,5.0,0.0,320.0,352.0,0537,G,P,Student,roomgroupA
0538_01,Earth,False,TRAPPIST-1e,False,0.0,1073.0,0.0,0.0,5.0,0538,F,P,Young Adult,roomgroupA
0539_01,Europa,True,TRAPPIST-1e,False,0.0,0.0,,0.0,0.0,0539,C,P,Unknown,roomgroupA
0539_02,Europa,True,55 Cancri e,False,0.0,0.0,0.0,0.0,0.0,0539,C,P,Adult,roomgroupA
0539_03,,True,55 Cancri e,False,0.0,0.0,0.0,0.0,0.0,0539,C,P,Young Adult,roomgroupA
0539_04,Europa,True,TRAPPIST-1e,False,0.0,0.0,0.0,0.0,0.0,0539,C,P,Adult,roomgroupA
0539_05,Europa,False,TRAPPIST-1e,False,0.0,1793.0,479.0,9.0,4987.0,0539,C,P,Adult,roomgroupA
0540_01,Mars,True,TRAPPIST-1e,False,0.0,0.0,0.0,0.0,0.0,0540,F,S,Young Adult,roomgroupA
0540_02,,False,TRAPPIST-1e,False,1471.0,0.0,0.0,45.0,16.0,0540,F,S,Teenager,roomgroupA
0542_01,Earth,False,TRAPPIST-1e,False,9.0,0.0,0.0,0.0,878.0,0542,G,P,Young Adult,roomgroupA
0545_01,Earth,False,TRAPPIST-1e,False,59.0,0.0,0.0,681.0,0.0,0545,F,P,Student,roomgroupA
0546_01,Earth,False,55 Cancri e,False,930.0,691.0,838.0,0.0,0.0,0546,F,S,Young Adult,roomgroupA
0547_01,Earth,False,TRAPPIST-1e,False,0.0,15.0,831.0,16.0,3.0,0547,F,S,Student,roomgroupA
0548_01,Earth,False,TRAPPIST-1e,False,0.0,86.0,704.0,0.0,1.0,0548,E,S,Young Adult,roomgroupA
0549_01,Mars,False,PSO J318.5-22,False,666.0,0.0,0.0,252.0,1.0,0549,D,S,Young Adult,roomgroupA
0549_02,Mars,True,TRAPPIST-1e,False,0.0,0.0,0.0,0.0,0.0,0549,F,S,Adult,roomgroupA
0550_01,Earth,False,TRAPPIST-1e,False,13.0,12.0,0.0,762.0,0.0,0550,F,S,Student,roomgroupA
0551_01,Earth,False,TRAPPIST-1e,False,126.0,0.0,266.0,445.0,12.0,0551,G,S,Adult,roomgroupA
0552_01,Europa,True,55 Cancri e,False,0.0,0.0,0.0,0.0,0.0,0552,C,S,Young Adult,roomgroupA
0553_01,Europa,True,TRAPPIST-1e,False,0.0,0.0,0.0,0.0,0.0,0553,C,P,Adult,roomgroupA
0553_02,Europa,False,TRAPPIST-1e,False,0.0,6506.0,0.0,764.0,0.0,0553,C,P,Adult,roomgroupA
0555_01,Europa,True,55 Cancri e,False,0.0,0.0,0.0,0.0,0.0,0555,C,P,Senior,roomgroupA
0555_02,Europa,False,TRAPPIST-1e,False,0.0,165.0,1.0,2525.0,0.0,0555,C,P,Young Adult,roomgroupA
0556_01,Earth,False,TRAPPIST-1e,False,0.0,1428.0,0.0,1.0,19.0,0556,F,S,Student,roomgroupA
0559_01,Earth,False,PSO J318.5-22,False,0.0,12.0,580.0,0.0,79.0,0559,F,S,Student,roomgroupA
0560_01,Earth,False,TRAPPIST-1e,False,0.0,0.0,0.0,0.0,0.0,0560,G,S,Baby,roomgroupA
0560_02,Earth,False,PSO J318.5-22,False,0.0,0.0,0.0,0.0,0.0,0560,G,S,Teenager,roomgroupA
0560_03,,False,TRAPPIST-1e,False,1440.0,293.0,74.0,32.0,0.0,0560,F,S,Adult,roomgroupA
0561_01,Earth,False,TRAPPIST-1e,False,0.0,0.0,332.0,442.0,0.0,0561,G,S,Student,roomgroupA
0563_01,Mars,False,55 Cancri e,False,840.0,642.0,402.0,21.0,0.0,0563,F,P,Young Adult,roomgroupA
0564_01,Europa,True,55 Cancri e,False,0.0,0.0,0.0,0.0,0.0,0564,B,P,Young Adult,roomgroupA
0564_02,Europa,True,TRAPPIST-1e,False,0.0,0.0,0.0,0.0,0.0,0564,B,P,Young Adult,roomgroupA
0564_03,Europa,False,,False,0.0,410.0,2.0,1354.0,3695.0,0564,B,P,Young Adult,roomgroupA
0565_01,Mars,False,TRAPPIST-1e,False,697.0,0.0,612.0,0.0,0.0,0565,F,P,Young Adult,roomgroupA
0566_01,Mars,True,TRAPPIST-1e,False,0.0,0.0,0.0,0.0,0.0,0566,E,S,Teenager,roomgroupA
0567_01,Earth,True,TRAPPIST-1e,False,0.0,0.0,0.0,0.0,0.0,0567,G,S,Teenager,roomgroupA
0568_01,Europa,,TRAPPIST-1e,False,1908.0,33.0,0.0,1.0,4.0,0568,D,S,Young Adult,roomgroupA
0568_02,Europa,True,55 Cancri e,False,0.0,0.0,0.0,0.0,,0568,D,S,Unknown,roomgroupA
0569_01,Earth,False,TRAPPIST-1e,False,0.0,334.0,310.0,0.0,0.0,0569,F,P,Student,roomgroupA
0570_01,Europa,False,TRAPPIST-1e,True,530.0,5085.0,1.0,146.0,872.0,0570,C,S,Adult,roomgroupA
0571_01,Europa,True,55 Cancri e,False,0.0,0.0,0.0,0.0,0.0,0571,C,P,Student,roomgroupA
0571_02,Europa,True,TRAPPIST-1e,False,0.0,0.0,0.0,0.0,0.0,0571,C,P,Student,roomgroupA
0571_03,Europa,True,TRAPPIST-1e,False,0.0,0.0,0.0,0.0,0.0,0571,C,P,Adult,roomgroupA
0571_04,Europa,True,,False,0.0,0.0,0.0,0.0,,0571,C,P,Young Adult,roomgroupA
0571_05,Europa,True,55 Cancri e,False,0.0,0.0,0.0,0.0,0.0,0571,C,P,Teenager,roomgroupA
0571_06,Europa,False,TRAPPIST-1e,False,0.0,1542.0,0.0,1814.0,1568.0,0571,C,P,Adult,roomgroupA
0571_07,Europa,True,TRAPPIST-1e,False,0.0,0.0,0.0,0.0,0.0,0571,C,P,Adult,roomgroupA
0572_01,Earth,False,TRAPPIST-1e,False,1911.0,0.0,21.0,854.0,0.0,0572,F,S,Student,roomgroupA
0573_01,Earth,False,TRAPPIST-1e,False,14.0,809.0,25.0,54.0,,0573,F,P,Unknown,roomgroupA
0575_01,Europa,True,TRAPPIST-1e,False,0.0,0.0,0.0,0.0,0.0,0575,E,P,Student,roomgroupA
0576_01,Earth,False,,False,0.0,,625.0,110.0,0.0,0576,F,S,Student,roomgroupA
0577_01,Earth,False,TRAPPIST-1e,False,0.0,0.0,521.0,105.0,0.0,0577,G,P,Senior,roomgroupA
0579_01,Earth,False,TRAPPIST-1e,False,53.0,790.0,37.0,0.0,0.0,0579,F,S,Adult,roomgroupA
0579_02,Earth,False,TRAPPIST-1e,False,,233.0,0.0,0.0,0.0,0579,G,S,Adult,roomgroupA
0580_01,Earth,True,TRAPPIST-1e,False,0.0,0.0,0.0,0.0,0.0,0580,G,P,Adult,roomgroupA
0581_01,Earth,False,TRAPPIST-1e,False,0.0,0.0,601.0,183.0,4.0,0581,E,S,Student,roomgroupA
0582_01,Mars,True,TRAPPIST-1e,False,0.0,0.0,0.0,0.0,0.0,0582,F,P,Young Adult,roomgroupA
0583_01,Mars,True,TRAPPIST-1e,False,0.0,0.0,0.0,0.0,0.0,0583,F,S,Baby,roomgroupA
0583_02,Mars,True,TRAPPIST-1e,False,0.0,0.0,0.0,0.0,0.0,0583,F,S,Baby,roomgroupA
0583_03,Mars,True,TRAPPIST-1e,False,0.0,0.0,0.0,0.0,0.0,0583,F,S,Young Adult,roomgroupA
0585_01,Mars,True,TRAPPIST-1e,False,0.0,0.0,0.0,0.0,0.0,0585,F,P,Adult,roomgroupA
0585_02,Mars,True,TRAPPIST-1e,False,0.0,0.0,0.0,0.0,0.0,0585,F,P,Child,roomgroupA
0585_03,Mars,False,TRAPPIST-1e,False,2648.0,0.0,1092.0,0.0,0.0,0585,D,P,Student,roomgroupA
0586_01,Europa,True,TRAPPIST-1e,False,0.0,0.0,0.0,0.0,0.0,0586,D,P,Adult,roomgroupA
0587_01,Mars,False,TRAPPIST-1e,False,5.0,25.0,616.0,0.0,1042.0,0587,F,P,Student,roomgroupA
0588_01,Earth,True,PSO J318.5-22,False,0.0,0.0,0.0,0.0,0.0,0588,G,P,Student,roomgroupA
0589_01,Earth,False,TRAPPIST-1e,False,234.0,1.0,551.0,0.0,1.0,0589,E,P,Student,roomgroupA
0590_01,Earth,False,TRAPPIST-1e,False,801.0,2.0,0.0,1.0,973.0,0590,G,P,Adult,roomgroupA
0591_01,Earth,True,PSO J318.5-22,False,0.0,0.0,0.0,0.0,0.0,0591,G,S,Student,roomgroupA
0593_01,Mars,False,TRAPPIST-1e,,43.0,152.0,182.0,1.0,2005.0,0593,D,P,Unknown,roomgroupA
0594_01,Earth,False,55 Cancri e,False,0.0,0.0,0.0,0.0,0.0,0594,G,S,Child,roomgroupA
0594_02,,False,TRAPPIST-1e,False,,4.0,0.0,670.0,113.0,0594,E,S,Young Adult,roomgroupA
0596_01,Mars,False,TRAPPIST-1e,False,21.0,0.0,2155.0,422.0,,0596,F,P,Adult,roomgroupA
0597_01,Earth,True,,False,0.0,0.0,0.0,0.0,0.0,0597,G,P,Student,roomgroupA
0597_02,Earth,True,TRAPPIST-1e,False,0.0,0.0,0.0,0.0,0.0,0597,G,P,Student,roomgroupA
0598_01,Earth,True,TRAPPIST-1e,False,0.0,0.0,,0.0,,0598,G,S,Student,roomgroupA
0599_01,Mars,False,TRAPPIST-1e,False,0.0,0.0,0.0,0.0,0.0,0599,F,P,Baby,roomgroupA
0599_02,Mars,False,TRAPPIST-1e,False,0.0,,0.0,0.0,0.0,0599,F,P,Baby,roomgroupA
0599_03,Mars,False,TRAPPIST-1e,False,1252.0,0.0,46.0,124.0,6.0,0599,F,P,Young Adult,roomgroupA
0599_04,Mars,True,TRAPPIST-1e,False,0.0,0.0,0.0,0.0,0.0,0599,F,P,Child,roomgroupA
0600_01,Europa,False,TRAPPIST-1e,False,0.0,3385.0,826.0,9.0,793.0,0600,C,S,Young Adult,roomgroupA
0602_01,Mars,True,TRAPPIST-1e,False,0.0,0.0,0.0,0.0,0.0,0602,F,P,Young Adult,roomgroupA
0602_02,Mars,False,TRAPPIST-1e,False,0.0,0.0,0.0,0.0,0.0,0602,E,P,Young Adult,roomgroupA
0602_03,Mars,True,TRAPPIST-1e,False,0.0,0.0,0.0,0.0,0.0,0602,F,P,Student,roomgroupA
0603_01,Earth,False,TRAPPIST-1e,False,0.0,0.0,12.0,0.0,747.0,0603,F,P,Student,roomgroupA
0607_01,Europa,False,TRAPPIST-1e,,27.0,654.0,10.0,881.0,9568.0,0607,C,P,Adult,roomgroupA
0607_02,Europa,False,55 Cancri e,False,434.0,3113.0,19.0,,892.0,0607,C,P,Adult,roomgroupA
0607_03,Europa,False,TRAPPIST-1e,False,4.0,1111.0,118.0,1852.0,,0607,C,P,Adult,roomgroupA
0608_01,Earth,False,TRAPPIST-1e,False,0.0,0.0,0.0,0.0,0.0,0608,G,P,Child,roomgroupA
0609_01,Mars,False,TRAPPIST-1e,False,149.0,0.0,,0.0,109.0,0609,F,P,Young Adult,roomgroupA
0610_01,Earth,False,TRAPPIST-1e,False,0.0,,229.0,502.0,5.0,0610,F,P,Young Adult,roomgroupA
0611_01,Earth,True,PSO J318.5-22,False,0.0,0.0,0.0,0.0,0.0,0611,G,S,Young Adult,roomgroupA
0612_01,Europa,True,TRAPPIST-1e,True,0.0,0.0,0.0,0.0,0.0,0612,B,P,Young Adult,roomgroupA
0614_01,Earth,False,TRAPPIST-1e,False,0.0,0.0,0.0,,0.0,0614,G,S,Young Adult,roomgroupA
0615_01,Earth,True,TRAPPIST-1e,False,0.0,0.0,0.0,0.0,0.0,0615,G,S,Adult,roomgroupA
0615_02,Earth,False,TRAPPIST-1e,False,0.0,0.0,0.0,0.0,0.0,0615,G,S,Child,roomgroupA
0615_03,Earth,True,55 Cancri e,False,0.0,0.0,0.0,0.0,0.0,0615,G,S,Baby,roomgroupA
0618_01,Earth,False,55 Cancri e,False,0.0,0.0,908.0,49.0,0.0,0618,G,P,Student,roomgroupA
0618_02,Earth,False,PSO J318.5-22,False,1.0,368.0,0.0,0.0,388.0,0618,F,P,Student,roomgroupA
0619_01,Europa,True,TRAPPIST-1e,,0.0,0.0,0.0,0.0,0.0,0619,C,S,Adult,roomgroupA
0619_02,Europa,True,55 Cancri e,False,0.0,0.0,0.0,0.0,0.0,0619,C,S,Adult,roomgroupA
0623_01,Earth,True,TRAPPIST-1e,False,0.0,0.0,0.0,0.0,0.0,0623,G,S,Student,roomgroupA
0628_01,Earth,False,TRAPPIST-1e,False,103.0,0.0,18.0,1197.0,1.0,0628,F,P,Adult,roomgroupA
0629_01,Earth,False,TRAPPIST-1e,False,0.0,0.0,0.0,1018.0,0.0,0629,G,P,Adult,roomgroupA
0630_01,Mars,True,TRAPPIST-1e,False,0.0,0.0,0.0,0.0,0.0,0630,F,S,Young Adult,roomgroupA
0631_01,Mars,True,TRAPPIST-1e,False,0.0,0.0,0.0,0.0,0.0,0631,F,S,Adult,roomgroupA
0633_01,Mars,False,PSO J318.5-22,True,629.0,0.0,0.0,150.0,0.0,0633,D,P,Young Adult,roomgroupA
0634_01,Earth,False,TRAPPIST-1e,False,0.0,1496.0,0.0,140.0,383.0,0634,F,P,Adult,roomgroupA
0635_01,Earth,False,TRAPPIST-1e,False,0.0,1778.0,0.0,0.0,0.0,0635,G,S,Adult,roomgroupA
0635_02,Earth,False,TRAPPIST-1e,False,614.0,0.0,50.0,11.0,319.0,0635,E,S,Adult,roomgroupA
0636_01,Earth,False,55 Cancri e,False,0.0,7.0,0.0,339.0,359.0,0636,F,P,Teenager,roomgroupA
0636_02,Earth,False,TRAPPIST-1e,False,0.0,0.0,7.0,675.0,0.0,0636,F,P,Student,roomgroupA
0637_01,Mars,False,TRAPPIST-1e,False,0.0,0.0,0.0,0.0,0.0,0637,E,S,Student,roomgroupA
0638_01,Europa,True,55 Cancri e,False,0.0,0.0,0.0,0.0,0.0,0638,B,P,Student,roomgroupA
0639_01,Earth,False,TRAPPIST-1e,False,0.0,123.0,956.0,25.0,,0639,F,P,Senior,roomgroupA
0641_01,Earth,False,TRAPPIST-1e,False,2.0,0.0,0.0,1958.0,19.0,0641,F,S,Adult,roomgroupA
0642_01,Europa,False,55 Cancri e,False,0.0,3344.0,0.0,118.0,972.0,0642,C,S,Young Adult,roomgroupA
0642_02,Europa,False,55 Cancri e,False,0.0,4967.0,82.0,1517.0,575.0,0642,C,S,Adult,roomgroupA
0642_03,Europa,False,TRAPPIST-1e,False,0.0,0.0,0.0,2210.0,2.0,0642,C,S,Senior,roomgroupA
0642_04,Europa,True,55 Cancri e,False,0.0,0.0,0.0,0.0,0.0,0642,C,S,Young Adult,roomgroupA
0642_05,Europa,True,55 Cancri e,False,0.0,0.0,0.0,0.0,0.0,0642,C,S,Young Adult,roomgroupA
0643_01,Mars,False,TRAPPIST-1e,False,1019.0,266.0,141.0,0.0,0.0,0643,F,P,Student,roomgroupA
0644_01,Europa,True,TRAPPIST-1e,False,0.0,0.0,0.0,0.0,0.0,0644,E,P,Young Adult,roomgroupA
0645_01,Earth,False,,False,1724.0,0.0,0.0,1.0,0.0,0645,G,P,Student,roomgroupA
0646_01,Europa,True,55 Cancri e,False,0.0,0.0,0.0,0.0,0.0,0646,C,S,Adult,roomgroupA
0647_01,Mars,True,TRAPPIST-1e,False,0.0,0.0,0.0,0.0,0.0,0647,F,S,Child,roomgroupA
0647_02,Mars,True,TRAPPIST-1e,False,0.0,0.0,0.0,0.0,0.0,0647,F,S,Adult,roomgroupA
0647_03,Mars,False,TRAPPIST-1e,False,105.0,0.0,1087.0,0.0,0.0,0647,F,S,Young Adult,roomgroupA
0650_01,Earth,True,PSO J318.5-22,False,0.0,0.0,0.0,0.0,0.0,0650,G,S,Baby,roomgroupA
0653_01,Mars,,TRAPPIST-1e,False,0.0,0.0,0.0,0.0,0.0,0653,E,S,Adult,roomgroupA
0655_01,Mars,False,TRAPPIST-1e,False,237.0,2.0,708.0,0.0,0.0,0655,E,P,Adult,roomgroupA
0656_01,Earth,False,TRAPPIST-1e,False,0.0,0.0,0.0,768.0,3.0,0656,G,P,Young Adult,roomgroupA
0657_01,Earth,False,TRAPPIST-1e,False,0.0,863.0,0.0,17.0,0.0,0657,F,S,Young Adult,roomgroupA
0657_02,Earth,False,TRAPPIST-1e,False,0.0,8.0,736.0,140.0,0.0,0657,G,S,Adult,roomgroupA
0658_01,Earth,False,PSO J318.5-22,False,0.0,576.0,1.0,20.0,,0658,F,S,Student,roomgroupA
0659_01,Earth,True,TRAPPIST-1e,False,0.0,0.0,0.0,0.0,0.0,0659,G,S,Student,roomgroupA
0660_01,Earth,True,TRAPPIST-1e,False,0.0,0.0,0.0,0.0,0.0,0660,G,S,Teenager,roomgroupA
0661_01,Europa,False,TRAPPIST-1e,False,0.0,2506.0,0.0,1360.0,722.0,0661,C,P,Adult,roomgroupA
0663_01,Earth,False,TRAPPIST-1e,False,86.0,525.0,16.0,49.0,39.0,0663,F,P,Adult,roomgroupA
0664_01,Europa,False,TRAPPIST-1e,False,0.0,0.0,0.0,4507.0,5689.0,0664,E,S,Adult,roomgroupA
0665_01,,False,TRAPPIST-1e,False,,0.0,7104.0,0.0,0.0,0665,F,P,Young Adult,roomgroupA
0665_02,Mars,False,TRAPPIST-1e,False,1264.0,0.0,2.0,23.0,0.0,0665,F,P,Teenager,roomgroupA
0668_01,Earth,False,TRAPPIST-1e,False,0.0,25.0,87.0,989.0,482.0,0668,F,P,Adult,roomgroupA
0669_01,Earth,False,TRAPPIST-1e,False,0.0,530.0,2.0,9.0,403.0,0669,F,P,Young Adult,roomgroupA
0671_01,Earth,True,PSO J318.5-22,False,0.0,0.0,0.0,0.0,0.0,0671,G,P,Adult,roomgroupA
0672_01,Earth,False,TRAPPIST-1e,False,1.0,0.0,38.0,7.0,740.0,0672,G,P,Young Adult,roomgroupA
0674_01,Earth,True,PSO J318.5-22,False,0.0,0.0,0.0,0.0,0.0,0674,G,S,Adult,roomgroupA
0677_01,Earth,True,TRAPPIST-1e,False,0.0,0.0,0.0,0.0,0.0,0677,G,S,Teenager,roomgroupA
0678_01,Earth,True,TRAPPIST-1e,False,0.0,0.0,0.0,0.0,0.0,0678,G,S,Adult,roomgroupA
0679_01,Earth,False,TRAPPIST-1e,,,215.0,0.0,541.0,0.0,0679,G,S,Student,roomgroupA
0680_01,Earth,True,PSO J318.5-22,False,0.0,0.0,0.0,0.0,0.0,0680,G,P,Adult,roomgroupA
0680_02,Earth,True,TRAPPIST-1e,False,0.0,0.0,0.0,0.0,0.0,0680,G,P,Child,roomgroupA
0680_03,Earth,True,TRAPPIST-1e,,0.0,0.0,0.0,0.0,0.0,0680,G,P,Child,roomgroupA
0682_01,Mars,True,TRAPPIST-1e,False,0.0,0.0,0.0,0.0,0.0,0682,F,S,Adult,roomgroupA
0683_01,Mars,False,TRAPPIST-1e,False,269.0,96.0,252.0,0.0,0.0,0683,F,P,Young Adult,roomgroupA
0684_01,Mars,False,TRAPPIST-1e,False,0.0,0.0,0.0,0.0,0.0,0684,F,P,Unknown,roomgroupA
0684_02,Mars,False,TRAPPIST-1e,False,0.0,0.0,0.0,0.0,0.0,0684,F,P,Baby,roomgroupA
0684_03,Mars,True,TRAPPIST-1e,False,0.0,0.0,0.0,0.0,0.0,0684,F,P,Student,roomgroupA
0685_01,Earth,False,TRAPPIST-1e,False,1.0,922.0,4.0,55.0,15.0,0685,E,P,Adult,roomgroupA
0686_01,Mars,True,TRAPPIST-1e,False,0.0,0.0,0.0,0.0,0.0,0686,F,P,Student,roomgroupA
0686_02,Mars,False,TRAPPIST-1e,True,3887.0,0.0,,12.0,0.0,0686,D,P,Young Adult,roomgroupA
0687_01,Mars,False,TRAPPIST-1e,False,3097.0,0.0,9.0,0.0,213.0,0687,D,S,Student,roomgroupA
0688_01,Mars,False,TRAPPIST-1e,False,1973.0,0.0,97.0,41.0,3.0,0688,E,S,Young Adult,roomgroupA
0689_01,Europa,True,TRAPPIST-1e,False,0.0,0.0,0.0,0.0,0.0,0689,B,S,Adult,roomgroupA
0690_01,Mars,True,TRAPPIST-1e,False,0.0,0.0,0.0,0.0,0.0,0690,F,S,Adult,roomgroupA
0691_01,Mars,False,TRAPPIST-1e,False,164.0,0.0,783.0,0.0,0.0,0691,E,S,Student,roomgroupA
0691_02,Mars,False,TRAPPIST-1e,False,505.0,0.0,1952.0,0.0,0.0,0691,F,S,Student,roomgroupA
0691_03,Mars,True,TRAPPIST-1e,False,0.0,0.0,0.0,0.0,0.0,0691,E,S,Student,roomgroupA
0693_01,Europa,True,55 Cancri e,False,0.0,0.0,0.0,,0.0,0693,G,S,Adult,roomgroupA
0693_02,Europa,False,TRAPPIST-1e,False,0.0,3488.0,0.0,4343.0,38.0,0693,C,S,Young Adult,roomgroupA
0696_01,Earth,False,TRAPPIST-1e,False,0.0,581.0,226.0,74.0,0.0,0696,G,S,Student,roomgroupA
0697_01,Earth,False,55 Cancri e,False,21.0,0.0,689.0,12.0,0.0,0697,F,P,Young Adult,roomgroupA
0699_01,Mars,True,,False,0.0,0.0,0.0,0.0,0.0,0699,F,S,Student,roomgroupA
0699_02,Mars,False,55 Cancri e,False,2698.0,0.0,301.0,8.0,5.0,0699,D,S,Young Adult,roomgroupA
0701_01,Europa,True,TRAPPIST-1e,False,0.0,0.0,0.0,0.0,0.0,0701,D,S,Young Adult,roomgroupA
0702_01,Earth,False,TRAPPIST-1e,False,121.0,237.0,4.0,387.0,54.0,0702,F,S,Young Adult,roomgroupA
0703_01,Earth,True,TRAPPIST-1e,False,0.0,0.0,0.0,0.0,0.0,0703,G,S,Student,roomgroupA
0704_01,Earth,True,TRAPPIST-1e,False,0.0,0.0,0.0,0.0,0.0,0704,G,P,Student,roomgroupA
0705_01,Earth,False,55 Cancri e,False,0.0,0.0,722.0,0.0,0.0,0705,F,P,Adult,roomgroupA
0707_01,Earth,True,TRAPPIST-1e,False,0.0,0.0,,0.0,0.0,0707,G,S,Adult,roomgroupA
0709_01,Europa,False,55 Cancri e,False,0.0,4949.0,0.0,452.0,15.0,0709,A,S,Young Adult,roomgroupA
0709_02,Europa,True,55 Cancri e,,0.0,,0.0,0.0,0.0,0709,A,S,Young Adult,roomgroupA
0709_03,Europa,True,55 Cancri e,False,0.0,0.0,,0.0,0.0,0709,G,S,Student,roomgroupA
0710_01,Mars,False,TRAPPIST-1e,False,1695.0,0.0,0.0,31.0,349.0,0710,E,P,Student,roomgroupA
0712_01,Mars,,TRAPPIST-1e,False,457.0,0.0,170.0,1132.0,0.0,0712,F,P,Student,roomgroupA
0712_02,Mars,,TRAPPIST-1e,False,0.0,0.0,0.0,0.0,0.0,0712,F,P,Baby,roomgroupA
0713_01,Earth,False,TRAPPIST-1e,False,1577.0,2.0,0.0,30.0,0.0,0713,E,S,Young Adult,roomgroupA
0714_01,Earth,True,PSO J318.5-22,False,0.0,0.0,0.0,0.0,0.0,0714,G,P,Adult,roomgroupA
0714_02,Earth,False,TRAPPIST-1e,False,0.0,0.0,0.0,0.0,0.0,0714,G,P,Baby,roomgroupA
0714_03,Earth,False,,False,0.0,0.0,,0.0,0.0,0714,G,P,Teenager,roomgroupA
0714_04,Earth,True,PSO J318.5-22,False,0.0,0.0,0.0,0.0,0.0,0714,G,P,Baby,roomgroupA
0714_05,Earth,True,PSO J318.5-22,False,0.0,0.0,0.0,0.0,0.0,0714,G,P,Young Adult,roomgroupA
0714_06,Earth,True,55 Cancri e,False,0.0,0.0,0.0,0.0,0.0,0714,G,P,Baby,roomgroupA
0714_07,Earth,True,55 Cancri e,False,0.0,0.0,0.0,0.0,0.0,0714,G,P,Baby,roomgroupA
0715_01,Europa,,55 Cancri e,False,0.0,0.0,0.0,0.0,0.0,0715,G,S,Adult,roomgroupA
0718_01,Earth,False,TRAPPIST-1e,False,521.0,0.0,4.0,261.0,1.0,0718,E,P,Student,roomgroupA
0719_01,Mars,False,TRAPPIST-1e,False,0.0,0.0,0.0,0.0,0.0,0719,E,P,Student,roomgroupA
0724_01,Earth,False,PSO J318.5-22,False,0.0,23.0,0.0,184.0,2566.0,0724,F,S,Young Adult,roomgroupA
0726_01,Earth,True,TRAPPIST-1e,False,0.0,0.0,0.0,0.0,0.0,0726,G,P,Student,roomgroupA
0727_01,Earth,False,TRAPPIST-1e,False,139.0,0.0,1.0,152.0,354.0,0727,F,S,Student,roomgroupA
0728_01,Earth,False,55 Cancri e,False,0.0,0.0,2.0,786.0,594.0,0728,F,S,Young Adult,roomgroupA
0729_01,Earth,False,TRAPPIST-1e,False,7.0,781.0,0.0,0.0,0.0,0729,E,S,Teenager,roomgroupA
0732_01,Earth,False,TRAPPIST-1e,False,0.0,714.0,2.0,0.0,0.0,0732,G,S,Student,roomgroupA
0733_01,Earth,False,55 Cancri e,False,0.0,38.0,88.0,4.0,561.0,0733,F,P,Student,roomgroupA
0734_01,Earth,False,TRAPPIST-1e,False,712.0,2.0,322.0,0.0,517.0,0734,F,P,Senior,roomgroupA
0736_01,Earth,False,TRAPPIST-1e,False,0.0,0.0,484.0,188.0,0.0,0736,F,P,Student,roomgroupA
0737_01,Europa,False,55 Cancri e,False,0.0,835.0,0.0,38.0,,0737,C,S,Senior,roomgroupA
0738_01,Mars,,TRAPPIST-1e,False,0.0,0.0,0.0,0.0,0.0,0738,F,P,Adult,roomgroupA
0740_01,Europa,False,55 Cancri e,False,76.0,16.0,0.0,2247.0,1166.0,0740,C,P,Senior,roomgroupA
0740_02,Europa,True,55 Cancri e,False,0.0,0.0,0.0,0.0,0.0,0740,C,P,Teenager,roomgroupA
0740_03,Europa,False,TRAPPIST-1e,False,3594.0,3425.0,0.0,0.0,58.0,0740,C,P,Adult,roomgroupA
0743_01,Earth,True,TRAPPIST-1e,False,0.0,0.0,0.0,0.0,0.0,0743,G,S,Teenager,roomgroupA
0746_01,Earth,True,TRAPPIST-1e,False,0.0,0.0,0.0,0.0,0.0,0746,G,S,Student,roomgroupA
0750_01,Earth,False,55 Cancri e,False,15.0,142.0,0.0,41.0,493.0,0750,F,S,Student,roomgroupA
0753_01,Europa,True,,False,0.0,0.0,0.0,0.0,0.0,0753,A,P,Young Adult,roomgroupA
0753_02,Europa,False,55 Cancri e,False,19.0,1344.0,4.0,3190.0,8.0,0753,A,P,Senior,roomgroupA
0753_03,Europa,True,55 Cancri e,False,0.0,0.0,0.0,0.0,0.0,0753,G,S,Adult,roomgroupA
0754_01,Europa,True,55 Cancri e,False,0.0,0.0,0.0,0.0,,0754,D,P,Student,roomgroupA
0756_01,Europa,True,55 Cancri e,False,0.0,0.0,0.0,0.0,0.0,0756,B,S,Adult,roomgroupA
0756_02,Europa,False,TRAPPIST-1e,False,47.0,287.0,0.0,4302.0,0.0,0756,B,S,Young Adult,roomgroupA
0756_03,Europa,True,TRAPPIST-1e,False,0.0,0.0,,0.0,0.0,0756,B,S,Young Adult,roomgroupA
0757_01,Mars,False,55 Cancri e,False,1.0,0.0,5.0,1022.0,151.0,0757,D,P,Senior,roomgroupA
0761_01,Europa,False,,False,0.0,3879.0,0.0,48.0,67.0,0761,C,P,Young Adult,roomgroupA
0762_01,Earth,True,PSO J318.5-22,False,0.0,0.0,0.0,0.0,0.0,0762,G,S,Young Adult,roomgroupA
0764_01,Earth,,TRAPPIST-1e,False,0.0,0.0,0.0,0.0,0.0,0764,G,S,Student,roomgroupA
0765_01,Mars,False,PSO J318.5-22,False,1248.0,0.0,55.0,12.0,0.0,0765,F,S,Adult,roomgroupA
0765_02,Mars,False,TRAPPIST-1e,False,755.0,0.0,121.0,,0.0,0765,F,S,Student,roomgroupA
0767_01,Earth,False,TRAPPIST-1e,False,0.0,6.0,679.0,15.0,187.0,0767,G,S,Adult,roomgroupA
0768_01,Europa,False,55 Cancri e,False,29.0,12180.0,0.0,93.0,17306.0,0768,B,P,Adult,roomgroupA
0768_02,Europa,True,TRAPPIST-1e,False,0.0,0.0,0.0,,0.0,0768,B,P,Young Adult,roomgroupA
0769_01,Europa,True,55 Cancri e,False,0.0,0.0,0.0,0.0,0.0,0769,B,S,Adult,roomgroupA
0770_01,Earth,True,TRAPPIST-1e,False,0.0,0.0,0.0,0.0,0.0,0770,G,S,Baby,roomgroupA
0770_02,Earth,False,TRAPPIST-1e,False,0.0,715.0,0.0,170.0,0.0,0770,G,S,Unknown,roomgroupA
0770_03,Earth,,TRAPPIST-1e,False,0.0,0.0,0.0,0.0,0.0,0770,G,S,Adult,roomgroupA
0770_04,Earth,True,PSO J318.5-22,False,0.0,0.0,0.0,0.0,0.0,0770,G,S,Child,roomgroupA
0770_05,Earth,False,55 Cancri e,False,0.0,0.0,0.0,0.0,0.0,0770,G,S,Baby,roomgroupA
0770_06,Earth,True,PSO J318.5-22,False,0.0,0.0,0.0,0.0,0.0,0770,G,S,Child,roomgroupA
0771_01,Earth,True,TRAPPIST-1e,False,0.0,0.0,0.0,0.0,0.0,0771,G,P,Young Adult,roomgroupA
0772_01,Europa,False,55 Cancri e,False,0.0,16.0,325.0,4476.0,1359.0,0772,E,S,Adult,roomgroupA
0772_02,Europa,True,55 Cancri e,False,0.0,0.0,0.0,0.0,0.0,0772,E,S,Teenager,roomgroupA
0772_03,,True,TRAPPIST-1e,False,0.0,0.0,0.0,0.0,0.0,0772,E,S,Young Adult,roomgroupA
0772_04,Europa,False,55 Cancri e,False,0.0,0.0,0.0,0.0,0.0,0772,E,S,Child,roomgroupA
0773_01,Earth,False,TRAPPIST-1e,False,558.0,4.0,0.0,175.0,0.0,0773,F,S,Young Adult,roomgroupA
0776_01,Earth,False,TRAPPIST-1e,False,0.0,2.0,1399.0,0.0,18.0,0776,F,P,Student,roomgroupA
0777_01,Europa,False,TRAPPIST-1e,False,0.0,3004.0,0.0,1018.0,0.0,0777,A,P,Young Adult,roomgroupA
0779_01,Earth,False,,False,562.0,2.0,0.0,0.0,11.0,0779,F,P,Student,roomgroupA
0781_01,Earth,False,PSO J318.5-22,False,14.0,33.0,0.0,3.0,467.0,0781,G,S,Student,roomgroupA
0782_01,Mars,True,TRAPPIST-1e,False,0.0,0.0,0.0,0.0,0.0,0782,F,P,Adult,roomgroupA
0784_01,Europa,True,55 Cancri e,False,0.0,0.0,0.0,0.0,0.0,0784,C,S,Young Adult,roomgroupA
0785_01,Earth,False,TRAPPIST-1e,False,713.0,0.0,2.0,0.0,1.0,0785,F,P,Young Adult,roomgroupA
0786_01,Earth,True,TRAPPIST-1e,False,0.0,0.0,0.0,0.0,0.0,0786,G,P,Student,roomgroupA
0787_01,Earth,True,TRAPPIST-1e,False,0.0,0.0,0.0,0.0,,0787,G,P,Child,roomgroupA
0788_01,Earth,False,55 Cancri e,False,797.0,0.0,0.0,0.0,0.0,0788,F,P,Teenager,roomgroupA
0789_01,Europa,False,TRAPPIST-1e,True,0.0,166.0,4.0,2177.0,342.0,0789,A,S,Young Adult,roomgroupA
0789_02,Europa,False,TRAPPIST-1e,False,0.0,142.0,870.0,89.0,3497.0,0789,A,S,Young Adult,roomgroupA
0789_03,Europa,True,TRAPPIST-1e,False,0.0,0.0,0.0,0.0,0.0,0789,A,S,Young Adult,roomgroupA
0790_01,Earth,True,PSO J318.5-22,False,0.0,0.0,,0.0,0.0,0790,G,S,Student,roomgroupA
0791_01,Earth,True,PSO J318.5-22,False,0.0,0.0,0.0,0.0,0.0,0791,G,P,Young Adult,roomgroupA
0793_01,Earth,False,PSO J318.5-22,False,0.0,0.0,0.0,7.0,766.0,0793,G,P,Adult,roomgroupA
0794_01,Mars,,55 Cancri e,False,0.0,0.0,0.0,0.0,0.0,0794,F,S,Student,roomgroupA
0794_02,Mars,True,55 Cancri e,False,0.0,0.0,0.0,0.0,0.0,0794,F,S,Young Adult,roomgroupA
0795_01,Earth,False,TRAPPIST-1e,False,0.0,0.0,0.0,874.0,0.0,0795,F,S,Young Adult,roomgroupA
0796_01,Europa,True,55 Cancri e,False,0.0,0.0,0.0,0.0,0.0,0796,D,S,Young Adult,roomgroupA
0797_01,Earth,False,TRAPPIST-1e,False,0.0,0.0,0.0,0.0,645.0,0797,F,S,Young Adult,roomgroupA
0798_01,Mars,True,PSO J318.5-22,False,0.0,0.0,0.0,0.0,0.0,0798,F,S,Adult,roomgroupA
0799_01,Europa,False,55 Cancri e,False,0.0,3462.0,5.0,1590.0,4.0,0799,A,P,Unknown,roomgroupA
0802_01,Mars,True,TRAPPIST-1e,False,0.0,0.0,0.0,0.0,0.0,0802,F,S,Baby,roomgroupA
0805_01,Europa,False,55 Cancri e,True,0.0,13248.0,100.0,1953.0,1.0,0805,C,P,Adult,roomgroupA
0806_01,Earth,False,TRAPPIST-1e,False,183.0,0.0,32.0,0.0,1171.0,0806,F,S,Young Adult,roomgroupA
0806_02,Earth,False,TRAPPIST-1e,False,0.0,0.0,0.0,0.0,0.0,0806,G,S,Baby,roomgroupA
0808_01,Earth,False,TRAPPIST-1e,False,159.0,110.0,701.0,0.0,10.0,0808,E,S,Young Adult,roomgroupA
0809_01,Mars,False,TRAPPIST-1e,False,0.0,0.0,0.0,0.0,,0809,F,S,Child,roomgroupA
0809_02,Mars,False,TRAPPIST-1e,False,1227.0,42.0,1.0,0.0,0.0,0809,F,S,Unknown,roomgroupA
0809_03,Mars,False,TRAPPIST-1e,False,836.0,0.0,51.0,304.0,0.0,0809,F,S,Adult,roomgroupA
0809_04,Mars,False,TRAPPIST-1e,False,0.0,0.0,0.0,0.0,0.0,0809,F,S,Baby,roomgroupA
0811_01,Mars,False,PSO J318.5-22,False,1209.0,0.0,0.0,0.0,833.0,0811,F,S,Adult,roomgroupA
0811_02,Mars,True,TRAPPIST-1e,False,0.0,0.0,0.0,0.0,0.0,0811,F,S,Baby,roomgroupA
0811_03,Mars,False,TRAPPIST-1e,False,0.0,0.0,0.0,0.0,0.0,0811,F,S,Baby,roomgroupA
0813_01,Mars,True,TRAPPIST-1e,False,0.0,0.0,0.0,0.0,0.0,0813,F,P,Adult,roomgroupA
0815_01,Earth,False,TRAPPIST-1e,False,2.0,1.0,30.0,,0.0,0815,E,S,Teenager,roomgroupA
0816_01,Europa,False,55 Cancri e,False,0.0,284.0,0.0,4614.0,438.0,0816,E,S,Young Adult,roomgroupA
0817_01,Earth,True,TRAPPIST-1e,False,0.0,0.0,0.0,0.0,0.0,0817,G,P,Student,roomgroupA
0818_01,Europa,False,TRAPPIST-1e,True,0.0,0.0,0.0,0.0,0.0,0818,B,S,Senior,roomgroupA
0819_01,Earth,True,PSO J318.5-22,,0.0,0.0,0.0,0.0,0.0,0819,G,S,Student,roomgroupA
0820_01,Earth,False,55 Cancri e,False,0.0,59.0,714.0,0.0,3.0,0820,F,S,Teenager,roomgroupA
0820_02,Earth,False,TRAPPIST-1e,False,751.0,0.0,0.0,0.0,0.0,0820,G,S,Student,roomgroupA
0822_01,Earth,False,TRAPPIST-1e,False,0.0,561.0,10.0,0.0,161.0,0822,F,S,Student,roomgroupA
0823_01,Earth,True,55 Cancri e,False,0.0,0.0,0.0,0.0,0.0,0823,G,S,Baby,roomgroupA
0823_02,Earth,False,55 Cancri e,False,0.0,0.0,739.0,0.0,0.0,0823,G,S,Adult,roomgroupA
0824_01,Mars,False,TRAPPIST-1e,False,815.0,0.0,343.0,55.0,0.0,0824,F,S,Adult,roomgroupA
0825_01,Earth,True,TRAPPIST-1e,False,0.0,0.0,0.0,0.0,0.0,0825,G,P,Teenager,roomgroupA
0826_01,Earth,False,TRAPPIST-1e,False,174.0,653.0,0.0,0.0,0.0,0826,G,S,Young Adult,roomgroupA
0828_01,Earth,False,TRAPPIST-1e,False,786.0,0.0,22.0,59.0,0.0,0828,F,S,Adult,roomgroupA
0828_02,Earth,False,TRAPPIST-1e,False,324.0,2.0,,7.0,26.0,0828,F,S,Adult,roomgroupA
0829_01,Earth,False,PSO J318.5-22,False,15.0,0.0,2695.0,2.0,0.0,0829,F,P,Student,roomgroupA
0830_01,Earth,False,TRAPPIST-1e,False,14.0,5.0,0.0,795.0,0.0,0830,F,P,Young Adult,roomgroupA
0833_01,Europa,True,55 Cancri e,False,0.0,0.0,0.0,0.0,0.0,0833,G,S,Adult,roomgroupA
0834_01,Earth,False,TRAPPIST-1e,False,0.0,0.0,0.0,838.0,27.0,0834,F,P,Young Adult,roomgroupA
0835_01,Earth,False,55 Cancri e,False,77.0,0.0,9.0,424.0,166.0,0835,G,S,Teenager,roomgroupA
0836_01,Mars,False,PSO J318.5-22,True,494.0,701.0,71.0,0.0,0.0,0836,F,S,Young Adult,roomgroupA
0839_01,Europa,False,TRAPPIST-1e,False,0.0,179.0,0.0,0.0,5152.0,0839,B,S,Young Adult,roomgroupA
0840_01,Earth,,TRAPPIST-1e,False,663.0,1111.0,0.0,0.0,2.0,0840,G,P,Young Adult,roomgroupA
0845_01,Europa,False,55 Cancri e,False,2651.0,2956.0,0.0,266.0,1300.0,0845,B,S,Adult,roomgroupA
0846_01,Earth,True,TRAPPIST-1e,False,0.0,0.0,0.0,0.0,0.0,0846,G,S,Teenager,roomgroupA
0848_01,Mars,True,TRAPPIST-1e,False,0.0,0.0,0.0,0.0,0.0,0848,F,P,Young Adult,roomgroupA
0848_02,Mars,True,TRAPPIST-1e,False,0.0,0.0,0.0,0.0,0.0,0848,F,P,Teenager,roomgroupA
0849_01,Europa,False,TRAPPIST-1e,False,0.0,0.0,0.0,0.0,0.0,0849,B,S,Young Adult,roomgroupA
0849_02,Europa,True,55 Cancri e,False,0.0,0.0,0.0,0.0,0.0,0849,B,S,Young Adult,roomgroupA
0850_01,Mars,True,TRAPPIST-1e,False,0.0,0.0,0.0,0.0,0.0,0850,E,S,Adult,roomgroupA
0851_01,Earth,False,55 Cancri e,False,217.0,378.0,19.0,1.0,12.0,0851,F,P,Student,roomgroupA
0853_01,,True,55 Cancri e,False,0.0,0.0,0.0,0.0,0.0,0853,A,S,Adult,roomgroupA
0859_01,Earth,True,TRAPPIST-1e,False,0.0,0.0,0.0,0.0,0.0,0859,G,S,Young Adult,roomgroupA
0860_01,Earth,False,TRAPPIST-1e,False,34.0,7.0,320.0,0.0,427.0,0860,E,P,Young Adult,roomgroupA
0863_01,Earth,True,TRAPPIST-1e,False,0.0,0.0,0.0,0.0,0.0,0863,G,S,Adult,roomgroupA
0863_02,Earth,False,TRAPPIST-1e,False,0.0,0.0,0.0,0.0,0.0,0863,G,S,Child,roomgroupA
0863_03,Earth,True,TRAPPIST-1e,False,0.0,0.0,0.0,0.0,0.0,0863,G,S,Child,roomgroupA
0865_01,Europa,True,55 Cancri e,False,0.0,,0.0,0.0,0.0,0865,B,S,Adult,roomgroupA
0865_02,Europa,True,55 Cancri e,False,0.0,0.0,0.0,0.0,0.0,0865,B,S,Student,roomgroupA
0867_01,Earth,False,TRAPPIST-1e,False,2.0,850.0,18.0,2.0,0.0,0867,F,S,Unknown,roomgroupA
0868_01,Earth,True,TRAPPIST-1e,False,0.0,0.0,0.0,0.0,0.0,0868,G,S,Adult,roomgroupA
0869_01,Earth,False,TRAPPIST-1e,False,280.0,0.0,444.0,0.0,0.0,0869,F,S,Adult,roomgroupA
0870_01,Earth,False,PSO J318.5-22,False,112.0,473.0,0.0,92.0,0.0,0870,G,P,Unknown,roomgroupA
0871_01,Europa,False,TRAPPIST-1e,False,2.0,4754.0,0.0,246.0,31.0,0871,A,S,Student,roomgroupA
0873_01,Earth,False,TRAPPIST-1e,False,,0.0,32.0,2529.0,92.0,0873,F,P,Teenager,roomgroupA
0874_01,Earth,False,TRAPPIST-1e,False,0.0,162.0,540.0,0.0,0.0,0874,F,S,Student,roomgroupA
0875_01,Earth,False,TRAPPIST-1e,False,0.0,0.0,0.0,0.0,0.0,0875,G,S,Adult,roomgroupA
0876_01,Earth,False,TRAPPIST-1e,False,12.0,687.0,46.0,2.0,0.0,0876,F,S,Adult,roomgroupA
0877_01,Europa,True,55 Cancri e,False,0.0,0.0,0.0,0.0,0.0,0877,C,P,Young Adult,roomgroupA
0878_01,Mars,False,PSO J318.5-22,True,381.0,0.0,3.0,447.0,0.0,0878,D,S,Adult,roomgroupA
0879_01,Earth,False,TRAPPIST-1e,False,784.0,0.0,0.0,0.0,4.0,0879,G,S,Adult,roomgroupA
0881_01,Europa,False,TRAPPIST-1e,False,3103.0,3.0,0.0,31.0,26.0,0881,D,S,Adult,roomgroupA
0883_01,Earth,False,TRAPPIST-1e,False,875.0,5.0,10.0,18.0,0.0,0883,G,P,Teenager,roomgroupA
0885_01,Earth,True,TRAPPIST-1e,False,0.0,0.0,0.0,0.0,0.0,0885,G,S,Young Adult,roomgroupA
0885_02,Earth,True,55 Cancri e,False,0.0,0.0,0.0,0.0,0.0,0885,G,S,Adult,roomgroupA
0889_01,Europa,False,TRAPPIST-1e,False,0.0,0.0,0.0,0.0,0.0,0889,C,P,Adult,roomgroupA
0889_02,Europa,False,55 Cancri e,,1.0,12804.0,0.0,10.0,52.0,0889,C,P,Young Adult,roomgroupA
0890_01,Mars,False,TRAPPIST-1e,False,172.0,,338.0,9.0,0.0,0890,F,P,Teenager,roomgroupA
0893_01,Earth,True,55 Cancri e,False,0.0,0.0,0.0,0.0,0.0,0893,G,P,Young Adult,roomgroupA
0898_01,Earth,True,TRAPPIST-1e,,0.0,0.0,0.0,0.0,0.0,0898,G,S,Young Adult,roomgroupA
0899_01,Earth,False,TRAPPIST-1e,False,0.0,0.0,716.0,0.0,1.0,0899,F,P,Young Adult,roomgroupA
0899_02,Earth,True,TRAPPIST-1e,False,0.0,0.0,0.0,0.0,0.0,0899,G,P,Adult,roomgroupA
0901_01,Mars,False,TRAPPIST-1e,False,47.0,0.0,2552.0,0.0,0.0,0901,F,S,Young Adult,roomgroupA
0902_01,Earth,False,TRAPPIST-1e,False,200.0,124.0,0.0,413.0,0.0,0902,F,P,Student,roomgroupA
0903_01,Earth,True,55 Cancri e,,0.0,0.0,0.0,,0.0,0903,G,S,Student,roomgroupA
0904_01,Europa,False,TRAPPIST-1e,False,0.0,2792.0,0.0,148.0,1043.0,0904,C,P,Adult,roomgroupA
0905_01,Mars,False,PSO J318.5-22,False,4.0,0.0,421.0,435.0,19.0,0905,D,P,Young Adult,roomgroupA
0906_01,Earth,False,55 Cancri e,False,0.0,388.0,469.0,,0.0,0906,F,S,Student,roomgroupA
0907_01,Europa,False,55 Cancri e,False,0.0,5738.0,7.0,9038.0,28.0,0907,B,P,Adult,roomgroupA
0907_02,Europa,False,TRAPPIST-1e,False,0.0,1736.0,,145.0,634.0,0907,B,P,Young Adult,roomgroupA
0910_01,Earth,True,TRAPPIST-1e,False,0.0,0.0,0.0,0.0,0.0,0910,G,S,Student,roomgroupA
0911_01,Mars,False,TRAPPIST-1e,True,2492.0,0.0,,136.0,4.0,0911,F,P,Young Adult,roomgroupA
0911_02,,False,TRAPPIST-1e,False,853.0,0.0,543.0,31.0,0.0,0911,F,P,Senior,roomgroupA
0912_01,Europa,False,TRAPPIST-1e,False,0.0,7461.0,0.0,369.0,450.0,0912,B,S,Young Adult,roomgroupA
0913_01,Europa,False,55 Cancri e,,0.0,172.0,0.0,5907.0,34.0,0913,E,P,Adult,roomgroupA
0915_01,Earth,False,TRAPPIST-1e,False,157.0,0.0,0.0,544.0,3.0,0915,G,S,Student,roomgroupA
0918_01,Earth,False,TRAPPIST-1e,False,47.0,0.0,10.0,139.0,1406.0,0918,E,S,Young Adult,roomgroupA
0919_01,Earth,False,PSO J318.5-22,False,18.0,84.0,93.0,886.0,289.0,0919,F,P,Young Adult,roomgroupA
0921_01,Earth,True,PSO J318.5-22,False,0.0,0.0,0.0,0.0,0.0,0921,G,S,Adult,roomgroupA
0922_01,Europa,True,55 Cancri e,False,0.0,0.0,0.0,0.0,,0922,B,P,Young Adult,roomgroupA
0922_02,Europa,False,55 Cancri e,False,0.0,1095.0,0.0,169.0,1226.0,0922,B,P,Young Adult,roomgroupA
0923_01,Europa,False,55 Cancri e,False,0.0,7767.0,0.0,15.0,2453.0,0923,C,S,Unknown,roomgroupA
0923_02,Europa,True,TRAPPIST-1e,False,0.0,0.0,0.0,0.0,0.0,0923,B,S,Student,roomgroupA
0924_01,Earth,False,TRAPPIST-1e,False,13.0,0.0,984.0,0.0,0.0,0924,E,S,Young Adult,roomgroupA
0925_01,Mars,False,TRAPPIST-1e,False,379.0,0.0,1626.0,0.0,0.0,0925,F,P,Young Adult,roomgroupA
0925_02,Mars,True,TRAPPIST-1e,False,0.0,0.0,0.0,0.0,0.0,0925,F,P,Child,roomgroupA
0925_03,Mars,True,TRAPPIST-1e,False,0.0,,0.0,0.0,0.0,0925,F,P,Adult,roomgroupA
0926_01,Europa,False,55 Cancri e,False,0.0,7992.0,0.0,507.0,25.0,0926,B,S,Young Adult,roomgroupA
0926_02,Europa,False,TRAPPIST-1e,False,0.0,760.0,234.0,2761.0,81.0,0926,B,S,Young Adult,roomgroupA
0927_01,Earth,False,TRAPPIST-1e,False,0.0,,699.0,43.0,22.0,0927,G,S,Young Adult,roomgroupA
0928_01,Earth,True,PSO J318.5-22,False,0.0,0.0,0.0,0.0,0.0,0928,G,P,Young Adult,roomgroupA
0930_01,Earth,False,TRAPPIST-1e,False,646.0,0.0,0.0,135.0,260.0,0930,F,P,Adult,roomgroupA
0930_02,Earth,True,TRAPPIST-1e,False,0.0,0.0,0.0,0.0,0.0,0930,G,P,Teenager,roomgroupA
0931_01,Earth,False,TRAPPIST-1e,False,0.0,,115.0,126.0,491.0,0931,F,P,Student,roomgroupA
0932_01,Mars,True,TRAPPIST-1e,False,0.0,0.0,0.0,0.0,0.0,0932,G,S,Young Adult,roomgroupA
0933_01,Europa,False,TRAPPIST-1e,False,14.0,12045.0,0.0,2121.0,0.0,0933,C,P,Young Adult,roomgroupA
0933_02,Europa,False,TRAPPIST-1e,False,0.0,1127.0,0.0,1867.0,1070.0,0933,C,P,Young Adult,roomgroupA
0935_01,Earth,False,TRAPPIST-1e,False,0.0,11.0,0.0,18.0,872.0,0935,F,P,Adult,roomgroupA
0938_01,Earth,False,TRAPPIST-1e,False,174.0,0.0,0.0,630.0,0.0,0938,F,S,Young Adult,roomgroupA
0938_02,Earth,False,TRAPPIST-1e,False,0.0,0.0,871.0,0.0,0.0,0938,E,S,Young Adult,roomgroupA
0938_03,Earth,False,TRAPPIST-1e,False,0.0,0.0,0.0,0.0,0.0,0938,G,S,Baby,roomgroupA
0939_01,Earth,True,,False,0.0,0.0,0.0,0.0,0.0,0939,G,P,Teenager,roomgroupA
0940_01,Earth,False,TRAPPIST-1e,False,55.0,741.0,0.0,0.0,13.0,0940,G,P,Adult,roomgroupA
0941_01,Earth,False,TRAPPIST-1e,False,0.0,7.0,0.0,1175.0,0.0,0941,F,P,Teenager,roomgroupA
0942_01,Mars,False,TRAPPIST-1e,False,594.0,0.0,555.0,0.0,0.0,0942,F,P,Student,roomgroupA
0944_01,Earth,False,TRAPPIST-1e,False,891.0,0.0,831.0,0.0,0.0,0944,G,P,Teenager,roomgroupA
0944_02,Earth,False,55 Cancri e,False,0.0,0.0,0.0,0.0,0.0,0944,G,P,Child,roomgroupA
0946_01,Earth,False,TRAPPIST-1e,False,72.0,5.0,0.0,342.0,188.0,0946,F,P,Student,roomgroupA
0947_01,Earth,False,55 Cancri e,False,0.0,474.0,0.0,0.0,201.0,0947,G,P,Young Adult,roomgroupA
0949_01,Earth,True,55 Cancri e,False,0.0,0.0,0.0,0.0,0.0,0949,G,P,Teenager,roomgroupA
0951_01,Earth,True,PSO J318.5-22,False,0.0,0.0,0.0,0.0,0.0,0951,G,S,Adult,roomgroupA
0952_01,Mars,False,TRAPPIST-1e,False,877.0,0.0,1383.0,0.0,0.0,0952,F,S,Adult,roomgroupA
0953_01,Earth,False,PSO J318.5-22,False,0.0,306.0,3.0,,359.0,0953,F,P,Adult,roomgroupA
0955_01,Earth,True,55 Cancri e,False,,0.0,0.0,0.0,0.0,0955,G,S,Teenager,roomgroupA
0956_01,Earth,False,TRAPPIST-1e,False,0.0,631.0,0.0,5.0,0.0,0956,E,S,Young Adult,roomgroupA
0957_01,Mars,True,TRAPPIST-1e,False,0.0,0.0,0.0,0.0,0.0,0957,F,P,Adult,roomgroupA
0960_01,Earth,False,TRAPPIST-1e,False,3.0,0.0,,0.0,788.0,0960,E,S,Student,roomgroupA
0961_01,Earth,False,55 Cancri e,False,0.0,885.0,8.0,0.0,0.0,0961,G,P,Teenager,roomgroupA
0964_01,Europa,True,TRAPPIST-1e,False,0.0,0.0,0.0,0.0,,0964,B,P,Student,roomgroupA
0964_02,Europa,True,TRAPPIST-1e,False,0.0,0.0,0.0,0.0,0.0,0964,B,P,Adult,roomgroupA
0965_01,Mars,False,TRAPPIST-1e,False,631.0,0.0,834.0,304.0,0.0,0965,F,S,Student,roomgroupA
0966_01,Earth,False,TRAPPIST-1e,False,1377.0,0.0,0.0,167.0,0.0,0966,F,S,Young Adult,roomgroupA
0968_01,Earth,False,TRAPPIST-1e,False,792.0,0.0,0.0,0.0,0.0,0968,E,P,Student,roomgroupA
0969_01,Mars,True,TRAPPIST-1e,False,0.0,0.0,0.0,0.0,0.0,0969,F,P,Adult,roomgroupA
0970_01,Earth,True,TRAPPIST-1e,False,0.0,0.0,0.0,0.0,0.0,0970,G,P,Student,roomgroupA
0971_01,Earth,True,TRAPPIST-1e,False,0.0,0.0,0.0,0.0,0.0,0971,G,P,Senior,roomgroupA
0972_01,Earth,False,TRAPPIST-1e,False,0.0,314.0,323.0,1026.0,6.0,0972,E,P,Student,roomgroupA
0975_01,Earth,False,55 Cancri e,False,58.0,317.0,448.0,3.0,0.0,0975,E,P,Young Adult,roomgroupA
0976_01,Earth,True,TRAPPIST-1e,False,0.0,0.0,0.0,0.0,0.0,0976,G,S,Student,roomgroupA
0978_01,Earth,False,TRAPPIST-1e,False,,32.0,8.0,0.0,0.0,0978,F,P,Young Adult,roomgroupA
0979_01,Europa,False,,False,0.0,0.0,0.0,0.0,0.0,0979,B,S,Adult,roomgroupA
0982_01,Earth,True,PSO J318.5-22,False,0.0,0.0,0.0,0.0,0.0,0982,G,P,Adult,roomgroupA
0982_02,Earth,False,TRAPPIST-1e,False,,,4.0,0.0,0.0,0982,G,P,Adult,roomgroupA
0983_01,Earth,True,55 Cancri e,False,0.0,0.0,0.0,0.0,0.0,0983,G,S,Young Adult,roomgroupA
0984_01,Earth,False,TRAPPIST-1e,False,0.0,1.0,13.0,0.0,873.0,0984,G,S,Adult,roomgroupA
0984_02,Earth,False,TRAPPIST-1e,False,0.0,0.0,718.0,0.0,0.0,0984,F,S,Young Adult,roomgroupA
0984_03,Earth,False,TRAPPIST-1e,False,0.0,0.0,490.0,0.0,319.0,0984,G,S,Student,roomgroupA
0984_04,Earth,True,TRAPPIST-1e,False,0.0,0.0,0.0,0.0,0.0,0984,G,S,Young Adult,roomgroupA
0984_05,Earth,False,55 Cancri e,False,0.0,11.0,0.0,136.0,1088.0,0984,F,S,Student,roomgroupA
0984_06,Earth,True,TRAPPIST-1e,False,0.0,0.0,0.0,0.0,0.0,0984,G,S,Student,roomgroupA
0984_07,Earth,True,PSO J318.5-22,False,0.0,0.0,0.0,0.0,0.0,0984,G,S,Unknown,roomgroupA
0984_08,Earth,True,TRAPPIST-1e,False,0.0,0.0,0.0,0.0,0.0,0984,G,S,Senior,roomgroupA
0985_01,Earth,False,55 Cancri e,False,6.0,0.0,,12.0,704.0,0985,E,P,Student,roomgroupA
0987_01,Earth,False,TRAPPIST-1e,False,3.0,0.0,35.0,150.0,478.0,0987,F,P,Teenager,roomgroupA
0988_01,,False,TRAPPIST-1e,False,0.0,3.0,906.0,0.0,0.0,0988,G,S,Young Adult,roomgroupA
0988_02,Earth,False,TRAPPIST-1e,False,1.0,784.0,0.0,55.0,149.0,0988,E,S,Adult,roomgroupA
0989_01,Earth,False,TRAPPIST-1e,False,0.0,0.0,0.0,0.0,0.0,0989,G,P,Child,roomgroupA
0990_01,Earth,False,PSO J318.5-22,False,0.0,541.0,46.0,4.0,96.0,0990,F,S,Young Adult,roomgroupA
0991_01,Earth,True,TRAPPIST-1e,,0.0,0.0,0.0,0.0,0.0,0991,G,S,Young Adult,roomgroupA
0992_01,Europa,False,TRAPPIST-1e,False,31.0,2727.0,0.0,184.0,135.0,0992,D,S,Adult,roomgroupA
0992_02,Europa,False,TRAPPIST-1e,False,387.0,942.0,0.0,9927.0,1341.0,0992,D,S,Young Adult,roomgroupA
0992_03,Europa,False,55 Cancri e,False,1192.0,1736.0,17.0,21.0,0.0,0992,D,S,Adult,roomgroupA
0992_04,Europa,False,55 Cancri e,True,8030.0,300.0,0.0,0.0,1436.0,0992,G,S,Adult,roomgroupA
0992_05,Europa,True,55 Cancri e,False,0.0,0.0,0.0,0.0,0.0,0992,D,S,Teenager,roomgroupA
0992_06,Europa,False,55 Cancri e,False,4301.0,791.0,0.0,1748.0,91.0,0992,D,S,Adult,roomgroupA
0993_01,Earth,False,55 Cancri e,False,252.0,0.0,0.0,449.0,0.0,0993,F,S,Young Adult,roomgroupA
0994_01,Earth,True,TRAPPIST-1e,False,0.0,0.0,0.0,0.0,0.0,0994,G,S,Adult,roomgroupA
0994_02,Earth,False,TRAPPIST-1e,False,621.0,1.0,98.0,11.0,135.0,0994,F,S,Young Adult,roomgroupA
0995_01,Europa,True,55 Cancri e,False,0.0,0.0,0.0,0.0,0.0,0995,C,P,Adult,roomgroupA
0997_01,Mars,False,TRAPPIST-1e,False,253.0,0.0,880.0,22.0,2.0,0997,F,S,Young Adult,roomgroupA
0998_01,Europa,False,TRAPPIST-1e,False,0.0,7447.0,0.0,253.0,35.0,0998,C,P,Adult,roomgroupA
1000_01,Mars,False,,False,885.0,0.0,32.0,0.0,0.0,1000,D,P,Student,roomgroupA
1001_01,Earth,True,TRAPPIST-1e,False,0.0,0.0,0.0,0.0,0.0,1001,G,S,Teenager,roomgroupA
1002_01,Mars,False,55 Cancri e,False,0.0,0.0,0.0,0.0,0.0,1002,F,S,Baby,roomgroupA
1002_02,Mars,False,TRAPPIST-1e,False,1050.0,0.0,715.0,0.0,3.0,1002,F,S,Adult,roomgroupA
1002_03,Mars,True,TRAPPIST-1e,False,0.0,0.0,0.0,0.0,0.0,1002,F,S,Baby,roomgroupA
1004_01,Europa,True,55 Cancri e,,0.0,0.0,0.0,0.0,0.0,1004,A,S,Adult,roomgroupA
1005_01,Earth,False,TRAPPIST-1e,False,0.0,0.0,4.0,9.0,773.0,1005,G,S,Student,roomgroupA
1006_01,Earth,False,TRAPPIST-1e,False,0.0,0.0,0.0,0.0,791.0,1006,E,S,Student,roomgroupA
1006_02,Earth,True,TRAPPIST-1e,False,0.0,0.0,0.0,0.0,0.0,1006,E,S,Child,roomgroupA
1006_03,Earth,False,TRAPPIST-1e,False,0.0,0.0,0.0,0.0,0.0,1006,G,S,Teenager,roomgroupA
1008_01,Europa,True,55 Cancri e,False,0.0,0.0,0.0,0.0,0.0,1008,C,S,Adult,roomgroupA
1008_02,Europa,True,TRAPPIST-1e,False,0.0,0.0,0.0,0.0,0.0,1008,C,S,Senior,roomgroupA
1011_01,Earth,False,TRAPPIST-1e,False,1633.0,4.0,49.0,6.0,0.0,1011,G,S,Young Adult,roomgroupA
1011_02,Earth,True,TRAPPIST-1e,False,0.0,0.0,0.0,0.0,0.0,1011,G,P,Adult,roomgroupA
1012_01,Earth,True,TRAPPIST-1e,False,0.0,0.0,0.0,0.0,0.0,1012,G,P,Student,roomgroupA
1013_01,Earth,True,TRAPPIST-1e,False,0.0,0.0,0.0,0.0,0.0,1013,G,S,Young Adult,roomgroupA
1014_01,Mars,True,TRAPPIST-1e,False,0.0,0.0,0.0,0.0,0.0,1014,F,P,Student,roomgroupA
1015_01,Earth,False,TRAPPIST-1e,,0.0,131.0,267.0,554.0,0.0,1015,F,S,Adult,roomgroupA
1017_01,Earth,False,TRAPPIST-1e,False,0.0,15.0,122.0,1125.0,0.0,1017,F,S,Student,roomgroupA
1018_01,Earth,True,TRAPPIST-1e,False,0.0,0.0,0.0,0.0,0.0,1018,G,P,Student,roomgroupA
1019_01,Earth,False,,False,1.0,1410.0,0.0,1.0,0.0,1019,F,S,Adult,roomgroupA
1020_01,Mars,True,TRAPPIST-1e,False,0.0,0.0,0.0,0.0,0.0,1020,F,P,Young Adult,roomgroupA
1022_01,Earth,False,TRAPPIST-1e,,48.0,6.0,0.0,954.0,0.0,1022,G,S,Teenager,roomgroupA
1024_01,Earth,False,55 Cancri e,False,187.0,12.0,0.0,1277.0,0.0,1024,F,P,Student,roomgroupA
1024_02,Earth,True,TRAPPIST-1e,False,0.0,0.0,0.0,0.0,0.0,1024,G,P,Baby,roomgroupA
1024_03,,False,55 Cancri e,False,0.0,5.0,0.0,594.0,209.0,1024,G,P,Adult,roomgroupA
1024_04,Earth,False,55 Cancri e,False,0.0,0.0,0.0,0.0,0.0,1024,G,P,Baby,roomgroupA
1025_01,Earth,False,TRAPPIST-1e,False,759.0,0.0,106.0,202.0,0.0,1025,F,P,Student,roomgroupA
1026_01,Earth,True,TRAPPIST-1e,False,,0.0,0.0,0.0,0.0,1026,G,S,Student,roomgroupA
1027_01,Mars,False,TRAPPIST-1e,False,0.0,0.0,0.0,0.0,0.0,1027,F,P,Child,roomgroupA
1027_02,Mars,False,TRAPPIST-1e,False,1454.0,0.0,81.0,38.0,0.0,1027,F,P,Adult,roomgroupA
1027_03,Mars,False,TRAPPIST-1e,False,231.0,0.0,,279.0,9.0,1027,F,P,Young Adult,roomgroupA
1027_04,Mars,False,55 Cancri e,False,0.0,0.0,0.0,0.0,0.0,1027,F,P,Baby,roomgroupA
1029_01,Mars,True,TRAPPIST-1e,False,0.0,0.0,0.0,0.0,0.0,1029,F,P,Young Adult,roomgroupA
1030_01,Earth,False,TRAPPIST-1e,False,1081.0,0.0,0.0,0.0,7.0,1030,F,P,Student,roomgroupA
1031_01,Earth,False,TRAPPIST-1e,False,756.0,84.0,0.0,8.0,99.0,1031,F,S,Teenager,roomgroupA
1032_01,Earth,True,PSO J318.5-22,False,0.0,0.0,0.0,0.0,0.0,1032,G,P,Young Adult,roomgroupA
1033_01,Earth,True,TRAPPIST-1e,False,0.0,0.0,0.0,0.0,0.0,1033,G,P,Senior,roomgroupA
1034_01,Earth,False,TRAPPIST-1e,False,0.0,0.0,0.0,675.0,213.0,1034,G,P,Young Adult,roomgroupA
1035_01,Mars,False,55 Cancri e,False,4.0,0.0,1973.0,0.0,39.0,1035,F,P,Teenager,roomgroupA
1036_01,Earth,True,PSO J318.5-22,False,0.0,,0.0,0.0,0.0,1036,G,S,Young Adult,roomgroupA
1038_01,Earth,False,TRAPPIST-1e,False,0.0,306.0,84.0,499.0,0.0,1038,G,S,Adult,roomgroupA
1040_01,Earth,False,PSO J318.5-22,False,521.0,162.0,62.0,5.0,0.0,1040,G,S,Teenager,roomgroupA
1041_01,Europa,True,TRAPPIST-1e,False,0.0,0.0,0.0,0.0,0.0,1041,G,S,Adult,roomgroupA
1043_01,Earth,False,TRAPPIST-1e,False,0.0,0.0,1526.0,960.0,0.0,1043,F,P,Adult,roomgroupA
1045_01,Europa,False,TRAPPIST-1e,False,0.0,0.0,0.0,0.0,0.0,1045,C,P,Adult,roomgroupA
1045_02,Europa,False,TRAPPIST-1e,False,0.0,2349.0,7.0,815.0,10896.0,1045,C,P,Adult,roomgroupA
1046_01,Earth,False,TRAPPIST-1e,False,507.0,0.0,0.0,0.0,,1046,F,S,Teenager,roomgroupA
1047_01,Earth,True,TRAPPIST-1e,False,0.0,0.0,0.0,0.0,0.0,1047,G,P,Adult,roomgroupA
1048_01,Earth,False,TRAPPIST-1e,False,0.0,537.0,612.0,3.0,0.0,1048,F,P,Student,roomgroupA
1049_01,Mars,True,55 Cancri e,False,0.0,0.0,0.0,0.0,0.0,1049,F,P,Adult,roomgroupA
1049_02,Mars,True,TRAPPIST-1e,False,0.0,0.0,0.0,0.0,0.0,1049,F,P,Young Adult,roomgroupA
1051_01,Earth,False,TRAPPIST-1e,False,2.0,447.0,81.0,74.0,,1051,F,S,Student,roomgroupA
1052_01,Earth,False,55 Cancri e,False,,0.0,21.0,0.0,0.0,1052,F,S,Student,roomgroupA
1053_01,Earth,False,PSO J318.5-22,False,182.0,0.0,0.0,0.0,376.0,1053,F,S,Young Adult,roomgroupA
1054_01,Earth,False,TRAPPIST-1e,False,0.0,0.0,828.0,0.0,96.0,1054,F,S,Adult,roomgroupA
1056_01,,True,TRAPPIST-1e,False,0.0,0.0,0.0,0.0,0.0,1056,F,P,Adult,roomgroupA
1056_02,Mars,True,55 Cancri e,False,0.0,0.0,0.0,0.0,0.0,1056,F,P,Young Adult,roomgroupA
1057_01,Europa,True,55 Cancri e,False,0.0,0.0,0.0,0.0,0.0,1057,C,P,Student,roomgroupA
1058_01,Earth,False,TRAPPIST-1e,False,0.0,0.0,27.0,53.0,677.0,1058,F,S,Student,roomgroupA
1060_01,Earth,False,TRAPPIST-1e,False,,20.0,157.0,21.0,689.0,1060,G,S,Adult,roomgroupA
1062_01,Earth,False,TRAPPIST-1e,False,0.0,773.0,48.0,0.0,149.0,1062,F,P,Young Adult,roomgroupA
1063_01,,False,TRAPPIST-1e,False,0.0,3262.0,0.0,295.0,1374.0,1063,B,P,Adult,roomgroupA
1063_02,Europa,True,TRAPPIST-1e,False,0.0,,0.0,0.0,0.0,1063,B,P,Teenager,roomgroupA
1065_01,Mars,True,TRAPPIST-1e,,0.0,0.0,0.0,0.0,0.0,1065,F,S,Unknown,roomgroupA
1066_01,Mars,True,TRAPPIST-1e,False,0.0,0.0,0.0,0.0,0.0,1066,F,P,Adult,roomgroupA
1068_01,Earth,True,PSO J318.5-22,False,0.0,0.0,0.0,0.0,0.0,1068,G,S,Adult,roomgroupA
1071_01,,False,TRAPPIST-1e,False,415.0,1328.0,0.0,14.0,60.0,1071,T,P,Adult,roomgroupA
1075_01,Europa,True,TRAPPIST-1e,False,0.0,0.0,0.0,0.0,0.0,1075,B,S,Teenager,roomgroupA
1075_02,Europa,True,TRAPPIST-1e,False,0.0,0.0,0.0,0.0,0.0,1075,B,S,Young Adult,roomgroupA
1076_01,Earth,True,TRAPPIST-1e,False,0.0,0.0,0.0,0.0,0.0,1076,G,P,Young Adult,roomgroupA
1077_01,Earth,,TRAPPIST-1e,False,0.0,113.0,0.0,283.0,455.0,1077,G,P,Adult,roomgroupA
1078_01,Earth,False,55 Cancri e,False,79.0,709.0,0.0,0.0,0.0,1078,E,P,Young Adult,roomgroupA
1079_01,Earth,False,55 Cancri e,False,638.0,0.0,133.0,0.0,,1079,G,P,Adult,roomgroupA
1080_01,Mars,False,TRAPPIST-1e,False,202.0,,1108.0,0.0,0.0,1080,F,S,Adult,roomgroupA
1082_01,Mars,False,TRAPPIST-1e,False,694.0,0.0,60.0,564.0,0.0,1082,F,S,Young Adult,roomgroupA
1083_01,Mars,True,TRAPPIST-1e,False,0.0,0.0,0.0,0.0,0.0,1083,F,S,Young Adult,roomgroupA
1083_02,Mars,True,TRAPPIST-1e,False,0.0,0.0,0.0,0.0,0.0,1083,F,S,Student,roomgroupA
1083_03,Mars,False,TRAPPIST-1e,False,556.0,0.0,0.0,852.0,6.0,1083,F,S,Student,roomgroupA
1084_01,Earth,False,TRAPPIST-1e,False,0.0,1.0,0.0,16.0,843.0,1084,F,S,Young Adult,roomgroupA
1085_01,Earth,,TRAPPIST-1e,,0.0,0.0,0.0,0.0,0.0,1085,G,P,Adult,roomgroupA
1086_01,Earth,True,TRAPPIST-1e,False,0.0,0.0,0.0,0.0,0.0,1086,G,P,Baby,roomgroupA
1086_02,Earth,False,TRAPPIST-1e,False,0.0,0.0,0.0,0.0,,1086,G,P,Child,roomgroupA
1086_03,Earth,True,TRAPPIST-1e,False,0.0,0.0,0.0,0.0,0.0,1086,G,P,Baby,roomgroupA
1086_04,Earth,False,,False,0.0,0.0,0.0,641.0,0.0,1086,E,P,Student,roomgroupA
1086_05,Earth,False,TRAPPIST-1e,False,0.0,0.0,0.0,0.0,0.0,1086,G,P,Child,roomgroupA
1088_01,Earth,True,PSO J318.5-22,False,0.0,0.0,0.0,0.0,0.0,1088,G,S,Student,roomgroupA
1089_01,,True,55 Cancri e,False,0.0,0.0,0.0,0.0,0.0,1089,D,P,Young Adult,roomgroupA
1089_02,Europa,False,TRAPPIST-1e,False,0.0,565.0,1.0,677.0,794.0,1089,D,P,Young Adult,roomgroupA
1091_01,Mars,True,TRAPPIST-1e,False,0.0,0.0,0.0,0.0,0.0,1091,F,P,Adult,roomgroupA
1093_01,Mars,False,TRAPPIST-1e,False,1862.0,59.0,18.0,192.0,0.0,1093,D,P,Student,roomgroupA
1094_01,Earth,False,TRAPPIST-1e,,437.0,2.0,0.0,0.0,365.0,1094,F,P,Senior,roomgroupA
1095_01,Europa,True,TRAPPIST-1e,False,0.0,0.0,0.0,0.0,0.0,1095,G,S,Young Adult,roomgroupA
1096_01,Earth,False,TRAPPIST-1e,False,233.0,0.0,0.0,0.0,488.0,1096,G,S,Unknown,roomgroupA
1097_01,Mars,True,TRAPPIST-1e,False,0.0,0.0,0.0,0.0,0.0,1097,E,S,Adult,roomgroupA
1099_01,Earth,False,PSO J318.5-22,False,0.0,78.0,642.0,0.0,0.0,1099,F,P,Student,roomgroupA
1100_01,Mars,False,TRAPPIST-1e,False,490.0,355.0,298.0,245.0,0.0,1100,F,P,Student,roomgroupA
1100_02,Mars,False,TRAPPIST-1e,False,,0.0,0.0,0.0,0.0,1100,F,P,Child,roomgroupA
1100_03,Mars,False,TRAPPIST-1e,False,787.0,0.0,106.0,1710.0,0.0,1100,F,P,Student,roomgroupA
1100_04,Mars,False,TRAPPIST-1e,False,528.0,271.0,99.0,0.0,130.0,1100,E,P,Young Adult,roomgroupA
1102_01,Mars,,PSO J318.5-22,False,173.0,0.0,660.0,1.0,781.0,1102,F,P,Adult,roomgroupA
1105_01,Earth,False,TRAPPIST-1e,False,82.0,0.0,263.0,16.0,515.0,1105,F,S,Teenager,roomgroupA
1108_01,Mars,False,TRAPPIST-1e,False,55.0,0.0,756.0,246.0,100.0,1108,F,S,Adult,roomgroupA
1108_02,Mars,True,TRAPPIST-1e,False,0.0,0.0,0.0,0.0,0.0,1108,F,S,Child,roomgroupA
1110_01,Europa,False,TRAPPIST-1e,False,0.0,24.0,0.0,55.0,7516.0,1110,C,S,Student,roomgroupA
1110_02,Europa,False,55 Cancri e,False,8.0,6138.0,0.0,3.0,754.0,1110,C,S,Young Adult,roomgroupA
1112_01,Europa,False,55 Cancri e,False,0.0,4076.0,6124.0,58.0,100.0,1112,B,P,Adult,roomgroupA
1113_01,Earth,False,TRAPPIST-1e,False,0.0,0.0,0.0,0.0,719.0,1113,E,S,Student,roomgroupA
1114_01,Mars,False,TRAPPIST-1e,True,936.0,0.0,363.0,0.0,0.0,1114,E,S,Adult,roomgroupA
1114_02,Mars,False,TRAPPIST-1e,False,0.0,0.0,0.0,0.0,0.0,1114,E,S,Young Adult,roomgroupA
1115_01,Earth,True,TRAPPIST-1e,False,0.0,0.0,0.0,0.0,0.0,1115,G,S,Young Adult,roomgroupA
1116_01,Earth,False,TRAPPIST-1e,False,0.0,0.0,0.0,0.0,0.0,1116,G,S,Child,roomgroupA
1116_02,Earth,,TRAPPIST-1e,False,0.0,3011.0,0.0,0.0,98.0,1116,G,S,Adult,roomgroupA
1116_03,Earth,True,TRAPPIST-1e,False,0.0,0.0,0.0,0.0,0.0,1116,G,S,Young Adult,roomgroupA
1117_01,Earth,False,TRAPPIST-1e,False,855.0,0.0,51.0,0.0,0.0,1117,E,P,Student,roomgroupA
1121_01,Earth,False,PSO J318.5-22,,98.0,46.0,0.0,743.0,0.0,1121,F,P,Adult,roomgroupA
1123_01,Europa,False,TRAPPIST-1e,False,0.0,402.0,0.0,135.0,9010.0,1123,B,P,Young Adult,roomgroupA
1127_01,Europa,True,55 Cancri e,False,0.0,0.0,0.0,0.0,0.0,1127,B,S,Student,roomgroupA
1129_01,Earth,False,TRAPPIST-1e,False,2.0,0.0,0.0,787.0,3.0,1129,E,S,Young Adult,roomgroupA
1130_01,Mars,True,TRAPPIST-1e,False,,0.0,0.0,0.0,0.0,1130,E,S,Student,roomgroupA
1130_02,Mars,False,55 Cancri e,False,,3.0,3505.0,199.0,17.0,1130,D,S,Student,roomgroupA
1132_01,Earth,True,TRAPPIST-1e,False,0.0,0.0,0.0,0.0,0.0,1132,G,S,Student,roomgroupA
1133_01,Mars,False,TRAPPIST-1e,False,0.0,0.0,0.0,0.0,0.0,1133,E,P,Young Adult,roomgroupA
1134_01,Europa,True,55 Cancri e,False,0.0,0.0,0.0,0.0,0.0,1134,G,S,Teenager,roomgroupA
1136_01,Earth,False,TRAPPIST-1e,False,0.0,1755.0,0.0,0.0,67.0,1136,G,S,Young Adult,roomgroupA
1140_01,Europa,False,TRAPPIST-1e,False,0.0,143.0,1632.0,3.0,756.0,1140,B,S,Adult,roomgroupA
1140_02,Europa,True,TRAPPIST-1e,False,0.0,0.0,0.0,0.0,0.0,1140,B,S,Young Adult,roomgroupA
1140_03,Europa,True,55 Cancri e,False,0.0,0.0,0.0,0.0,0.0,1140,B,S,Adult,roomgroupA
1141_01,Earth,True,TRAPPIST-1e,False,0.0,0.0,0.0,0.0,0.0,1141,G,S,Student,roomgroupA
1142_01,Earth,False,TRAPPIST-1e,False,0.0,0.0,0.0,0.0,908.0,1142,G,P,Adult,roomgroupA
1144_01,Earth,False,TRAPPIST-1e,False,0.0,0.0,0.0,0.0,0.0,1144,G,S,Teenager,roomgroupA
1144_02,Earth,False,TRAPPIST-1e,False,482.0,0.0,884.0,0.0,30.0,1144,F,S,Adult,roomgroupA
1144_03,Earth,False,TRAPPIST-1e,False,412.0,97.0,3.0,0.0,,1144,G,S,Adult,roomgroupA
1146_01,Earth,False,55 Cancri e,,620.0,0.0,187.0,0.0,1304.0,1146,F,P,Young Adult,roomgroupA
1147_01,Europa,True,TRAPPIST-1e,False,0.0,0.0,0.0,0.0,0.0,1147,B,P,Adult,roomgroupA
1148_01,Europa,True,55 Cancri e,False,0.0,,0.0,0.0,0.0,1148,C,P,Student,roomgroupA
1148_02,Europa,False,55 Cancri e,False,0.0,122.0,2138.0,7368.0,1213.0,1148,C,P,Unknown,roomgroupA
1148_03,Europa,False,TRAPPIST-1e,False,0.0,5225.0,0.0,8.0,1933.0,1148,C,P,Young Adult,roomgroupA
1148_04,Europa,False,55 Cancri e,False,0.0,5212.0,2.0,118.0,61.0,1148,G,S,Adult,roomgroupA
1148_05,Europa,True,,False,0.0,0.0,0.0,0.0,0.0,1148,C,P,Teenager,roomgroupA
1148_06,Europa,True,TRAPPIST-1e,False,0.0,0.0,,0.0,0.0,1148,C,P,Young Adult,roomgroupA
1148_07,Europa,False,55 Cancri e,False,2386.0,841.0,76.0,26.0,1693.0,1148,C,P,Young Adult,roomgroupA
1149_01,Earth,False,55 Cancri e,False,0.0,0.0,0.0,0.0,0.0,1149,G,S,Child,roomgroupA
1149_02,Earth,False,TRAPPIST-1e,False,0.0,0.0,0.0,0.0,0.0,1149,G,S,Child,roomgroupA
1149_03,Earth,True,TRAPPIST-1e,False,0.0,0.0,0.0,0.0,0.0,1149,G,S,Baby,roomgroupA
1149_04,Earth,False,TRAPPIST-1e,False,0.0,0.0,0.0,0.0,0.0,1149,G,S,Baby,roomgroupA
1149_05,Earth,False,55 Cancri e,False,0.0,0.0,0.0,0.0,0.0,1149,G,S,Child,roomgroupA
1150_01,Earth,True,55 Cancri e,,,0.0,0.0,0.0,0.0,1150,G,S,Teenager,roomgroupA
1152_01,Mars,False,TRAPPIST-1e,False,29.0,0.0,1095.0,0.0,4.0,1152,F,S,Adult,roomgroupA
1153_01,Earth,True,TRAPPIST-1e,False,0.0,0.0,0.0,0.0,0.0,1153,G,P,Student,roomgroupA
1154_01,Europa,True,TRAPPIST-1e,False,0.0,,0.0,,0.0,1154,B,P,Young Adult,roomgroupA
1154_02,Europa,True,TRAPPIST-1e,False,0.0,0.0,0.0,0.0,0.0,1154,B,P,Young Adult,roomgroupA
1154_03,Europa,True,55 Cancri e,False,0.0,0.0,0.0,0.0,0.0,1154,B,P,Young Adult,roomgroupA
1155_01,Earth,False,TRAPPIST-1e,False,131.0,799.0,0.0,0.0,16.0,1155,F,P,Young Adult,roomgroupA
1155_02,Earth,True,TRAPPIST-1e,False,0.0,0.0,0.0,0.0,0.0,1155,G,P,Student,roomgroupA
1156_01,Europa,False,TRAPPIST-1e,False,0.0,2987.0,2.0,3072.0,67.0,1156,B,S,Young Adult,roomgroupA
1156_02,Europa,True,TRAPPIST-1e,False,0.0,0.0,0.0,0.0,0.0,1156,B,S,Young Adult,roomgroupA
1161_01,Europa,False,55 Cancri e,False,0.0,11330.0,72.0,43.0,461.0,1161,B,S,Young Adult,roomgroupA
1161_02,Europa,False,55 Cancri e,False,0.0,1291.0,0.0,16139.0,687.0,1161,B,S,Student,roomgroupA
1162_01,Europa,False,TRAPPIST-1e,False,0.0,1847.0,0.0,103.0,694.0,1162,C,S,Young Adult,roomgroupA
1163_01,Earth,False,55 Cancri e,False,0.0,1328.0,5.0,0.0,7.0,1163,F,P,Adult,roomgroupA
1165_01,Europa,False,55 Cancri e,False,0.0,7201.0,0.0,32.0,2587.0,1165,B,P,Adult,roomgroupA
1165_02,Europa,False,TRAPPIST-1e,False,636.0,333.0,0.0,205.0,67.0,1165,B,P,Adult,roomgroupA
1165_03,Europa,True,TRAPPIST-1e,False,0.0,0.0,0.0,0.0,0.0,1165,B,P,Young Adult,roomgroupA
1165_04,Europa,True,TRAPPIST-1e,False,0.0,0.0,0.0,0.0,0.0,1165,B,P,Teenager,roomgroupA
1166_01,Europa,False,55 Cancri e,False,0.0,3564.0,926.0,1.0,1920.0,1166,C,P,Young Adult,roomgroupA
1167_01,Mars,True,TRAPPIST-1e,False,0.0,0.0,,0.0,0.0,1167,F,P,Young Adult,roomgroupA
1168_01,Earth,False,TRAPPIST-1e,False,0.0,58.0,12.0,68.0,653.0,1168,E,P,Teenager,roomgroupA
1169_01,Mars,,TRAPPIST-1e,False,2357.0,0.0,9.0,0.0,0.0,1169,F,S,Adult,roomgroupA
1170_01,Earth,False,TRAPPIST-1e,False,0.0,0.0,279.0,0.0,512.0,1170,E,S,Student,roomgroupA
1173_01,Earth,False,PSO J318.5-22,,96.0,592.0,12.0,0.0,0.0,1173,G,S,Young Adult,roomgroupA
1174_01,Earth,True,TRAPPIST-1e,False,0.0,0.0,,0.0,0.0,1174,G,P,Adult,roomgroupA
1175_01,Mars,True,TRAPPIST-1e,False,0.0,0.0,0.0,0.0,0.0,1175,F,S,Young Adult,roomgroupA
1177_01,Europa,True,TRAPPIST-1e,False,0.0,0.0,0.0,0.0,0.0,1177,C,P,Adult,roomgroupA
1178_01,Earth,False,TRAPPIST-1e,False,0.0,0.0,600.0,0.0,0.0,1178,F,S,Student,roomgroupA
1179_01,Europa,True,TRAPPIST-1e,False,0.0,0.0,0.0,0.0,0.0,1179,B,S,Teenager,roomgroupA
1180_01,Earth,False,TRAPPIST-1e,False,0.0,,957.0,4.0,0.0,1180,F,S,Student,roomgroupA
1182_01,Mars,True,55 Cancri e,False,0.0,0.0,0.0,0.0,0.0,1182,F,P,Senior,roomgroupA
1182_02,Mars,False,TRAPPIST-1e,False,2997.0,0.0,3.0,0.0,7.0,1182,E,P,Young Adult,roomgroupA
1182_03,Mars,False,TRAPPIST-1e,,60.0,1356.0,0.0,0.0,0.0,1182,F,P,Student,roomgroupA
1185_01,Mars,False,TRAPPIST-1e,False,,0.0,0.0,679.0,0.0,1185,E,P,Young Adult,roomgroupA
1186_01,Earth,False,TRAPPIST-1e,False,0.0,0.0,0.0,0.0,0.0,1186,G,S,Baby,roomgroupA
1186_02,Earth,False,TRAPPIST-1e,,0.0,0.0,0.0,0.0,0.0,1186,G,S,Child,roomgroupA
1186_03,Earth,True,TRAPPIST-1e,False,0.0,0.0,0.0,0.0,0.0,1186,G,S,Baby,roomgroupA
1186_04,Earth,False,TRAPPIST-1e,False,0.0,33.0,654.0,0.0,113.0,1186,F,S,Adult,roomgroupA
1186_05,Earth,False,TRAPPIST-1e,False,0.0,0.0,0.0,0.0,0.0,1186,G,S,Teenager,roomgroupA
1187_01,Earth,False,TRAPPIST-1e,False,0.0,575.0,180.0,4.0,44.0,1187,F,S,Young Adult,roomgroupA
1187_02,Earth,False,TRAPPIST-1e,False,0.0,0.0,0.0,0.0,0.0,1187,G,S,Child,roomgroupA
1187_03,Earth,False,TRAPPIST-1e,False,0.0,0.0,0.0,0.0,0.0,1187,G,S,Child,roomgroupA
1188_01,Europa,False,TRAPPIST-1e,False,204.0,4227.0,0.0,3026.0,61.0,1188,C,P,Adult,roomgroupA
1190_01,Earth,False,TRAPPIST-1e,False,0.0,243.0,464.0,71.0,8.0,1190,E,P,Adult,roomgroupA
1191_01,Earth,False,TRAPPIST-1e,False,0.0,0.0,0.0,0.0,1583.0,1191,F,S,Adult,roomgroupA
1192_01,Earth,False,TRAPPIST-1e,False,600.0,670.0,0.0,187.0,0.0,1192,F,P,Young Adult,roomgroupA
1193_01,Europa,True,TRAPPIST-1e,False,0.0,0.0,0.0,0.0,0.0,1193,B,S,Teenager,roomgroupA
1193_02,Europa,True,55 Cancri e,False,0.0,0.0,0.0,0.0,0.0,1193,B,S,Young Adult,roomgroupA
1195_01,Earth,False,55 Cancri e,False,2.0,558.0,0.0,0.0,0.0,1195,F,P,Young Adult,roomgroupA
1197_01,Europa,False,55 Cancri e,True,0.0,122.0,3700.0,337.0,1388.0,1197,B,P,Young Adult,roomgroupA
1198_01,Mars,False,TRAPPIST-1e,,42.0,1116.0,0.0,0.0,0.0,1198,G,S,Young Adult,roomgroupA
1199_01,Earth,False,TRAPPIST-1e,False,0.0,0.0,752.0,0.0,235.0,1199,E,P,Teenager,roomgroupA
1203_01,Europa,False,55 Cancri e,True,0.0,5473.0,0.0,703.0,6381.0,1203,B,S,Adult,roomgroupA
1206_01,Earth,False,TRAPPIST-1e,False,71.0,8.0,513.0,354.0,0.0,1206,F,P,Student,roomgroupA
1208_01,Earth,False,TRAPPIST-1e,False,,0.0,6.0,30.0,200.0,1208,G,P,Student,roomgroupA
1210_01,Earth,True,TRAPPIST-1e,,0.0,0.0,0.0,0.0,0.0,1210,G,P,Adult,roomgroupA
1210_02,Earth,False,TRAPPIST-1e,False,393.0,510.0,0.0,0.0,5.0,1210,G,P,Student,roomgroupA
1211_01,Earth,True,PSO J318.5-22,False,0.0,0.0,0.0,0.0,0.0,1211,G,S,Adult,roomgroupA
1211_02,Earth,True,TRAPPIST-1e,False,0.0,0.0,0.0,0.0,0.0,1211,G,S,Child,roomgroupA
1211_03,Earth,True,TRAPPIST-1e,False,0.0,0.0,0.0,0.0,0.0,1211,G,S,Child,roomgroupA
1211_04,Earth,True,TRAPPIST-1e,False,0.0,0.0,0.0,0.0,0.0,1211,G,S,Baby,roomgroupA
1211_05,Earth,False,55 Cancri e,False,1.0,212.0,843.0,78.0,10.0,1211,F,S,Teenager,roomgroupA
1211_06,Earth,True,TRAPPIST-1e,False,0.0,0.0,0.0,0.0,0.0,1211,G,S,Senior,roomgroupA
1211_07,Earth,False,55 Cancri e,False,0.0,0.0,0.0,,0.0,1211,G,S,Baby,roomgroupA
1212_01,Earth,False,TRAPPIST-1e,False,0.0,1.0,195.0,560.0,0.0,1212,G,P,Adult,roomgroupA
1213_01,Earth,False,TRAPPIST-1e,False,0.0,,800.0,0.0,4.0,1213,F,P,Adult,roomgroupA
1214_01,Earth,True,55 Cancri e,False,0.0,0.0,0.0,0.0,0.0,1214,G,P,Young Adult,roomgroupA
1215_01,Earth,True,TRAPPIST-1e,False,0.0,0.0,0.0,0.0,0.0,1215,G,S,Young Adult,roomgroupA
1216_01,Earth,False,TRAPPIST-1e,False,65.0,905.0,0.0,0.0,0.0,1216,G,P,Student,roomgroupA
1218_01,Earth,False,TRAPPIST-1e,False,0.0,0.0,0.0,2143.0,7.0,1218,F,P,Teenager,roomgroupA
1220_01,Europa,False,TRAPPIST-1e,False,0.0,592.0,0.0,345.0,810.0,1220,E,P,Student,roomgroupA
1221_01,Earth,False,TRAPPIST-1e,False,0.0,0.0,0.0,0.0,0.0,1221,G,S,Baby,roomgroupA
1221_02,Earth,False,TRAPPIST-1e,False,0.0,0.0,0.0,1608.0,1.0,1221,E,S,Student,roomgroupA
1222_01,Earth,False,TRAPPIST-1e,False,0.0,493.0,0.0,131.0,132.0,1222,G,P,Senior,roomgroupA
1223_01,Europa,True,55 Cancri e,False,0.0,0.0,0.0,0.0,0.0,1223,C,S,Young Adult,roomgroupA
1225_01,Earth,False,TRAPPIST-1e,False,2.0,1311.0,60.0,28.0,1.0,1225,F,P,Student,roomgroupA
1228_01,Mars,True,TRAPPIST-1e,False,0.0,0.0,0.0,0.0,0.0,1228,G,S,Student,roomgroupA
1228_02,Mars,False,TRAPPIST-1e,False,142.0,0.0,907.0,0.0,0.0,1228,E,S,Adult,roomgroupA
1229_01,Earth,False,TRAPPIST-1e,False,0.0,0.0,863.0,33.0,2.0,1229,F,P,Young Adult,roomgroupA
1230_01,Earth,False,TRAPPIST-1e,False,354.0,34.0,0.0,291.0,229.0,1230,G,S,Adult,roomgroupA
1231_01,Mars,True,TRAPPIST-1e,False,0.0,0.0,0.0,0.0,0.0,1231,E,P,Adult,roomgroupA
1232_01,Europa,True,TRAPPIST-1e,False,0.0,0.0,0.0,0.0,0.0,1232,C,S,Adult,roomgroupA
1232_02,Europa,False,55 Cancri e,False,0.0,42.0,0.0,4651.0,661.0,1232,C,S,Young Adult,roomgroupA
1233_01,Earth,True,PSO J318.5-22,False,0.0,0.0,0.0,0.0,0.0,1233,G,P,Student,roomgroupA
1234_01,Earth,False,PSO J318.5-22,False,0.0,0.0,1250.0,0.0,0.0,1234,F,S,Student,roomgroupA
1235_01,Earth,False,TRAPPIST-1e,False,27.0,393.0,1061.0,27.0,0.0,1235,F,S,Young Adult,roomgroupA
1236_01,Earth,False,55 Cancri e,False,614.0,43.0,0.0,1.0,0.0,1236,F,P,Student,roomgroupA
1238_01,Europa,False,TRAPPIST-1e,False,0.0,1026.0,3301.0,831.0,356.0,1238,C,S,Young Adult,roomgroupA
1238_02,Europa,True,TRAPPIST-1e,False,0.0,0.0,0.0,0.0,0.0,1238,B,S,Senior,roomgroupA
1239_01,Earth,False,PSO J318.5-22,False,585.0,13.0,122.0,40.0,105.0,1239,E,P,Young Adult,roomgroupA
1240_01,Earth,False,TRAPPIST-1e,False,889.0,185.0,0.0,0.0,28.0,1240,F,S,Adult,roomgroupA
1242_01,Europa,False,55 Cancri e,False,0.0,4677.0,0.0,115.0,223.0,1242,C,P,Adult,roomgroupA
1243_01,Europa,False,TRAPPIST-1e,False,0.0,4224.0,0.0,1374.0,1281.0,1243,A,P,Adult,roomgroupA
1243_02,Europa,False,TRAPPIST-1e,False,8168.0,69.0,11.0,371.0,0.0,1243,A,P,Young Adult,roomgroupA
1246_01,Earth,False,TRAPPIST-1e,False,0.0,192.0,0.0,565.0,0.0,1246,G,P,Young Adult,roomgroupA
1248_01,Earth,False,PSO J318.5-22,False,0.0,,0.0,0.0,0.0,1248,F,S,Young Adult,roomgroupA
1250_01,Earth,False,TRAPPIST-1e,False,0.0,17.0,0.0,61.0,567.0,1250,F,S,Student,roomgroupA
1254_01,Mars,False,TRAPPIST-1e,False,704.0,0.0,431.0,0.0,47.0,1254,D,S,Adult,roomgroupA
1254_02,Mars,False,TRAPPIST-1e,False,4.0,0.0,896.0,229.0,0.0,1254,F,S,Young Adult,roomgroupA
1255_01,Mars,True,TRAPPIST-1e,False,0.0,0.0,0.0,,0.0,1255,F,S,Adult,roomgroupA
1255_02,Mars,True,TRAPPIST-1e,False,0.0,0.0,0.0,0.0,0.0,1255,F,S,Teenager,roomgroupA
1256_01,Mars,False,TRAPPIST-1e,False,1277.0,0.0,1.0,10.0,9.0,1256,E,S,Young Adult,roomgroupA
1258_01,Europa,False,55 Cancri e,False,0.0,3628.0,289.0,1737.0,4987.0,1258,A,P,Young Adult,roomgroupA
1259_01,Earth,False,TRAPPIST-1e,False,0.0,0.0,619.0,0.0,142.0,1259,F,S,Student,roomgroupA
1260_01,Earth,True,PSO J318.5-22,False,0.0,0.0,0.0,0.0,0.0,1260,G,P,Student,roomgroupA
1261_01,Europa,False,55 Cancri e,False,1365.0,3106.0,0.0,50.0,2313.0,1261,C,P,Adult,roomgroupA
1263_01,Mars,False,TRAPPIST-1e,False,1084.0,1.0,66.0,0.0,5.0,1263,F,S,Young Adult,roomgroupA
1264_01,Earth,False,TRAPPIST-1e,False,0.0,1.0,0.0,51.0,945.0,1264,E,P,Adult,roomgroupA
1267_01,Earth,True,PSO J318.5-22,,0.0,0.0,0.0,0.0,0.0,1267,G,S,Young Adult,roomgroupA
1269_01,Mars,False,TRAPPIST-1e,False,2066.0,0.0,15.0,0.0,1.0,1269,E,P,Student,roomgroupA
1271_01,Earth,True,PSO J318.5-22,False,0.0,0.0,0.0,0.0,0.0,1271,G,P,Student,roomgroupA
1273_01,Earth,False,TRAPPIST-1e,False,0.0,0.0,0.0,759.0,0.0,1273,F,S,Student,roomgroupA
1274_01,Earth,False,55 Cancri e,False,0.0,0.0,591.0,40.0,173.0,1274,F,P,Adult,roomgroupA
1278_01,Earth,True,TRAPPIST-1e,False,0.0,0.0,0.0,0.0,0.0,1278,G,P,Young Adult,roomgroupA
1279_01,Europa,True,55 Cancri e,False,0.0,0.0,0.0,0.0,0.0,1279,C,P,Young Adult,roomgroupA
1280_01,Earth,False,PSO J318.5-22,False,0.0,178.0,482.0,0.0,0.0,1280,F,P,Adult,roomgroupA
1281_01,Earth,True,TRAPPIST-1e,False,0.0,0.0,0.0,0.0,0.0,1281,G,S,Teenager,roomgroupA
1282_01,Earth,True,PSO J318.5-22,,0.0,0.0,0.0,0.0,0.0,1282,G,P,Student,roomgroupA
1283_01,Earth,False,TRAPPIST-1e,False,6.0,,1.0,714.0,0.0,1283,G,S,Student,roomgroupA
1284_01,Mars,True,,False,0.0,,0.0,0.0,0.0,1284,F,S,Unknown,roomgroupA
1285_01,Earth,False,55 Cancri e,False,286.0,415.0,16.0,0.0,0.0,1285,F,P,Adult,roomgroupA
1286_01,Mars,True,TRAPPIST-1e,False,0.0,0.0,0.0,0.0,0.0,1286,F,S,Child,roomgroupA
1287_01,Mars,True,TRAPPIST-1e,False,0.0,0.0,0.0,0.0,0.0,1287,F,P,Baby,roomgroupA
1287_02,Mars,True,55 Cancri e,False,0.0,0.0,0.0,,0.0,1287,F,P,Baby,roomgroupA
1287_03,Mars,False,TRAPPIST-1e,False,733.0,0.0,1084.0,1.0,43.0,1287,F,P,Student,roomgroupA
1288_01,Earth,False,TRAPPIST-1e,False,621.0,0.0,0.0,0.0,0.0,1288,G,P,Young Adult,roomgroupA
1289_01,Earth,False,TRAPPIST-1e,False,0.0,0.0,0.0,0.0,,1289,G,S,Child,roomgroupA
1289_02,Earth,False,TRAPPIST-1e,False,789.0,0.0,2.0,0.0,19.0,1289,G,S,Student,roomgroupA
1291_01,Mars,False,TRAPPIST-1e,False,1758.0,59.0,4.0,0.0,0.0,1291,F,P,Young Adult,roomgroupA
1292_01,Europa,False,55 Cancri e,True,0.0,27723.0,3.0,202.0,3146.0,1292,B,S,Young Adult,roomgroupA
1292_02,Europa,False,TRAPPIST-1e,False,105.0,368.0,268.0,842.0,13.0,1292,B,S,Adult,roomgroupA
1293_01,Earth,False,TRAPPIST-1e,False,213.0,0.0,,0.0,584.0,1293,F,P,Student,roomgroupA
1294_01,Europa,True,TRAPPIST-1e,False,0.0,0.0,0.0,0.0,0.0,1294,A,S,Young Adult,roomgroupA
1294_02,Europa,True,PSO J318.5-22,False,0.0,0.0,0.0,0.0,0.0,1294,A,S,Young Adult,roomgroupA
1294_03,Europa,False,TRAPPIST-1e,True,,0.0,,0.0,0.0,1294,A,S,Young Adult,roomgroupA
1295_01,Earth,,TRAPPIST-1e,False,68.0,0.0,0.0,719.0,0.0,1295,G,S,Student,roomgroupA
1299_01,Earth,False,TRAPPIST-1e,False,0.0,0.0,675.0,5.0,0.0,1299,F,S,Student,roomgroupA
1300_01,Earth,False,55 Cancri e,False,1.0,299.0,1.0,380.0,13.0,1300,F,S,Young Adult,roomgroupA
1302_01,Mars,False,55 Cancri e,False,218.0,50.0,4817.0,146.0,256.0,1302,D,S,Student,roomgroupA
1304_01,Earth,True,55 Cancri e,False,0.0,0.0,0.0,0.0,0.0,1304,E,P,Baby,roomgroupA
1304_02,Earth,False,TRAPPIST-1e,False,0.0,0.0,0.0,0.0,0.0,1304,E,P,Baby,roomgroupA
1304_03,Earth,False,TRAPPIST-1e,False,0.0,0.0,,0.0,0.0,1304,E,P,Child,roomgroupA
1304_04,Earth,False,TRAPPIST-1e,False,0.0,0.0,0.0,0.0,0.0,1304,E,P,Child,roomgroupA
1304_05,Earth,True,TRAPPIST-1e,False,0.0,0.0,0.0,0.0,0.0,1304,E,P,Adult,roomgroupA
1304_06,Earth,False,PSO J318.5-22,False,0.0,0.0,0.0,0.0,0.0,1304,E,P,Baby,roomgroupA
1306_01,Europa,False,TRAPPIST-1e,False,0.0,3863.0,1.0,1010.0,514.0,1306,B,S,Adult,roomgroupA
1306_02,Europa,False,55 Cancri e,False,0.0,0.0,0.0,0.0,0.0,1306,B,S,Child,roomgroupA
1307_01,Earth,True,TRAPPIST-1e,False,0.0,0.0,0.0,0.0,0.0,1307,G,P,Student,roomgroupA
1308_01,Europa,True,55 Cancri e,False,0.0,0.0,0.0,0.0,0.0,1308,G,S,Adult,roomgroupA
1308_02,Europa,False,55 Cancri e,False,278.0,3300.0,0.0,8145.0,2519.0,1308,E,S,Young Adult,roomgroupA
1308_03,Europa,False,55 Cancri e,False,0.0,439.0,0.0,3198.0,6.0,1308,E,S,Adult,roomgroupA
1308_04,Europa,True,55 Cancri e,False,0.0,0.0,0.0,0.0,0.0,1308,E,S,Young Adult,roomgroupA
1309_01,Earth,False,TRAPPIST-1e,False,0.0,4.0,109.0,0.0,671.0,1309,F,P,Student,roomgroupA
1310_01,Europa,False,TRAPPIST-1e,False,0.0,987.0,1.0,4948.0,53.0,1310,C,S,Adult,roomgroupA
1311_01,Mars,False,,False,0.0,0.0,0.0,0.0,0.0,1311,F,P,Baby,roomgroupA
1311_02,Mars,False,TRAPPIST-1e,False,948.0,47.0,292.0,0.0,0.0,1311,F,P,Teenager,roomgroupA
1311_03,Mars,False,TRAPPIST-1e,False,1946.0,4.0,4.0,0.0,623.0,1311,D,P,Young Adult,roomgroupA
1312_01,Earth,True,55 Cancri e,False,0.0,0.0,0.0,0.0,0.0,1312,G,P,Student,roomgroupA
1316_01,Europa,True,TRAPPIST-1e,False,0.0,0.0,0.0,0.0,0.0,1316,E,S,Young Adult,roomgroupA
1316_02,Europa,False,55 Cancri e,False,0.0,847.0,,4664.0,89.0,1316,E,S,Adult,roomgroupA
1317_01,Mars,False,TRAPPIST-1e,False,2508.0,0.0,23.0,0.0,67.0,1317,F,P,Young Adult,roomgroupA
1322_01,Earth,True,TRAPPIST-1e,False,0.0,0.0,0.0,0.0,0.0,1322,G,P,Adult,roomgroupA
1323_01,Earth,True,55 Cancri e,False,0.0,0.0,0.0,0.0,0.0,1323,F,P,Student,roomgroupA
1324_01,Earth,True,55 Cancri e,False,0.0,0.0,0.0,0.0,0.0,1324,G,S,Baby,roomgroupA
1324_02,Earth,False,55 Cancri e,False,0.0,0.0,0.0,0.0,0.0,1324,G,S,Child,roomgroupA
1324_03,Earth,True,TRAPPIST-1e,False,0.0,0.0,0.0,0.0,0.0,1324,G,S,Adult,roomgroupA
1325_01,Earth,True,TRAPPIST-1e,False,0.0,0.0,0.0,0.0,0.0,1325,E,S,Baby,roomgroupA
1325_02,Earth,False,TRAPPIST-1e,False,70.0,160.0,340.0,0.0,336.0,1325,E,S,Young Adult,roomgroupA
1325_03,Earth,True,TRAPPIST-1e,False,0.0,0.0,0.0,0.0,0.0,1325,E,S,Adult,roomgroupA
1326_01,Mars,False,TRAPPIST-1e,False,1450.0,0.0,,0.0,1147.0,1326,F,S,Young Adult,roomgroupA
1326_02,Mars,False,TRAPPIST-1e,False,1507.0,0.0,260.0,0.0,0.0,1326,F,S,Student,roomgroupA
1328_01,Earth,True,TRAPPIST-1e,False,0.0,0.0,0.0,0.0,0.0,1328,G,P,Young Adult,roomgroupA
1330_01,Mars,False,TRAPPIST-1e,False,405.0,0.0,193.0,458.0,0.0,1330,D,S,Adult,roomgroupA
1330_02,Mars,False,TRAPPIST-1e,False,120.0,8.0,1128.0,1.0,7.0,1330,D,S,Young Adult,roomgroupA
1331_01,Earth,True,PSO J318.5-22,False,0.0,0.0,0.0,0.0,0.0,1331,G,S,Young Adult,roomgroupA
1332_01,Earth,False,TRAPPIST-1e,False,28.0,0.0,561.0,203.0,0.0,1332,E,S,Young Adult,roomgroupA
1333_01,Earth,False,PSO J318.5-22,False,0.0,486.0,0.0,229.0,26.0,1333,F,P,Young Adult,roomgroupA
1335_01,Earth,True,TRAPPIST-1e,False,0.0,0.0,0.0,0.0,0.0,1335,G,P,Adult,roomgroupA
1336_01,Earth,True,TRAPPIST-1e,False,0.0,0.0,0.0,0.0,0.0,1336,G,S,Teenager,roomgroupA
1337_01,Earth,,55 Cancri e,False,775.0,14.0,0.0,610.0,4.0,1337,F,S,Adult,roomgroupA
1340_01,Earth,True,TRAPPIST-1e,False,0.0,0.0,0.0,0.0,0.0,1340,G,S,Student,roomgroupA
1342_01,Earth,False,TRAPPIST-1e,False,0.0,118.0,5.0,0.0,761.0,1342,G,P,Young Adult,roomgroupA
1345_01,Earth,False,TRAPPIST-1e,False,1174.0,0.0,18.0,721.0,0.0,1345,F,S,Young Adult,roomgroupA
1347_01,,False,TRAPPIST-1e,False,0.0,761.0,0.0,1.0,0.0,1347,F,P,Senior,roomgroupA
1348_01,Europa,False,TRAPPIST-1e,False,0.0,1531.0,0.0,369.0,2969.0,1348,B,S,Student,roomgroupA
1348_02,Europa,True,TRAPPIST-1e,False,0.0,0.0,0.0,0.0,0.0,1348,B,S,Unknown,roomgroupA
1350_01,Earth,True,55 Cancri e,False,0.0,0.0,0.0,0.0,0.0,1350,G,S,Young Adult,roomgroupA
1350_02,Earth,False,TRAPPIST-1e,False,1489.0,2.0,126.0,460.0,72.0,1350,F,S,Teenager,roomgroupA
1350_03,Earth,False,PSO J318.5-22,False,491.0,106.0,8.0,202.0,0.0,1350,G,S,Adult,roomgroupA
1350_04,Earth,True,PSO J318.5-22,False,0.0,0.0,0.0,0.0,0.0,1350,G,S,Student,roomgroupA
1351_01,Earth,False,TRAPPIST-1e,False,0.0,0.0,0.0,0.0,0.0,1351,G,P,Student,roomgroupA
1352_01,Mars,False,TRAPPIST-1e,False,43.0,782.0,1.0,660.0,0.0,1352,F,P,Young Adult,roomgroupA
1353_01,Mars,False,TRAPPIST-1e,False,0.0,0.0,0.0,0.0,0.0,1353,F,S,Child,roomgroupA
1353_02,Mars,False,TRAPPIST-1e,False,1535.0,0.0,340.0,0.0,723.0,1353,F,S,Adult,roomgroupA
1353_03,Mars,True,TRAPPIST-1e,False,0.0,0.0,0.0,0.0,,1353,F,S,Adult,roomgroupA
1353_04,Mars,False,TRAPPIST-1e,False,0.0,0.0,0.0,0.0,0.0,1353,F,S,Baby,roomgroupA
1355_01,Earth,True,PSO J318.5-22,False,0.0,0.0,0.0,0.0,0.0,1355,G,P,Student,roomgroupA
1356_01,Earth,False,TRAPPIST-1e,False,0.0,39.0,0.0,310.0,539.0,1356,G,S,Student,roomgroupA
1357_01,Mars,True,TRAPPIST-1e,False,0.0,0.0,0.0,0.0,0.0,1357,D,S,Adult,roomgroupA
1360_01,Earth,False,TRAPPIST-1e,False,0.0,997.0,0.0,0.0,0.0,1360,E,S,Young Adult,roomgroupA
1362_01,Earth,False,TRAPPIST-1e,False,0.0,1268.0,0.0,119.0,2.0,1362,F,S,Student,roomgroupA
1365_01,Europa,False,55 Cancri e,False,77.0,2381.0,0.0,3656.0,150.0,1365,B,S,Young Adult,roomgroupA
1365_02,Europa,True,TRAPPIST-1e,False,0.0,0.0,0.0,0.0,0.0,1365,B,S,Student,roomgroupA
1366_01,Earth,True,55 Cancri e,False,0.0,,0.0,0.0,0.0,1366,G,P,Adult,roomgroupA
1368_01,Earth,True,TRAPPIST-1e,False,0.0,0.0,0.0,0.0,0.0,1368,G,P,Young Adult,roomgroupA
1370_01,Earth,False,TRAPPIST-1e,False,965.0,0.0,23.0,3.0,0.0,1370,E,S,Student,roomgroupA
1371_01,Mars,,TRAPPIST-1e,False,591.0,466.0,0.0,0.0,0.0,1371,D,P,Young Adult,roomgroupA
1375_01,Earth,False,TRAPPIST-1e,False,0.0,0.0,0.0,0.0,0.0,1375,G,S,Baby,roomgroupA
1375_02,Earth,False,TRAPPIST-1e,False,0.0,3.0,946.0,0.0,0.0,1375,F,S,Student,roomgroupA
1376_01,Earth,True,TRAPPIST-1e,False,0.0,0.0,0.0,0.0,0.0,1376,G,P,Adult,roomgroupA
1377_01,Europa,False,TRAPPIST-1e,False,0.0,2801.0,537.0,42.0,144.0,1377,C,P,Adult,roomgroupA
1378_01,Earth,False,TRAPPIST-1e,False,245.0,41.0,550.0,,0.0,1378,G,P,Student,roomgroupA
1378_02,Earth,False,TRAPPIST-1e,False,926.0,0.0,0.0,0.0,78.0,1378,F,P,Student,roomgroupA
1379_01,Earth,False,TRAPPIST-1e,False,0.0,30.0,0.0,769.0,4.0,1379,F,S,Teenager,roomgroupA
1380_01,Europa,False,55 Cancri e,False,0.0,21.0,0.0,2735.0,3604.0,1380,C,S,Adult,roomgroupA
1381_01,Earth,True,PSO J318.5-22,False,0.0,0.0,0.0,0.0,0.0,1381,G,S,Student,roomgroupA
1382_01,Earth,False,,False,0.0,1125.0,429.0,0.0,55.0,1382,E,S,Adult,roomgroupA
1383_01,Europa,True,TRAPPIST-1e,False,0.0,0.0,0.0,0.0,0.0,1383,D,S,Adult,roomgroupA
1384_01,Earth,False,TRAPPIST-1e,False,21.0,0.0,690.0,260.0,5.0,1384,E,S,Teenager,roomgroupA
1384_02,Earth,True,TRAPPIST-1e,False,0.0,0.0,0.0,0.0,0.0,1384,G,S,Child,roomgroupA
1384_03,Earth,False,TRAPPIST-1e,False,0.0,442.0,0.0,0.0,368.0,1384,F,S,Student,roomgroupA
1384_04,Earth,False,TRAPPIST-1e,False,338.0,0.0,377.0,2.0,86.0,1384,F,S,Adult,roomgroupA
1384_05,Earth,False,,False,189.0,510.0,0.0,0.0,0.0,1384,E,S,Student,roomgroupA
1385_01,,False,TRAPPIST-1e,False,705.0,3.0,0.0,0.0,0.0,1385,G,P,Adult,roomgroupA
1386_01,Earth,True,TRAPPIST-1e,False,0.0,0.0,0.0,0.0,0.0,1386,G,P,Student,roomgroupA
1387_01,Mars,False,TRAPPIST-1e,False,1088.0,0.0,280.0,0.0,0.0,1387,E,P,Young Adult,roomgroupA
1389_01,Earth,True,55 Cancri e,False,0.0,0.0,0.0,0.0,0.0,1389,G,S,Adult,roomgroupA
1390_01,Earth,True,PSO J318.5-22,False,0.0,0.0,,0.0,0.0,1390,G,P,Baby,roomgroupA
1391_01,Mars,True,TRAPPIST-1e,False,0.0,0.0,0.0,0.0,0.0,1391,F,P,Teenager,roomgroupA
1391_02,Mars,False,TRAPPIST-1e,False,1072.0,79.0,46.0,16.0,0.0,1391,F,P,Student,roomgroupA
1391_03,Mars,False,,False,485.0,2.0,210.0,0.0,351.0,1391,F,P,Adult,roomgroupA
1393_01,Mars,False,TRAPPIST-1e,False,42.0,0.0,212.0,151.0,1853.0,1393,F,S,Adult,roomgroupA
1393_02,Mars,False,TRAPPIST-1e,False,2058.0,0.0,224.0,298.0,19.0,1393,F,S,Student,roomgroupA
1395_01,Earth,False,TRAPPIST-1e,False,0.0,0.0,0.0,0.0,0.0,1395,G,S,Child,roomgroupA
1397_01,Earth,False,TRAPPIST-1e,False,386.0,190.0,0.0,489.0,0.0,1397,F,S,Adult,roomgroupA
1398_01,Earth,False,TRAPPIST-1e,False,0.0,508.0,334.0,0.0,46.0,1398,G,P,Young Adult,roomgroupA
1399_01,Earth,False,TRAPPIST-1e,False,0.0,0.0,529.0,560.0,60.0,1399,F,S,Young Adult,roomgroupA
1400_01,Earth,True,55 Cancri e,False,0.0,0.0,0.0,0.0,0.0,1400,G,P,Teenager,roomgroupA
1401_01,Earth,,TRAPPIST-1e,False,0.0,0.0,599.0,59.0,152.0,1401,G,P,Student,roomgroupA
1402_01,Earth,True,PSO J318.5-22,False,0.0,0.0,0.0,0.0,0.0,1402,G,S,Student,roomgroupA
1402_02,Earth,True,55 Cancri e,False,0.0,0.0,,0.0,0.0,1402,G,S,Young Adult,roomgroupA
1403_01,Earth,False,TRAPPIST-1e,False,1656.0,0.0,0.0,,0.0,1403,E,P,Student,roomgroupA
1404_01,Europa,False,TRAPPIST-1e,False,1.0,734.0,28.0,78.0,3471.0,1404,B,S,Adult,roomgroupA
1404_02,Europa,False,TRAPPIST-1e,False,0.0,51.0,0.0,4170.0,13.0,1404,G,S,Adult,roomgroupA
1406_01,Mars,False,TRAPPIST-1e,False,36.0,0.0,1013.0,0.0,0.0,1406,E,S,Teenager,roomgroupA
1407_01,Earth,False,TRAPPIST-1e,False,737.0,4.0,27.0,8.0,0.0,1407,F,P,Student,roomgroupA
1407_02,Earth,False,PSO J318.5-22,False,8.0,222.0,3.0,401.0,0.0,1407,F,P,Teenager,roomgroupA
1408_01,Earth,False,PSO J318.5-22,False,4.0,770.0,0.0,0.0,0.0,1408,G,S,Young Adult,roomgroupA
1410_01,Earth,False,TRAPPIST-1e,False,0.0,567.0,896.0,0.0,122.0,1410,F,P,Student,roomgroupA
1412_01,Earth,False,55 Cancri e,False,0.0,0.0,,0.0,832.0,1412,G,S,Teenager,roomgroupA
1413_01,Earth,True,PSO J318.5-22,False,0.0,0.0,0.0,0.0,0.0,1413,G,S,Student,roomgroupA
1414_01,Earth,False,TRAPPIST-1e,False,259.0,0.0,0.0,0.0,1916.0,1414,F,P,Senior,roomgroupA
1415_01,Europa,False,55 Cancri e,False,13.0,,2011.0,17.0,32.0,1415,D,P,Young Adult,roomgroupA
1416_01,Earth,True,TRAPPIST-1e,False,0.0,0.0,0.0,0.0,0.0,1416,G,P,Young Adult,roomgroupA
1417_01,Europa,False,TRAPPIST-1e,False,0.0,184.0,0.0,1520.0,3358.0,1417,C,S,Adult,roomgroupA
1419_01,Mars,False,TRAPPIST-1e,False,1381.0,0.0,1243.0,0.0,0.0,1419,F,S,Adult,roomgroupA
1420_01,Mars,True,TRAPPIST-1e,False,0.0,0.0,0.0,0.0,0.0,1420,E,S,Unknown,roomgroupA
1421_01,Mars,False,TRAPPIST-1e,False,328.0,6153.0,,26.0,820.0,1421,F,S,Adult,roomgroupA
1421_02,Mars,False,55 Cancri e,False,891.0,0.0,243.0,0.0,5.0,1421,F,S,Teenager,roomgroupA
1423_01,Europa,True,TRAPPIST-1e,False,0.0,0.0,0.0,0.0,0.0,1423,B,S,Young Adult,roomgroupA
1423_02,Europa,True,TRAPPIST-1e,False,0.0,0.0,0.0,0.0,0.0,1423,B,S,Adult,roomgroupA
1423_03,Europa,True,55 Cancri e,False,0.0,0.0,0.0,0.0,0.0,1423,B,S,Adult,roomgroupA
1424_01,Europa,True,TRAPPIST-1e,False,0.0,0.0,0.0,0.0,0.0,1424,B,P,Young Adult,roomgroupA
1424_02,Europa,False,55 Cancri e,False,2988.0,2147.0,0.0,0.0,1779.0,1424,B,P,Young Adult,roomgroupA
1424_03,Europa,False,TRAPPIST-1e,False,0.0,0.0,0.0,0.0,0.0,1424,B,P,Child,roomgroupA
1424_04,Europa,False,55 Cancri e,False,0.0,4380.0,0.0,692.0,0.0,1424,B,P,Young Adult,roomgroupA
1424_05,Europa,True,TRAPPIST-1e,False,0.0,0.0,0.0,0.0,0.0,1424,B,P,Adult,roomgroupA
1425_01,Earth,False,TRAPPIST-1e,False,711.0,0.0,0.0,59.0,57.0,1425,F,P,Young Adult,roomgroupA
1425_02,Earth,True,TRAPPIST-1e,False,0.0,0.0,0.0,0.0,0.0,1425,G,P,Baby,roomgroupA
1425_03,Earth,True,TRAPPIST-1e,False,0.0,0.0,0.0,0.0,0.0,1425,G,P,Baby,roomgroupA
1426_01,Europa,True,55 Cancri e,False,0.0,0.0,0.0,0.0,0.0,1426,D,P,Young Adult,roomgroupA
1427_01,Mars,True,,False,0.0,0.0,,0.0,0.0,1427,F,S,Adult,roomgroupA
1427_02,Mars,False,TRAPPIST-1e,False,443.0,0.0,1721.0,250.0,2.0,1427,F,S,Senior,roomgroupA
1428_01,Earth,False,TRAPPIST-1e,False,0.0,200.0,128.0,460.0,0.0,1428,E,S,Adult,roomgroupA
1430_01,Earth,False,TRAPPIST-1e,False,360.0,0.0,2116.0,1.0,8.0,1430,F,P,Teenager,roomgroupA
1431_01,Earth,False,TRAPPIST-1e,False,0.0,0.0,4.0,0.0,965.0,1431,G,P,Student,roomgroupA
1433_01,Earth,True,TRAPPIST-1e,False,0.0,0.0,0.0,0.0,0.0,1433,G,S,Adult,roomgroupA
1434_01,Earth,False,TRAPPIST-1e,False,0.0,258.0,331.0,133.0,,1434,G,P,Student,roomgroupA
1434_02,Earth,False,TRAPPIST-1e,False,0.0,0.0,0.0,0.0,0.0,1434,G,S,Baby,roomgroupA
1434_03,Earth,True,TRAPPIST-1e,False,0.0,0.0,0.0,0.0,0.0,1434,G,P,Baby,roomgroupA
1435_01,Earth,False,,False,0.0,20.0,26.0,0.0,659.0,1435,G,P,Student,roomgroupA
1438_01,Earth,False,TRAPPIST-1e,False,181.0,224.0,0.0,195.0,191.0,1438,E,P,Young Adult,roomgroupA
1439_01,Mars,False,TRAPPIST-1e,False,112.0,186.0,228.0,760.0,0.0,1439,F,S,Adult,roomgroupA
1439_02,Mars,False,TRAPPIST-1e,False,806.0,100.0,9.0,,47.0,1439,D,S,Young Adult,roomgroupA
1440_01,Earth,False,TRAPPIST-1e,False,0.0,1826.0,39.0,11.0,649.0,1440,F,S,Young Adult,roomgroupA
1442_01,Earth,True,PSO J318.5-22,False,0.0,0.0,0.0,0.0,0.0,1442,G,S,Teenager,roomgroupA
1443_01,Earth,True,TRAPPIST-1e,False,0.0,0.0,0.0,0.0,0.0,1443,G,P,Teenager,roomgroupA
1444_01,Europa,False,TRAPPIST-1e,False,50.0,1248.0,0.0,1.0,912.0,1444,C,S,Young Adult,roomgroupA
1445_01,Earth,False,PSO J318.5-22,False,0.0,0.0,0.0,0.0,0.0,1445,G,S,Child,roomgroupA
1447_01,Earth,False,TRAPPIST-1e,False,0.0,0.0,0.0,0.0,755.0,1447,G,P,Adult,roomgroupA
1450_01,Europa,True,55 Cancri e,False,0.0,0.0,0.0,0.0,0.0,1450,D,S,Adult,roomgroupA
1450_02,Europa,False,55 Cancri e,False,0.0,138.0,0.0,5467.0,112.0,1450,D,S,Young Adult,roomgroupA
1451_01,Europa,False,55 Cancri e,False,202.0,484.0,0.0,3208.0,2485.0,1451,C,S,Adult,roomgroupA
1451_02,Europa,True,TRAPPIST-1e,False,0.0,0.0,0.0,0.0,0.0,1451,C,S,Adult,roomgroupA
1452_01,Europa,False,TRAPPIST-1e,False,5.0,251.0,10.0,26.0,3384.0,1452,C,P,Student,roomgroupA
1452_02,Europa,True,TRAPPIST-1e,False,0.0,0.0,0.0,0.0,0.0,1452,G,S,Senior,roomgroupA
1452_03,Europa,False,55 Cancri e,False,0.0,1646.0,0.0,51.0,1462.0,1452,C,P,Young Adult,roomgroupA
1452_04,Europa,False,TRAPPIST-1e,False,0.0,774.0,0.0,6255.0,6.0,1452,C,P,Young Adult,roomgroupA
1452_05,Europa,True,55 Cancri e,False,0.0,0.0,0.0,0.0,0.0,1452,C,P,Adult,roomgroupA
1453_01,Earth,,55 Cancri e,,0.0,2838.0,32.0,5.0,3404.0,1453,G,P,Teenager,roomgroupA
1453_02,Earth,False,TRAPPIST-1e,False,3.0,801.0,0.0,0.0,5.0,1453,G,P,Senior,roomgroupA
1454_01,Europa,False,TRAPPIST-1e,False,0.0,13561.0,15.0,4060.0,72.0,1454,D,S,Adult,roomgroupA
1455_01,Europa,True,55 Cancri e,False,0.0,0.0,0.0,0.0,0.0,1455,B,S,Young Adult,roomgroupA
1455_02,Europa,False,TRAPPIST-1e,False,0.0,2509.0,0.0,16.0,698.0,1455,B,S,Young Adult,roomgroupA
1455_03,Europa,True,55 Cancri e,False,0.0,0.0,0.0,0.0,0.0,1455,B,S,Student,roomgroupA
1455_04,Europa,False,TRAPPIST-1e,False,0.0,533.0,2119.0,10.0,504.0,1455,B,S,Young Adult,roomgroupA
1455_05,Europa,False,55 Cancri e,False,0.0,2732.0,422.0,16594.0,330.0,1455,B,S,Senior,roomgroupA
1457_01,Earth,False,TRAPPIST-1e,False,0.0,368.0,3.0,4422.0,0.0,1457,E,S,Senior,roomgroupA
1458_01,,False,TRAPPIST-1e,False,0.0,0.0,2020.0,323.0,0.0,1458,G,S,Adult,roomgroupA
1460_01,Earth,False,,False,,905.0,387.0,0.0,0.0,1460,F,P,Student,roomgroupA
1460_02,Earth,True,PSO J318.5-22,False,0.0,0.0,0.0,0.0,0.0,1460,G,P,Teenager,roomgroupA
1461_01,Earth,True,TRAPPIST-1e,False,0.0,,0.0,0.0,0.0,1461,G,S,Unknown,roomgroupA
1462_01,Earth,True,TRAPPIST-1e,False,0.0,0.0,0.0,0.0,0.0,1462,G,P,Young Adult,roomgroupA
1463_01,Earth,False,PSO J318.5-22,False,200.0,414.0,73.0,1.0,1.0,1463,F,S,Student,roomgroupA
1465_01,Earth,False,PSO J318.5-22,False,356.0,287.0,0.0,0.0,248.0,1465,G,P,Senior,roomgroupA
1467_01,,False,TRAPPIST-1e,False,894.0,1.0,0.0,61.0,26.0,1467,E,S,Student,roomgroupA
1474_01,Mars,True,TRAPPIST-1e,False,0.0,0.0,0.0,,0.0,1474,F,P,Young Adult,roomgroupA
1478_01,Earth,False,TRAPPIST-1e,False,0.0,0.0,0.0,417.0,2372.0,1478,F,P,Young Adult,roomgroupA
1478_02,Earth,False,PSO J318.5-22,False,,19.0,733.0,0.0,701.0,1478,F,P,Adult,roomgroupA
1479_01,Mars,True,TRAPPIST-1e,False,0.0,0.0,0.0,0.0,0.0,1479,F,P,Adult,roomgroupA
1481_01,Mars,False,TRAPPIST-1e,False,555.0,0.0,744.0,0.0,0.0,1481,E,P,Young Adult,roomgroupA
1484_01,Earth,,TRAPPIST-1e,False,92.0,1.0,884.0,0.0,0.0,1484,E,P,Teenager,roomgroupA
1485_01,Mars,True,TRAPPIST-1e,False,0.0,0.0,0.0,0.0,0.0,1485,F,P,Adult,roomgroupA
1488_01,Mars,True,TRAPPIST-1e,False,0.0,0.0,0.0,0.0,,1488,E,P,Adult,roomgroupA
1489_01,Earth,False,TRAPPIST-1e,False,73.0,0.0,0.0,813.0,2.0,1489,G,S,Student,roomgroupA
1490_01,Europa,False,55 Cancri e,False,0.0,304.0,0.0,3998.0,,1490,D,P,Young Adult,roomgroupA
1491_01,Earth,False,55 Cancri e,False,0.0,0.0,0.0,817.0,8.0,1491,G,P,Young Adult,roomgroupA
1491_02,Earth,False,TRAPPIST-1e,False,0.0,51.0,0.0,2.0,706.0,1491,F,P,Adult,roomgroupA
1491_03,Earth,False,TRAPPIST-1e,False,0.0,0.0,0.0,0.0,0.0,1491,G,P,Baby,roomgroupA
1493_01,Earth,False,TRAPPIST-1e,False,35.0,0.0,0.0,0.0,713.0,1493,F,S,Adult,roomgroupA
1498_01,Earth,False,TRAPPIST-1e,False,0.0,495.0,,0.0,153.0,1498,F,P,Young Adult,roomgroupA
1499_01,Earth,False,TRAPPIST-1e,False,5.0,0.0,0.0,2.0,1061.0,1499,F,S,Student,roomgroupA
1500_01,Earth,False,TRAPPIST-1e,False,0.0,0.0,0.0,0.0,0.0,1500,G,S,Child,roomgroupA
1500_02,Earth,False,TRAPPIST-1e,False,0.0,0.0,0.0,0.0,0.0,1500,G,S,Baby,roomgroupA
1500_03,Earth,False,55 Cancri e,False,0.0,55.0,913.0,0.0,55.0,1500,G,S,Teenager,roomgroupA
1500_04,Earth,,55 Cancri e,False,0.0,0.0,0.0,0.0,0.0,1500,G,S,Adult,roomgroupA
1500_05,Earth,False,55 Cancri e,False,319.0,184.0,0.0,0.0,376.0,1500,F,S,Teenager,roomgroupA
1500_06,Earth,True,TRAPPIST-1e,False,0.0,0.0,0.0,0.0,0.0,1500,G,S,Baby,roomgroupA
1500_07,Earth,True,TRAPPIST-1e,False,0.0,0.0,0.0,0.0,0.0,1500,G,S,Adult,roomgroupA
1501_01,Earth,False,TRAPPIST-1e,False,0.0,216.0,0.0,594.0,0.0,1501,G,P,Senior,roomgroupA
1503_01,Mars,False,TRAPPIST-1e,False,1890.0,0.0,497.0,1.0,0.0,1503,D,P,Adult,roomgroupA
1503_02,Mars,False,TRAPPIST-1e,False,1114.0,0.0,68.0,0.0,0.0,1503,D,P,Senior,roomgroupA
1506_01,Earth,False,,False,0.0,24.0,615.0,9.0,0.0,1506,F,P,Student,roomgroupA
1507_01,Earth,False,TRAPPIST-1e,False,0.0,0.0,1217.0,2.0,0.0,1507,F,S,Adult,roomgroupA
1507_02,Earth,False,TRAPPIST-1e,False,1.0,1.0,683.0,419.0,0.0,1507,F,S,Teenager,roomgroupA
1507_03,Earth,False,TRAPPIST-1e,False,0.0,0.0,0.0,441.0,4.0,1507,G,S,Senior,roomgroupA
1507_04,Earth,False,TRAPPIST-1e,False,398.0,490.0,0.0,,0.0,1507,F,S,Student,roomgroupA
1509_01,Mars,False,TRAPPIST-1e,,1240.0,0.0,58.0,0.0,0.0,1509,E,P,Young Adult,roomgroupA
1510_01,Mars,False,TRAPPIST-1e,False,1226.0,0.0,1.0,0.0,0.0,1510,F,S,Young Adult,roomgroupA
1511_01,Europa,False,TRAPPIST-1e,False,1006.0,,0.0,284.0,329.0,1511,B,S,Adult,roomgroupA
1511_02,Europa,True,TRAPPIST-1e,False,0.0,0.0,0.0,0.0,0.0,1511,B,S,Teenager,roomgroupA
1511_03,Europa,False,TRAPPIST-1e,False,0.0,2345.0,0.0,1966.0,27.0,1511,B,S,Adult,roomgroupA
1511_04,Europa,False,55 Cancri e,False,65.0,2121.0,0.0,6431.0,1.0,1511,B,S,Young Adult,roomgroupA
1515_01,Earth,False,TRAPPIST-1e,False,765.0,0.0,13.0,0.0,0.0,1515,F,S,Student,roomgroupA
1520_01,Earth,True,TRAPPIST-1e,False,0.0,0.0,0.0,0.0,0.0,1520,G,S,Adult,roomgroupA
1521_01,Mars,True,TRAPPIST-1e,False,0.0,0.0,0.0,0.0,0.0,1521,F,S,Young Adult,roomgroupA
1523_01,Europa,True,55 Cancri e,False,0.0,,0.0,0.0,0.0,1523,B,S,Adult,roomgroupA
1523_02,Europa,True,TRAPPIST-1e,False,0.0,0.0,0.0,0.0,0.0,1523,B,S,Adult,roomgroupA
1524_01,Earth,True,TRAPPIST-1e,False,0.0,0.0,0.0,0.0,0.0,1524,G,S,Teenager,roomgroupA
1525_01,Mars,False,TRAPPIST-1e,False,539.0,1269.0,38.0,0.0,0.0,1525,F,P,Student,roomgroupA
1526_01,Earth,False,55 Cancri e,False,4.0,,2.0,254.0,521.0,1526,F,P,Student,roomgroupA
1527_01,Europa,True,55 Cancri e,False,0.0,0.0,0.0,0.0,0.0,1527,D,P,Student,roomgroupA
1527_02,Europa,False,TRAPPIST-1e,False,0.0,0.0,0.0,0.0,0.0,1527,D,P,Young Adult,roomgroupA
1528_01,Mars,False,55 Cancri e,False,3992.0,673.0,1360.0,2.0,0.0,1528,D,P,Student,roomgroupA
1529_01,Europa,False,PSO J318.5-22,True,0.0,7069.0,0.0,45.0,282.0,1529,A,S,Young Adult,roomgroupA
1529_02,Europa,False,TRAPPIST-1e,False,0.0,0.0,0.0,0.0,0.0,1529,A,S,Young Adult,roomgroupA
1531_01,Earth,False,TRAPPIST-1e,False,0.0,0.0,533.0,277.0,0.0,1531,G,S,Adult,roomgroupA
1532_01,Europa,False,TRAPPIST-1e,False,0.0,31.0,0.0,1.0,11378.0,1532,B,S,Young Adult,roomgroupA
1533_01,Earth,False,TRAPPIST-1e,False,1015.0,0.0,0.0,0.0,1.0,1533,G,P,Adult,roomgroupA
1536_01,Mars,True,TRAPPIST-1e,False,0.0,0.0,0.0,0.0,0.0,1536,F,S,Student,roomgroupA
1539_01,Europa,,55 Cancri e,False,54.0,3782.0,0.0,21.0,5.0,1539,A,S,Young Adult,roomgroupA
1540_01,Europa,False,TRAPPIST-1e,False,1.0,470.0,0.0,1440.0,2114.0,1540,C,P,Young Adult,roomgroupA
1540_02,Europa,False,TRAPPIST-1e,True,0.0,7139.0,22.0,0.0,553.0,1540,C,P,Young Adult,roomgroupA
1540_03,Europa,False,TRAPPIST-1e,False,0.0,170.0,0.0,3718.0,0.0,1540,C,P,Young Adult,roomgroupA
1541_01,Earth,False,TRAPPIST-1e,False,12.0,7.0,0.0,720.0,0.0,1541,F,S,Adult,roomgroupA
1542_01,Mars,False,TRAPPIST-1e,False,7172.0,0.0,157.0,20.0,0.0,1542,F,S,Teenager,roomgroupA
1543_01,Europa,True,55 Cancri e,False,0.0,0.0,0.0,0.0,0.0,1543,C,P,Young Adult,roomgroupA
1544_01,Earth,False,TRAPPIST-1e,False,9.0,0.0,0.0,0.0,800.0,1544,G,P,Student,roomgroupA
1545_01,Mars,False,TRAPPIST-1e,False,206.0,0.0,629.0,67.0,523.0,1545,G,S,Student,roomgroupA
1547_01,Earth,False,TRAPPIST-1e,False,163.0,0.0,661.0,32.0,0.0,1547,F,S,Student,roomgroupA
1548_01,Europa,True,55 Cancri e,,0.0,0.0,0.0,0.0,0.0,1548,B,P,Adult,roomgroupA
1548_02,Europa,True,TRAPPIST-1e,False,0.0,0.0,0.0,0.0,0.0,1548,B,P,Student,roomgroupA
1550_01,Europa,False,TRAPPIST-1e,False,1.0,230.0,0.0,42.0,4030.0,1550,C,S,Young Adult,roomgroupA
1550_02,Europa,False,55 Cancri e,True,5022.0,2376.0,0.0,0.0,235.0,1550,G,S,Adult,roomgroupA
1551_01,Europa,False,TRAPPIST-1e,False,0.0,1376.0,43.0,0.0,1460.0,1551,E,P,Young Adult,roomgroupA
1552_01,Earth,True,TRAPPIST-1e,False,0.0,0.0,0.0,0.0,0.0,1552,G,S,Adult,roomgroupA
1555_01,Europa,False,TRAPPIST-1e,False,0.0,1389.0,0.0,2987.0,0.0,1555,A,S,Adult,roomgroupA
1558_01,Earth,False,TRAPPIST-1e,False,877.0,15.0,0.0,0.0,1.0,1558,G,P,Senior,roomgroupA
1560_01,Earth,False,TRAPPIST-1e,False,0.0,1.0,45.0,0.0,837.0,1560,G,S,Adult,roomgroupA
1561_01,Earth,False,55 Cancri e,False,1030.0,0.0,0.0,0.0,1122.0,1561,F,P,Young Adult,roomgroupA
1562_01,Earth,False,TRAPPIST-1e,False,341.0,0.0,332.0,102.0,0.0,1562,F,P,Student,roomgroupA
1564_01,Mars,True,TRAPPIST-1e,False,0.0,0.0,0.0,0.0,0.0,1564,F,S,Student,roomgroupA
1565_01,Earth,False,PSO J318.5-22,False,0.0,1519.0,0.0,0.0,766.0,1565,F,S,Teenager,roomgroupA
1567_01,Europa,True,TRAPPIST-1e,False,0.0,0.0,0.0,0.0,0.0,1567,B,P,Adult,roomgroupA
1568_01,Earth,False,TRAPPIST-1e,False,1018.0,100.0,0.0,9.0,0.0,1568,G,S,Student,roomgroupA
1568_02,Earth,True,PSO J318.5-22,False,0.0,0.0,,0.0,0.0,1568,G,P,Student,roomgroupA
1569_01,Mars,True,TRAPPIST-1e,False,0.0,0.0,0.0,0.0,0.0,1569,F,P,Young Adult,roomgroupA
1572_01,Earth,False,TRAPPIST-1e,,758.0,17.0,11.0,0.0,0.0,1572,G,P,Young Adult,roomgroupA
1572_02,Earth,False,TRAPPIST-1e,False,4.0,0.0,146.0,723.0,0.0,1572,F,P,Young Adult,roomgroupA
1573_01,Mars,False,TRAPPIST-1e,False,938.0,0.0,82.0,0.0,162.0,1573,D,S,Adult,roomgroupA
1576_01,Mars,False,TRAPPIST-1e,False,641.0,0.0,372.0,0.0,16.0,1576,E,P,Young Adult,roomgroupA
1577_01,Earth,False,,False,0.0,169.0,,0.0,0.0,1577,F,P,Student,roomgroupA
1578_01,Earth,False,TRAPPIST-1e,False,0.0,24.0,0.0,176.0,783.0,1578,E,P,Student,roomgroupA
1579_01,Earth,False,55 Cancri e,False,333.0,1819.0,0.0,1.0,0.0,1579,F,P,Young Adult,roomgroupA
1580_01,Earth,False,TRAPPIST-1e,False,0.0,0.0,8.0,0.0,714.0,1580,G,S,Teenager,roomgroupA
1580_02,Earth,False,TRAPPIST-1e,False,428.0,0.0,36.0,0.0,424.0,1580,G,S,Student,roomgroupA
1581_01,Mars,True,TRAPPIST-1e,False,0.0,0.0,0.0,0.0,0.0,1581,F,P,Adult,roomgroupA
1581_02,Mars,True,TRAPPIST-1e,False,0.0,0.0,0.0,0.0,0.0,1581,G,S,Young Adult,roomgroupA
1584_01,Earth,False,TRAPPIST-1e,False,433.0,0.0,0.0,371.0,0.0,1584,F,P,Adult,roomgroupA
1584_02,Earth,True,TRAPPIST-1e,False,,0.0,0.0,0.0,0.0,1584,G,P,Baby,roomgroupA
1585_01,Earth,True,TRAPPIST-1e,False,0.0,0.0,0.0,0.0,0.0,1585,G,P,Student,roomgroupA
1588_01,Europa,True,TRAPPIST-1e,False,0.0,0.0,0.0,0.0,0.0,1588,E,P,Young Adult,roomgroupA
1588_02,Europa,False,55 Cancri e,False,0.0,17394.0,0.0,724.0,0.0,1588,E,P,Adult,roomgroupA
1590_01,Europa,False,TRAPPIST-1e,False,0.0,1336.0,2.0,12.0,7.0,1590,D,S,Adult,roomgroupA
1590_02,Europa,False,55 Cancri e,False,0.0,26.0,1.0,33.0,2439.0,1590,D,S,Young Adult,roomgroupA
1592_01,Europa,False,TRAPPIST-1e,False,305.0,3621.0,0.0,320.0,341.0,1592,C,S,Adult,roomgroupA
1592_02,Europa,False,55 Cancri e,False,16.0,2127.0,1487.0,0.0,196.0,1592,C,S,Adult,roomgroupA
1593_01,Earth,False,TRAPPIST-1e,False,5.0,51.0,0.0,732.0,0.0,1593,E,S,Student,roomgroupA
1594_01,Earth,False,TRAPPIST-1e,False,0.0,3.0,0.0,2.0,923.0,1594,G,P,Unknown,roomgroupA
1595_01,Europa,False,55 Cancri e,False,0.0,4342.0,0.0,,36.0,1595,C,P,Young Adult,roomgroupA
1596_01,Europa,True,TRAPPIST-1e,False,0.0,0.0,0.0,0.0,0.0,1596,B,P,Student,roomgroupA
1597_01,Earth,True,TRAPPIST-1e,False,0.0,0.0,0.0,0.0,,1597,G,P,Young Adult,roomgroupA
1599_01,Europa,True,TRAPPIST-1e,False,0.0,0.0,,0.0,0.0,1599,C,P,Student,roomgroupA
1599_02,Europa,True,55 Cancri e,False,0.0,0.0,0.0,0.0,0.0,1599,C,P,Adult,roomgroupA
1601_01,Earth,False,TRAPPIST-1e,False,22.0,5.0,0.0,747.0,0.0,1601,G,P,Adult,roomgroupA
1602_01,Earth,False,TRAPPIST-1e,False,0.0,0.0,0.0,2681.0,55.0,1602,F,S,Student,roomgroupA
1603_01,Earth,False,TRAPPIST-1e,False,0.0,594.0,0.0,0.0,119.0,1603,F,P,Adult,roomgroupA
1603_02,Earth,True,TRAPPIST-1e,False,0.0,0.0,0.0,0.0,0.0,1603,G,P,Child,roomgroupA
1603_03,Earth,False,55 Cancri e,False,0.0,0.0,0.0,0.0,0.0,1603,G,P,Child,roomgroupA
1604_01,Earth,False,TRAPPIST-1e,False,2.0,3.0,0.0,616.0,161.0,1604,G,P,Young Adult,roomgroupA
1606_01,Europa,False,TRAPPIST-1e,False,13.0,817.0,0.0,1435.0,22.0,1606,E,S,Student,roomgroupA
1608_01,Earth,False,TRAPPIST-1e,False,1158.0,193.0,798.0,2.0,0.0,1608,F,P,Young Adult,roomgroupA
1611_01,Earth,False,TRAPPIST-1e,False,0.0,865.0,0.0,0.0,44.0,1611,G,S,Adult,roomgroupA
1612_01,Europa,False,TRAPPIST-1e,False,0.0,3750.0,0.0,2.0,341.0,1612,E,P,Adult,roomgroupA
1612_02,Europa,True,TRAPPIST-1e,False,0.0,0.0,0.0,0.0,0.0,1612,E,P,Adult,roomgroupA
1613_01,Earth,False,55 Cancri e,False,825.0,9.0,0.0,0.0,42.0,1613,G,S,Teenager,roomgroupA
1614_01,Mars,False,TRAPPIST-1e,True,432.0,0.0,965.0,35.0,0.0,1614,F,P,Young Adult,roomgroupA
1615_01,Earth,False,TRAPPIST-1e,False,0.0,0.0,6.0,685.0,0.0,1615,F,P,Young Adult,roomgroupA
1615_02,Earth,True,TRAPPIST-1e,False,0.0,0.0,,0.0,0.0,1615,G,P,Adult,roomgroupA
1615_03,Earth,False,TRAPPIST-1e,False,0.0,0.0,0.0,0.0,0.0,1615,G,P,Baby,roomgroupA
1617_01,Mars,False,PSO J318.5-22,False,295.0,1575.0,19.0,515.0,0.0,1617,D,P,Adult,roomgroupA
1619_01,Earth,True,TRAPPIST-1e,False,0.0,0.0,0.0,0.0,0.0,1619,G,S,Adult,roomgroupA
1621_01,Earth,False,55 Cancri e,False,553.0,0.0,1.0,239.0,8.0,1621,F,S,Young Adult,roomgroupA
1621_02,Earth,False,PSO J318.5-22,False,172.0,129.0,41.0,0.0,341.0,1621,F,S,Young Adult,roomgroupA
1622_01,Mars,True,TRAPPIST-1e,False,0.0,0.0,0.0,0.0,0.0,1622,F,P,Adult,roomgroupA
1624_01,Earth,True,PSO J318.5-22,False,0.0,0.0,0.0,,0.0,1624,G,S,Baby,roomgroupA
1624_02,Earth,False,55 Cancri e,False,612.0,0.0,62.0,0.0,0.0,1624,G,S,Adult,roomgroupA
1624_03,Earth,,TRAPPIST-1e,False,0.0,0.0,0.0,0.0,,1624,G,S,Baby,roomgroupA
1625_01,Europa,True,55 Cancri e,False,0.0,0.0,0.0,0.0,0.0,1625,C,P,Student,roomgroupA
1625_02,Europa,False,TRAPPIST-1e,False,0.0,930.0,0.0,2113.0,98.0,1625,C,P,Young Adult,roomgroupA
1626_01,Earth,False,TRAPPIST-1e,False,,9.0,0.0,0.0,1.0,1626,F,P,Student,roomgroupA
1628_01,Europa,True,TRAPPIST-1e,False,0.0,0.0,0.0,0.0,0.0,1628,B,S,Adult,roomgroupA
1630_01,Earth,True,PSO J318.5-22,False,0.0,0.0,0.0,0.0,0.0,1630,G,S,Baby,roomgroupA
1630_02,Earth,True,TRAPPIST-1e,False,0.0,0.0,0.0,0.0,0.0,1630,G,S,Baby,roomgroupA
1630_03,Earth,False,TRAPPIST-1e,False,0.0,27.0,11.0,732.0,5.0,1630,F,S,Adult,roomgroupA
1631_01,Earth,False,TRAPPIST-1e,False,1215.0,32.0,0.0,0.0,362.0,1631,E,S,Senior,roomgroupA
1632_01,Europa,True,TRAPPIST-1e,False,0.0,,0.0,0.0,0.0,1632,C,S,Young Adult,roomgroupA
1633_01,Earth,True,TRAPPIST-1e,False,0.0,0.0,0.0,0.0,,1633,G,P,Baby,roomgroupA
1633_02,Earth,True,TRAPPIST-1e,False,0.0,0.0,0.0,0.0,0.0,1633,G,P,Teenager,roomgroupA
1634_01,Earth,True,55 Cancri e,False,0.0,0.0,0.0,0.0,0.0,1634,G,S,Young Adult,roomgroupA
1635_01,Earth,False,TRAPPIST-1e,False,1300.0,0.0,,0.0,1134.0,1635,F,P,Student,roomgroupA
1636_01,Earth,False,TRAPPIST-1e,False,139.0,666.0,6.0,71.0,25.0,1636,G,S,Adult,roomgroupA
1637_01,Earth,True,TRAPPIST-1e,False,0.0,0.0,0.0,0.0,0.0,1637,G,S,Young Adult,roomgroupA
1638_01,Earth,False,TRAPPIST-1e,False,414.0,0.0,66.0,307.0,0.0,1638,E,S,Student,roomgroupA
1640_01,Earth,False,TRAPPIST-1e,False,305.0,0.0,1.0,618.0,2.0,1640,G,P,Student,roomgroupA
1644_01,Earth,False,55 Cancri e,False,0.0,2.0,0.0,0.0,794.0,1644,F,P,Teenager,roomgroupA
1645_01,,True,55 Cancri e,False,0.0,0.0,0.0,0.0,0.0,1645,G,S,Student,roomgroupA
1646_01,Earth,False,TRAPPIST-1e,False,0.0,0.0,885.0,0.0,0.0,1646,G,P,Young Adult,roomgroupA
1647_01,Earth,False,TRAPPIST-1e,False,954.0,0.0,10.0,3.0,2.0,1647,F,P,Young Adult,roomgroupA
1649_01,Earth,True,55 Cancri e,False,0.0,0.0,0.0,0.0,0.0,1649,G,P,Teenager,roomgroupA
1650_01,Earth,True,55 Cancri e,False,0.0,0.0,0.0,0.0,0.0,1650,G,S,Young Adult,roomgroupA
1651_01,Earth,True,PSO J318.5-22,False,0.0,0.0,0.0,,0.0,1651,G,P,Adult,roomgroupA
1651_02,Earth,False,55 Cancri e,False,0.0,0.0,0.0,0.0,0.0,1651,G,P,Baby,roomgroupA
1651_03,Earth,True,PSO J318.5-22,False,0.0,0.0,0.0,0.0,0.0,1651,G,P,Baby,roomgroupA
1653_01,Europa,False,,False,4.0,1303.0,830.0,774.0,2.0,1653,A,S,Adult,roomgroupA
1655_01,Earth,False,TRAPPIST-1e,False,3202.0,,0.0,0.0,5.0,1655,G,S,Young Adult,roomgroupA
1655_02,Earth,False,TRAPPIST-1e,False,0.0,807.0,0.0,0.0,0.0,1655,F,S,Adult,roomgroupA
1656_01,Earth,False,TRAPPIST-1e,False,1.0,160.0,37.0,0.0,,1656,F,S,Teenager,roomgroupA
1657_01,Earth,False,TRAPPIST-1e,False,0.0,0.0,218.0,109.0,5321.0,1657,G,P,Student,roomgroupA
1658_01,Mars,False,TRAPPIST-1e,False,1150.0,0.0,6.0,4.0,0.0,1658,F,S,Unknown,roomgroupA
1659_01,Earth,False,TRAPPIST-1e,False,0.0,82.0,3.0,0.0,718.0,1659,F,S,Adult,roomgroupA
1660_01,Earth,,TRAPPIST-1e,False,0.0,1.0,0.0,905.0,0.0,1660,E,S,Student,roomgroupA
1661_01,Europa,False,TRAPPIST-1e,False,0.0,0.0,0.0,0.0,0.0,1661,A,S,Adult,roomgroupA
1661_02,Europa,False,TRAPPIST-1e,False,0.0,62.0,0.0,2136.0,178.0,1661,A,S,Adult,roomgroupA
1661_03,Europa,True,TRAPPIST-1e,False,0.0,0.0,0.0,0.0,0.0,1661,A,S,Adult,roomgroupA
1661_04,Europa,False,TRAPPIST-1e,False,0.0,2390.0,0.0,1306.0,,1661,A,S,Adult,roomgroupA
1662_01,Earth,False,PSO J318.5-22,False,127.0,0.0,0.0,542.0,0.0,1662,F,S,Student,roomgroupA
1663_01,Earth,True,PSO J318.5-22,False,0.0,0.0,0.0,0.0,0.0,1663,G,P,Adult,roomgroupA
1666_01,Europa,False,TRAPPIST-1e,False,158.0,787.0,2820.0,,86.0,1666,D,S,Adult,roomgroupA
1668_01,Earth,False,TRAPPIST-1e,False,2.0,0.0,6.0,101.0,536.0,1668,F,S,Student,roomgroupA
1669_01,Mars,False,TRAPPIST-1e,False,2436.0,0.0,147.0,16.0,0.0,1669,F,S,Young Adult,roomgroupA
1669_02,Mars,True,TRAPPIST-1e,False,0.0,0.0,0.0,0.0,0.0,1669,F,S,Baby,roomgroupA
1669_03,Mars,False,55 Cancri e,False,1481.0,0.0,881.0,0.0,0.0,1669,F,S,Student,roomgroupA
1670_01,Earth,False,TRAPPIST-1e,False,0.0,67.0,213.0,2.0,1442.0,1670,G,P,Adult,roomgroupA
1670_02,Earth,True,TRAPPIST-1e,False,0.0,0.0,0.0,0.0,0.0,1670,G,P,Adult,roomgroupA
1671_01,Europa,False,55 Cancri e,False,0.0,859.0,0.0,6704.0,64.0,1671,B,S,Unknown,roomgroupA
1672_01,Earth,False,TRAPPIST-1e,False,7.0,0.0,0.0,797.0,0.0,1672,F,S,Young Adult,roomgroupA
1673_01,Earth,False,55 Cancri e,False,876.0,0.0,5.0,1.0,16.0,1673,F,P,Teenager,roomgroupA
1674_01,Earth,True,PSO J318.5-22,False,0.0,0.0,0.0,0.0,0.0,1674,G,S,Student,roomgroupA
1676_01,Earth,True,TRAPPIST-1e,False,0.0,0.0,0.0,0.0,0.0,1676,G,P,Young Adult,roomgroupA
1677_01,Earth,False,TRAPPIST-1e,False,5.0,87.0,0.0,0.0,,1677,E,P,Student,roomgroupA
1681_01,Earth,False,TRAPPIST-1e,False,1.0,89.0,0.0,793.0,0.0,1681,G,S,Young Adult,roomgroupA
1682_01,Mars,True,TRAPPIST-1e,False,0.0,0.0,0.0,0.0,0.0,1682,F,P,Adult,roomgroupA
1685_01,Earth,False,55 Cancri e,False,0.0,260.0,91.0,0.0,264.0,1685,G,S,Adult,roomgroupA
1685_02,Earth,False,55 Cancri e,False,0.0,0.0,0.0,0.0,0.0,1685,G,P,Child,roomgroupA
1685_03,Earth,True,TRAPPIST-1e,False,0.0,0.0,0.0,0.0,0.0,1685,G,P,Baby,roomgroupA
1687_01,Mars,False,TRAPPIST-1e,True,714.0,450.0,208.0,0.0,44.0,1687,F,P,Young Adult,roomgroupA
1688_01,Earth,False,TRAPPIST-1e,False,233.0,554.0,0.0,0.0,0.0,1688,E,S,Young Adult,roomgroupA
1688_02,Earth,True,TRAPPIST-1e,False,,0.0,0.0,0.0,0.0,1688,G,S,Child,roomgroupA
1688_03,Earth,True,TRAPPIST-1e,False,,0.0,0.0,0.0,0.0,1688,G,S,Student,roomgroupA
1690_01,Earth,False,TRAPPIST-1e,False,0.0,26.0,88.0,5.0,754.0,1690,F,P,Young Adult,roomgroupA
1691_01,Mars,False,TRAPPIST-1e,False,3482.0,1234.0,1155.0,0.0,0.0,1691,F,S,Young Adult,roomgroupA
1694_01,Earth,True,PSO J318.5-22,False,0.0,,0.0,0.0,0.0,1694,G,S,Young Adult,roomgroupA
1695_01,Earth,False,TRAPPIST-1e,False,324.0,0.0,201.0,2.0,256.0,1695,G,S,Young Adult,roomgroupA
1696_01,Europa,False,TRAPPIST-1e,False,0.0,760.0,17.0,15331.0,427.0,1696,B,P,Adult,roomgroupA
1697_01,Earth,False,TRAPPIST-1e,,0.0,13.0,0.0,773.0,0.0,1697,G,P,Student,roomgroupA
1698_01,,True,PSO J318.5-22,False,0.0,0.0,0.0,0.0,0.0,1698,E,S,Teenager,roomgroupA
1699_01,Earth,False,55 Cancri e,False,0.0,574.0,0.0,0.0,68.0,1699,F,P,Adult,roomgroupA
1700_01,Europa,True,TRAPPIST-1e,False,0.0,0.0,0.0,0.0,0.0,1700,B,S,Teenager,roomgroupA
1700_02,Europa,False,TRAPPIST-1e,False,0.0,4.0,0.0,6200.0,622.0,1700,B,S,Senior,roomgroupA
1704_01,Mars,False,TRAPPIST-1e,False,1112.0,0.0,687.0,0.0,3.0,1704,D,S,Teenager,roomgroupA
1704_02,Mars,False,55 Cancri e,False,86.0,1164.0,516.0,0.0,0.0,1704,D,S,Student,roomgroupA
1705_01,Mars,False,TRAPPIST-1e,True,0.0,0.0,0.0,0.0,0.0,1705,E,S,Young Adult,roomgroupA
1708_01,Earth,False,PSO J318.5-22,False,0.0,3.0,1.0,2.0,1290.0,1708,F,P,Senior,roomgroupA
1709_01,Mars,False,TRAPPIST-1e,False,31.0,0.0,1247.0,0.0,47.0,1709,F,S,Student,roomgroupA
1709_02,Mars,False,TRAPPIST-1e,False,2210.0,0.0,89.0,0.0,0.0,1709,D,S,Student,roomgroupA
1709_03,Mars,False,TRAPPIST-1e,False,1313.0,0.0,24.0,0.0,1.0,1709,G,S,Adult,roomgroupA
1709_04,Mars,False,TRAPPIST-1e,False,1744.0,0.0,136.0,8.0,8.0,1709,E,S,Teenager,roomgroupA
1709_05,Mars,True,TRAPPIST-1e,False,0.0,0.0,0.0,0.0,0.0,1709,F,S,Young Adult,roomgroupA
1709_06,Mars,False,TRAPPIST-1e,False,1554.0,0.0,646.0,20.0,1241.0,1709,D,S,Teenager,roomgroupA
1709_07,Mars,False,TRAPPIST-1e,False,285.0,54.0,1246.0,102.0,0.0,1709,F,S,Student,roomgroupA
1710_01,Earth,True,PSO J318.5-22,False,0.0,0.0,0.0,0.0,0.0,1710,G,P,Student,roomgroupA
1711_01,Earth,,TRAPPIST-1e,False,437.0,244.0,908.0,825.0,0.0,1711,F,S,Adult,roomgroupA
1712_01,Mars,,TRAPPIST-1e,False,139.0,0.0,959.0,21.0,0.0,1712,F,P,Teenager,roomgroupA
1712_02,Mars,False,TRAPPIST-1e,False,103.0,1.0,49.0,2421.0,24.0,1712,F,P,Young Adult,roomgroupA
1713_01,Earth,False,TRAPPIST-1e,False,84.0,726.0,2.0,0.0,0.0,1713,G,P,Adult,roomgroupA
1714_01,Earth,False,TRAPPIST-1e,False,0.0,0.0,0.0,0.0,0.0,1714,G,S,Child,roomgroupA
1715_01,Earth,True,TRAPPIST-1e,False,0.0,0.0,0.0,0.0,0.0,1715,G,S,Teenager,roomgroupA
1717_01,Earth,False,TRAPPIST-1e,False,813.0,0.0,473.0,236.0,0.0,1717,E,P,Adult,roomgroupA
1717_02,Earth,False,TRAPPIST-1e,False,4.0,0.0,0.0,0.0,1679.0,1717,E,P,Adult,roomgroupA
1718_01,Earth,True,TRAPPIST-1e,False,0.0,0.0,0.0,0.0,0.0,1718,G,S,Student,roomgroupA
1719_01,Earth,True,TRAPPIST-1e,False,0.0,0.0,,0.0,0.0,1719,G,P,Teenager,roomgroupA
1721_01,Earth,False,TRAPPIST-1e,False,320.0,36.0,5.0,0.0,640.0,1721,F,P,Teenager,roomgroupA
1723_01,Earth,False,TRAPPIST-1e,,852.0,0.0,0.0,135.0,0.0,1723,E,S,Teenager,roomgroupA
1724_01,Europa,False,55 Cancri e,False,8.0,1563.0,0.0,73.0,31.0,1724,A,S,Adult,roomgroupA
1725_01,Earth,False,TRAPPIST-1e,False,0.0,201.0,0.0,0.0,603.0,1725,F,S,Young Adult,roomgroupA
1727_01,Mars,True,,False,0.0,0.0,0.0,0.0,0.0,1727,F,P,Unknown,roomgroupA
1727_02,Mars,False,55 Cancri e,False,1279.0,0.0,1061.0,359.0,0.0,1727,D,P,Adult,roomgroupA
1728_01,Earth,False,TRAPPIST-1e,False,553.0,0.0,0.0,87.0,243.0,1728,G,P,Adult,roomgroupA
1729_01,Earth,False,TRAPPIST-1e,False,21.0,0.0,499.0,568.0,0.0,1729,F,P,Young Adult,roomgroupA
1730_01,Earth,False,55 Cancri e,False,68.0,0.0,0.0,0.0,795.0,1730,E,P,Teenager,roomgroupA
1731_01,Earth,True,PSO J318.5-22,False,0.0,0.0,0.0,0.0,0.0,1731,G,P,Teenager,roomgroupA
1731_02,Earth,False,55 Cancri e,False,1.0,808.0,0.0,0.0,0.0,1731,G,P,Student,roomgroupA
1733_01,Earth,False,TRAPPIST-1e,False,1336.0,108.0,0.0,0.0,0.0,1733,F,P,Teenager,roomgroupA
1734_01,Earth,True,TRAPPIST-1e,False,0.0,0.0,0.0,0.0,0.0,1734,G,P,Young Adult,roomgroupA
1736_01,Earth,True,PSO J318.5-22,False,0.0,0.0,0.0,0.0,0.0,1736,G,P,Student,roomgroupA
1738_01,Earth,False,TRAPPIST-1e,False,0.0,0.0,19.0,467.0,,1738,E,S,Student,roomgroupA
1738_02,Earth,True,55 Cancri e,False,0.0,0.0,0.0,0.0,0.0,1738,G,S,Student,roomgroupA
1739_01,Earth,True,PSO J318.5-22,False,0.0,0.0,0.0,0.0,0.0,1739,G,S,Student,roomgroupA
1740_01,Earth,False,TRAPPIST-1e,False,762.0,13.0,10.0,0.0,0.0,1740,G,S,Student,roomgroupA
1742_01,Mars,False,PSO J318.5-22,True,49.0,478.0,387.0,0.0,0.0,1742,D,P,Young Adult,roomgroupA
1745_01,Europa,False,TRAPPIST-1e,False,0.0,1310.0,0.0,221.0,6064.0,1745,E,S,Young Adult,roomgroupA
1746_01,Mars,True,TRAPPIST-1e,False,0.0,0.0,0.0,0.0,0.0,1746,F,S,Adult,roomgroupA
1747_01,Earth,False,55 Cancri e,False,0.0,0.0,496.0,13.0,0.0,1747,G,S,Student,roomgroupA
1748_01,Earth,False,TRAPPIST-1e,False,0.0,0.0,0.0,2.0,807.0,1748,G,P,Student,roomgroupA
1748_02,Earth,False,TRAPPIST-1e,False,0.0,0.0,0.0,0.0,0.0,1748,G,P,Baby,roomgroupA
1748_03,Earth,False,TRAPPIST-1e,False,0.0,0.0,0.0,0.0,0.0,1748,G,P,Baby,roomgroupA
1749_01,Earth,True,PSO J318.5-22,False,0.0,0.0,0.0,0.0,0.0,1749,G,P,Adult,roomgroupA
1752_01,Earth,False,55 Cancri e,False,1006.0,1.0,0.0,0.0,308.0,1752,F,S,Teenager,roomgroupA
1753_01,Earth,True,TRAPPIST-1e,False,0.0,0.0,0.0,0.0,0.0,1753,G,S,Young Adult,roomgroupA
1755_01,Earth,True,TRAPPIST-1e,False,0.0,0.0,0.0,0.0,0.0,1755,G,S,Young Adult,roomgroupA
1757_01,Earth,False,TRAPPIST-1e,False,26.0,809.0,0.0,39.0,26.0,1757,F,S,Senior,roomgroupA
1758_01,Earth,False,TRAPPIST-1e,False,587.0,0.0,0.0,318.0,3.0,1758,G,S,Adult,roomgroupA
1760_01,Earth,False,TRAPPIST-1e,False,742.0,21.0,10.0,26.0,4.0,1760,F,S,Adult,roomgroupA
1761_01,Earth,False,55 Cancri e,False,145.0,490.0,17.0,49.0,1.0,1761,F,P,Student,roomgroupA
1762_01,Earth,False,PSO J318.5-22,False,2400.0,7.0,0.0,20.0,0.0,1762,E,S,Student,roomgroupA
1762_02,Earth,False,,False,104.0,,0.0,174.0,253.0,1762,G,S,Teenager,roomgroupA
1763_01,Europa,False,TRAPPIST-1e,False,0.0,3240.0,0.0,59.0,0.0,1763,E,S,Adult,roomgroupA
1764_01,Mars,True,TRAPPIST-1e,False,0.0,0.0,0.0,0.0,0.0,1764,F,S,Adult,roomgroupA
1764_02,Mars,False,TRAPPIST-1e,False,0.0,0.0,0.0,0.0,0.0,1764,E,S,Student,roomgroupA
1766_01,Earth,False,55 Cancri e,False,112.0,0.0,0.0,0.0,1333.0,1766,F,S,Student,roomgroupA
1767_01,Europa,True,55 Cancri e,False,0.0,0.0,0.0,0.0,0.0,1767,C,S,Teenager,roomgroupA
1767_02,Europa,False,TRAPPIST-1e,False,3677.0,782.0,0.0,6.0,1168.0,1767,C,S,Adult,roomgroupA
1767_03,Europa,False,TRAPPIST-1e,False,2973.0,3368.0,124.0,57.0,42.0,1767,C,S,Young Adult,roomgroupA
1767_04,Europa,True,TRAPPIST-1e,False,0.0,0.0,0.0,0.0,0.0,1767,C,S,Adult,roomgroupA
1768_01,Earth,False,TRAPPIST-1e,False,0.0,24.0,0.0,732.0,0.0,1768,G,S,Unknown,roomgroupA
1769_01,Mars,True,TRAPPIST-1e,False,0.0,0.0,0.0,0.0,0.0,1769,F,S,Adult,roomgroupA
1770_01,Europa,True,55 Cancri e,False,0.0,0.0,0.0,0.0,0.0,1770,B,S,Teenager,roomgroupA
1771_01,Earth,False,TRAPPIST-1e,False,0.0,338.0,436.0,,0.0,1771,G,P,Adult,roomgroupA
1772_01,Mars,False,TRAPPIST-1e,False,1220.0,0.0,49.0,39.0,0.0,1772,F,P,Young Adult,roomgroupA
1774_01,Mars,True,TRAPPIST-1e,False,0.0,0.0,0.0,0.0,0.0,1774,E,S,Young Adult,roomgroupA
1775_01,Earth,False,TRAPPIST-1e,False,0.0,0.0,870.0,0.0,14.0,1775,G,S,Adult,roomgroupA
1776_01,Earth,False,TRAPPIST-1e,False,0.0,0.0,809.0,0.0,0.0,1776,G,S,Student,roomgroupA
1778_01,Earth,True,PSO J318.5-22,False,0.0,0.0,0.0,0.0,0.0,1778,G,S,Teenager,roomgroupA
1779_01,Earth,False,55 Cancri e,False,164.0,603.0,0.0,0.0,11.0,1779,F,P,Adult,roomgroupA
1781_01,Europa,False,55 Cancri e,False,0.0,11026.0,0.0,0.0,12.0,1781,C,S,Young Adult,roomgroupA
1782_01,Earth,True,TRAPPIST-1e,False,0.0,0.0,0.0,0.0,0.0,1782,G,S,Young Adult,roomgroupA
1782_02,Earth,False,TRAPPIST-1e,,596.0,,135.0,73.0,0.0,1782,F,S,Adult,roomgroupA
1783_01,Earth,False,55 Cancri e,False,28.0,0.0,0.0,0.0,591.0,1783,G,S,Adult,roomgroupA
1783_02,Earth,True,PSO J318.5-22,False,0.0,0.0,0.0,,0.0,1783,G,S,Student,roomgroupA
1785_01,Mars,True,55 Cancri e,False,0.0,0.0,0.0,,0.0,1785,E,P,Young Adult,roomgroupA
1786_01,Earth,False,TRAPPIST-1e,False,28.0,94.0,0.0,34.0,638.0,1786,F,S,Adult,roomgroupA
1792_01,Mars,False,TRAPPIST-1e,False,27.0,2.0,71.0,1208.0,0.0,1792,F,P,Senior,roomgroupA
1796_01,Europa,True,TRAPPIST-1e,,0.0,0.0,0.0,0.0,0.0,1796,C,S,Young Adult,roomgroupA
1797_01,Europa,True,55 Cancri e,False,0.0,0.0,0.0,0.0,0.0,1797,B,P,Young Adult,roomgroupA
1798_01,Earth,False,TRAPPIST-1e,False,1.0,275.0,33.0,376.0,105.0,1798,E,S,Adult,roomgroupA
1799_01,Earth,False,TRAPPIST-1e,,5.0,639.0,0.0,84.0,180.0,1799,G,P,Student,roomgroupA
1800_01,Earth,False,55 Cancri e,False,0.0,0.0,0.0,0.0,0.0,1800,G,S,Teenager,roomgroupA
1800_02,Earth,True,55 Cancri e,False,0.0,0.0,0.0,0.0,0.0,1800,G,S,Child,roomgroupA
1800_03,Earth,True,TRAPPIST-1e,False,0.0,0.0,0.0,0.0,0.0,1800,G,S,Baby,roomgroupA
1800_04,Earth,False,TRAPPIST-1e,False,0.0,0.0,0.0,0.0,0.0,1800,G,S,Baby,roomgroupA
1800_05,Earth,True,TRAPPIST-1e,False,0.0,0.0,0.0,0.0,0.0,1800,G,S,Baby,roomgroupA
1802_01,Earth,False,TRAPPIST-1e,False,0.0,0.0,2.0,787.0,1.0,1802,E,P,Young Adult,roomgroupA
1803_01,Earth,False,55 Cancri e,False,0.0,169.0,0.0,553.0,0.0,1803,F,P,Student,roomgroupA
1804_01,Mars,True,TRAPPIST-1e,False,0.0,0.0,0.0,0.0,0.0,1804,F,P,Child,roomgroupA
1805_01,Earth,True,TRAPPIST-1e,False,0.0,0.0,0.0,0.0,0.0,1805,G,S,Young Adult,roomgroupA
1806_01,Mars,False,TRAPPIST-1e,False,0.0,0.0,0.0,0.0,0.0,1806,E,S,Young Adult,roomgroupA
1807_01,Europa,False,55 Cancri e,False,0.0,3722.0,4.0,140.0,4045.0,1807,B,P,Young Adult,roomgroupA
1808_01,Earth,False,TRAPPIST-1e,False,0.0,763.0,8.0,2.0,30.0,1808,F,S,Young Adult,roomgroupA
1810_01,Mars,False,TRAPPIST-1e,False,4694.0,0.0,2661.0,51.0,0.0,1810,F,P,Adult,roomgroupA
1811_01,Earth,True,PSO J318.5-22,False,0.0,0.0,0.0,0.0,0.0,1811,G,S,Young Adult,roomgroupA
1811_02,Earth,False,TRAPPIST-1e,,928.0,20.0,0.0,0.0,0.0,1811,F,S,Unknown,roomgroupA
1812_01,,False,TRAPPIST-1e,False,9.0,852.0,73.0,12.0,57.0,1812,F,P,Young Adult,roomgroupA
1813_01,Earth,False,55 Cancri e,False,0.0,0.0,454.0,0.0,263.0,1813,F,P,Student,roomgroupA
1816_01,Europa,False,TRAPPIST-1e,True,1891.0,640.0,0.0,360.0,52.0,1816,C,S,Senior,roomgroupA
1816_02,Europa,False,TRAPPIST-1e,False,0.0,2334.0,1.0,6.0,23.0,1816,C,S,Adult,roomgroupA
1817_01,Earth,False,PSO J318.5-22,False,112.0,0.0,38.0,77.0,443.0,1817,F,S,Teenager,roomgroupA
1818_01,Earth,True,TRAPPIST-1e,False,0.0,0.0,0.0,0.0,0.0,1818,G,P,Teenager,roomgroupA
1821_01,Earth,False,TRAPPIST-1e,False,,4.0,361.0,0.0,19.0,1821,G,P,Young Adult,roomgroupA
1822_01,Earth,False,TRAPPIST-1e,False,2.0,811.0,0.0,0.0,0.0,1822,G,P,Young Adult,roomgroupA
1823_01,,False,TRAPPIST-1e,False,143.0,68.0,496.0,182.0,9.0,1823,G,S,Senior,roomgroupA
1826_01,Earth,False,55 Cancri e,False,,231.0,569.0,2.0,0.0,1826,F,S,Teenager,roomgroupA
1827_01,Earth,False,55 Cancri e,False,0.0,94.0,1.0,56.0,427.0,1827,F,S,Young Adult,roomgroupA
1828_01,Earth,False,,False,0.0,1333.0,3.0,624.0,254.0,1828,F,P,Student,roomgroupA
1829_01,Europa,False,55 Cancri e,False,0.0,3578.0,80.0,123.0,,1829,D,P,Adult,roomgroupA
1829_02,Europa,False,TRAPPIST-1e,False,1.0,6398.0,0.0,2.0,295.0,1829,D,P,Young Adult,roomgroupA
1829_03,Europa,False,TRAPPIST-1e,False,0.0,8882.0,21.0,2204.0,19.0,1829,D,P,Student,roomgroupA
1829_04,Europa,False,TRAPPIST-1e,True,0.0,4424.0,3.0,207.0,1572.0,1829,D,P,Young Adult,roomgroupA
1829_05,Europa,True,55 Cancri e,False,0.0,0.0,0.0,0.0,0.0,1829,D,P,Student,roomgroupA
1829_06,Europa,False,TRAPPIST-1e,False,0.0,699.0,0.0,0.0,1955.0,1829,D,P,Young Adult,roomgroupA
1831_01,Earth,True,TRAPPIST-1e,False,0.0,0.0,0.0,0.0,,1831,G,S,Student,roomgroupA
1833_01,Europa,False,55 Cancri e,False,140.0,127.0,0.0,4102.0,521.0,1833,C,P,Adult,roomgroupA
1834_01,Mars,False,,False,17.0,0.0,1582.0,0.0,0.0,1834,F,S,Young Adult,roomgroupA
1836_01,Earth,False,TRAPPIST-1e,False,1639.0,1218.0,0.0,1.0,0.0,1836,F,P,Student,roomgroupA
1841_01,Earth,False,TRAPPIST-1e,False,1104.0,0.0,0.0,0.0,0.0,1841,F,P,Adult,roomgroupA
1843_01,Europa,False,TRAPPIST-1e,False,2249.0,153.0,137.0,,194.0,1843,E,P,Adult,roomgroupA
1844_01,Earth,False,PSO J318.5-22,False,0.0,0.0,0.0,0.0,1381.0,1844,F,S,Adult,roomgroupA
1844_02,Earth,True,TRAPPIST-1e,False,0.0,0.0,0.0,0.0,0.0,1844,G,S,Baby,roomgroupA
1844_03,Earth,True,TRAPPIST-1e,False,0.0,0.0,0.0,0.0,0.0,1844,G,S,Baby,roomgroupA
1846_01,Earth,False,TRAPPIST-1e,False,0.0,0.0,0.0,788.0,16.0,1846,F,P,Student,roomgroupA
1847_01,Earth,False,TRAPPIST-1e,False,5.0,317.0,,0.0,123.0,1847,G,S,Senior,roomgroupA
1848_01,Earth,False,TRAPPIST-1e,False,181.0,0.0,2.0,0.0,663.0,1848,G,S,Unknown,roomgroupA
1849_01,Earth,False,TRAPPIST-1e,False,113.0,0.0,0.0,1282.0,0.0,1849,F,P,Young Adult,roomgroupA
1850_01,Earth,False,PSO J318.5-22,False,0.0,316.0,257.0,0.0,0.0,1850,F,S,Adult,roomgroupA
1850_02,Earth,False,55 Cancri e,False,0.0,0.0,1.0,735.0,25.0,1850,F,S,Young Adult,roomgroupA
1853_01,Earth,True,TRAPPIST-1e,False,0.0,0.0,0.0,0.0,0.0,1853,G,P,Teenager,roomgroupA
1854_01,Europa,False,55 Cancri e,False,0.0,13527.0,0.0,0.0,771.0,1854,A,S,Adult,roomgroupA
1855_01,Earth,True,TRAPPIST-1e,False,0.0,0.0,0.0,0.0,0.0,1855,G,P,Baby,roomgroupA
1855_02,Earth,False,TRAPPIST-1e,False,0.0,43.0,864.0,0.0,85.0,1855,E,P,Adult,roomgroupA
1856_01,Earth,False,TRAPPIST-1e,False,8.0,710.0,0.0,27.0,0.0,1856,F,P,Student,roomgroupA
1857_01,Mars,False,55 Cancri e,False,120.0,0.0,657.0,52.0,0.0,1857,D,S,Young Adult,roomgroupA
1859_01,Mars,True,,False,0.0,0.0,0.0,0.0,0.0,1859,F,S,Young Adult,roomgroupA
1860_01,Europa,False,TRAPPIST-1e,True,0.0,1.0,0.0,0.0,3156.0,1860,A,P,Adult,roomgroupA
1860_02,Europa,False,55 Cancri e,False,95.0,3441.0,0.0,391.0,318.0,1860,A,P,Adult,roomgroupA
1861_01,Mars,True,TRAPPIST-1e,False,0.0,0.0,0.0,0.0,0.0,1861,F,S,Young Adult,roomgroupA
1861_02,Mars,False,TRAPPIST-1e,False,953.0,415.0,974.0,0.0,133.0,1861,F,S,Senior,roomgroupA
1863_01,Earth,False,55 Cancri e,False,14.0,0.0,1081.0,0.0,0.0,1863,F,P,Adult,roomgroupA
1864_01,Mars,False,TRAPPIST-1e,False,1752.0,22.0,0.0,4.0,,1864,D,S,Young Adult,roomgroupA
1865_01,Earth,True,TRAPPIST-1e,,0.0,0.0,0.0,0.0,0.0,1865,G,S,Baby,roomgroupA
1865_02,Earth,False,TRAPPIST-1e,False,0.0,0.0,0.0,0.0,0.0,1865,G,S,Baby,roomgroupA
1865_03,Earth,False,TRAPPIST-1e,False,0.0,0.0,0.0,0.0,0.0,1865,G,S,Child,roomgroupA
1865_04,Earth,False,TRAPPIST-1e,False,0.0,0.0,0.0,0.0,,1865,G,S,Child,roomgroupA
1865_05,Earth,,TRAPPIST-1e,False,0.0,60.0,0.0,646.0,1115.0,1865,G,S,Young Adult,roomgroupA
1865_06,,False,TRAPPIST-1e,False,0.0,0.0,0.0,0.0,0.0,1865,G,S,Child,roomgroupA
1866_01,Earth,False,TRAPPIST-1e,False,0.0,0.0,0.0,0.0,865.0,1866,F,P,Young Adult,roomgroupA
1868_01,Mars,True,TRAPPIST-1e,False,0.0,0.0,0.0,0.0,0.0,1868,F,P,Senior,roomgroupA
1871_01,Europa,False,TRAPPIST-1e,,0.0,1983.0,0.0,172.0,52.0,1871,C,S,Young Adult,roomgroupA
1872_01,Mars,True,TRAPPIST-1e,False,0.0,0.0,0.0,0.0,0.0,1872,E,S,Young Adult,roomgroupA
1873_01,Earth,True,TRAPPIST-1e,False,0.0,,0.0,0.0,0.0,1873,G,S,Young Adult,roomgroupA
1874_01,Earth,True,TRAPPIST-1e,False,0.0,0.0,0.0,0.0,0.0,1874,G,P,Baby,roomgroupA
1874_02,Earth,,PSO J318.5-22,False,0.0,0.0,0.0,486.0,1479.0,1874,F,P,Young Adult,roomgroupA
1877_01,Earth,False,TRAPPIST-1e,False,28.0,25.0,26.0,806.0,3.0,1877,G,P,Adult,roomgroupA
1878_01,Earth,False,TRAPPIST-1e,False,0.0,0.0,0.0,724.0,0.0,1878,F,P,Adult,roomgroupA
1879_01,Europa,False,TRAPPIST-1e,False,0.0,583.0,1789.0,19.0,1009.0,1879,D,P,Adult,roomgroupA
1880_01,Earth,False,55 Cancri e,False,470.0,128.0,0.0,0.0,9.0,1880,F,P,Student,roomgroupA
1881_01,Earth,False,TRAPPIST-1e,False,2215.0,0.0,0.0,86.0,0.0,1881,F,P,Student,roomgroupA
1882_01,Europa,,55 Cancri e,False,0.0,16263.0,72.0,0.0,15.0,1882,C,S,Student,roomgroupA
1882_02,Europa,True,55 Cancri e,False,0.0,0.0,0.0,0.0,0.0,1882,G,S,Teenager,roomgroupA
1884_01,Mars,True,TRAPPIST-1e,False,0.0,0.0,0.0,0.0,0.0,1884,E,S,Adult,roomgroupA
1886_01,Earth,False,TRAPPIST-1e,False,0.0,3.0,176.0,611.0,0.0,1886,E,S,Young Adult,roomgroupA
1887_01,Earth,False,TRAPPIST-1e,False,0.0,88.0,718.0,46.0,0.0,1887,G,S,Adult,roomgroupA
1888_01,Earth,False,TRAPPIST-1e,False,116.0,0.0,0.0,728.0,29.0,1888,F,S,Young Adult,roomgroupA
1889_01,Earth,False,TRAPPIST-1e,False,0.0,0.0,22.0,0.0,702.0,1889,F,P,Student,roomgroupA
1889_02,Earth,True,TRAPPIST-1e,False,0.0,0.0,0.0,0.0,0.0,1889,G,P,Child,roomgroupA
1890_01,Earth,True,55 Cancri e,False,0.0,0.0,0.0,0.0,0.0,1890,G,P,Adult,roomgroupA
1891_01,Mars,True,TRAPPIST-1e,False,0.0,0.0,0.0,0.0,0.0,1891,E,S,Adult,roomgroupA
1892_01,Europa,False,TRAPPIST-1e,False,5.0,809.0,0.0,309.0,731.0,1892,D,P,Adult,roomgroupA
1892_02,Europa,False,TRAPPIST-1e,False,4.0,841.0,0.0,363.0,1107.0,1892,G,S,Young Adult,roomgroupA
1892_03,Europa,False,55 Cancri e,False,0.0,748.0,158.0,5037.0,44.0,1892,D,P,Student,roomgroupA
1897_01,Europa,False,55 Cancri e,False,0.0,10153.0,1.0,78.0,5063.0,1897,C,S,Adult,roomgroupA
1897_02,Europa,False,TRAPPIST-1e,False,0.0,354.0,0.0,1806.0,0.0,1897,C,S,Adult,roomgroupA
1898_01,Earth,True,55 Cancri e,False,,0.0,0.0,0.0,0.0,1898,G,S,Student,roomgroupA
1899_01,Earth,False,PSO J318.5-22,False,11.0,44.0,397.0,0.0,0.0,1899,G,S,Young Adult,roomgroupA
1901_01,Europa,True,55 Cancri e,False,0.0,0.0,0.0,0.0,0.0,1901,A,P,Adult,roomgroupA
1901_02,Europa,True,55 Cancri e,False,0.0,0.0,0.0,0.0,0.0,1901,A,P,Adult,roomgroupA
1902_01,Earth,False,TRAPPIST-1e,False,42.0,0.0,345.0,1431.0,0.0,1902,G,S,Student,roomgroupA
1903_01,Earth,True,TRAPPIST-1e,False,0.0,0.0,0.0,0.0,0.0,1903,G,P,Adult,roomgroupA
1905_01,Earth,False,55 Cancri e,False,1465.0,39.0,0.0,0.0,1225.0,1905,F,S,Adult,roomgroupA
1906_01,Earth,True,TRAPPIST-1e,False,0.0,0.0,0.0,0.0,0.0,1906,G,S,Teenager,roomgroupA
1907_01,Europa,False,TRAPPIST-1e,False,,1810.0,0.0,126.0,247.0,1907,D,P,Adult,roomgroupA
1908_01,Mars,False,TRAPPIST-1e,False,1218.0,0.0,34.0,1095.0,0.0,1908,E,P,Student,roomgroupA
1911_01,Earth,False,TRAPPIST-1e,False,8.0,652.0,0.0,5.0,90.0,1911,G,S,Adult,roomgroupA
1915_01,Earth,False,TRAPPIST-1e,False,0.0,51.0,0.0,37.0,704.0,1915,E,P,Unknown,roomgroupA
1916_01,Europa,True,TRAPPIST-1e,False,0.0,0.0,0.0,0.0,0.0,1916,D,P,Teenager,roomgroupA
1916_02,Europa,False,55 Cancri e,False,1744.0,79.0,0.0,12.0,1514.0,1916,D,P,Student,roomgroupA
1918_01,Europa,True,TRAPPIST-1e,False,0.0,0.0,0.0,0.0,0.0,1918,A,S,Baby,roomgroupA
1918_02,Europa,True,TRAPPIST-1e,False,0.0,0.0,0.0,0.0,0.0,1918,A,S,Adult,roomgroupA
1918_03,Europa,False,TRAPPIST-1e,False,34.0,2043.0,0.0,1339.0,0.0,1918,A,S,Adult,roomgroupA
1920_01,Mars,False,TRAPPIST-1e,False,731.0,0.0,288.0,0.0,2.0,1920,E,P,Adult,roomgroupA
1922_01,Earth,True,55 Cancri e,False,0.0,0.0,0.0,0.0,0.0,1922,G,S,Student,roomgroupA
1923_01,Europa,False,TRAPPIST-1e,False,0.0,4286.0,18.0,4.0,872.0,1923,C,P,Senior,roomgroupA
1923_02,Europa,True,55 Cancri e,False,0.0,0.0,0.0,0.0,0.0,1923,C,P,Young Adult,roomgroupA
1925_01,Earth,True,TRAPPIST-1e,False,0.0,0.0,0.0,0.0,0.0,1925,G,S,Adult,roomgroupA
1926_01,,True,TRAPPIST-1e,False,0.0,0.0,0.0,0.0,0.0,1926,G,S,Student,roomgroupA
1927_01,Mars,False,TRAPPIST-1e,False,2424.0,0.0,1.0,0.0,284.0,1927,D,S,Adult,roomgroupA
1928_01,Earth,False,PSO J318.5-22,False,0.0,0.0,107.0,166.0,388.0,1928,E,S,Student,roomgroupA
1931_01,Europa,True,55 Cancri e,False,0.0,0.0,0.0,0.0,0.0,1931,C,S,Adult,roomgroupA
1933_01,Earth,False,TRAPPIST-1e,False,10.0,0.0,0.0,,0.0,1933,E,P,Adult,roomgroupA
1935_01,Earth,True,55 Cancri e,False,0.0,0.0,0.0,0.0,0.0,1935,G,S,Student,roomgroupA
1937_01,Earth,False,TRAPPIST-1e,False,7.0,877.0,17.0,0.0,0.0,1937,F,S,Adult,roomgroupA
1938_01,Earth,False,TRAPPIST-1e,False,0.0,0.0,1508.0,110.0,117.0,1938,F,S,Adult,roomgroupA
1939_01,Mars,False,TRAPPIST-1e,True,975.0,0.0,295.0,39.0,0.0,1939,F,P,Adult,roomgroupA
1939_02,Mars,False,TRAPPIST-1e,False,3037.0,10.0,43.0,0.0,0.0,1939,D,P,Teenager,roomgroupA
1940_01,Mars,False,TRAPPIST-1e,False,120.0,0.0,1476.0,3.0,0.0,1940,F,P,Young Adult,roomgroupA
1941_01,Earth,False,TRAPPIST-1e,False,717.0,0.0,0.0,0.0,0.0,1941,F,S,Student,roomgroupA
1942_01,Earth,False,TRAPPIST-1e,False,0.0,444.0,328.0,56.0,,1942,G,P,Adult,roomgroupA
1945_01,Earth,False,TRAPPIST-1e,False,0.0,0.0,787.0,0.0,0.0,1945,E,P,Teenager,roomgroupA
1946_01,Earth,False,TRAPPIST-1e,False,0.0,0.0,53.0,731.0,0.0,1946,G,P,Young Adult,roomgroupA
1947_01,Earth,False,TRAPPIST-1e,False,942.0,0.0,0.0,0.0,7.0,1947,F,S,Student,roomgroupA
1950_01,Earth,False,TRAPPIST-1e,False,0.0,0.0,0.0,101.0,1357.0,1950,F,S,Adult,roomgroupA
1952_01,Earth,False,TRAPPIST-1e,False,382.0,0.0,398.0,8.0,0.0,1952,E,P,Student,roomgroupA
1953_01,Earth,False,TRAPPIST-1e,False,0.0,0.0,0.0,0.0,717.0,1953,F,P,Adult,roomgroupA
1956_01,Mars,False,TRAPPIST-1e,False,2765.0,0.0,1134.0,0.0,0.0,1956,D,S,Adult,roomgroupA
1956_02,Mars,False,PSO J318.5-22,,708.0,0.0,5.0,0.0,74.0,1956,D,S,Adult,roomgroupA
1957_01,Earth,True,TRAPPIST-1e,False,0.0,0.0,0.0,0.0,0.0,1957,G,S,Young Adult,roomgroupA
1959_01,Europa,True,TRAPPIST-1e,False,0.0,0.0,0.0,0.0,0.0,1959,C,P,Teenager,roomgroupA
1959_02,Europa,False,TRAPPIST-1e,False,0.0,382.0,0.0,1.0,3822.0,1959,C,P,Adult,roomgroupA
1959_03,Europa,False,55 Cancri e,False,0.0,433.0,4899.0,393.0,260.0,1959,C,P,Young Adult,roomgroupA
1960_01,Earth,True,TRAPPIST-1e,False,0.0,0.0,0.0,0.0,0.0,1960,E,P,Adult,roomgroupA
1960_02,Earth,False,PSO J318.5-22,False,0.0,0.0,677.0,4.0,0.0,1960,E,P,Student,roomgroupA
1961_01,Earth,False,TRAPPIST-1e,False,302.0,6.0,0.0,6.0,613.0,1961,G,P,Adult,roomgroupA
1962_01,Earth,False,TRAPPIST-1e,False,3.0,361.0,94.0,824.0,160.0,1962,F,P,Young Adult,roomgroupA
1962_02,Earth,False,55 Cancri e,False,0.0,0.0,0.0,0.0,0.0,1962,G,P,Baby,roomgroupA
1962_03,Earth,True,TRAPPIST-1e,False,,0.0,0.0,0.0,0.0,1962,G,P,Baby,roomgroupA
1963_01,Earth,False,TRAPPIST-1e,False,0.0,0.0,0.0,1200.0,17.0,1963,F,P,Adult,roomgroupA
1964_01,Europa,False,TRAPPIST-1e,False,,869.0,1.0,375.0,3377.0,1964,C,S,Senior,roomgroupA
1967_01,Earth,True,TRAPPIST-1e,,0.0,0.0,0.0,0.0,0.0,1967,G,P,Young Adult,roomgroupA
1968_01,Earth,True,PSO J318.5-22,False,0.0,0.0,0.0,0.0,0.0,1968,G,P,Adult,roomgroupA
1969_01,Europa,False,55 Cancri e,False,,21066.0,0.0,2448.0,2293.0,1969,C,S,Young Adult,roomgroupA
1971_01,Earth,False,PSO J318.5-22,False,3.0,0.0,56.0,633.0,0.0,1971,F,S,Adult,roomgroupA
1973_01,Europa,True,55 Cancri e,False,0.0,0.0,0.0,0.0,0.0,1973,A,S,Adult,roomgroupA
1974_01,Mars,False,TRAPPIST-1e,False,3702.0,0.0,1.0,0.0,18.0,1974,D,P,Adult,roomgroupA
1975_01,Earth,False,TRAPPIST-1e,False,0.0,0.0,0.0,10.0,761.0,1975,G,S,Student,roomgroupA
1976_01,Europa,False,55 Cancri e,False,0.0,8037.0,,1.0,2.0,1976,B,S,Student,roomgroupA
1976_02,Europa,False,TRAPPIST-1e,False,15.0,3578.0,0.0,,473.0,1976,B,S,Young Adult,roomgroupA
1976_03,Europa,True,55 Cancri e,True,0.0,0.0,0.0,0.0,0.0,1976,B,S,Young Adult,roomgroupA
1976_04,Europa,False,TRAPPIST-1e,False,1.0,2972.0,0.0,3175.0,1.0,1976,B,S,Adult,roomgroupA
1976_05,Europa,True,55 Cancri e,False,0.0,0.0,0.0,0.0,0.0,1976,B,S,Teenager,roomgroupA
1976_06,Europa,True,TRAPPIST-1e,False,0.0,0.0,0.0,0.0,0.0,1976,B,S,Senior,roomgroupA
1976_07,Europa,True,TRAPPIST-1e,False,0.0,0.0,0.0,0.0,0.0,1976,B,S,Young Adult,roomgroupA
1977_01,Mars,True,TRAPPIST-1e,False,0.0,0.0,0.0,0.0,0.0,1977,F,P,Adult,roomgroupA
1978_01,,True,TRAPPIST-1e,False,0.0,0.0,0.0,0.0,0.0,1978,G,S,Student,roomgroupA
1979_01,Earth,False,TRAPPIST-1e,False,401.0,0.0,693.0,62.0,0.0,1979,F,S,Young Adult,roomgroupA
1980_01,Earth,True,TRAPPIST-1e,False,0.0,0.0,0.0,0.0,0.0,1980,G,S,Baby,roomgroupA
1980_02,Earth,False,TRAPPIST-1e,False,1434.0,5.0,0.0,0.0,0.0,1980,G,S,Young Adult,roomgroupA
1980_03,Earth,True,TRAPPIST-1e,False,0.0,0.0,0.0,0.0,0.0,1980,G,S,Adult,roomgroupA
1981_01,Earth,False,TRAPPIST-1e,False,196.0,602.0,0.0,0.0,198.0,1981,E,P,Young Adult,roomgroupA
1983_01,Earth,False,PSO J318.5-22,False,414.0,0.0,139.0,28.0,173.0,1983,G,P,Teenager,roomgroupA
1984_01,Europa,False,55 Cancri e,False,0.0,3166.0,0.0,91.0,6.0,1984,G,S,Adult,roomgroupA
1985_01,Mars,True,55 Cancri e,False,0.0,0.0,0.0,0.0,0.0,1985,F,P,Student,roomgroupA
1988_01,Earth,True,TRAPPIST-1e,False,0.0,0.0,0.0,0.0,0.0,1988,G,P,Adult,roomgroupA
1991_01,Earth,False,55 Cancri e,,0.0,0.0,30.0,499.0,138.0,1991,F,S,Student,roomgroupA
1991_02,Earth,False,TRAPPIST-1e,False,213.0,85.0,352.0,12.0,1.0,1991,E,S,Student,roomgroupA
1992_01,Mars,True,TRAPPIST-1e,False,,0.0,0.0,0.0,0.0,1992,F,S,Student,roomgroupA
1993_01,Earth,False,TRAPPIST-1e,False,1062.0,0.0,802.0,71.0,0.0,1993,F,S,Young Adult,roomgroupA
1994_01,Earth,False,TRAPPIST-1e,False,0.0,0.0,249.0,537.0,5.0,1994,E,P,Teenager,roomgroupA
1995_01,Earth,False,PSO J318.5-22,False,231.0,0.0,0.0,274.0,26.0,1995,G,S,Young Adult,roomgroupA
1996_01,Earth,False,TRAPPIST-1e,False,12.0,25.0,197.0,631.0,0.0,1996,F,S,Teenager,roomgroupA
1997_01,Earth,,TRAPPIST-1e,False,37.0,1670.0,0.0,0.0,0.0,1997,G,S,Adult,roomgroupA
1999_01,Earth,False,TRAPPIST-1e,False,373.0,1.0,1.0,496.0,0.0,1999,F,S,Adult,roomgroupA
2000_01,Europa,False,55 Cancri e,False,5.0,2676.0,13.0,0.0,157.0,2000,C,S,Young Adult,roomgroupA
2001_01,Earth,False,TRAPPIST-1e,False,673.0,194.0,548.0,59.0,40.0,2001,F,P,Young Adult,roomgroupA
2003_01,Earth,False,TRAPPIST-1e,,3.0,6.0,20.0,60.0,719.0,2003,G,P,Student,roomgroupA
2006_01,Earth,False,TRAPPIST-1e,False,,856.0,0.0,0.0,5.0,2006,F,S,Young Adult,roomgroupA
2006_02,Earth,False,TRAPPIST-1e,False,0.0,0.0,0.0,0.0,0.0,2006,G,S,Baby,roomgroupA
2006_03,Earth,True,TRAPPIST-1e,False,0.0,0.0,0.0,0.0,0.0,2006,G,S,Baby,roomgroupA
2007_01,Europa,False,55 Cancri e,False,0.0,5734.0,0.0,5.0,1.0,2007,A,S,Young Adult,roomgroupA
2009_01,Europa,False,TRAPPIST-1e,False,0.0,0.0,0.0,0.0,0.0,2009,B,P,Young Adult,roomgroupA
2009_02,Europa,True,TRAPPIST-1e,False,0.0,0.0,0.0,0.0,0.0,2009,B,P,Teenager,roomgroupA
2009_03,Europa,True,55 Cancri e,False,0.0,0.0,0.0,0.0,0.0,2009,B,P,Adult,roomgroupA
2010_01,Earth,True,PSO J318.5-22,False,0.0,0.0,0.0,0.0,,2010,G,P,Young Adult,roomgroupA
2011_01,Earth,True,PSO J318.5-22,False,0.0,0.0,0.0,0.0,,2011,G,S,Adult,roomgroupA
2012_01,Europa,False,55 Cancri e,True,1250.0,865.0,0.0,3725.0,5416.0,2012,B,P,Young Adult,roomgroupA
2013_01,Earth,False,TRAPPIST-1e,False,0.0,0.0,0.0,0.0,804.0,2013,F,P,Teenager,roomgroupA
2015_01,Earth,False,TRAPPIST-1e,False,1139.0,18.0,0.0,0.0,671.0,2015,F,S,Student,roomgroupA
2019_01,Europa,False,55 Cancri e,False,0.0,5183.0,0.0,1080.0,2.0,2019,B,S,Student,roomgroupA
2019_02,Europa,,55 Cancri e,False,0.0,162.0,0.0,148.0,7619.0,2019,B,S,Student,roomgroupA
2022_01,Earth,False,PSO J318.5-22,False,0.0,809.0,0.0,86.0,0.0,2022,F,S,Adult,roomgroupA
2024_01,,False,TRAPPIST-1e,False,0.0,0.0,0.0,0.0,0.0,2024,G,S,Baby,roomgroupA
2024_02,Earth,False,55 Cancri e,False,44.0,1535.0,10.0,51.0,0.0,2024,E,S,Teenager,roomgroupA
2026_01,Earth,True,TRAPPIST-1e,False,0.0,0.0,0.0,0.0,0.0,2026,G,S,Unknown,roomgroupA
2026_02,Earth,True,PSO J318.5-22,False,0.0,0.0,0.0,0.0,0.0,2026,G,S,Teenager,roomgroupA
2026_03,Earth,False,TRAPPIST-1e,False,0.0,4.0,429.0,0.0,287.0,2026,G,S,Student,roomgroupA
2027_01,Earth,False,55 Cancri e,False,30.0,1.0,1051.0,0.0,6.0,2027,F,P,Student,roomgroupA
2028_01,Earth,False,PSO J318.5-22,False,662.0,0.0,0.0,0.0,9.0,2028,F,S,Young Adult,roomgroupA
2029_01,Earth,False,55 Cancri e,False,0.0,6.0,730.0,1.0,0.0,2029,F,P,Adult,roomgroupA
2032_01,Mars,True,TRAPPIST-1e,False,0.0,0.0,0.0,0.0,0.0,2032,F,P,Young Adult,roomgroupA
2034_01,Earth,False,TRAPPIST-1e,False,399.0,75.0,38.0,771.0,0.0,2034,F,S,Adult,roomgroupA
2038_01,Earth,False,TRAPPIST-1e,False,6.0,133.0,503.0,0.0,2.0,2038,F,P,Student,roomgroupA
2040_01,Europa,True,TRAPPIST-1e,False,0.0,0.0,0.0,0.0,0.0,2040,B,S,Adult,roomgroupA
2040_02,Europa,True,TRAPPIST-1e,False,0.0,0.0,0.0,0.0,0.0,2040,B,S,Young Adult,roomgroupA
2041_01,Earth,True,TRAPPIST-1e,False,,0.0,0.0,0.0,0.0,2041,G,P,Senior,roomgroupA
2042_01,Earth,False,TRAPPIST-1e,False,0.0,0.0,0.0,785.0,19.0,2042,F,S,Adult,roomgroupA
2043_01,Mars,True,TRAPPIST-1e,False,,0.0,0.0,0.0,0.0,2043,F,S,Young Adult,roomgroupA
2044_01,Earth,False,TRAPPIST-1e,,0.0,0.0,634.0,1.0,23.0,2044,F,S,Young Adult,roomgroupA
2045_01,Earth,True,55 Cancri e,False,0.0,0.0,0.0,0.0,,2045,G,S,Adult,roomgroupA
2046_01,Earth,True,55 Cancri e,False,0.0,0.0,0.0,0.0,0.0,2046,G,P,Young Adult,roomgroupA
2051_01,Earth,False,TRAPPIST-1e,False,2.0,0.0,694.0,0.0,22.0,2051,E,P,Student,roomgroupA
2052_01,Mars,False,TRAPPIST-1e,False,162.0,1211.0,4.0,0.0,1.0,2052,E,S,Young Adult,roomgroupA
2053_01,Europa,False,55 Cancri e,False,281.0,741.0,13.0,0.0,4724.0,2053,C,P,Young Adult,roomgroupA
2054_01,Europa,False,55 Cancri e,False,0.0,,0.0,1528.0,1119.0,2054,C,P,Adult,roomgroupA
2055_01,Earth,False,TRAPPIST-1e,False,0.0,0.0,0.0,0.0,0.0,2055,G,P,Unknown,roomgroupA
2055_02,,False,PSO J318.5-22,False,0.0,58.0,0.0,0.0,642.0,2055,G,P,Young Adult,roomgroupA
2055_03,Earth,True,TRAPPIST-1e,False,0.0,0.0,0.0,0.0,0.0,2055,G,P,Young Adult,roomgroupA
2055_04,Earth,False,TRAPPIST-1e,False,0.0,0.0,0.0,0.0,0.0,2055,G,P,Child,roomgroupA
2055_05,Earth,True,TRAPPIST-1e,False,0.0,0.0,0.0,0.0,0.0,2055,G,P,Baby,roomgroupA
2055_06,Earth,True,TRAPPIST-1e,False,0.0,0.0,0.0,0.0,0.0,2055,G,P,Child,roomgroupA
2056_01,Earth,True,TRAPPIST-1e,False,0.0,0.0,0.0,0.0,0.0,2056,G,P,Adult,roomgroupA
2056_02,Earth,False,TRAPPIST-1e,False,16.0,0.0,0.0,712.0,149.0,2056,F,P,Teenager,roomgroupA
2056_03,Earth,False,TRAPPIST-1e,False,0.0,286.0,0.0,1739.0,13.0,2056,F,P,Senior,roomgroupA
2056_04,Earth,True,PSO J318.5-22,False,0.0,0.0,0.0,0.0,0.0,2056,G,P,Student,roomgroupA
2059_01,Earth,False,TRAPPIST-1e,False,2.0,0.0,0.0,0.0,907.0,2059,G,P,Adult,roomgroupA
2060_01,,False,55 Cancri e,False,1430.0,0.0,0.0,0.0,423.0,2060,G,S,Student,roomgroupA
2061_01,Europa,False,TRAPPIST-1e,False,0.0,5063.0,0.0,56.0,327.0,2061,D,P,Young Adult,roomgroupA
2062_01,Mars,,TRAPPIST-1e,False,583.0,0.0,753.0,0.0,0.0,2062,F,S,Teenager,roomgroupA
2063_01,Earth,True,PSO J318.5-22,False,0.0,0.0,0.0,0.0,0.0,2063,G,S,Adult,roomgroupA
2065_01,Earth,False,TRAPPIST-1e,False,12.0,0.0,0.0,0.0,1963.0,2065,F,P,Teenager,roomgroupA
2066_01,Earth,True,TRAPPIST-1e,False,0.0,0.0,0.0,0.0,0.0,2066,G,S,Student,roomgroupA
2067_01,Europa,True,TRAPPIST-1e,False,0.0,0.0,0.0,0.0,0.0,2067,C,P,Young Adult,roomgroupA
2067_02,Europa,False,TRAPPIST-1e,True,0.0,0.0,72.0,668.0,2713.0,2067,C,P,Young Adult,roomgroupA
2070_01,Earth,False,TRAPPIST-1e,False,,1.0,533.0,326.0,0.0,2070,E,P,Teenager,roomgroupA
2071_01,Europa,False,55 Cancri e,False,0.0,3559.0,0.0,3615.0,163.0,2071,C,S,Adult,roomgroupA
2071_02,Europa,False,55 Cancri e,False,167.0,2406.0,71.0,283.0,650.0,2071,C,S,Young Adult,roomgroupA
2073_01,Earth,False,TRAPPIST-1e,False,177.0,0.0,7.0,0.0,448.0,2073,F,S,Student,roomgroupA
2074_01,Europa,False,TRAPPIST-1e,False,1289.0,3343.0,0.0,4996.0,729.0,2074,D,S,Young Adult,roomgroupA
2074_02,Europa,False,TRAPPIST-1e,False,9.0,4081.0,0.0,0.0,16.0,2074,D,S,Student,roomgroupA
2075_01,Earth,False,55 Cancri e,False,270.0,0.0,0.0,25.0,343.0,2075,F,S,Young Adult,roomgroupA
2080_01,Earth,False,TRAPPIST-1e,False,430.0,0.0,340.0,52.0,61.0,2080,G,P,Adult,roomgroupA
2081_01,Earth,False,PSO J318.5-22,False,8.0,911.0,0.0,0.0,0.0,2081,F,P,Teenager,roomgroupA
2082_01,Earth,False,TRAPPIST-1e,False,0.0,0.0,4.0,35.0,769.0,2082,G,P,Student,roomgroupA
2083_01,Earth,False,TRAPPIST-1e,False,121.0,20.0,0.0,68.0,506.0,2083,F,S,Young Adult,roomgroupA
2084_01,Europa,False,TRAPPIST-1e,False,19.0,10.0,1.0,4759.0,6007.0,2084,A,P,Adult,roomgroupA
2084_02,Europa,True,TRAPPIST-1e,False,0.0,0.0,0.0,0.0,0.0,2084,A,P,Unknown,roomgroupA
2085_01,Europa,False,TRAPPIST-1e,False,0.0,590.0,2640.0,6202.0,99.0,2085,C,P,Adult,roomgroupA
2086_01,Europa,False,TRAPPIST-1e,False,51.0,4451.0,0.0,20.0,397.0,2086,A,S,Senior,roomgroupA
2086_02,Europa,False,TRAPPIST-1e,False,0.0,1342.0,0.0,152.0,556.0,2086,A,S,Student,roomgroupA
2087_01,Earth,False,TRAPPIST-1e,False,0.0,0.0,872.0,0.0,1.0,2087,F,S,Adult,roomgroupA
2088_01,Earth,False,55 Cancri e,False,0.0,717.0,0.0,0.0,0.0,2088,F,S,Adult,roomgroupA
2088_02,Earth,False,TRAPPIST-1e,False,51.0,0.0,1.0,368.0,509.0,2088,G,S,Adult,roomgroupA
2089_01,Earth,False,PSO J318.5-22,False,,2.0,133.0,0.0,549.0,2089,F,P,Student,roomgroupA
2090_01,Earth,False,TRAPPIST-1e,False,8.0,0.0,801.0,0.0,12.0,2090,F,P,Student,roomgroupA
2091_01,Earth,False,TRAPPIST-1e,False,356.0,,0.0,245.0,0.0,2091,F,P,Young Adult,roomgroupA
2092_01,Mars,False,TRAPPIST-1e,False,29.0,0.0,2315.0,0.0,1.0,2092,D,S,Student,roomgroupA
2092_02,Mars,False,TRAPPIST-1e,False,546.0,0.0,41.0,710.0,0.0,2092,E,S,Adult,roomgroupA
2092_03,Mars,False,TRAPPIST-1e,,6726.0,0.0,1605.0,1266.0,0.0,2092,G,S,Teenager,roomgroupA
2092_04,Mars,False,TRAPPIST-1e,False,1751.0,0.0,0.0,0.0,0.0,2092,F,S,Young Adult,roomgroupA
2092_05,Mars,False,TRAPPIST-1e,False,2300.0,0.0,22.0,256.0,0.0,2092,D,S,Student,roomgroupA
2094_01,Mars,True,TRAPPIST-1e,False,0.0,0.0,0.0,0.0,0.0,2094,F,P,Student,roomgroupA
2095_01,Earth,False,PSO J318.5-22,False,0.0,11.0,0.0,13.0,1344.0,2095,F,S,Young Adult,roomgroupA
2096_01,Mars,False,TRAPPIST-1e,False,216.0,10.0,611.0,594.0,0.0,2096,F,S,Young Adult,roomgroupA
2096_02,Mars,False,TRAPPIST-1e,False,1624.0,0.0,68.0,,0.0,2096,F,S,Adult,roomgroupA
2097_01,Europa,True,55 Cancri e,False,0.0,0.0,0.0,0.0,0.0,2097,B,S,Young Adult,roomgroupA
2099_01,Mars,False,,False,10.0,1095.0,1474.0,0.0,0.0,2099,D,S,Adult,roomgroupA
2100_01,Earth,False,PSO J318.5-22,False,0.0,0.0,734.0,3.0,5.0,2100,F,S,Adult,roomgroupA
2102_01,Europa,False,TRAPPIST-1e,False,63.0,9314.0,249.0,2624.0,4538.0,2102,C,S,Young Adult,roomgroupA
2104_01,Earth,False,TRAPPIST-1e,False,776.0,0.0,4.0,0.0,23.0,2104,F,S,Young Adult,roomgroupA
2104_02,Earth,False,TRAPPIST-1e,False,0.0,0.0,0.0,0.0,0.0,2104,G,S,Young Adult,roomgroupA
2105_01,Earth,True,55 Cancri e,False,0.0,0.0,0.0,0.0,0.0,2105,G,S,Teenager,roomgroupA
2106_01,Earth,False,55 Cancri e,False,1.0,0.0,0.0,4926.0,1.0,2106,G,S,Student,roomgroupA
2107_01,Earth,False,TRAPPIST-1e,False,235.0,2.0,1.0,650.0,0.0,2107,G,P,Young Adult,roomgroupA
2110_01,Earth,True,TRAPPIST-1e,False,0.0,0.0,0.0,0.0,0.0,2110,G,P,Student,roomgroupA
2111_01,Mars,False,TRAPPIST-1e,False,600.0,593.0,1404.0,0.0,1.0,2111,F,P,Young Adult,roomgroupA
2112_01,Mars,False,TRAPPIST-1e,False,860.0,305.0,18.0,1415.0,0.0,2112,F,P,Young Adult,roomgroupA
2114_01,Europa,True,55 Cancri e,False,0.0,0.0,0.0,0.0,0.0,2114,B,S,Adult,roomgroupA
2115_01,Europa,True,TRAPPIST-1e,False,0.0,0.0,0.0,0.0,0.0,2115,D,S,Young Adult,roomgroupA
2116_01,Earth,True,TRAPPIST-1e,False,0.0,0.0,0.0,0.0,0.0,2116,G,S,Adult,roomgroupA
2117_01,Europa,False,TRAPPIST-1e,False,0.0,8718.0,0.0,13036.0,267.0,2117,G,S,Young Adult,roomgroupA
2118_01,Earth,True,PSO J318.5-22,False,0.0,0.0,0.0,0.0,0.0,2118,G,P,Young Adult,roomgroupA
2120_01,Mars,False,TRAPPIST-1e,False,0.0,0.0,1058.0,0.0,0.0,2120,D,S,Adult,roomgroupA
2121_01,Earth,True,TRAPPIST-1e,False,0.0,0.0,0.0,0.0,0.0,2121,G,P,Student,roomgroupA
2123_01,Earth,True,PSO J318.5-22,False,0.0,0.0,0.0,0.0,0.0,2123,G,P,Student,roomgroupA
2123_02,Earth,True,PSO J318.5-22,False,0.0,0.0,0.0,0.0,0.0,2123,G,P,Teenager,roomgroupA
2124_01,Earth,False,55 Cancri e,False,770.0,0.0,0.0,40.0,0.0,2124,G,S,Student,roomgroupA
2125_01,Earth,False,TRAPPIST-1e,False,0.0,1.0,0.0,80.0,826.0,2125,G,P,Student,roomgroupA
2126_01,Earth,False,TRAPPIST-1e,False,717.0,0.0,0.0,0.0,0.0,2126,F,S,Unknown,roomgroupA
2127_01,Earth,False,TRAPPIST-1e,False,721.0,62.0,7.0,0.0,0.0,2127,F,P,Student,roomgroupA
2128_01,Earth,False,TRAPPIST-1e,False,624.0,0.0,0.0,0.0,185.0,2128,G,P,Student,roomgroupA
2129_01,Earth,False,TRAPPIST-1e,False,736.0,0.0,2.0,20.0,0.0,2129,F,P,Teenager,roomgroupA
2130_01,Earth,False,PSO J318.5-22,False,0.0,2.0,480.0,10.0,176.0,2130,F,P,Teenager,roomgroupA
2131_01,Earth,False,TRAPPIST-1e,False,0.0,,0.0,91.0,900.0,2131,E,P,Young Adult,roomgroupA
2133_01,Mars,False,TRAPPIST-1e,False,1054.0,0.0,43.0,85.0,0.0,2133,D,S,Unknown,roomgroupA
2133_02,Mars,True,TRAPPIST-1e,False,0.0,0.0,0.0,0.0,0.0,2133,F,S,Teenager,roomgroupA
2134_01,Mars,False,TRAPPIST-1e,False,1146.0,0.0,0.0,0.0,3.0,2134,F,P,Student,roomgroupA
2135_01,Earth,False,TRAPPIST-1e,False,75.0,0.0,0.0,1545.0,0.0,2135,E,P,Student,roomgroupA
2135_02,Earth,,TRAPPIST-1e,False,426.0,0.0,362.0,0.0,0.0,2135,E,P,Student,roomgroupA
2136_01,Earth,False,TRAPPIST-1e,False,2.0,0.0,17.0,868.0,28.0,2136,G,S,Senior,roomgroupA
2137_01,Mars,True,TRAPPIST-1e,False,0.0,0.0,0.0,0.0,0.0,2137,F,P,Young Adult,roomgroupA
2137_02,Mars,False,55 Cancri e,False,0.0,0.0,0.0,0.0,0.0,2137,F,P,Baby,roomgroupA
2137_03,Mars,False,55 Cancri e,False,0.0,0.0,0.0,0.0,0.0,2137,F,P,Baby,roomgroupA
2138_01,Earth,True,55 Cancri e,,0.0,0.0,0.0,0.0,0.0,2138,G,S,Teenager,roomgroupA
2139_01,Mars,True,TRAPPIST-1e,False,0.0,0.0,0.0,0.0,0.0,2139,F,S,Student,roomgroupA
2140_01,Earth,False,TRAPPIST-1e,False,0.0,0.0,698.0,0.0,0.0,2140,F,P,Student,roomgroupA
2141_01,Earth,False,55 Cancri e,False,0.0,0.0,1610.0,0.0,0.0,2141,E,P,Senior,roomgroupA
2142_01,Mars,True,TRAPPIST-1e,,0.0,0.0,0.0,0.0,0.0,2142,F,S,Adult,roomgroupA
2143_01,Earth,False,TRAPPIST-1e,False,0.0,1433.0,0.0,1234.0,0.0,2143,F,S,Student,roomgroupA
2143_02,Earth,True,TRAPPIST-1e,False,0.0,0.0,0.0,0.0,0.0,2143,G,S,Child,roomgroupA
2144_01,Earth,True,TRAPPIST-1e,False,0.0,0.0,0.0,0.0,0.0,2144,G,S,Adult,roomgroupA
2145_01,Earth,False,TRAPPIST-1e,False,0.0,951.0,128.0,0.0,0.0,2145,F,P,Teenager,roomgroupA
2147_01,Mars,False,TRAPPIST-1e,False,1146.0,0.0,47.0,0.0,105.0,2147,E,S,Unknown,roomgroupA
2148_01,Earth,False,TRAPPIST-1e,False,579.0,226.0,61.0,1.0,7.0,2148,F,S,Teenager,roomgroupA
2149_01,Europa,True,TRAPPIST-1e,False,0.0,0.0,0.0,0.0,0.0,2149,B,S,Student,roomgroupA
2150_01,Earth,True,PSO J318.5-22,False,0.0,0.0,0.0,0.0,0.0,2150,G,P,Adult,roomgroupA
2152_01,Earth,False,TRAPPIST-1e,False,2138.0,0.0,0.0,659.0,0.0,2152,F,P,Adult,roomgroupA
2153_01,Earth,True,TRAPPIST-1e,False,0.0,0.0,0.0,0.0,,2153,G,P,Student,roomgroupA
2154_01,Earth,False,TRAPPIST-1e,False,78.0,0.0,0.0,550.0,0.0,2154,G,P,Student,roomgroupA
2156_01,Earth,False,TRAPPIST-1e,False,651.0,25.0,0.0,849.0,2.0,2156,F,S,Adult,roomgroupA
2158_01,Earth,False,TRAPPIST-1e,False,0.0,820.0,0.0,45.0,0.0,2158,F,S,Student,roomgroupA
2159_01,Earth,False,TRAPPIST-1e,False,0.0,402.0,2027.0,0.0,0.0,2159,F,S,Student,roomgroupA
2161_01,Mars,True,TRAPPIST-1e,False,0.0,0.0,0.0,0.0,0.0,2161,F,P,Adult,roomgroupA
2162_01,Mars,True,PSO J318.5-22,False,0.0,0.0,0.0,0.0,0.0,2162,F,S,Young Adult,roomgroupA
2162_02,Mars,False,TRAPPIST-1e,False,0.0,0.0,0.0,0.0,0.0,2162,F,S,Baby,roomgroupA
2163_01,Earth,False,TRAPPIST-1e,False,0.0,0.0,6.0,745.0,22.0,2163,G,P,Young Adult,roomgroupA
2164_01,Europa,True,TRAPPIST-1e,,0.0,0.0,0.0,0.0,0.0,2164,B,P,Student,roomgroupA
2167_01,Earth,False,PSO J318.5-22,False,38.0,220.0,495.0,0.0,,2167,F,P,Student,roomgroupA
2168_01,Mars,True,TRAPPIST-1e,False,0.0,0.0,0.0,0.0,0.0,2168,F,S,Adult,roomgroupA
2168_02,Mars,False,TRAPPIST-1e,False,212.0,0.0,991.0,0.0,13.0,2168,F,S,Student,roomgroupA
2171_01,Earth,False,TRAPPIST-1e,False,388.0,0.0,7.0,409.0,0.0,2171,F,P,Young Adult,roomgroupA
2171_02,Earth,False,TRAPPIST-1e,False,2.0,0.0,551.0,5577.0,68.0,2171,G,P,Adult,roomgroupA
2172_01,Earth,False,PSO J318.5-22,False,0.0,774.0,0.0,0.0,0.0,2172,G,S,Student,roomgroupA
2173_01,Earth,True,PSO J318.5-22,False,0.0,0.0,0.0,0.0,0.0,2173,G,P,Young Adult,roomgroupA
2175_01,Earth,True,55 Cancri e,False,0.0,0.0,0.0,0.0,0.0,2175,G,S,Adult,roomgroupA
2177_01,Mars,True,TRAPPIST-1e,False,0.0,0.0,0.0,,0.0,2177,F,P,Adult,roomgroupA
2179_01,Europa,False,TRAPPIST-1e,False,437.0,3585.0,0.0,4488.0,281.0,2179,C,S,Young Adult,roomgroupA
2180_01,Earth,False,55 Cancri e,False,1.0,0.0,0.0,318.0,247.0,2180,F,S,Young Adult,roomgroupA
2182_01,Europa,False,TRAPPIST-1e,False,46.0,1935.0,0.0,995.0,1254.0,2182,B,P,Young Adult,roomgroupA
2183_01,Mars,False,PSO J318.5-22,False,607.0,0.0,41.0,334.0,251.0,2183,F,S,Adult,roomgroupA
2183_02,Mars,False,TRAPPIST-1e,False,938.0,59.0,31.0,12.0,0.0,2183,F,S,Student,roomgroupA
2186_01,Earth,True,TRAPPIST-1e,False,0.0,0.0,0.0,0.0,0.0,2186,G,S,Student,roomgroupA
2187_01,Earth,False,TRAPPIST-1e,False,0.0,236.0,0.0,1149.0,0.0,2187,F,P,Young Adult,roomgroupA
2188_01,Earth,False,55 Cancri e,False,0.0,421.0,0.0,207.0,63.0,2188,F,P,Young Adult,roomgroupA
2189_01,Earth,,TRAPPIST-1e,False,0.0,0.0,0.0,628.0,0.0,2189,G,P,Young Adult,roomgroupA
2190_01,Earth,False,,False,1750.0,0.0,446.0,0.0,76.0,2190,F,S,Student,roomgroupA
2191_01,Mars,True,TRAPPIST-1e,False,0.0,0.0,0.0,0.0,0.0,2191,F,S,Adult,roomgroupA
2193_01,Earth,False,PSO J318.5-22,False,0.0,0.0,619.0,0.0,70.0,2193,F,P,Young Adult,roomgroupA
2194_01,Earth,True,TRAPPIST-1e,False,0.0,0.0,0.0,0.0,0.0,2194,G,S,Adult,roomgroupA
2195_01,Earth,False,TRAPPIST-1e,False,0.0,280.0,119.0,646.0,5.0,2195,F,P,Young Adult,roomgroupA
2196_01,Europa,False,TRAPPIST-1e,False,,32.0,0.0,4027.0,1440.0,2196,B,P,Adult,roomgroupA
2196_02,Europa,False,55 Cancri e,False,26.0,4587.0,0.0,102.0,0.0,2196,B,P,Young Adult,roomgroupA
2196_03,Europa,True,TRAPPIST-1e,False,0.0,0.0,0.0,0.0,0.0,2196,B,P,Adult,roomgroupA
2196_04,Europa,False,55 Cancri e,False,0.0,1180.0,0.0,2677.0,283.0,2196,B,P,Adult,roomgroupA
2198_01,Earth,False,55 Cancri e,False,0.0,654.0,902.0,0.0,68.0,2198,E,S,Senior,roomgroupA
2200_01,Mars,False,TRAPPIST-1e,False,1443.0,1108.0,47.0,0.0,0.0,2200,F,P,Young Adult,roomgroupA
2201_01,Europa,False,55 Cancri e,False,0.0,1968.0,13.0,1051.0,,2201,D,S,Young Adult,roomgroupA
2202_01,Mars,False,TRAPPIST-1e,False,1671.0,0.0,17.0,0.0,0.0,2202,F,P,Adult,roomgroupA
2203_01,Mars,False,TRAPPIST-1e,False,2019.0,0.0,560.0,0.0,0.0,2203,D,S,Adult,roomgroupA
2204_01,Europa,True,55 Cancri e,False,0.0,0.0,0.0,0.0,0.0,2204,B,S,Young Adult,roomgroupA
2205_01,Earth,False,TRAPPIST-1e,False,0.0,0.0,187.0,602.0,0.0,2205,E,S,Young Adult,roomgroupA
2206_01,Earth,False,PSO J318.5-22,False,0.0,14.0,857.0,0.0,72.0,2206,F,S,Teenager,roomgroupA
2207_01,Earth,False,TRAPPIST-1e,False,546.0,0.0,228.0,0.0,0.0,2207,G,S,Student,roomgroupA
2209_01,Earth,False,TRAPPIST-1e,False,1356.0,20.0,0.0,13.0,0.0,2209,F,S,Young Adult,roomgroupA
2210_01,Earth,True,TRAPPIST-1e,False,0.0,0.0,0.0,0.0,0.0,2210,G,S,Teenager,roomgroupA
2211_01,Earth,False,TRAPPIST-1e,False,0.0,2347.0,0.0,380.0,0.0,2211,F,S,Teenager,roomgroupA
2212_01,Earth,False,TRAPPIST-1e,False,0.0,5.0,0.0,2170.0,0.0,2212,F,P,Adult,roomgroupA
2215_01,Europa,False,55 Cancri e,True,0.0,29813.0,0.0,1257.0,6.0,2215,A,S,Adult,roomgroupA
2215_02,Europa,False,TRAPPIST-1e,False,2.0,2229.0,33.0,6.0,198.0,2215,A,S,Adult,roomgroupA
2215_03,Europa,True,TRAPPIST-1e,False,0.0,0.0,0.0,0.0,0.0,2215,A,S,Young Adult,roomgroupA
2215_04,Europa,False,,False,0.0,3206.0,0.0,698.0,72.0,2215,A,S,Adult,roomgroupA
2219_01,Earth,True,55 Cancri e,False,0.0,0.0,0.0,0.0,0.0,2219,G,S,Student,roomgroupA
2220_01,Earth,False,TRAPPIST-1e,False,0.0,0.0,880.0,0.0,2.0,2220,G,S,Adult,roomgroupA
2221_01,Earth,True,PSO J318.5-22,False,0.0,0.0,0.0,0.0,0.0,2221,G,P,Young Adult,roomgroupA
2223_01,Earth,False,TRAPPIST-1e,False,0.0,86.0,0.0,252.0,570.0,2223,G,S,Unknown,roomgroupA
2224_01,Earth,False,TRAPPIST-1e,False,0.0,600.0,0.0,204.0,0.0,2224,F,S,Teenager,roomgroupA
2225_01,Earth,True,PSO J318.5-22,False,0.0,0.0,0.0,0.0,0.0,2225,G,P,Young Adult,roomgroupA
2228_01,Mars,False,TRAPPIST-1e,False,1172.0,0.0,1.0,,0.0,2228,E,S,Senior,roomgroupA
2229_01,Earth,False,TRAPPIST-1e,False,48.0,329.0,182.0,26.0,154.0,2229,F,S,Student,roomgroupA
2231_01,Mars,False,TRAPPIST-1e,False,2.0,416.0,26.0,510.0,0.0,2231,E,S,Young Adult,roomgroupA
2232_01,Earth,False,55 Cancri e,False,0.0,14.0,671.0,1.0,3.0,2232,F,S,Young Adult,roomgroupA
2232_02,Earth,False,TRAPPIST-1e,False,0.0,1220.0,0.0,140.0,0.0,2232,F,S,Young Adult,roomgroupA
2233_01,Earth,False,TRAPPIST-1e,False,9.0,18.0,0.0,2.0,878.0,2233,G,P,Adult,roomgroupA
2234_01,Mars,True,55 Cancri e,False,0.0,0.0,0.0,0.0,0.0,2234,F,P,Student,roomgroupA
2234_02,Mars,True,55 Cancri e,False,0.0,0.0,0.0,0.0,0.0,2234,F,P,Student,roomgroupA
2234_03,Mars,False,TRAPPIST-1e,False,0.0,0.0,0.0,0.0,0.0,2234,E,P,Student,roomgroupA
2234_04,Mars,False,55 Cancri e,False,552.0,8.0,1348.0,5.0,,2234,E,P,Student,roomgroupA
2234_05,Mars,False,TRAPPIST-1e,False,21.0,0.0,1031.0,0.0,,2234,D,P,Young Adult,roomgroupA
2234_06,Mars,True,55 Cancri e,False,0.0,0.0,0.0,0.0,0.0,2234,F,P,Teenager,roomgroupA
2234_07,Mars,,TRAPPIST-1e,False,2538.0,0.0,61.0,0.0,0.0,2234,F,P,Young Adult,roomgroupA
2235_01,Earth,False,TRAPPIST-1e,False,203.0,539.0,0.0,0.0,0.0,2235,F,P,Young Adult,roomgroupA
2237_01,Europa,False,55 Cancri e,False,0.0,162.0,741.0,3733.0,99.0,2237,C,S,Young Adult,roomgroupA
2237_02,Europa,True,TRAPPIST-1e,False,0.0,0.0,0.0,0.0,0.0,2237,C,S,Adult,roomgroupA
2238_01,Europa,True,55 Cancri e,False,0.0,0.0,0.0,0.0,0.0,2238,A,S,Young Adult,roomgroupA
2239_01,Earth,False,PSO J318.5-22,False,93.0,0.0,469.0,0.0,0.0,2239,F,S,Young Adult,roomgroupA
2241_01,Earth,False,TRAPPIST-1e,False,485.0,1109.0,921.0,0.0,1.0,2241,F,P,Young Adult,roomgroupA
2243_01,Earth,False,TRAPPIST-1e,False,38.0,483.0,80.0,47.0,121.0,2243,G,P,Student,roomgroupA
2251_01,Europa,False,55 Cancri e,False,320.0,1179.0,756.0,4996.0,85.0,2251,A,S,Senior,roomgroupA
2251_02,Europa,False,TRAPPIST-1e,False,2.0,1.0,14.0,2.0,1153.0,2251,A,S,Adult,roomgroupA
2252_01,Earth,False,,False,0.0,1368.0,0.0,,960.0,2252,G,P,Adult,roomgroupA
2253_01,Earth,False,TRAPPIST-1e,False,701.0,32.0,171.0,8.0,0.0,2253,G,S,Adult,roomgroupA
2254_01,Earth,False,TRAPPIST-1e,False,0.0,10.0,0.0,702.0,1.0,2254,F,P,Young Adult,roomgroupA
2255_01,Europa,True,55 Cancri e,False,0.0,0.0,0.0,0.0,0.0,2255,C,P,Adult,roomgroupA
2255_02,Europa,True,TRAPPIST-1e,False,0.0,0.0,0.0,0.0,0.0,2255,C,P,Young Adult,roomgroupA
2256_01,Earth,True,TRAPPIST-1e,False,0.0,0.0,0.0,0.0,0.0,2256,G,S,Adult,roomgroupA
2257_01,Europa,False,TRAPPIST-1e,True,0.0,3341.0,,80.0,654.0,2257,C,P,Young Adult,roomgroupA
2257_02,Europa,True,55 Cancri e,False,0.0,0.0,0.0,0.0,0.0,2257,B,P,Student,roomgroupA
2258_01,Earth,True,TRAPPIST-1e,False,,0.0,0.0,0.0,0.0,2258,G,P,Adult,roomgroupA
2261_01,Earth,False,TRAPPIST-1e,False,0.0,0.0,885.0,0.0,0.0,2261,F,S,Young Adult,roomgroupA
2262_01,Earth,False,55 Cancri e,False,485.0,4.0,136.0,48.0,0.0,2262,G,P,Adult,roomgroupA
2263_01,Earth,False,TRAPPIST-1e,False,0.0,0.0,32.0,772.0,0.0,2263,F,P,Adult,roomgroupA
2264_01,Earth,False,TRAPPIST-1e,False,0.0,0.0,13.0,0.0,868.0,2264,F,S,Adult,roomgroupA
2266_01,Mars,False,TRAPPIST-1e,False,616.0,0.0,185.0,210.0,475.0,2266,F,P,Young Adult,roomgroupA
2267_01,Mars,False,TRAPPIST-1e,False,2318.0,0.0,647.0,81.0,0.0,2267,E,S,Adult,roomgroupA
2268_01,Earth,True,TRAPPIST-1e,False,0.0,0.0,0.0,0.0,0.0,2268,G,P,Student,roomgroupA
2269_01,Mars,True,TRAPPIST-1e,False,0.0,0.0,0.0,0.0,0.0,2269,F,P,Young Adult,roomgroupA
2270_01,Mars,False,TRAPPIST-1e,False,171.0,0.0,1257.0,5.0,0.0,2270,F,P,Adult,roomgroupA
2272_01,Earth,False,TRAPPIST-1e,False,0.0,0.0,0.0,0.0,0.0,2272,G,P,Baby,roomgroupA
2272_02,Earth,True,55 Cancri e,False,0.0,0.0,0.0,0.0,0.0,2272,G,S,Student,roomgroupA
2272_03,Earth,False,TRAPPIST-1e,False,0.0,0.0,0.0,0.0,0.0,2272,G,P,Baby,roomgroupA
2273_01,Earth,False,TRAPPIST-1e,False,0.0,0.0,0.0,10.0,778.0,2273,E,S,Student,roomgroupA
2274_01,Europa,True,55 Cancri e,False,0.0,0.0,0.0,0.0,0.0,2274,C,P,Young Adult,roomgroupA
2274_02,Europa,True,55 Cancri e,False,0.0,0.0,0.0,0.0,0.0,2274,C,P,Young Adult,roomgroupA
2275_01,Mars,False,PSO J318.5-22,False,241.0,0.0,670.0,0.0,0.0,2275,F,P,Adult,roomgroupA
2277_01,Earth,False,TRAPPIST-1e,False,26.0,313.0,470.0,0.0,0.0,2277,G,S,Student,roomgroupA
2278_01,Europa,True,55 Cancri e,False,0.0,0.0,,0.0,0.0,2278,C,P,Student,roomgroupA
2279_01,Europa,False,55 Cancri e,False,0.0,140.0,,85.0,3970.0,2279,B,S,Adult,roomgroupA
2280_01,Europa,False,TRAPPIST-1e,False,20.0,1064.0,0.0,0.0,11643.0,2280,B,S,Student,roomgroupA
2281_01,Earth,False,TRAPPIST-1e,False,0.0,0.0,0.0,0.0,0.0,2281,E,P,Child,roomgroupA
2282_01,Earth,,TRAPPIST-1e,False,0.0,544.0,1.0,0.0,378.0,2282,F,P,Student,roomgroupA
2284_01,Mars,False,TRAPPIST-1e,False,262.0,302.0,1127.0,4225.0,0.0,2284,F,P,Student,roomgroupA
2287_01,Earth,False,TRAPPIST-1e,False,0.0,1.0,0.0,219.0,,2287,F,P,Adult,roomgroupA
2288_01,Earth,False,TRAPPIST-1e,False,12.0,746.0,802.0,58.0,0.0,2288,E,S,Student,roomgroupA
2289_01,Mars,False,TRAPPIST-1e,False,20.0,0.0,2559.0,20.0,0.0,2289,F,P,Adult,roomgroupA
2291_01,Earth,,55 Cancri e,False,0.0,0.0,0.0,,0.0,2291,G,S,Child,roomgroupA
2291_02,Earth,False,TRAPPIST-1e,False,3.0,0.0,435.0,8.0,277.0,2291,G,S,Adult,roomgroupA
2291_03,Earth,False,55 Cancri e,False,426.0,37.0,0.0,0.0,568.0,2291,F,S,Adult,roomgroupA
2295_01,Earth,False,TRAPPIST-1e,False,0.0,0.0,1224.0,,1769.0,2295,F,P,Senior,roomgroupA
2295_02,Earth,False,TRAPPIST-1e,False,0.0,8.0,70.0,360.0,258.0,2295,F,P,Adult,roomgroupA
2296_01,Earth,True,TRAPPIST-1e,False,0.0,0.0,,0.0,0.0,2296,G,P,Student,roomgroupA
2298_01,Earth,False,PSO J318.5-22,False,270.0,412.0,1.0,,5.0,2298,F,P,Young Adult,roomgroupA
2299_01,Mars,False,TRAPPIST-1e,False,174.0,0.0,381.0,0.0,62.0,2299,F,S,Adult,roomgroupA
2300_01,Europa,False,55 Cancri e,False,0.0,,0.0,0.0,8195.0,2300,C,P,Student,roomgroupA
2300_02,Europa,False,55 Cancri e,False,0.0,22.0,,3028.0,3768.0,2300,C,P,Young Adult,roomgroupA
2301_01,Earth,False,TRAPPIST-1e,False,1010.0,0.0,33.0,10.0,0.0,2301,F,S,Student,roomgroupA
2301_02,Earth,False,55 Cancri e,False,1508.0,,0.0,1.0,0.0,2301,G,S,Adult,roomgroupA
2301_03,Earth,False,55 Cancri e,False,1367.0,0.0,1.0,0.0,0.0,2301,F,S,Young Adult,roomgroupA
2302_01,Europa,False,TRAPPIST-1e,True,0.0,3381.0,0.0,4463.0,34.0,2302,A,P,Adult,roomgroupA
2303_01,Mars,False,55 Cancri e,False,1377.0,0.0,32.0,22.0,0.0,2303,F,P,Adult,roomgroupA
2305_01,Earth,True,TRAPPIST-1e,False,0.0,0.0,0.0,0.0,0.0,2305,G,S,Senior,roomgroupA
2306_01,Europa,False,TRAPPIST-1e,False,0.0,0.0,0.0,0.0,0.0,2306,C,P,Baby,roomgroupA
2306_02,Europa,False,TRAPPIST-1e,False,0.0,0.0,0.0,0.0,0.0,2306,C,P,Unknown,roomgroupA
2306_03,Europa,False,TRAPPIST-1e,False,0.0,297.0,3.0,676.0,2924.0,2306,C,P,Student,roomgroupA
2306_04,Europa,False,55 Cancri e,False,0.0,12077.0,0.0,75.0,0.0,2306,C,P,Young Adult,roomgroupA
2306_05,Europa,True,55 Cancri e,False,0.0,0.0,0.0,0.0,0.0,2306,C,P,Adult,roomgroupA
2306_06,Europa,False,55 Cancri e,False,1320.0,428.0,4.0,24.0,0.0,2306,C,P,Adult,roomgroupA
2308_01,Europa,True,TRAPPIST-1e,False,0.0,0.0,0.0,0.0,0.0,2308,D,S,Young Adult,roomgroupA
2308_02,Europa,False,55 Cancri e,False,9.0,2426.0,95.0,1249.0,168.0,2308,D,S,Adult,roomgroupA
2308_03,Europa,False,TRAPPIST-1e,False,0.0,2012.0,1.0,9124.0,4.0,2308,D,S,Young Adult,roomgroupA
2308_04,Europa,False,TRAPPIST-1e,False,0.0,4715.0,0.0,599.0,6.0,2308,D,S,Senior,roomgroupA
2309_01,Earth,True,PSO J318.5-22,False,0.0,0.0,0.0,0.0,0.0,2309,G,P,Child,roomgroupA
2310_01,Europa,True,55 Cancri e,False,0.0,0.0,0.0,0.0,0.0,2310,D,P,Senior,roomgroupA
2310_02,Europa,True,TRAPPIST-1e,False,0.0,0.0,0.0,0.0,0.0,2310,D,P,Adult,roomgroupA
2310_03,Europa,False,TRAPPIST-1e,False,0.0,2210.0,0.0,4085.0,11.0,2310,D,P,Adult,roomgroupA
2310_04,Europa,True,TRAPPIST-1e,False,0.0,0.0,0.0,0.0,0.0,2310,D,P,Adult,roomgroupA
2311_01,Earth,False,TRAPPIST-1e,False,0.0,763.0,1.0,66.0,84.0,2311,G,P,Young Adult,roomgroupA
2312_01,,True,TRAPPIST-1e,False,0.0,0.0,,0.0,0.0,2312,G,S,Young Adult,roomgroupA
2313_01,Mars,False,TRAPPIST-1e,False,1365.0,0.0,791.0,210.0,0.0,2313,F,P,Young Adult,roomgroupA
2314_01,Earth,True,TRAPPIST-1e,False,0.0,0.0,0.0,0.0,0.0,2314,G,S,Teenager,roomgroupA
2315_01,Europa,True,55 Cancri e,False,0.0,0.0,0.0,0.0,0.0,2315,B,P,Young Adult,roomgroupA
2316_01,Earth,True,PSO J318.5-22,False,0.0,0.0,0.0,0.0,0.0,2316,G,S,Adult,roomgroupA
2317_01,Earth,False,TRAPPIST-1e,False,0.0,454.0,0.0,454.0,0.0,2317,G,S,Adult,roomgroupA
2318_01,Earth,False,TRAPPIST-1e,False,128.0,37.0,626.0,0.0,5.0,2318,F,P,Student,roomgroupA
2319_01,,True,PSO J318.5-22,False,0.0,0.0,0.0,0.0,0.0,2319,G,P,Adult,roomgroupA
2320_01,Earth,False,55 Cancri e,False,0.0,760.0,0.0,21.0,23.0,2320,F,S,Unknown,roomgroupA
2321_01,Earth,True,PSO J318.5-22,False,0.0,0.0,0.0,0.0,0.0,2321,G,S,Young Adult,roomgroupA
2325_01,Earth,True,PSO J318.5-22,False,0.0,0.0,0.0,0.0,0.0,2325,G,S,Student,roomgroupA
2327_01,Europa,False,TRAPPIST-1e,False,0.0,4106.0,388.0,892.0,2.0,2327,B,P,Young Adult,roomgroupA
2329_01,Mars,True,TRAPPIST-1e,False,0.0,,0.0,0.0,0.0,2329,F,P,Young Adult,roomgroupA
2332_01,Earth,False,TRAPPIST-1e,False,556.0,0.0,20.0,1589.0,0.0,2332,F,S,Student,roomgroupA
2333_01,Mars,False,TRAPPIST-1e,False,0.0,0.0,0.0,0.0,0.0,2333,E,P,Teenager,roomgroupA
2336_01,Europa,True,55 Cancri e,False,0.0,0.0,0.0,0.0,0.0,2336,A,S,Adult,roomgroupA
2336_02,Europa,False,TRAPPIST-1e,True,1409.0,910.0,17.0,1452.0,3782.0,2336,A,S,Adult,roomgroupA
2338_01,Earth,True,55 Cancri e,False,0.0,0.0,0.0,0.0,0.0,2338,G,P,Young Adult,roomgroupA
2338_02,Earth,False,TRAPPIST-1e,False,14.0,0.0,0.0,857.0,0.0,2338,F,P,Young Adult,roomgroupA
2339_01,Mars,False,TRAPPIST-1e,False,1290.0,0.0,57.0,0.0,0.0,2339,F,P,Adult,roomgroupA
2340_01,Earth,False,PSO J318.5-22,False,0.0,0.0,648.0,0.0,0.0,2340,F,S,Young Adult,roomgroupA
2341_01,Earth,False,TRAPPIST-1e,False,0.0,785.0,0.0,0.0,0.0,2341,F,S,Teenager,roomgroupA
2345_01,Earth,True,PSO J318.5-22,False,0.0,,0.0,0.0,0.0,2345,G,S,Adult,roomgroupA
2347_01,Earth,,55 Cancri e,False,613.0,22.0,0.0,0.0,0.0,2347,F,P,Young Adult,roomgroupA
2347_02,Earth,True,TRAPPIST-1e,False,0.0,0.0,0.0,0.0,0.0,2347,G,P,Child,roomgroupA
2347_03,Earth,True,TRAPPIST-1e,False,0.0,0.0,0.0,0.0,0.0,2347,G,P,Child,roomgroupA
2347_04,Earth,True,PSO J318.5-22,False,0.0,0.0,0.0,0.0,0.0,2347,G,P,Baby,roomgroupA
2347_05,Earth,True,55 Cancri e,False,0.0,0.0,0.0,0.0,0.0,2347,G,P,Teenager,roomgroupA
2347_06,Earth,False,55 Cancri e,False,1.0,,2.0,605.0,0.0,2347,G,P,Young Adult,roomgroupA
2347_07,Earth,False,TRAPPIST-1e,False,,0.0,0.0,0.0,0.0,2347,G,P,Child,roomgroupA
2348_01,Europa,False,55 Cancri e,True,0.0,1223.0,78.0,1418.0,1239.0,2348,D,S,Adult,roomgroupA
2349_01,Earth,False,TRAPPIST-1e,False,0.0,722.0,0.0,0.0,185.0,2349,G,S,Adult,roomgroupA
2353_01,Earth,False,TRAPPIST-1e,False,27.0,5412.0,86.0,,0.0,2353,G,S,Young Adult,roomgroupA
2353_02,Earth,False,55 Cancri e,False,880.0,0.0,0.0,0.0,0.0,2353,F,S,Teenager,roomgroupA
2356_01,Mars,False,TRAPPIST-1e,True,773.0,82.0,0.0,6.0,0.0,2356,D,S,Adult,roomgroupA
2356_02,Mars,True,TRAPPIST-1e,False,0.0,,0.0,0.0,0.0,2356,D,S,Baby,roomgroupA
2356_03,Mars,True,TRAPPIST-1e,False,0.0,,0.0,0.0,0.0,2356,D,S,Student,roomgroupA
2357_01,Earth,False,TRAPPIST-1e,False,0.0,409.0,994.0,215.0,0.0,2357,E,P,Student,roomgroupA
2360_01,Earth,True,TRAPPIST-1e,False,0.0,0.0,0.0,0.0,0.0,2360,G,P,Young Adult,roomgroupA
2361_01,Earth,True,PSO J318.5-22,False,0.0,0.0,0.0,0.0,0.0,2361,G,P,Baby,roomgroupA
2361_02,Earth,False,,False,0.0,0.0,792.0,0.0,0.0,2361,F,P,Young Adult,roomgroupA
2363_01,Europa,False,TRAPPIST-1e,False,2416.0,8926.0,41.0,1.0,462.0,2363,C,S,Young Adult,roomgroupA
2364_01,Earth,False,TRAPPIST-1e,False,0.0,4.0,6.0,864.0,33.0,2364,G,P,Adult,roomgroupA
2365_01,Europa,True,TRAPPIST-1e,False,0.0,0.0,,0.0,0.0,2365,D,P,Adult,roomgroupA
2366_01,Mars,True,TRAPPIST-1e,False,0.0,0.0,0.0,0.0,0.0,2366,F,P,Adult,roomgroupA
2367_01,Earth,False,TRAPPIST-1e,False,0.0,0.0,1.0,644.0,0.0,2367,F,P,Student,roomgroupA
2368_01,Mars,False,TRAPPIST-1e,False,579.0,0.0,267.0,0.0,108.0,2368,E,P,Student,roomgroupA
2369_01,Earth,False,TRAPPIST-1e,False,3.0,0.0,880.0,0.0,40.0,2369,F,P,Young Adult,roomgroupA
2373_01,Europa,False,TRAPPIST-1e,False,0.0,4756.0,0.0,7818.0,96.0,2373,D,S,Adult,roomgroupA
2374_01,Mars,False,TRAPPIST-1e,False,464.0,0.0,1432.0,0.0,0.0,2374,E,S,Student,roomgroupA
2375_01,Earth,False,55 Cancri e,False,0.0,0.0,659.0,94.0,0.0,2375,G,P,Student,roomgroupA
2376_01,Earth,False,55 Cancri e,False,0.0,30.0,0.0,0.0,673.0,2376,F,S,Student,roomgroupA
2377_01,Europa,True,PSO J318.5-22,False,0.0,0.0,0.0,0.0,0.0,2377,C,P,Young Adult,roomgroupA
2379_01,Earth,False,TRAPPIST-1e,False,194.0,0.0,678.0,0.0,0.0,2379,F,P,Adult,roomgroupA
2382_01,Earth,False,55 Cancri e,False,0.0,33.0,0.0,1324.0,0.0,2382,F,P,Adult,roomgroupA
2384_01,Earth,True,TRAPPIST-1e,False,0.0,0.0,0.0,0.0,0.0,2384,G,S,Adult,roomgroupA
2384_02,Earth,True,PSO J318.5-22,False,0.0,0.0,0.0,0.0,0.0,2384,G,S,Baby,roomgroupA
2384_03,Earth,False,55 Cancri e,False,0.0,0.0,0.0,0.0,0.0,2384,G,S,Child,roomgroupA
2384_04,Earth,False,TRAPPIST-1e,False,0.0,0.0,0.0,0.0,0.0,2384,G,S,Baby,roomgroupA
2384_05,Earth,True,TRAPPIST-1e,False,0.0,0.0,0.0,,0.0,2384,G,S,Teenager,roomgroupA
2384_06,Earth,,TRAPPIST-1e,False,0.0,0.0,0.0,0.0,0.0,2384,G,S,Young Adult,roomgroupA
2384_07,,True,TRAPPIST-1e,False,0.0,0.0,0.0,0.0,0.0,2384,G,S,Child,roomgroupA
2385_01,Mars,False,TRAPPIST-1e,False,1773.0,0.0,78.0,0.0,3.0,2385,F,S,Student,roomgroupA
2387_01,Earth,False,TRAPPIST-1e,False,,400.0,0.0,690.0,490.0,2387,E,P,Adult,roomgroupA
2389_01,Earth,False,TRAPPIST-1e,False,0.0,46.0,0.0,676.0,0.0,2389,G,S,Student,roomgroupA
2390_01,Earth,,TRAPPIST-1e,False,0.0,0.0,,59.0,4120.0,2390,G,P,Young Adult,roomgroupA
2391_01,Earth,False,TRAPPIST-1e,False,768.0,19.0,0.0,1.0,0.0,2391,E,P,Student,roomgroupA
2392_01,,True,TRAPPIST-1e,False,0.0,0.0,0.0,0.0,0.0,2392,G,P,Adult,roomgroupA
2395_01,Earth,False,TRAPPIST-1e,False,712.0,1.0,0.0,0.0,,2395,G,P,Adult,roomgroupA
2396_01,Earth,False,TRAPPIST-1e,False,0.0,557.0,0.0,287.0,781.0,2396,E,S,Adult,roomgroupA
2396_02,Earth,False,TRAPPIST-1e,False,854.0,0.0,30.0,0.0,0.0,2396,G,S,Young Adult,roomgroupA
2397_01,Earth,False,55 Cancri e,False,0.0,810.0,0.0,0.0,0.0,2397,G,S,Adult,roomgroupA
2398_01,Earth,False,TRAPPIST-1e,False,0.0,780.0,44.0,0.0,5.0,2398,F,P,Student,roomgroupA
2399_01,Mars,False,TRAPPIST-1e,True,854.0,0.0,319.0,0.0,0.0,2399,E,S,Young Adult,roomgroupA
2401_01,Earth,True,PSO J318.5-22,False,0.0,0.0,0.0,0.0,0.0,2401,G,P,Adult,roomgroupA
2402_01,Earth,True,TRAPPIST-1e,False,0.0,0.0,,0.0,0.0,2402,G,P,Teenager,roomgroupA
2403_01,Earth,False,,False,7.0,0.0,0.0,877.0,0.0,2403,G,S,Young Adult,roomgroupA
2404_01,Europa,False,TRAPPIST-1e,False,0.0,544.0,7.0,2650.0,1561.0,2404,C,S,Young Adult,roomgroupA
2404_02,Europa,True,TRAPPIST-1e,False,0.0,0.0,0.0,0.0,0.0,2404,C,S,Teenager,roomgroupA
2404_03,Europa,False,55 Cancri e,False,828.0,5553.0,130.0,47.0,1171.0,2404,C,S,Adult,roomgroupA
2404_04,,True,TRAPPIST-1e,False,0.0,0.0,0.0,0.0,0.0,2404,C,S,Adult,roomgroupA
2406_01,Mars,True,TRAPPIST-1e,False,0.0,0.0,0.0,0.0,0.0,2406,F,S,Student,roomgroupA
2409_01,Earth,False,55 Cancri e,False,292.0,395.0,0.0,0.0,3.0,2409,F,P,Student,roomgroupA
2409_02,Earth,True,TRAPPIST-1e,False,0.0,0.0,0.0,0.0,0.0,2409,G,P,Student,roomgroupA
2410_01,Earth,True,TRAPPIST-1e,False,0.0,0.0,,0.0,0.0,2410,G,P,Adult,roomgroupA
2411_01,Earth,False,TRAPPIST-1e,False,19.0,2115.0,17.0,,0.0,2411,F,P,Young Adult,roomgroupA
2412_01,Earth,True,TRAPPIST-1e,False,0.0,0.0,0.0,0.0,0.0,2412,G,P,Young Adult,roomgroupA
2413_01,Earth,True,PSO J318.5-22,False,0.0,0.0,0.0,0.0,0.0,2413,G,S,Student,roomgroupA
2414_01,Europa,False,TRAPPIST-1e,False,0.0,1829.0,2.0,3133.0,2447.0,2414,T,P,Adult,roomgroupA
2416_01,Earth,False,TRAPPIST-1e,False,9.0,0.0,1079.0,0.0,729.0,2416,G,S,Adult,roomgroupA
2417_01,Earth,False,TRAPPIST-1e,False,11.0,31.0,0.0,836.0,9.0,2417,G,P,Young Adult,roomgroupA
2419_01,Earth,True,TRAPPIST-1e,False,0.0,0.0,0.0,0.0,0.0,2419,G,P,Teenager,roomgroupA
2421_01,Mars,False,TRAPPIST-1e,,0.0,0.0,0.0,0.0,0.0,2421,E,P,Student,roomgroupA
2423_01,Earth,True,TRAPPIST-1e,False,0.0,0.0,0.0,0.0,0.0,2423,G,P,Student,roomgroupA
2424_01,Earth,False,TRAPPIST-1e,False,34.0,223.0,1559.0,0.0,0.0,2424,G,S,Young Adult,roomgroupA
2426_01,Mars,True,TRAPPIST-1e,False,0.0,0.0,0.0,0.0,0.0,2426,F,S,Senior,roomgroupA
2426_02,Mars,True,TRAPPIST-1e,False,0.0,0.0,0.0,0.0,0.0,2426,F,S,Student,roomgroupA
2427_01,Europa,True,TRAPPIST-1e,False,0.0,0.0,0.0,0.0,0.0,2427,B,S,Young Adult,roomgroupA
2429_01,Earth,False,TRAPPIST-1e,False,112.0,56.0,332.0,0.0,606.0,2429,F,P,Teenager,roomgroupA
2431_01,Earth,False,TRAPPIST-1e,False,0.0,2.0,0.0,566.0,208.0,2431,F,P,Teenager,roomgroupA
2432_01,Earth,False,TRAPPIST-1e,False,0.0,0.0,79.0,,0.0,2432,F,P,Student,roomgroupA
2433_01,Europa,True,TRAPPIST-1e,False,0.0,0.0,0.0,,0.0,2433,C,P,Young Adult,roomgroupA
2435_01,Earth,False,TRAPPIST-1e,False,4.0,0.0,28.0,0.0,2757.0,2435,F,S,Young Adult,roomgroupA
2436_01,Earth,False,TRAPPIST-1e,False,759.0,0.0,0.0,,40.0,2436,F,P,Student,roomgroupA
2438_01,Mars,True,TRAPPIST-1e,False,0.0,0.0,0.0,0.0,0.0,2438,F,P,Student,roomgroupA
2439_01,Earth,False,TRAPPIST-1e,False,227.0,537.0,13.0,0.0,0.0,2439,F,P,Young Adult,roomgroupA
2441_01,Earth,False,55 Cancri e,False,0.0,11.0,493.0,0.0,372.0,2441,F,S,Teenager,roomgroupA
2442_01,Mars,True,TRAPPIST-1e,,0.0,0.0,0.0,0.0,0.0,2442,F,P,Young Adult,roomgroupA
2443_01,,False,TRAPPIST-1e,False,1458.0,421.0,76.0,0.0,0.0,2443,D,P,Young Adult,roomgroupA
2444_01,Earth,False,55 Cancri e,False,6.0,236.0,3.0,448.0,54.0,2444,F,P,Adult,roomgroupA
2445_01,Earth,False,,False,602.0,3.0,27.0,89.0,69.0,2445,E,S,Adult,roomgroupA
2446_01,Earth,False,TRAPPIST-1e,False,0.0,0.0,661.0,0.0,94.0,2446,F,P,Young Adult,roomgroupA
2449_01,Mars,True,TRAPPIST-1e,False,0.0,0.0,0.0,0.0,0.0,2449,F,P,Young Adult,roomgroupA
2449_02,Mars,True,TRAPPIST-1e,False,0.0,0.0,0.0,0.0,0.0,2449,E,P,Young Adult,roomgroupA
2449_03,Mars,True,TRAPPIST-1e,False,0.0,0.0,0.0,0.0,0.0,2449,F,P,Child,roomgroupA
2451_01,,True,PSO J318.5-22,False,0.0,0.0,0.0,0.0,0.0,2451,G,S,Teenager,roomgroupA
2452_01,Earth,False,55 Cancri e,False,526.0,2.0,28.0,161.0,,2452,F,S,Adult,roomgroupA
2453_01,Mars,True,TRAPPIST-1e,False,0.0,0.0,0.0,0.0,0.0,2453,E,P,Young Adult,roomgroupA
2454_01,Earth,False,TRAPPIST-1e,False,0.0,0.0,0.0,157.0,644.0,2454,F,P,Student,roomgroupA
2455_01,Mars,False,TRAPPIST-1e,False,554.0,0.0,1168.0,0.0,275.0,2455,F,S,Adult,roomgroupA
2456_01,Earth,True,PSO J318.5-22,False,0.0,0.0,0.0,0.0,0.0,2456,G,P,Teenager,roomgroupA
2457_01,Earth,True,TRAPPIST-1e,False,0.0,0.0,0.0,0.0,0.0,2457,G,P,Teenager,roomgroupA
2458_01,Earth,False,TRAPPIST-1e,False,31.0,93.0,578.0,0.0,0.0,2458,F,P,Student,roomgroupA
2460_01,Earth,True,PSO J318.5-22,False,0.0,0.0,0.0,0.0,0.0,2460,G,P,Young Adult,roomgroupA
2461_01,,True,TRAPPIST-1e,False,0.0,0.0,0.0,0.0,0.0,2461,G,S,Senior,roomgroupA
2462_01,Earth,True,PSO J318.5-22,,0.0,0.0,0.0,0.0,0.0,2462,G,S,Teenager,roomgroupA
2463_01,Earth,False,TRAPPIST-1e,False,58.0,0.0,12.0,,0.0,2463,E,S,Adult,roomgroupA
2466_01,Earth,False,TRAPPIST-1e,False,,1.0,61.0,897.0,0.0,2466,F,S,Adult,roomgroupA
2467_01,Mars,False,TRAPPIST-1e,False,999.0,0.0,49.0,0.0,11.0,2467,D,S,Adult,roomgroupA
2470_01,Earth,False,TRAPPIST-1e,False,139.0,0.0,0.0,567.0,0.0,2470,G,S,Student,roomgroupA
2470_02,Earth,False,TRAPPIST-1e,False,0.0,,0.0,543.0,,2470,G,S,Young Adult,roomgroupA
2471_01,Earth,False,TRAPPIST-1e,False,0.0,0.0,450.0,94.0,364.0,2471,G,P,Adult,roomgroupA
2472_01,Earth,False,TRAPPIST-1e,False,756.0,4.0,30.0,0.0,0.0,2472,E,S,Young Adult,roomgroupA
2474_01,Mars,True,TRAPPIST-1e,False,0.0,0.0,,0.0,0.0,2474,F,S,Adult,roomgroupA
2475_01,Europa,False,TRAPPIST-1e,False,0.0,27.0,0.0,3573.0,3643.0,2475,C,P,Unknown,roomgroupA
2476_01,Earth,False,TRAPPIST-1e,,0.0,0.0,1.0,0.0,1264.0,2476,F,P,Adult,roomgroupA
2477_01,Europa,True,TRAPPIST-1e,False,0.0,,0.0,0.0,0.0,2477,C,P,Student,roomgroupA
2477_02,Europa,True,55 Cancri e,False,0.0,0.0,0.0,0.0,0.0,2477,C,P,Adult,roomgroupA
2478_01,Earth,True,TRAPPIST-1e,False,0.0,0.0,0.0,0.0,0.0,2478,G,P,Adult,roomgroupA
2479_01,Earth,True,PSO J318.5-22,False,0.0,0.0,0.0,0.0,0.0,2479,G,S,Student,roomgroupA
2480_01,Earth,False,55 Cancri e,False,682.0,0.0,0.0,0.0,17.0,2480,F,S,Adult,roomgroupA
2483_01,Earth,False,55 Cancri e,False,2594.0,195.0,0.0,0.0,0.0,2483,F,S,Adult,roomgroupA
2486_01,Earth,False,TRAPPIST-1e,False,552.0,192.0,30.0,0.0,1.0,2486,F,P,Young Adult,roomgroupA
2486_02,Earth,False,TRAPPIST-1e,False,584.0,738.0,54.0,0.0,621.0,2486,F,P,Teenager,roomgroupA
2488_01,Mars,False,TRAPPIST-1e,False,4483.0,0.0,525.0,0.0,500.0,2488,D,S,Senior,roomgroupA
2489_01,Europa,True,TRAPPIST-1e,False,0.0,0.0,0.0,0.0,0.0,2489,B,P,Young Adult,roomgroupA
2491_01,Earth,False,PSO J318.5-22,False,2.0,2762.0,552.0,0.0,1391.0,2491,G,S,Young Adult,roomgroupA
2492_01,Mars,True,TRAPPIST-1e,False,0.0,0.0,0.0,0.0,0.0,2492,F,S,Young Adult,roomgroupA
2496_01,Earth,False,TRAPPIST-1e,False,64.0,0.0,0.0,660.0,0.0,2496,F,S,Young Adult,roomgroupA
2497_01,Earth,False,55 Cancri e,False,0.0,0.0,0.0,33.0,619.0,2497,G,S,Adult,roomgroupA
2498_01,Earth,False,TRAPPIST-1e,False,148.0,0.0,34.0,808.0,0.0,2498,E,S,Teenager,roomgroupA
2499_01,Europa,True,55 Cancri e,False,0.0,0.0,0.0,0.0,0.0,2499,C,S,Young Adult,roomgroupA
2500_01,Earth,False,TRAPPIST-1e,False,272.0,44.0,0.0,1064.0,418.0,2500,G,S,Student,roomgroupA
2502_01,Earth,False,TRAPPIST-1e,False,873.0,12.0,1.0,0.0,3.0,2502,G,S,Young Adult,roomgroupA
2503_01,Mars,False,TRAPPIST-1e,False,311.0,0.0,745.0,232.0,0.0,2503,F,P,Unknown,roomgroupA
2503_02,Mars,False,TRAPPIST-1e,False,0.0,0.0,0.0,0.0,0.0,2503,F,P,Baby,roomgroupA
2505_01,,False,TRAPPIST-1e,False,0.0,13.0,291.0,481.0,2.0,2505,E,P,Student,roomgroupA
2505_02,Earth,False,TRAPPIST-1e,False,0.0,5.0,4.0,541.0,238.0,2505,E,P,Student,roomgroupA
2506_01,,False,55 Cancri e,False,0.0,2506.0,46.0,11001.0,5.0,2506,A,P,Adult,roomgroupA
2506_02,Europa,True,55 Cancri e,False,0.0,0.0,0.0,0.0,0.0,2506,A,P,Adult,roomgroupA
2506_03,Europa,False,55 Cancri e,False,36.0,2467.0,0.0,381.0,803.0,2506,A,P,Student,roomgroupA
2508_01,Europa,True,55 Cancri e,False,0.0,,0.0,0.0,0.0,2508,D,S,Adult,roomgroupA
2508_02,Europa,True,TRAPPIST-1e,False,0.0,0.0,0.0,0.0,0.0,2508,D,S,Student,roomgroupA
2509_01,Earth,False,TRAPPIST-1e,False,0.0,9.0,1145.0,0.0,0.0,2509,F,S,Adult,roomgroupA
2510_01,Mars,False,TRAPPIST-1e,False,34.0,0.0,1342.0,91.0,0.0,2510,F,P,Young Adult,roomgroupA
2512_01,Europa,False,55 Cancri e,False,0.0,8759.0,0.0,2788.0,4513.0,2512,C,S,Young Adult,roomgroupA
2512_02,Europa,True,55 Cancri e,False,0.0,0.0,0.0,0.0,0.0,2512,C,S,Adult,roomgroupA
2513_01,Earth,False,TRAPPIST-1e,False,0.0,55.0,0.0,656.0,0.0,2513,G,S,Young Adult,roomgroupA
2515_01,Europa,False,55 Cancri e,True,2.0,2144.0,0.0,435.0,5872.0,2515,B,S,Young Adult,roomgroupA
2515_02,Europa,True,55 Cancri e,False,0.0,0.0,0.0,0.0,0.0,2515,B,S,Student,roomgroupA
2516_01,Earth,False,55 Cancri e,False,75.0,17.0,0.0,211.0,506.0,2516,G,P,Young Adult,roomgroupA
2518_01,Europa,True,TRAPPIST-1e,False,0.0,0.0,0.0,0.0,0.0,2518,C,P,Young Adult,roomgroupA
2518_02,Europa,True,55 Cancri e,False,0.0,0.0,0.0,0.0,0.0,2518,C,P,Young Adult,roomgroupA
2519_01,Earth,False,TRAPPIST-1e,False,172.0,775.0,344.0,0.0,0.0,2519,F,S,Young Adult,roomgroupA
2520_01,Europa,False,TRAPPIST-1e,False,0.0,5407.0,0.0,285.0,1135.0,2520,C,P,Adult,roomgroupA
2521_01,Mars,True,TRAPPIST-1e,,0.0,0.0,0.0,0.0,0.0,2521,E,P,Adult,roomgroupA
2522_01,Mars,True,TRAPPIST-1e,,0.0,0.0,0.0,0.0,0.0,2522,F,P,Student,roomgroupA
2523_01,Europa,True,55 Cancri e,False,0.0,0.0,,0.0,0.0,2523,B,P,Student,roomgroupA
2524_01,Europa,True,55 Cancri e,False,0.0,0.0,0.0,,0.0,2524,D,P,Young Adult,roomgroupA
2526_01,Europa,True,55 Cancri e,False,0.0,0.0,0.0,0.0,0.0,2526,B,P,Adult,roomgroupA
2527_01,Earth,True,PSO J318.5-22,,0.0,0.0,0.0,0.0,0.0,2527,G,S,Adult,roomgroupA
2528_01,Mars,False,TRAPPIST-1e,False,639.0,412.0,110.0,0.0,0.0,2528,F,S,Adult,roomgroupA
2530_01,Mars,False,TRAPPIST-1e,False,1734.0,1.0,189.0,1.0,0.0,2530,F,S,Young Adult,roomgroupA
2531_01,Earth,True,PSO J318.5-22,False,0.0,0.0,0.0,0.0,0.0,2531,G,P,Young Adult,roomgroupA
2532_01,Mars,False,TRAPPIST-1e,False,737.0,37.0,1682.0,0.0,0.0,2532,F,S,Young Adult,roomgroupA
2532_02,Mars,True,TRAPPIST-1e,False,0.0,0.0,0.0,0.0,0.0,2532,F,S,Senior,roomgroupA
2534_01,Europa,False,55 Cancri e,False,0.0,646.0,0.0,,1425.0,2534,B,P,Student,roomgroupA
2534_02,Europa,True,55 Cancri e,False,0.0,0.0,0.0,0.0,0.0,2534,B,P,Student,roomgroupA
2535_01,Earth,True,TRAPPIST-1e,False,0.0,0.0,0.0,0.0,0.0,2535,G,P,Young Adult,roomgroupA
2537_01,Earth,False,PSO J318.5-22,False,0.0,9.0,292.0,35.0,349.0,2537,E,P,Student,roomgroupA
2540_01,Mars,False,TRAPPIST-1e,False,345.0,0.0,451.0,0.0,582.0,2540,E,S,Young Adult,roomgroupA
2541_01,Europa,False,,False,0.0,1482.0,127.0,1555.0,1257.0,2541,B,P,Adult,roomgroupA
2542_01,Mars,False,TRAPPIST-1e,False,834.0,0.0,28.0,117.0,41.0,2542,E,P,Young Adult,roomgroupA
2544_01,Europa,False,55 Cancri e,False,0.0,0.0,0.0,0.0,0.0,2544,B,S,Child,roomgroupA
2544_02,Europa,False,TRAPPIST-1e,False,41.0,1912.0,0.0,1899.0,43.0,2544,B,S,Adult,roomgroupA
2545_01,Earth,True,55 Cancri e,False,0.0,0.0,0.0,0.0,0.0,2545,G,P,Senior,roomgroupA
2546_01,Earth,False,TRAPPIST-1e,False,548.0,179.0,24.0,0.0,77.0,2546,F,S,Adult,roomgroupA
2547_01,Europa,False,55 Cancri e,False,0.0,100.0,0.0,1402.0,1462.0,2547,G,S,Adult,roomgroupA
2547_02,Europa,False,55 Cancri e,False,0.0,12809.0,2.0,2835.0,1514.0,2547,A,P,Adult,roomgroupA
2548_01,Earth,False,TRAPPIST-1e,False,852.0,48.0,0.0,7.0,0.0,2548,G,S,Student,roomgroupA
2549_01,Mars,False,TRAPPIST-1e,False,1663.0,0.0,23.0,2.0,12.0,2549,F,P,Senior,roomgroupA
2549_02,Mars,False,TRAPPIST-1e,False,0.0,0.0,0.0,0.0,0.0,2549,F,P,Baby,roomgroupA
2549_03,Mars,False,TRAPPIST-1e,False,1281.0,0.0,7.0,1.0,0.0,2549,F,P,Adult,roomgroupA
2550_01,Earth,True,TRAPPIST-1e,False,0.0,0.0,0.0,0.0,0.0,2550,G,P,Teenager,roomgroupA
2551_01,Earth,False,TRAPPIST-1e,False,238.0,156.0,3.0,2.0,324.0,2551,F,P,Young Adult,roomgroupA
2552_01,Earth,False,TRAPPIST-1e,False,0.0,1124.0,4.0,0.0,0.0,2552,F,S,Student,roomgroupA
2552_02,Earth,False,55 Cancri e,False,0.0,0.0,0.0,0.0,,2552,G,S,Child,roomgroupA
2552_03,Earth,False,55 Cancri e,False,0.0,0.0,0.0,0.0,0.0,2552,G,S,Baby,roomgroupA
2553_01,Europa,True,TRAPPIST-1e,False,0.0,0.0,0.0,0.0,0.0,2553,D,S,Young Adult,roomgroupA
2555_01,Europa,True,55 Cancri e,False,0.0,0.0,0.0,0.0,0.0,2555,B,P,Young Adult,roomgroupA
2555_02,Europa,True,TRAPPIST-1e,False,0.0,0.0,0.0,0.0,0.0,2555,B,P,Young Adult,roomgroupA
2557_01,Europa,True,TRAPPIST-1e,False,0.0,0.0,0.0,0.0,0.0,2557,C,S,Young Adult,roomgroupA
2558_01,Mars,False,TRAPPIST-1e,False,0.0,0.0,0.0,0.0,0.0,2558,F,P,Baby,roomgroupA
2558_02,Mars,,TRAPPIST-1e,False,0.0,0.0,0.0,0.0,0.0,2558,F,P,Young Adult,roomgroupA
2558_03,Mars,False,TRAPPIST-1e,False,403.0,0.0,922.0,0.0,0.0,2558,F,P,Adult,roomgroupA
2558_04,Mars,True,TRAPPIST-1e,False,0.0,0.0,0.0,0.0,0.0,2558,F,P,Baby,roomgroupA
2559_01,Europa,False,TRAPPIST-1e,False,0.0,1949.0,0.0,2549.0,39.0,2559,G,S,Adult,roomgroupA
2560_01,Earth,True,PSO J318.5-22,False,0.0,0.0,0.0,0.0,0.0,2560,G,P,Baby,roomgroupA
2560_02,Earth,False,TRAPPIST-1e,False,882.0,0.0,0.0,,0.0,2560,G,P,Student,roomgroupA
2560_03,Earth,False,TRAPPIST-1e,False,0.0,0.0,0.0,0.0,0.0,2560,G,P,Baby,roomgroupA
2561_01,Earth,False,TRAPPIST-1e,False,194.0,44.0,0.0,549.0,1.0,2561,E,S,Student,roomgroupA
2562_01,Mars,True,TRAPPIST-1e,False,0.0,0.0,0.0,0.0,0.0,2562,F,P,Young Adult,roomgroupA
2562_02,Mars,False,TRAPPIST-1e,False,2502.0,0.0,96.0,0.0,0.0,2562,F,P,Student,roomgroupA
2564_01,Europa,False,TRAPPIST-1e,False,2.0,3024.0,0.0,89.0,10.0,2564,E,S,Adult,roomgroupA
2565_01,Mars,True,TRAPPIST-1e,False,0.0,0.0,0.0,0.0,0.0,2565,F,P,Teenager,roomgroupA
2565_02,Mars,False,TRAPPIST-1e,False,598.0,0.0,138.0,0.0,624.0,2565,E,P,Young Adult,roomgroupA
2571_01,Earth,False,TRAPPIST-1e,False,145.0,8.0,557.0,0.0,74.0,2571,G,P,Young Adult,roomgroupA
2572_01,Europa,True,55 Cancri e,False,0.0,0.0,0.0,0.0,0.0,2572,C,S,Student,roomgroupA
2572_02,Europa,True,55 Cancri e,True,0.0,0.0,0.0,0.0,0.0,2572,C,S,Adult,roomgroupA
2573_01,Europa,True,55 Cancri e,False,0.0,0.0,0.0,0.0,0.0,2573,C,P,Young Adult,roomgroupA
2574_01,Earth,False,TRAPPIST-1e,False,10.0,303.0,12.0,0.0,478.0,2574,F,S,Adult,roomgroupA
2578_01,Earth,False,TRAPPIST-1e,False,1153.0,0.0,0.0,1409.0,195.0,2578,F,S,Student,roomgroupA
2580_01,Earth,False,TRAPPIST-1e,False,19.0,676.0,0.0,26.0,0.0,2580,G,S,Young Adult,roomgroupA
2581_01,Earth,False,TRAPPIST-1e,False,496.0,20.0,16.0,0.0,254.0,2581,E,P,Student,roomgroupA
2581_02,Earth,False,TRAPPIST-1e,False,26.0,0.0,0.0,0.0,733.0,2581,F,P,Student,roomgroupA
2582_01,Earth,False,TRAPPIST-1e,False,98.0,0.0,46.0,641.0,0.0,2582,G,P,Student,roomgroupA
2584_01,Earth,,PSO J318.5-22,False,0.0,0.0,,0.0,0.0,2584,G,P,Student,roomgroupA
2588_01,Earth,False,TRAPPIST-1e,False,4.0,166.0,743.0,0.0,0.0,2588,G,P,Young Adult,roomgroupA
2589_01,Europa,True,TRAPPIST-1e,False,0.0,0.0,0.0,0.0,0.0,2589,C,P,Young Adult,roomgroupA
2589_02,Europa,True,55 Cancri e,False,0.0,0.0,0.0,0.0,0.0,2589,C,P,Adult,roomgroupA
2589_03,Europa,False,TRAPPIST-1e,False,0.0,8150.0,0.0,3508.0,99.0,2589,C,P,Young Adult,roomgroupA
2589_04,Europa,False,TRAPPIST-1e,True,0.0,632.0,0.0,673.0,2272.0,2589,C,P,Young Adult,roomgroupA
2589_05,Europa,True,TRAPPIST-1e,False,0.0,0.0,0.0,0.0,0.0,2589,C,P,Young Adult,roomgroupA
2590_01,Earth,False,TRAPPIST-1e,False,0.0,0.0,0.0,0.0,0.0,2590,G,P,Child,roomgroupA
2590_02,Earth,False,TRAPPIST-1e,False,406.0,148.0,285.0,0.0,0.0,2590,G,P,Adult,roomgroupA
2590_03,Earth,True,PSO J318.5-22,False,0.0,0.0,0.0,0.0,0.0,2590,G,P,Adult,roomgroupA
2591_01,Earth,False,PSO J318.5-22,False,9.0,419.0,0.0,201.0,7.0,2591,F,S,Student,roomgroupA
2591_02,Earth,False,TRAPPIST-1e,False,0.0,121.0,0.0,568.0,128.0,2591,G,S,Student,roomgroupA
2592_01,Mars,False,TRAPPIST-1e,True,803.0,0.0,0.0,58.0,0.0,2592,D,P,Young Adult,roomgroupA
2592_02,Mars,False,TRAPPIST-1e,False,1102.0,9.0,2628.0,0.0,0.0,2592,D,P,Student,roomgroupA
2593_01,Earth,False,TRAPPIST-1e,False,804.0,2.0,13.0,0.0,62.0,2593,G,P,Young Adult,roomgroupA
2594_01,Europa,True,TRAPPIST-1e,False,0.0,0.0,0.0,0.0,0.0,2594,B,S,Young Adult,roomgroupA
2595_01,Mars,False,55 Cancri e,False,0.0,0.0,0.0,0.0,0.0,2595,F,P,Baby,roomgroupA
2595_02,Mars,,TRAPPIST-1e,False,0.0,0.0,0.0,0.0,0.0,2595,F,P,Baby,roomgroupA
2595_03,Mars,False,TRAPPIST-1e,False,938.0,61.0,0.0,53.0,4.0,2595,D,P,Young Adult,roomgroupA
2595_04,Mars,False,TRAPPIST-1e,False,0.0,0.0,0.0,0.0,0.0,2595,F,P,Child,roomgroupA
2596_01,Mars,False,TRAPPIST-1e,False,59.0,0.0,1646.0,1657.0,0.0,2596,D,P,Student,roomgroupA
2596_02,Mars,True,TRAPPIST-1e,False,0.0,0.0,0.0,0.0,0.0,2596,F,P,Student,roomgroupA
2597_01,Mars,True,TRAPPIST-1e,False,0.0,0.0,0.0,0.0,0.0,2597,F,S,Young Adult,roomgroupA
2597_02,,False,55 Cancri e,False,995.0,7.0,1213.0,0.0,687.0,2597,F,S,Young Adult,roomgroupA
2598_01,Mars,False,TRAPPIST-1e,False,27.0,0.0,1131.0,0.0,1318.0,2598,F,P,Adult,roomgroupA
2599_01,Earth,True,TRAPPIST-1e,False,0.0,0.0,0.0,0.0,0.0,2599,G,S,Student,roomgroupA
2601_01,Mars,True,TRAPPIST-1e,False,0.0,0.0,0.0,0.0,0.0,2601,F,P,Young Adult,roomgroupA
2602_01,Mars,True,TRAPPIST-1e,False,0.0,0.0,0.0,0.0,0.0,2602,E,P,Young Adult,roomgroupA
2602_02,Mars,False,55 Cancri e,False,0.0,0.0,0.0,0.0,0.0,2602,E,P,Baby,roomgroupA
2602_03,Mars,True,TRAPPIST-1e,False,0.0,0.0,0.0,0.0,0.0,2602,E,P,Young Adult,roomgroupA
2605_01,Mars,True,55 Cancri e,False,0.0,0.0,0.0,0.0,0.0,2605,D,S,Adult,roomgroupA
2606_01,Earth,False,TRAPPIST-1e,False,900.0,0.0,0.0,0.0,1.0,2606,F,P,Unknown,roomgroupA
2606_02,Earth,False,TRAPPIST-1e,False,10.0,16.0,801.0,73.0,,2606,F,P,Adult,roomgroupA
2607_01,Europa,True,TRAPPIST-1e,False,0.0,0.0,0.0,0.0,0.0,2607,B,S,Senior,roomgroupA
2607_02,Europa,True,TRAPPIST-1e,False,0.0,0.0,0.0,0.0,0.0,2607,B,S,Teenager,roomgroupA
2607_03,Europa,False,55 Cancri e,False,0.0,1471.0,2.0,445.0,533.0,2607,B,S,Adult,roomgroupA
2607_04,Europa,False,TRAPPIST-1e,False,0.0,0.0,0.0,0.0,0.0,2607,B,S,Teenager,roomgroupA
2609_01,Earth,True,PSO J318.5-22,False,0.0,0.0,0.0,0.0,0.0,2609,G,S,Unknown,roomgroupA
2616_01,Earth,,TRAPPIST-1e,False,0.0,604.0,0.0,0.0,218.0,2616,F,P,Teenager,roomgroupA
2617_01,Earth,False,PSO J318.5-22,False,59.0,0.0,469.0,0.0,0.0,2617,G,P,Young Adult,roomgroupA
2618_01,,True,TRAPPIST-1e,False,0.0,0.0,0.0,0.0,0.0,2618,E,P,Student,roomgroupA
2619_01,Earth,False,55 Cancri e,False,2000.0,0.0,0.0,0.0,0.0,2619,F,S,Teenager,roomgroupA
2622_01,Earth,False,55 Cancri e,False,492.0,0.0,13.0,55.0,0.0,2622,F,S,Young Adult,roomgroupA
2624_01,Earth,False,TRAPPIST-1e,False,0.0,0.0,875.0,3.0,,2624,F,P,Teenager,roomgroupA
2625_01,Earth,True,TRAPPIST-1e,False,0.0,0.0,0.0,0.0,0.0,2625,G,P,Teenager,roomgroupA
2625_02,Earth,False,TRAPPIST-1e,False,0.0,1.0,271.0,0.0,1348.0,2625,E,P,Student,roomgroupA
2626_01,Earth,False,TRAPPIST-1e,False,232.0,0.0,479.0,0.0,5.0,2626,F,P,Student,roomgroupA
2627_01,Earth,False,PSO J318.5-22,,0.0,228.0,5.0,454.0,1.0,2627,F,P,Adult,roomgroupA
2628_01,Europa,True,55 Cancri e,False,0.0,0.0,0.0,0.0,0.0,2628,A,P,Young Adult,roomgroupA
2628_02,Europa,False,55 Cancri e,False,0.0,6.0,0.0,2085.0,67.0,2628,A,P,Adult,roomgroupA
2629_01,Earth,False,TRAPPIST-1e,False,91.0,6.0,0.0,17.0,693.0,2629,G,P,Student,roomgroupA
2631_01,Mars,True,55 Cancri e,False,0.0,0.0,0.0,0.0,0.0,2631,F,P,Adult,roomgroupA
2633_01,Earth,False,55 Cancri e,False,0.0,0.0,0.0,0.0,,2633,G,P,Young Adult,roomgroupA
2634_01,Mars,True,TRAPPIST-1e,False,0.0,0.0,0.0,0.0,,2634,F,S,Adult,roomgroupA
2635_01,Mars,False,TRAPPIST-1e,False,1867.0,0.0,29.0,72.0,,2635,D,P,Student,roomgroupA
2636_01,Earth,False,TRAPPIST-1e,False,,0.0,137.0,671.0,,2636,G,S,Student,roomgroupA
2638_01,Earth,False,TRAPPIST-1e,False,0.0,29.0,0.0,759.0,0.0,2638,E,S,Young Adult,roomgroupA
2640_01,Earth,False,TRAPPIST-1e,False,0.0,0.0,0.0,0.0,1051.0,2640,F,S,Student,roomgroupA
2641_01,Earth,True,PSO J318.5-22,False,0.0,0.0,0.0,0.0,0.0,2641,G,S,Teenager,roomgroupA
2642_01,,False,TRAPPIST-1e,False,0.0,0.0,17.0,0.0,793.0,2642,G,P,Young Adult,roomgroupA
2643_01,Earth,False,PSO J318.5-22,False,122.0,0.0,6.0,739.0,0.0,2643,F,S,Young Adult,roomgroupA
2645_01,Europa,False,TRAPPIST-1e,False,0.0,815.0,1558.0,3.0,1334.0,2645,C,S,Adult,roomgroupA
2645_02,Europa,False,TRAPPIST-1e,False,3.0,2174.0,0.0,10860.0,2564.0,2645,C,S,Adult,roomgroupA
2645_03,Europa,True,TRAPPIST-1e,False,0.0,0.0,0.0,0.0,0.0,2645,C,S,Teenager,roomgroupA
2645_04,Europa,False,55 Cancri e,False,0.0,3053.0,0.0,839.0,2153.0,2645,C,S,Young Adult,roomgroupA
2645_05,Europa,True,55 Cancri e,False,0.0,0.0,0.0,0.0,0.0,2645,C,S,Young Adult,roomgroupA
2646_01,Europa,False,55 Cancri e,False,0.0,286.0,1795.0,712.0,7041.0,2646,B,P,Young Adult,roomgroupA
2647_01,Earth,False,TRAPPIST-1e,False,0.0,0.0,0.0,636.0,68.0,2647,F,P,Young Adult,roomgroupA
2648_01,Earth,False,TRAPPIST-1e,False,490.0,313.0,0.0,6.0,0.0,2648,G,S,Student,roomgroupA
2649_01,Mars,False,TRAPPIST-1e,False,46.0,0.0,1994.0,0.0,677.0,2649,D,P,Teenager,roomgroupA
2650_01,Earth,True,TRAPPIST-1e,False,0.0,0.0,0.0,0.0,0.0,2650,G,P,Adult,roomgroupA
2651_01,Europa,True,55 Cancri e,False,0.0,0.0,0.0,0.0,0.0,2651,B,S,Adult,roomgroupA
2652_01,Earth,False,TRAPPIST-1e,False,0.0,0.0,670.0,0.0,32.0,2652,F,S,Student,roomgroupA
2655_01,Earth,True,TRAPPIST-1e,False,0.0,0.0,0.0,0.0,0.0,2655,G,S,Young Adult,roomgroupA
2657_01,Earth,False,TRAPPIST-1e,False,0.0,27.0,1.0,686.0,1.0,2657,F,S,Student,roomgroupA
2658_01,Earth,False,TRAPPIST-1e,,366.0,1136.0,795.0,132.0,0.0,2658,F,P,Student,roomgroupA
2659_01,Mars,False,TRAPPIST-1e,False,,0.0,0.0,0.0,0.0,2659,E,S,Teenager,roomgroupA
2660_01,Earth,False,TRAPPIST-1e,False,0.0,0.0,,2.0,1215.0,2660,F,P,Young Adult,roomgroupA
2661_01,Earth,False,TRAPPIST-1e,False,1.0,4.0,0.0,750.0,3.0,2661,F,S,Student,roomgroupA
2661_02,Earth,True,TRAPPIST-1e,False,0.0,0.0,0.0,0.0,0.0,2661,G,S,Student,roomgroupA
2662_01,Mars,False,55 Cancri e,False,1722.0,4.0,937.0,0.0,0.0,2662,F,P,Unknown,roomgroupA
2663_01,Earth,False,55 Cancri e,False,0.0,0.0,0.0,4.0,811.0,2663,F,P,Teenager,roomgroupA
2664_01,Mars,True,PSO J318.5-22,False,0.0,0.0,0.0,0.0,0.0,2664,E,S,Senior,roomgroupA
2666_01,Mars,True,TRAPPIST-1e,False,0.0,0.0,0.0,0.0,0.0,2666,E,S,Young Adult,roomgroupA
2666_02,Mars,False,55 Cancri e,False,1874.0,0.0,260.0,0.0,0.0,2666,E,S,Student,roomgroupA
2668_01,Earth,False,55 Cancri e,False,29.0,34.0,1.0,2838.0,0.0,2668,F,S,Student,roomgroupA
2668_02,Earth,False,55 Cancri e,False,0.0,382.0,0.0,87.0,236.0,2668,G,S,Young Adult,roomgroupA
2670_01,Earth,False,TRAPPIST-1e,False,4.0,790.0,0.0,15.0,0.0,2670,G,P,Student,roomgroupA
2671_01,Earth,False,55 Cancri e,False,0.0,33.0,0.0,56.0,708.0,2671,F,P,Teenager,roomgroupA
2672_01,Earth,False,PSO J318.5-22,False,970.0,0.0,213.0,8.0,86.0,2672,F,P,Student,roomgroupA
2675_01,Europa,False,TRAPPIST-1e,False,0.0,1554.0,3813.0,0.0,1435.0,2675,C,S,Young Adult,roomgroupA
2676_01,Europa,False,55 Cancri e,False,3551.0,1284.0,1865.0,90.0,0.0,2676,B,P,Young Adult,roomgroupA
2677_01,Europa,False,TRAPPIST-1e,False,0.0,302.0,0.0,1367.0,669.0,2677,D,S,Adult,roomgroupA
2678_01,Earth,False,TRAPPIST-1e,False,0.0,680.0,0.0,10.0,0.0,2678,F,S,Student,roomgroupA
2679_01,Earth,True,TRAPPIST-1e,False,0.0,0.0,0.0,0.0,0.0,2679,G,S,Unknown,roomgroupA
2682_01,Earth,False,TRAPPIST-1e,False,880.0,0.0,0.0,8.0,0.0,2682,G,P,Young Adult,roomgroupA
2683_01,Europa,False,TRAPPIST-1e,False,2.0,1297.0,0.0,4.0,0.0,2683,A,S,Adult,roomgroupA
2684_01,Europa,False,TRAPPIST-1e,False,0.0,7116.0,0.0,13208.0,1515.0,2684,B,P,Adult,roomgroupA
2685_01,Earth,False,TRAPPIST-1e,False,886.0,0.0,0.0,0.0,21.0,2685,G,P,Young Adult,roomgroupA
2687_01,Earth,False,TRAPPIST-1e,False,0.0,1347.0,0.0,43.0,0.0,2687,F,P,Adult,roomgroupA
2688_01,,False,TRAPPIST-1e,False,13.0,193.0,0.0,0.0,591.0,2688,F,P,Young Adult,roomgroupA
2690_01,Earth,False,55 Cancri e,False,339.0,104.0,116.0,160.0,0.0,2690,E,S,Young Adult,roomgroupA
2691_01,Earth,False,TRAPPIST-1e,False,0.0,243.0,1.0,559.0,0.0,2691,F,P,Young Adult,roomgroupA
2692_01,Earth,False,TRAPPIST-1e,False,0.0,0.0,21.0,0.0,695.0,2692,G,S,Young Adult,roomgroupA
2693_01,Europa,False,TRAPPIST-1e,False,0.0,1514.0,0.0,72.0,1393.0,2693,A,P,Adult,roomgroupA
2693_02,Europa,False,55 Cancri e,True,11.0,79.0,0.0,210.0,1895.0,2693,A,P,Adult,roomgroupA
2693_03,Europa,False,TRAPPIST-1e,False,0.0,846.0,0.0,263.0,2024.0,2693,A,P,Adult,roomgroupA
2693_04,Europa,True,55 Cancri e,False,0.0,0.0,0.0,0.0,0.0,2693,A,P,Unknown,roomgroupA
2695_01,Mars,False,TRAPPIST-1e,False,947.0,0.0,4.0,4.0,0.0,2695,E,S,Student,roomgroupA
2697_01,Mars,False,TRAPPIST-1e,,1893.0,487.0,4.0,0.0,0.0,2697,D,S,Young Adult,roomgroupA
2698_01,Europa,False,TRAPPIST-1e,False,0.0,2684.0,0.0,153.0,1751.0,2698,C,P,Adult,roomgroupA
2700_01,Earth,False,TRAPPIST-1e,False,45.0,138.0,1.0,0.0,530.0,2700,F,S,Young Adult,roomgroupA
2701_01,Earth,True,PSO J318.5-22,False,0.0,0.0,0.0,0.0,0.0,2701,G,S,Student,roomgroupA
2702_01,Earth,True,TRAPPIST-1e,False,0.0,0.0,0.0,0.0,0.0,2702,G,P,Young Adult,roomgroupA
2703_01,Earth,False,TRAPPIST-1e,False,0.0,617.0,0.0,0.0,10.0,2703,G,S,Student,roomgroupA
2704_01,Earth,False,TRAPPIST-1e,False,1178.0,1.0,348.0,0.0,0.0,2704,F,S,Adult,roomgroupA
2706_01,Europa,True,55 Cancri e,False,0.0,0.0,0.0,0.0,0.0,2706,B,S,Young Adult,roomgroupA
2707_01,Europa,False,TRAPPIST-1e,False,1113.0,1650.0,0.0,194.0,510.0,2707,B,S,Adult,roomgroupA
2707_02,Europa,True,PSO J318.5-22,False,0.0,0.0,0.0,0.0,0.0,2707,B,S,Young Adult,roomgroupA
2708_01,Earth,False,PSO J318.5-22,False,3.0,548.0,37.0,0.0,12.0,2708,F,S,Student,roomgroupA
2709_01,Mars,True,TRAPPIST-1e,False,0.0,0.0,0.0,0.0,0.0,2709,F,S,Baby,roomgroupA
2709_02,Mars,False,TRAPPIST-1e,False,0.0,0.0,0.0,0.0,0.0,2709,F,S,Baby,roomgroupA
2709_03,Mars,False,,False,361.0,0.0,381.0,1622.0,0.0,2709,F,S,Young Adult,roomgroupA
2709_04,Mars,False,TRAPPIST-1e,,0.0,0.0,0.0,0.0,0.0,2709,F,S,Teenager,roomgroupA
2712_01,Europa,True,TRAPPIST-1e,False,0.0,0.0,0.0,0.0,0.0,2712,B,S,Adult,roomgroupA
2713_01,Earth,True,TRAPPIST-1e,False,0.0,0.0,0.0,0.0,0.0,2713,G,P,Student,roomgroupA
2714_01,Earth,False,55 Cancri e,,269.0,1776.0,0.0,0.0,12.0,2714,F,P,Adult,roomgroupA
2717_01,Earth,False,TRAPPIST-1e,False,130.0,0.0,13.0,191.0,554.0,2717,G,S,Student,roomgroupA
2718_01,Europa,True,TRAPPIST-1e,False,0.0,0.0,0.0,0.0,0.0,2718,B,S,Senior,roomgroupA
2720_01,Earth,False,PSO J318.5-22,False,171.0,2373.0,1.0,30.0,985.0,2720,G,P,Student,roomgroupA
2720_02,Earth,False,TRAPPIST-1e,False,0.0,0.0,0.0,0.0,0.0,2720,G,P,Child,roomgroupA
2720_03,Earth,True,TRAPPIST-1e,False,0.0,0.0,0.0,0.0,0.0,2720,G,P,Baby,roomgroupA
2721_01,Earth,False,PSO J318.5-22,False,21.0,746.0,55.0,0.0,4.0,2721,F,P,Young Adult,roomgroupA
2722_01,Mars,True,55 Cancri e,False,0.0,0.0,0.0,0.0,0.0,2722,D,S,Young Adult,roomgroupA
2723_01,Europa,True,TRAPPIST-1e,False,0.0,0.0,0.0,0.0,0.0,2723,C,S,Young Adult,roomgroupA
2723_02,Europa,False,TRAPPIST-1e,False,0.0,5876.0,0.0,0.0,914.0,2723,C,S,Adult,roomgroupA
2724_01,Mars,True,55 Cancri e,False,0.0,0.0,0.0,0.0,0.0,2724,F,P,Teenager,roomgroupA
2724_02,Mars,False,TRAPPIST-1e,False,1200.0,0.0,38.0,48.0,0.0,2724,F,P,Adult,roomgroupA
2725_01,Earth,False,TRAPPIST-1e,False,0.0,0.0,362.0,272.0,0.0,2725,F,P,Adult,roomgroupA
2726_01,Earth,True,TRAPPIST-1e,False,0.0,0.0,0.0,0.0,0.0,2726,G,P,Baby,roomgroupA
2727_01,Earth,False,TRAPPIST-1e,False,0.0,9.0,11.0,784.0,63.0,2727,F,S,Young Adult,roomgroupA
2729_01,Earth,True,TRAPPIST-1e,False,0.0,0.0,0.0,0.0,0.0,2729,G,S,Teenager,roomgroupA
2730_01,,True,TRAPPIST-1e,False,0.0,0.0,0.0,0.0,0.0,2730,G,S,Adult,roomgroupA
2730_02,Earth,False,TRAPPIST-1e,False,0.0,1115.0,0.0,1674.0,132.0,2730,F,S,Teenager,roomgroupA
2730_03,Earth,True,TRAPPIST-1e,False,0.0,,0.0,0.0,0.0,2730,G,S,Teenager,roomgroupA
2732_01,Earth,True,55 Cancri e,,0.0,0.0,0.0,0.0,0.0,2732,G,S,Teenager,roomgroupA
2732_02,Earth,False,55 Cancri e,False,0.0,0.0,0.0,0.0,0.0,2732,G,S,Child,roomgroupA
2734_01,Mars,False,TRAPPIST-1e,False,0.0,0.0,0.0,0.0,0.0,2734,F,P,Child,roomgroupA
2736_01,Mars,False,TRAPPIST-1e,True,1709.0,4.0,24.0,0.0,0.0,2736,D,P,Young Adult,roomgroupA
2737_01,Europa,False,55 Cancri e,False,0.0,726.0,0.0,281.0,1257.0,2737,C,S,Adult,roomgroupA
2737_02,Europa,False,TRAPPIST-1e,False,2381.0,1772.0,0.0,0.0,2618.0,2737,C,S,Young Adult,roomgroupA
2738_01,Mars,False,TRAPPIST-1e,False,1049.0,0.0,0.0,0.0,0.0,2738,E,S,Young Adult,roomgroupA
2739_01,Earth,True,PSO J318.5-22,False,0.0,0.0,0.0,,0.0,2739,G,P,Adult,roomgroupA
2740_01,Earth,False,TRAPPIST-1e,False,1.0,143.0,0.0,254.0,107.0,2740,E,P,Student,roomgroupA
2741_01,Mars,False,TRAPPIST-1e,False,471.0,0.0,133.0,2.0,692.0,2741,E,P,Adult,roomgroupA
2743_01,Earth,False,TRAPPIST-1e,False,746.0,0.0,2.0,0.0,11.0,2743,F,S,Teenager,roomgroupA
2745_01,Mars,False,,False,1511.0,0.0,310.0,0.0,0.0,2745,F,P,Young Adult,roomgroupA
2746_01,Mars,False,TRAPPIST-1e,False,758.0,0.0,356.0,5.0,0.0,2746,F,P,Adult,roomgroupA
2747_01,Mars,,TRAPPIST-1e,,0.0,0.0,0.0,0.0,0.0,2747,F,P,Adult,roomgroupA
2748_01,Earth,False,55 Cancri e,False,143.0,548.0,0.0,0.0,0.0,2748,F,S,Young Adult,roomgroupA
2750_01,Earth,False,TRAPPIST-1e,,600.0,0.0,0.0,179.0,11.0,2750,F,P,Student,roomgroupA
2751_01,Mars,True,,False,0.0,0.0,0.0,0.0,0.0,2751,F,S,Adult,roomgroupA
2752_01,Earth,False,TRAPPIST-1e,False,0.0,0.0,0.0,0.0,0.0,2752,G,P,Child,roomgroupA
2752_02,Earth,True,PSO J318.5-22,False,0.0,0.0,0.0,0.0,0.0,2752,G,P,Unknown,roomgroupA
2752_03,Earth,False,TRAPPIST-1e,False,0.0,82.0,0.0,758.0,0.0,2752,E,P,Adult,roomgroupA
2753_01,Earth,False,PSO J318.5-22,False,0.0,0.0,0.0,0.0,907.0,2753,E,S,Adult,roomgroupA
2754_01,Earth,False,TRAPPIST-1e,False,911.0,1.0,0.0,74.0,0.0,2754,E,P,Teenager,roomgroupA
2755_01,Europa,True,55 Cancri e,False,0.0,0.0,0.0,0.0,0.0,2755,B,P,Adult,roomgroupA
2756_01,Mars,False,55 Cancri e,False,253.0,0.0,0.0,888.0,0.0,2756,F,P,Student,roomgroupA
2758_01,Earth,True,PSO J318.5-22,False,,0.0,0.0,0.0,0.0,2758,G,P,Young Adult,roomgroupA
2759_01,Earth,False,TRAPPIST-1e,False,0.0,0.0,170.0,14.0,810.0,2759,E,P,Young Adult,roomgroupA
2760_01,Earth,,TRAPPIST-1e,False,0.0,0.0,0.0,0.0,0.0,2760,G,S,Student,roomgroupA
2760_02,Earth,True,TRAPPIST-1e,False,0.0,0.0,0.0,0.0,0.0,2760,G,S,Baby,roomgroupA
2760_03,Earth,True,TRAPPIST-1e,False,0.0,0.0,0.0,0.0,0.0,2760,G,S,Baby,roomgroupA
2762_01,Earth,False,TRAPPIST-1e,False,625.0,0.0,260.0,0.0,0.0,2762,G,S,Adult,roomgroupA
2762_02,Earth,False,55 Cancri e,False,254.0,0.0,10.0,180.0,0.0,2762,G,S,Teenager,roomgroupA
2763_01,Earth,False,TRAPPIST-1e,False,91.0,756.0,0.0,0.0,12.0,2763,E,P,Young Adult,roomgroupA
2764_01,Earth,False,TRAPPIST-1e,False,0.0,0.0,213.0,166.0,1209.0,2764,E,S,Adult,roomgroupA
2765_01,Mars,False,TRAPPIST-1e,False,1502.0,1.0,0.0,0.0,0.0,2765,F,S,Young Adult,roomgroupA
2768_01,Earth,False,TRAPPIST-1e,False,123.0,3.0,,7.0,0.0,2768,F,S,Adult,roomgroupA
2768_02,Earth,False,TRAPPIST-1e,False,0.0,0.0,0.0,0.0,0.0,2768,G,S,Baby,roomgroupA
2768_03,Earth,True,TRAPPIST-1e,False,0.0,0.0,0.0,0.0,0.0,2768,G,S,Baby,roomgroupA
2769_01,Earth,False,PSO J318.5-22,False,0.0,837.0,192.0,0.0,,2769,F,P,Student,roomgroupA
2770_01,Earth,False,TRAPPIST-1e,False,0.0,1721.0,0.0,96.0,0.0,2770,G,S,Adult,roomgroupA
2772_01,Earth,False,TRAPPIST-1e,False,0.0,0.0,0.0,757.0,0.0,2772,G,S,Student,roomgroupA
2773_01,Mars,False,TRAPPIST-1e,False,314.0,2.0,648.0,92.0,0.0,2773,D,S,Young Adult,roomgroupA
2774_01,Earth,False,TRAPPIST-1e,False,3.0,0.0,3.0,0.0,697.0,2774,F,P,Young Adult,roomgroupA
2774_02,Earth,False,TRAPPIST-1e,False,0.0,1195.0,31.0,0.0,0.0,2774,F,P,Teenager,roomgroupA
2774_03,Earth,False,TRAPPIST-1e,False,412.0,4.0,0.0,0.0,551.0,2774,F,P,Teenager,roomgroupA
2778_01,Mars,False,TRAPPIST-1e,,2301.0,0.0,414.0,,0.0,2778,D,P,Adult,roomgroupA
2778_02,Mars,True,55 Cancri e,False,,0.0,0.0,0.0,0.0,2778,F,P,Adult,roomgroupA
2780_01,Earth,False,TRAPPIST-1e,False,14.0,702.0,0.0,0.0,0.0,2780,F,P,Young Adult,roomgroupA
2781_01,Earth,True,TRAPPIST-1e,False,0.0,0.0,0.0,0.0,0.0,2781,G,P,Adult,roomgroupA
2783_01,Europa,True,55 Cancri e,False,0.0,0.0,0.0,0.0,0.0,2783,D,P,Student,roomgroupA
2783_02,Europa,False,55 Cancri e,False,2.0,8.0,0.0,2864.0,155.0,2783,D,P,Young Adult,roomgroupA
2784_01,Earth,False,TRAPPIST-1e,False,0.0,0.0,1661.0,52.0,8.0,2784,G,P,Adult,roomgroupA
2785_01,Europa,True,TRAPPIST-1e,False,,0.0,0.0,0.0,0.0,2785,C,S,Adult,roomgroupA
2786_01,Earth,False,PSO J318.5-22,False,0.0,1.0,0.0,195.0,493.0,2786,E,S,Adult,roomgroupA
2787_01,Earth,False,55 Cancri e,False,13.0,,1098.0,64.0,1.0,2787,F,S,Student,roomgroupA
2788_01,Earth,True,PSO J318.5-22,False,0.0,0.0,0.0,0.0,0.0,2788,G,P,Young Adult,roomgroupA
2789_01,Earth,True,TRAPPIST-1e,False,0.0,0.0,0.0,0.0,0.0,2789,G,P,Young Adult,roomgroupA
2790_01,Europa,True,55 Cancri e,,0.0,0.0,0.0,0.0,0.0,2790,B,P,Student,roomgroupA
2790_02,Europa,False,55 Cancri e,False,0.0,320.0,4333.0,1313.0,51.0,2790,B,P,Adult,roomgroupA
2790_03,Europa,False,TRAPPIST-1e,False,3.0,933.0,0.0,674.0,731.0,2790,B,P,Young Adult,roomgroupA
2790_04,Europa,False,55 Cancri e,False,0.0,37.0,0.0,4689.0,0.0,2790,B,P,Adult,roomgroupA
2790_05,Europa,False,55 Cancri e,False,0.0,9923.0,660.0,10.0,266.0,2790,B,P,Adult,roomgroupA
2792_01,Earth,True,PSO J318.5-22,False,0.0,0.0,0.0,0.0,0.0,2792,G,S,Adult,roomgroupA
2793_01,Earth,False,TRAPPIST-1e,False,784.0,87.0,0.0,0.0,1.0,2793,E,P,Adult,roomgroupA
2795_01,Europa,False,TRAPPIST-1e,False,10.0,5659.0,15.0,3.0,0.0,2795,C,S,Young Adult,roomgroupA
2795_02,Europa,False,TRAPPIST-1e,False,0.0,802.0,0.0,2622.0,671.0,2795,C,S,Adult,roomgroupA
2796_01,Earth,False,55 Cancri e,False,0.0,0.0,0.0,863.0,0.0,2796,F,S,Teenager,roomgroupA
2797_01,Earth,False,TRAPPIST-1e,False,0.0,0.0,0.0,0.0,1345.0,2797,F,P,Student,roomgroupA
2798_01,Europa,False,TRAPPIST-1e,False,6.0,437.0,,54.0,3030.0,2798,A,P,Adult,roomgroupA
2798_02,Europa,True,55 Cancri e,False,0.0,0.0,0.0,0.0,0.0,2798,A,P,Adult,roomgroupA
2799_01,Earth,False,TRAPPIST-1e,False,3.0,0.0,0.0,881.0,0.0,2799,G,S,Student,roomgroupA
2799_02,,True,PSO J318.5-22,False,0.0,0.0,0.0,0.0,0.0,2799,G,S,Student,roomgroupA
2801_01,Europa,False,TRAPPIST-1e,False,1.0,767.0,0.0,13104.0,3657.0,2801,B,P,Young Adult,roomgroupA
2802_01,Earth,False,TRAPPIST-1e,False,18.0,2595.0,0.0,0.0,122.0,2802,F,P,Student,roomgroupA
2805_01,Earth,False,TRAPPIST-1e,False,0.0,0.0,366.0,268.0,0.0,2805,F,P,Student,roomgroupA
2806_01,Mars,False,TRAPPIST-1e,False,948.0,0.0,64.0,170.0,0.0,2806,D,S,Young Adult,roomgroupA
2807_01,Earth,False,TRAPPIST-1e,False,0.0,0.0,154.0,22.0,820.0,2807,E,P,Young Adult,roomgroupA
2807_02,Earth,True,PSO J318.5-22,False,0.0,0.0,0.0,0.0,0.0,2807,G,P,Young Adult,roomgroupA
2807_03,Earth,True,TRAPPIST-1e,False,0.0,0.0,0.0,0.0,0.0,2807,G,P,Baby,roomgroupA
2809_01,Earth,True,TRAPPIST-1e,False,0.0,0.0,0.0,0.0,0.0,2809,G,P,Adult,roomgroupA
2810_01,Earth,True,TRAPPIST-1e,False,0.0,0.0,0.0,0.0,0.0,2810,G,P,Student,roomgroupA
2811_01,Earth,False,TRAPPIST-1e,False,0.0,0.0,0.0,0.0,871.0,2811,F,S,Adult,roomgroupA
2812_01,Mars,False,55 Cancri e,False,803.0,0.0,384.0,120.0,0.0,2812,F,S,Adult,roomgroupA
2813_01,Earth,True,TRAPPIST-1e,False,0.0,0.0,0.0,0.0,0.0,2813,G,S,Teenager,roomgroupA
2814_01,,True,PSO J318.5-22,False,0.0,0.0,0.0,0.0,0.0,2814,G,P,Student,roomgroupA
2817_01,,False,TRAPPIST-1e,False,237.0,0.0,910.0,0.0,12.0,2817,F,P,Young Adult,roomgroupA
2818_01,Mars,False,TRAPPIST-1e,False,0.0,0.0,0.0,0.0,0.0,2818,F,P,Baby,roomgroupA
2818_02,Mars,True,55 Cancri e,False,0.0,0.0,0.0,0.0,0.0,2818,F,P,Baby,roomgroupA
2818_03,Mars,False,TRAPPIST-1e,False,165.0,0.0,981.0,2.0,0.0,2818,F,P,Young Adult,roomgroupA
2819_01,Earth,False,TRAPPIST-1e,False,77.0,169.0,0.0,0.0,470.0,2819,F,P,Adult,roomgroupA
2820_01,Earth,True,TRAPPIST-1e,False,0.0,0.0,0.0,0.0,0.0,2820,G,P,Adult,roomgroupA
2821_01,Earth,True,55 Cancri e,False,0.0,0.0,0.0,0.0,0.0,2821,G,P,Adult,roomgroupA
2822_01,,True,55 Cancri e,False,0.0,0.0,,0.0,0.0,2822,G,S,Baby,roomgroupA
2822_02,Earth,,TRAPPIST-1e,,0.0,0.0,0.0,0.0,,2822,G,S,Child,roomgroupA
2822_03,Earth,True,55 Cancri e,False,0.0,,0.0,0.0,0.0,2822,G,S,Baby,roomgroupA
2822_04,Earth,True,,False,0.0,0.0,0.0,0.0,0.0,2822,G,S,Student,roomgroupA
2822_05,,True,TRAPPIST-1e,False,0.0,0.0,0.0,0.0,0.0,2822,G,S,Child,roomgroupA
2823_01,Mars,True,TRAPPIST-1e,False,0.0,0.0,0.0,0.0,0.0,2823,F,P,Student,roomgroupA
2824_01,Europa,True,55 Cancri e,False,0.0,0.0,0.0,0.0,0.0,2824,C,S,Adult,roomgroupA
2825_01,Mars,,TRAPPIST-1e,False,0.0,0.0,0.0,0.0,0.0,2825,F,S,Adult,roomgroupA
2826_01,Europa,False,55 Cancri e,False,1581.0,213.0,0.0,18.0,3051.0,2826,C,P,Young Adult,roomgroupA
2826_02,Europa,False,TRAPPIST-1e,False,20.0,6807.0,174.0,3538.0,2473.0,2826,C,P,Adult,roomgroupA
2831_01,Europa,False,TRAPPIST-1e,False,0.0,824.0,0.0,495.0,1479.0,2831,D,P,Student,roomgroupA
2831_02,Europa,False,TRAPPIST-1e,False,0.0,1.0,0.0,2085.0,55.0,2831,D,P,Student,roomgroupA
2832_01,Earth,False,TRAPPIST-1e,False,0.0,250.0,23.0,0.0,514.0,2832,E,P,Young Adult,roomgroupA
2834_01,Europa,False,TRAPPIST-1e,True,0.0,11.0,0.0,2205.0,1295.0,2834,C,S,Adult,roomgroupA
2835_01,Europa,False,55 Cancri e,True,0.0,186.0,,548.0,5058.0,2835,A,P,Young Adult,roomgroupA
2837_01,Earth,False,PSO J318.5-22,False,0.0,0.0,,3.0,1919.0,2837,F,P,Student,roomgroupA
2838_01,Mars,False,TRAPPIST-1e,False,0.0,0.0,0.0,0.0,0.0,2838,E,P,Student,roomgroupA
2839_01,Europa,False,TRAPPIST-1e,False,1.0,3935.0,0.0,146.0,0.0,2839,C,S,Adult,roomgroupA
2840_01,Earth,False,55 Cancri e,False,672.0,0.0,0.0,0.0,20.0,2840,F,S,Adult,roomgroupA
2843_01,Mars,False,TRAPPIST-1e,False,357.0,0.0,657.0,0.0,0.0,2843,E,P,Adult,roomgroupA
2846_01,Earth,True,TRAPPIST-1e,False,0.0,0.0,0.0,0.0,0.0,2846,G,S,Young Adult,roomgroupA
2847_01,Earth,True,TRAPPIST-1e,False,0.0,0.0,0.0,0.0,0.0,2847,G,P,Teenager,roomgroupA
2852_01,Earth,False,,False,33.0,126.0,0.0,461.0,0.0,2852,G,P,Student,roomgroupA
2853_01,Earth,False,TRAPPIST-1e,False,56.0,757.0,111.0,0.0,0.0,2853,F,S,Student,roomgroupA
2854_01,Earth,False,55 Cancri e,False,0.0,,14.0,692.0,809.0,2854,F,P,Teenager,roomgroupA
2856_01,Europa,False,55 Cancri e,False,0.0,896.0,0.0,,4168.0,2856,C,S,Adult,roomgroupA
2857_01,Earth,False,PSO J318.5-22,False,631.0,,0.0,40.0,0.0,2857,F,S,Young Adult,roomgroupA
2858_01,Europa,True,TRAPPIST-1e,False,0.0,0.0,0.0,0.0,0.0,2858,C,S,Adult,roomgroupA
2858_02,Europa,True,TRAPPIST-1e,False,0.0,0.0,0.0,0.0,0.0,2858,C,S,Teenager,roomgroupA
2858_03,Europa,True,TRAPPIST-1e,False,0.0,,0.0,0.0,0.0,2858,C,S,Adult,roomgroupA
2859_01,Europa,True,55 Cancri e,False,0.0,0.0,0.0,0.0,0.0,2859,C,P,Unknown,roomgroupA
2860_01,Earth,False,PSO J318.5-22,False,154.0,22.0,77.0,1053.0,0.0,2860,F,S,Student,roomgroupA
2861_01,Earth,False,TRAPPIST-1e,False,5.0,756.0,0.0,0.0,0.0,2861,F,S,Teenager,roomgroupA
2862_01,Mars,True,TRAPPIST-1e,False,0.0,0.0,0.0,0.0,0.0,2862,E,S,Young Adult,roomgroupA
2863_01,Earth,False,TRAPPIST-1e,False,0.0,2.0,49.0,0.0,801.0,2863,G,P,Young Adult,roomgroupA
2865_01,Mars,False,TRAPPIST-1e,False,2904.0,23.0,7.0,0.0,81.0,2865,D,P,Young Adult,roomgroupA
2865_02,Mars,False,TRAPPIST-1e,False,520.0,0.0,442.0,0.0,0.0,2865,D,P,Adult,roomgroupA
2866_01,Europa,True,TRAPPIST-1e,True,0.0,0.0,0.0,0.0,0.0,2866,C,S,Adult,roomgroupA
2867_01,Mars,False,TRAPPIST-1e,False,71.0,0.0,1617.0,31.0,0.0,2867,D,P,Adult,roomgroupA
2867_02,Mars,False,TRAPPIST-1e,False,819.0,4.0,92.0,38.0,0.0,2867,E,P,Adult,roomgroupA
2869_01,Earth,True,PSO J318.5-22,False,0.0,0.0,0.0,0.0,0.0,2869,G,P,Senior,roomgroupA
2870_01,Earth,False,TRAPPIST-1e,False,0.0,0.0,1.0,920.0,1.0,2870,G,S,Adult,roomgroupA
2871_01,Europa,True,TRAPPIST-1e,False,0.0,0.0,0.0,,0.0,2871,B,P,Teenager,roomgroupA
2871_02,Europa,True,TRAPPIST-1e,False,0.0,0.0,0.0,0.0,0.0,2871,B,P,Young Adult,roomgroupA
2872_01,Earth,False,PSO J318.5-22,False,0.0,1431.0,0.0,30.0,337.0,2872,G,S,Adult,roomgroupA
2873_01,Mars,False,55 Cancri e,False,2127.0,,23.0,0.0,0.0,2873,E,S,Adult,roomgroupA
2875_01,Europa,True,55 Cancri e,False,0.0,0.0,0.0,0.0,0.0,2875,B,S,Adult,roomgroupA
2876_01,Earth,False,TRAPPIST-1e,False,173.0,656.0,0.0,0.0,23.0,2876,G,S,Adult,roomgroupA
2877_01,Earth,False,TRAPPIST-1e,False,418.0,40.0,7.0,338.0,0.0,2877,F,P,Adult,roomgroupA
2878_01,Mars,False,TRAPPIST-1e,False,44.0,0.0,3648.0,0.0,9.0,2878,F,P,Adult,roomgroupA
2880_01,Earth,True,PSO J318.5-22,False,0.0,0.0,0.0,0.0,0.0,2880,G,P,Young Adult,roomgroupA
2881_01,Earth,False,55 Cancri e,False,0.0,0.0,0.0,0.0,0.0,2881,G,S,Child,roomgroupA
2882_01,Earth,True,TRAPPIST-1e,False,0.0,0.0,0.0,0.0,0.0,2882,G,S,Teenager,roomgroupA
2883_01,Earth,False,TRAPPIST-1e,False,0.0,93.0,1282.0,0.0,0.0,2883,F,P,Young Adult,roomgroupA
2884_01,Mars,False,TRAPPIST-1e,False,912.0,0.0,0.0,,0.0,2884,D,P,Adult,roomgroupA
2887_01,Earth,False,TRAPPIST-1e,False,0.0,0.0,744.0,62.0,3.0,2887,G,S,Adult,roomgroupA
2888_01,Mars,False,TRAPPIST-1e,True,901.0,0.0,1698.0,0.0,0.0,2888,F,P,Senior,roomgroupA
2890_01,Europa,False,TRAPPIST-1e,False,0.0,351.0,0.0,3.0,3447.0,2890,B,P,Adult,roomgroupA
2890_02,Europa,True,TRAPPIST-1e,False,0.0,0.0,0.0,0.0,0.0,2890,B,P,Adult,roomgroupA
2891_01,Earth,False,TRAPPIST-1e,False,4.0,904.0,0.0,0.0,1.0,2891,G,S,Student,roomgroupA
2892_01,Earth,False,PSO J318.5-22,False,0.0,0.0,0.0,0.0,0.0,2892,G,P,Baby,roomgroupA
2892_02,Earth,True,55 Cancri e,False,0.0,0.0,0.0,0.0,0.0,2892,G,P,Teenager,roomgroupA
2892_03,Earth,True,55 Cancri e,False,0.0,0.0,0.0,0.0,0.0,2892,G,P,Baby,roomgroupA
2892_04,Earth,False,TRAPPIST-1e,False,0.0,1311.0,0.0,0.0,0.0,2892,F,P,Young Adult,roomgroupA
2892_05,Earth,False,TRAPPIST-1e,False,0.0,0.0,0.0,0.0,0.0,2892,G,P,Child,roomgroupA
2893_01,Earth,False,55 Cancri e,False,688.0,307.0,779.0,0.0,19.0,2893,G,P,Young Adult,roomgroupA
2894_01,Earth,False,PSO J318.5-22,False,0.0,0.0,443.0,244.0,1.0,2894,F,P,Young Adult,roomgroupA
2897_01,Earth,False,TRAPPIST-1e,False,1.0,0.0,288.0,0.0,556.0,2897,G,S,Adult,roomgroupA
2899_01,Mars,False,TRAPPIST-1e,False,523.0,0.0,0.0,970.0,0.0,2899,F,P,Young Adult,roomgroupA
2900_01,Mars,True,TRAPPIST-1e,False,0.0,0.0,0.0,0.0,0.0,2900,G,S,Young Adult,roomgroupA
2901_01,Earth,False,TRAPPIST-1e,False,0.0,20.0,0.0,300.0,681.0,2901,F,P,Teenager,roomgroupA
2901_02,Earth,False,PSO J318.5-22,False,,2.0,25.0,,707.0,2901,F,P,Young Adult,roomgroupA
2902_01,Earth,False,TRAPPIST-1e,False,123.0,760.0,0.0,0.0,0.0,2902,G,P,Young Adult,roomgroupA
2905_01,Earth,False,55 Cancri e,False,489.0,0.0,,0.0,0.0,2905,G,S,Young Adult,roomgroupA
2906_01,Earth,False,,False,1.0,0.0,133.0,104.0,574.0,2906,G,S,Young Adult,roomgroupA
2907_01,Earth,False,TRAPPIST-1e,False,0.0,9.0,2005.0,0.0,5.0,2907,F,S,Young Adult,roomgroupA
2908_01,Earth,False,,False,0.0,0.0,0.0,0.0,0.0,2908,G,S,Baby,roomgroupA
2908_02,,False,TRAPPIST-1e,False,649.0,2.0,0.0,124.0,143.0,2908,F,S,Teenager,roomgroupA
2909_01,Earth,True,55 Cancri e,False,0.0,0.0,0.0,0.0,0.0,2909,G,P,Child,roomgroupA
2910_01,Earth,False,PSO J318.5-22,False,0.0,0.0,736.0,0.0,0.0,2910,F,P,Young Adult,roomgroupA
2912_01,Mars,True,TRAPPIST-1e,False,0.0,0.0,0.0,0.0,0.0,2912,E,P,Young Adult,roomgroupA
2913_01,Mars,False,TRAPPIST-1e,False,21.0,25.0,1509.0,0.0,1042.0,2913,F,P,Adult,roomgroupA
2919_01,Mars,False,TRAPPIST-1e,False,13.0,2119.0,315.0,0.0,261.0,2919,D,S,Adult,roomgroupA
2919_02,Mars,False,TRAPPIST-1e,False,0.0,0.0,0.0,0.0,0.0,2919,F,S,Baby,roomgroupA
2919_03,Mars,True,TRAPPIST-1e,False,,0.0,0.0,0.0,0.0,2919,F,S,Child,roomgroupA
2920_01,Earth,False,TRAPPIST-1e,False,0.0,179.0,569.0,0.0,0.0,2920,F,P,Student,roomgroupA
2925_01,Mars,False,TRAPPIST-1e,False,336.0,11.0,796.0,15.0,0.0,2925,F,P,Adult,roomgroupA
2925_02,Mars,True,55 Cancri e,False,0.0,0.0,0.0,0.0,0.0,2925,F,P,Student,roomgroupA
2926_01,Mars,False,TRAPPIST-1e,False,828.0,25.0,545.0,107.0,0.0,2926,G,S,Adult,roomgroupA
2927_01,Mars,True,55 Cancri e,False,0.0,0.0,0.0,0.0,0.0,2927,F,P,Adult,roomgroupA
2928_01,Europa,False,55 Cancri e,True,0.0,2062.0,2.0,19.0,1618.0,2928,B,P,Adult,roomgroupA
2928_02,Europa,True,TRAPPIST-1e,False,0.0,0.0,,0.0,0.0,2928,B,P,Adult,roomgroupA
2928_03,Europa,True,TRAPPIST-1e,False,0.0,0.0,0.0,0.0,0.0,2928,B,P,Adult,roomgroupA
2929_01,Earth,True,PSO J318.5-22,False,0.0,0.0,0.0,0.0,0.0,2929,G,S,Adult,roomgroupA
2930_01,Earth,False,TRAPPIST-1e,False,,9.0,0.0,857.0,16.0,2930,G,P,Adult,roomgroupA
2934_01,Earth,False,PSO J318.5-22,False,0.0,689.0,0.0,0.0,0.0,2934,F,S,Student,roomgroupA
2935_01,Europa,False,TRAPPIST-1e,False,0.0,28.0,0.0,6841.0,543.0,2935,T,P,Young Adult,roomgroupA
2936_01,Earth,False,TRAPPIST-1e,False,15.0,30.0,11.0,2.0,388.0,2936,G,S,Student,roomgroupA
2938_01,Europa,True,TRAPPIST-1e,False,0.0,0.0,0.0,0.0,0.0,2938,C,P,Senior,roomgroupA
2940_01,Earth,False,PSO J318.5-22,False,5.0,308.0,363.0,7.0,0.0,2940,F,P,Student,roomgroupA
2941_01,Earth,False,TRAPPIST-1e,,24.0,0.0,13.0,717.0,0.0,2941,G,P,Teenager,roomgroupA
2942_01,Earth,False,TRAPPIST-1e,False,198.0,44.0,97.0,30.0,510.0,2942,F,S,Adult,roomgroupA
2943_01,Earth,True,TRAPPIST-1e,False,0.0,0.0,0.0,0.0,0.0,2943,G,P,Student,roomgroupA
2944_01,Earth,False,TRAPPIST-1e,False,214.0,3.0,16.0,569.0,0.0,2944,F,S,Adult,roomgroupA
2944_02,Earth,False,PSO J318.5-22,False,,0.0,0.0,0.0,0.0,2944,G,S,Baby,roomgroupA
2944_03,Earth,True,55 Cancri e,False,0.0,0.0,0.0,0.0,0.0,2944,G,S,Young Adult,roomgroupA
2944_04,Earth,False,TRAPPIST-1e,False,0.0,0.0,0.0,0.0,0.0,2944,G,S,Baby,roomgroupA
2945_01,Earth,True,55 Cancri e,False,0.0,0.0,0.0,0.0,0.0,2945,G,P,Adult,roomgroupA
2948_01,Europa,False,TRAPPIST-1e,False,0.0,1971.0,77.0,577.0,1050.0,2948,C,S,Adult,roomgroupA
2949_01,Earth,True,TRAPPIST-1e,False,0.0,0.0,0.0,,0.0,2949,G,P,Student,roomgroupA
2950_01,Earth,False,TRAPPIST-1e,False,310.0,0.0,374.0,0.0,5.0,2950,F,P,Student,roomgroupA
2953_01,,False,55 Cancri e,False,0.0,641.0,0.0,2.0,0.0,2953,E,P,Young Adult,roomgroupA
2954_01,Earth,False,55 Cancri e,False,235.0,0.0,101.0,0.0,316.0,2954,F,P,Student,roomgroupA
2956_01,Earth,False,PSO J318.5-22,False,3.0,141.0,0.0,0.0,1689.0,2956,G,S,Young Adult,roomgroupA
2958_01,Earth,False,TRAPPIST-1e,False,1822.0,0.0,4.0,107.0,1204.0,2958,F,S,Young Adult,roomgroupA
2959_01,Earth,False,PSO J318.5-22,False,1.0,0.0,933.0,614.0,0.0,2959,F,P,Young Adult,roomgroupA
2960_01,Earth,False,TRAPPIST-1e,False,,,0.0,0.0,0.0,2960,F,S,Adult,roomgroupA
2961_01,Earth,False,TRAPPIST-1e,False,0.0,54.0,0.0,724.0,0.0,2961,F,P,Adult,roomgroupA
2962_01,Mars,False,TRAPPIST-1e,False,1228.0,0.0,132.0,0.0,0.0,2962,E,P,Young Adult,roomgroupA
2964_01,Europa,False,TRAPPIST-1e,False,2050.0,8525.0,0.0,270.0,636.0,2964,A,S,Young Adult,roomgroupA
2965_01,Earth,False,TRAPPIST-1e,False,0.0,0.0,709.0,258.0,3.0,2965,F,P,Teenager,roomgroupA
2966_01,Earth,False,TRAPPIST-1e,False,2.0,417.0,323.0,0.0,84.0,2966,E,P,Student,roomgroupA
2968_01,Earth,True,TRAPPIST-1e,False,0.0,,0.0,0.0,0.0,2968,G,P,Adult,roomgroupA
2969_01,Earth,False,,False,221.0,0.0,32.0,38.0,516.0,2969,G,P,Adult,roomgroupA
2970_01,Earth,False,TRAPPIST-1e,False,740.0,82.0,6.0,,1.0,2970,G,S,Unknown,roomgroupA
2971_01,Europa,False,TRAPPIST-1e,False,0.0,3135.0,0.0,26.0,3.0,2971,T,P,Adult,roomgroupA
2972_01,Earth,False,TRAPPIST-1e,False,0.0,1.0,1441.0,0.0,190.0,2972,E,P,Teenager,roomgroupA
2975_01,Earth,,PSO J318.5-22,False,0.0,0.0,585.0,0.0,10.0,2975,F,S,Student,roomgroupA
2979_01,Europa,False,TRAPPIST-1e,False,0.0,0.0,0.0,0.0,0.0,2979,B,P,Young Adult,roomgroupA
2982_01,Europa,True,55 Cancri e,False,0.0,0.0,0.0,0.0,0.0,2982,B,S,Young Adult,roomgroupA
2983_01,Earth,False,TRAPPIST-1e,False,0.0,0.0,31.0,0.0,810.0,2983,E,P,Teenager,roomgroupA
2984_01,Europa,False,TRAPPIST-1e,False,0.0,210.0,0.0,4114.0,0.0,2984,D,S,Adult,roomgroupA
2986_01,Mars,False,TRAPPIST-1e,False,5711.0,0.0,2516.0,0.0,1370.0,2986,E,S,Teenager,roomgroupA
2988_01,Europa,False,55 Cancri e,False,396.0,1280.0,7.0,308.0,4941.0,2988,A,S,Young Adult,roomgroupA
2990_01,Earth,True,PSO J318.5-22,False,0.0,0.0,0.0,0.0,0.0,2990,G,S,Young Adult,roomgroupA
2992_01,,False,PSO J318.5-22,False,0.0,,0.0,160.0,528.0,2992,F,S,Adult,roomgroupA
2993_01,Earth,False,TRAPPIST-1e,False,1252.0,6.0,,123.0,706.0,2993,F,S,Young Adult,roomgroupA
2994_01,Earth,False,TRAPPIST-1e,False,173.0,0.0,14.0,0.0,603.0,2994,E,S,Young Adult,roomgroupA
2995_01,Europa,True,55 Cancri e,False,0.0,0.0,0.0,0.0,0.0,2995,B,P,Young Adult,roomgroupA
2995_02,Europa,True,55 Cancri e,False,0.0,0.0,0.0,0.0,0.0,2995,B,P,Adult,roomgroupA
2996_01,Earth,False,55 Cancri e,False,0.0,611.0,2.0,4.0,22.0,2996,F,P,Young Adult,roomgroupA
2998_01,Europa,False,,False,0.0,5252.0,0.0,124.0,300.0,2998,C,S,Adult,roomgroupA
3000_01,Earth,False,TRAPPIST-1e,False,736.0,0.0,0.0,0.0,1.0,3000,F,P,Student,roomgroupA
3001_01,Europa,False,55 Cancri e,True,0.0,1577.0,0.0,425.0,4359.0,3001,C,P,Adult,roomgroupA
3001_02,Europa,False,55 Cancri e,False,0.0,1001.0,2280.0,,29.0,3001,C,P,Young Adult,roomgroupA
3003_01,Europa,True,TRAPPIST-1e,False,0.0,0.0,0.0,0.0,0.0,3003,C,S,Adult,roomgroupA
3004_01,Earth,True,TRAPPIST-1e,False,0.0,0.0,0.0,0.0,0.0,3004,G,S,Baby,roomgroupA
3004_02,Earth,False,TRAPPIST-1e,False,0.0,53.0,0.0,744.0,0.0,3004,F,S,Young Adult,roomgroupA
3005_01,Mars,True,TRAPPIST-1e,False,0.0,0.0,0.0,0.0,0.0,3005,F,S,Senior,roomgroupA
3006_01,Earth,False,PSO J318.5-22,False,23.0,0.0,0.0,0.0,732.0,3006,G,S,Student,roomgroupA
3009_01,Mars,True,PSO J318.5-22,False,0.0,0.0,0.0,0.0,0.0,3009,E,P,Adult,roomgroupA
3010_01,Europa,False,TRAPPIST-1e,False,0.0,8403.0,0.0,7627.0,83.0,3010,B,P,Adult,roomgroupA
3012_01,Earth,False,TRAPPIST-1e,False,1187.0,1.0,,6.0,0.0,3012,G,S,Senior,roomgroupA
3013_01,,False,TRAPPIST-1e,False,,256.0,0.0,207.0,409.0,3013,F,P,Teenager,roomgroupA
3014_01,Europa,False,55 Cancri e,False,82.0,1390.0,0.0,347.0,6237.0,3014,C,S,Adult,roomgroupA
3015_01,Earth,False,TRAPPIST-1e,False,0.0,1438.0,0.0,112.0,74.0,3015,E,S,Adult,roomgroupA
3018_01,Earth,False,TRAPPIST-1e,False,0.0,49.0,2.0,639.0,0.0,3018,F,P,Young Adult,roomgroupA
3019_01,Mars,False,TRAPPIST-1e,False,1644.0,0.0,234.0,157.0,64.0,3019,E,P,Adult,roomgroupA
3020_01,Europa,False,TRAPPIST-1e,False,0.0,216.0,0.0,5391.0,3372.0,3020,B,S,Adult,roomgroupA
3021_01,Earth,False,TRAPPIST-1e,False,517.0,1.0,301.0,60.0,4.0,3021,G,S,Young Adult,roomgroupA
3021_02,Earth,False,TRAPPIST-1e,False,608.0,0.0,6.0,0.0,1637.0,3021,F,S,Adult,roomgroupA
3022_01,Europa,False,TRAPPIST-1e,False,0.0,3331.0,270.0,2.0,3510.0,3022,C,P,Adult,roomgroupA
3022_02,Europa,False,55 Cancri e,False,0.0,329.0,0.0,3154.0,312.0,3022,C,P,Student,roomgroupA
3023_01,Mars,True,TRAPPIST-1e,False,0.0,0.0,0.0,0.0,0.0,3023,F,P,Young Adult,roomgroupA
3024_01,Earth,False,TRAPPIST-1e,False,0.0,0.0,1752.0,187.0,0.0,3024,F,P,Student,roomgroupA
3025_01,Earth,False,TRAPPIST-1e,False,2.0,788.0,0.0,128.0,9.0,3025,G,S,Young Adult,roomgroupA
3025_02,Earth,False,TRAPPIST-1e,False,45.0,8.0,0.0,607.0,44.0,3025,G,S,Adult,roomgroupA
3026_01,Earth,True,TRAPPIST-1e,False,0.0,0.0,0.0,0.0,0.0,3026,G,P,Student,roomgroupA
3027_01,Earth,True,TRAPPIST-1e,False,0.0,0.0,0.0,0.0,0.0,3027,G,P,Young Adult,roomgroupA
3029_01,Europa,False,55 Cancri e,False,0.0,878.0,82.0,360.0,1784.0,3029,C,P,Student,roomgroupA
3029_02,Europa,,TRAPPIST-1e,False,0.0,0.0,0.0,0.0,0.0,3029,C,P,Teenager,roomgroupA
3030_01,Europa,False,55 Cancri e,False,728.0,2551.0,0.0,48.0,1804.0,3030,B,P,Young Adult,roomgroupA
3030_02,Europa,True,TRAPPIST-1e,False,0.0,0.0,0.0,0.0,0.0,3030,B,P,Student,roomgroupA
3032_01,Earth,False,TRAPPIST-1e,False,0.0,0.0,0.0,0.0,0.0,3032,G,S,Child,roomgroupA
3032_02,Earth,True,TRAPPIST-1e,False,0.0,0.0,0.0,0.0,0.0,3032,G,S,Baby,roomgroupA
3032_03,Earth,False,TRAPPIST-1e,False,0.0,0.0,0.0,0.0,0.0,3032,G,S,Baby,roomgroupA
3032_04,Earth,False,TRAPPIST-1e,False,479.0,12.0,25.0,643.0,283.0,3032,F,S,Young Adult,roomgroupA
3033_01,Earth,False,PSO J318.5-22,False,0.0,27.0,1181.0,0.0,513.0,3033,G,S,Student,roomgroupA
3034_01,Europa,False,TRAPPIST-1e,False,0.0,0.0,0.0,0.0,0.0,3034,G,S,Adult,roomgroupA
3036_01,Earth,False,PSO J318.5-22,False,506.0,0.0,1.0,178.0,0.0,3036,F,P,Adult,roomgroupA
3038_01,Mars,False,TRAPPIST-1e,,1228.0,0.0,0.0,0.0,0.0,3038,F,S,Adult,roomgroupA
3039_01,Europa,False,TRAPPIST-1e,False,0.0,0.0,0.0,0.0,0.0,3039,A,S,Young Adult,roomgroupA
3040_01,Mars,False,TRAPPIST-1e,False,2616.0,0.0,2.0,5.0,0.0,3040,F,S,Young Adult,roomgroupA
3042_01,Earth,False,TRAPPIST-1e,False,0.0,0.0,301.0,0.0,437.0,3042,F,S,Young Adult,roomgroupA
3044_01,Earth,False,TRAPPIST-1e,False,577.0,139.0,0.0,0.0,0.0,3044,F,P,Senior,roomgroupA
3045_01,Earth,True,TRAPPIST-1e,False,0.0,0.0,0.0,0.0,0.0,3045,G,S,Student,roomgroupA
3047_01,Mars,True,PSO J318.5-22,False,0.0,,0.0,0.0,0.0,3047,E,P,Teenager,roomgroupA
3047_02,Mars,False,TRAPPIST-1e,False,995.0,0.0,6.0,48.0,0.0,3047,E,P,Teenager,roomgroupA
3048_01,Mars,True,TRAPPIST-1e,False,0.0,0.0,0.0,,0.0,3048,E,S,Young Adult,roomgroupA
3050_01,Europa,False,TRAPPIST-1e,False,1586.0,2342.0,947.0,1.0,276.0,3050,E,P,Young Adult,roomgroupA
3053_01,Europa,False,55 Cancri e,False,0.0,2.0,0.0,10976.0,810.0,3053,G,S,Adult,roomgroupA
3054_01,Earth,False,TRAPPIST-1e,False,578.0,77.0,0.0,306.0,5.0,3054,F,S,Teenager,roomgroupA
3055_01,Earth,False,TRAPPIST-1e,False,1086.0,0.0,0.0,41.0,0.0,3055,F,P,Adult,roomgroupA
3060_01,Mars,False,TRAPPIST-1e,False,760.0,2.0,2.0,,0.0,3060,F,S,Teenager,roomgroupA
3060_02,Mars,False,TRAPPIST-1e,False,3309.0,0.0,10.0,0.0,0.0,3060,D,S,Adult,roomgroupA
3060_03,Mars,,TRAPPIST-1e,False,0.0,0.0,0.0,0.0,0.0,3060,E,S,Adult,roomgroupA
3061_01,Earth,False,TRAPPIST-1e,False,664.0,0.0,0.0,65.0,0.0,3061,F,P,Student,roomgroupA
3061_02,Earth,False,TRAPPIST-1e,False,0.0,0.0,0.0,1745.0,72.0,3061,G,P,Adult,roomgroupA
3062_01,Mars,False,TRAPPIST-1e,False,741.0,0.0,31.0,0.0,36.0,3062,D,S,Adult,roomgroupA
3063_01,Earth,True,PSO J318.5-22,False,0.0,0.0,0.0,0.0,0.0,3063,G,P,Student,roomgroupA
3063_02,Earth,True,TRAPPIST-1e,False,0.0,0.0,0.0,0.0,0.0,3063,G,P,Child,roomgroupA
3063_03,Earth,False,TRAPPIST-1e,False,1.0,0.0,0.0,450.0,254.0,3063,E,P,Student,roomgroupA
3064_01,Earth,True,TRAPPIST-1e,False,0.0,0.0,0.0,0.0,0.0,3064,G,S,Student,roomgroupA
3065_01,Europa,False,55 Cancri e,False,0.0,2065.0,1650.0,356.0,1.0,3065,D,P,Adult,roomgroupA
3066_01,Earth,False,TRAPPIST-1e,False,1609.0,0.0,0.0,0.0,0.0,3066,E,P,Adult,roomgroupA
3067_01,Earth,True,TRAPPIST-1e,False,0.0,0.0,0.0,0.0,0.0,3067,G,S,Student,roomgroupA
3068_01,Earth,False,TRAPPIST-1e,False,379.0,453.0,0.0,7.0,0.0,3068,G,P,Senior,roomgroupA
3070_01,Earth,True,TRAPPIST-1e,False,0.0,0.0,0.0,0.0,0.0,3070,G,P,Adult,roomgroupA
3071_01,Europa,True,TRAPPIST-1e,False,,0.0,0.0,0.0,0.0,3071,B,S,Teenager,roomgroupA
3071_02,Europa,False,TRAPPIST-1e,False,0.0,,8.0,21.0,6023.0,3071,B,S,Young Adult,roomgroupA
3073_01,Mars,True,TRAPPIST-1e,False,0.0,0.0,0.0,0.0,0.0,3073,F,P,Adult,roomgroupA
3076_01,Earth,True,PSO J318.5-22,False,0.0,0.0,0.0,0.0,0.0,3076,G,P,Unknown,roomgroupA
3079_01,Earth,False,55 Cancri e,False,35.0,0.0,36.0,581.0,0.0,3079,F,P,Student,roomgroupA
3080_01,Earth,False,TRAPPIST-1e,False,0.0,0.0,0.0,822.0,2.0,3080,F,S,Adult,roomgroupA
3081_01,Europa,False,55 Cancri e,False,0.0,1547.0,0.0,1784.0,1.0,3081,C,S,Adult,roomgroupA
3081_02,Europa,True,TRAPPIST-1e,False,0.0,0.0,0.0,0.0,0.0,3081,C,S,Adult,roomgroupA
3082_01,Earth,False,PSO J318.5-22,False,1.0,30.0,1793.0,0.0,0.0,3082,G,P,Teenager,roomgroupA
3083_01,Europa,False,55 Cancri e,False,0.0,587.0,0.0,1497.0,1014.0,3083,D,S,Student,roomgroupA
3084_01,Mars,True,55 Cancri e,False,0.0,0.0,0.0,0.0,0.0,3084,D,S,Senior,roomgroupA
3085_01,Earth,,TRAPPIST-1e,False,0.0,0.0,0.0,153.0,556.0,3085,G,P,Senior,roomgroupA
3087_01,Earth,,TRAPPIST-1e,False,0.0,0.0,0.0,0.0,0.0,3087,G,P,Adult,roomgroupA
3088_01,Europa,False,TRAPPIST-1e,False,0.0,0.0,0.0,0.0,0.0,3088,A,P,Young Adult,roomgroupA
3090_01,Europa,False,TRAPPIST-1e,True,0.0,6013.0,0.0,820.0,31.0,3090,B,S,Young Adult,roomgroupA
3091_01,Europa,False,TRAPPIST-1e,False,0.0,946.0,0.0,7860.0,384.0,3091,G,S,Teenager,roomgroupA
3091_02,Europa,True,TRAPPIST-1e,False,,0.0,0.0,0.0,0.0,3091,D,S,Young Adult,roomgroupA
3092_01,Earth,False,TRAPPIST-1e,False,,0.0,102.0,43.0,700.0,3092,G,P,Student,roomgroupA
3093_01,Mars,False,55 Cancri e,False,2229.0,0.0,1349.0,121.0,0.0,3093,E,P,Student,roomgroupA
3095_01,Mars,False,PSO J318.5-22,False,924.0,1284.0,10.0,9.0,0.0,3095,F,S,Senior,roomgroupA
3096_01,Mars,False,55 Cancri e,False,5.0,1.0,633.0,0.0,188.0,3096,D,S,Young Adult,roomgroupA
3099_01,Mars,True,TRAPPIST-1e,False,0.0,0.0,0.0,0.0,0.0,3099,E,S,Young Adult,roomgroupA
3100_01,Earth,False,TRAPPIST-1e,False,0.0,0.0,0.0,0.0,0.0,3100,G,S,Baby,roomgroupA
3100_02,Earth,False,TRAPPIST-1e,False,809.0,0.0,0.0,0.0,0.0,3100,F,S,Adult,roomgroupA
3100_03,Earth,True,TRAPPIST-1e,False,0.0,0.0,0.0,0.0,0.0,3100,G,S,Baby,roomgroupA
3102_01,Europa,True,55 Cancri e,False,0.0,0.0,0.0,0.0,0.0,3102,B,P,Young Adult,roomgroupA
3103_01,Europa,False,TRAPPIST-1e,True,0.0,7452.0,0.0,1158.0,7979.0,3103,B,P,Adult,roomgroupA
3104_01,Earth,False,TRAPPIST-1e,False,0.0,0.0,0.0,0.0,0.0,3104,G,P,Teenager,roomgroupA
3104_02,Earth,True,TRAPPIST-1e,False,0.0,,0.0,0.0,0.0,3104,G,P,Student,roomgroupA
3110_01,Earth,False,TRAPPIST-1e,False,520.0,0.0,0.0,195.0,0.0,3110,G,P,Young Adult,roomgroupA
3111_01,Mars,False,TRAPPIST-1e,False,1173.0,0.0,0.0,9.0,0.0,3111,D,P,Student,roomgroupA
3112_01,Earth,True,PSO J318.5-22,,0.0,0.0,0.0,0.0,0.0,3112,G,S,Teenager,roomgroupA
3113_01,Mars,True,TRAPPIST-1e,False,,0.0,0.0,0.0,0.0,3113,D,P,Student,roomgroupA
3113_02,Mars,True,55 Cancri e,False,0.0,0.0,0.0,0.0,0.0,3113,D,P,Adult,roomgroupA
3114_01,Mars,False,TRAPPIST-1e,False,1598.0,0.0,155.0,26.0,0.0,3114,D,P,Adult,roomgroupA
3116_01,Earth,False,TRAPPIST-1e,False,127.0,0.0,656.0,0.0,21.0,3116,F,P,Student,roomgroupA
3117_01,Earth,False,TRAPPIST-1e,False,0.0,0.0,47.0,857.0,23.0,3117,F,P,Young Adult,roomgroupA
3118_01,Earth,True,TRAPPIST-1e,False,0.0,0.0,0.0,0.0,0.0,3118,G,P,Young Adult,roomgroupA
3119_01,Earth,False,TRAPPIST-1e,False,571.0,0.0,0.0,277.0,0.0,3119,G,S,Senior,roomgroupA
3120_01,Mars,True,TRAPPIST-1e,False,0.0,0.0,0.0,0.0,0.0,3120,E,S,Young Adult,roomgroupA
3120_02,Mars,False,TRAPPIST-1e,False,691.0,3.0,68.0,286.0,0.0,3120,E,S,Young Adult,roomgroupA
3121_01,Earth,True,PSO J318.5-22,False,0.0,0.0,0.0,0.0,0.0,3121,G,S,Child,roomgroupA
3123_01,Earth,True,,False,0.0,0.0,0.0,0.0,0.0,3123,G,P,Teenager,roomgroupA
3124_01,Mars,True,TRAPPIST-1e,False,0.0,0.0,0.0,0.0,0.0,3124,F,P,Teenager,roomgroupA
3124_02,Mars,False,TRAPPIST-1e,False,1130.0,8.0,299.0,0.0,0.0,3124,F,P,Adult,roomgroupA
3124_03,Mars,True,TRAPPIST-1e,False,0.0,0.0,0.0,0.0,0.0,3124,F,P,Adult,roomgroupA
3126_01,Europa,False,55 Cancri e,False,139.0,4018.0,13.0,232.0,1140.0,3126,B,S,Young Adult,roomgroupA
3126_02,Europa,False,TRAPPIST-1e,False,0.0,0.0,0.0,0.0,0.0,3126,B,S,Adult,roomgroupA
3128_01,Earth,False,55 Cancri e,False,62.0,57.0,2646.0,1104.0,312.0,3128,G,P,Teenager,roomgroupA
3130_01,Mars,False,TRAPPIST-1e,False,886.0,0.0,618.0,0.0,0.0,3130,F,S,Adult,roomgroupA
3131_01,Earth,True,55 Cancri e,False,0.0,0.0,0.0,0.0,0.0,3131,G,S,Adult,roomgroupA
3131_02,Earth,True,TRAPPIST-1e,False,0.0,0.0,0.0,0.0,0.0,3131,G,S,Student,roomgroupA
3131_03,,True,TRAPPIST-1e,False,0.0,0.0,0.0,0.0,0.0,3131,G,S,Baby,roomgroupA
3132_01,Mars,True,TRAPPIST-1e,False,0.0,0.0,0.0,0.0,0.0,3132,F,P,Young Adult,roomgroupA
3133_01,Earth,False,PSO J318.5-22,False,0.0,140.0,394.0,0.0,0.0,3133,G,P,Young Adult,roomgroupA
3134_01,Europa,False,PSO J318.5-22,True,0.0,4513.0,0.0,85.0,1437.0,3134,C,S,Senior,roomgroupA
3136_01,Earth,True,TRAPPIST-1e,False,0.0,0.0,0.0,0.0,0.0,3136,G,P,Young Adult,roomgroupA
3138_01,Earth,False,TRAPPIST-1e,False,0.0,4.0,1604.0,678.0,1681.0,3138,G,S,Young Adult,roomgroupA
3140_01,Mars,False,TRAPPIST-1e,False,912.0,0.0,43.0,0.0,0.0,3140,E,S,Young Adult,roomgroupA
3142_01,Mars,False,TRAPPIST-1e,False,33.0,1117.0,59.0,0.0,16.0,3142,F,S,Adult,roomgroupA
3142_02,Mars,False,TRAPPIST-1e,False,1087.0,0.0,71.0,0.0,0.0,3142,F,S,Young Adult,roomgroupA
3143_01,Mars,True,55 Cancri e,False,0.0,0.0,0.0,0.0,,3143,F,S,Young Adult,roomgroupA
3145_01,Mars,True,TRAPPIST-1e,False,0.0,0.0,0.0,0.0,0.0,3145,F,P,Adult,roomgroupA
3147_01,Earth,False,TRAPPIST-1e,False,17.0,427.0,31.0,257.0,0.0,3147,F,S,Student,roomgroupA
3149_01,Earth,False,TRAPPIST-1e,False,0.0,730.0,79.0,0.0,,3149,G,S,Student,roomgroupA
3149_02,Earth,True,TRAPPIST-1e,False,0.0,0.0,0.0,0.0,0.0,3149,G,S,Student,roomgroupA
3152_01,Earth,True,TRAPPIST-1e,False,0.0,0.0,0.0,0.0,0.0,3152,G,S,Teenager,roomgroupA
3158_01,Mars,False,TRAPPIST-1e,False,1507.0,,3.0,2.0,1196.0,3158,D,P,Student,roomgroupA
3159_01,Mars,True,55 Cancri e,False,0.0,0.0,0.0,0.0,0.0,3159,F,P,Young Adult,roomgroupA
3161_01,Europa,False,55 Cancri e,False,0.0,323.0,971.0,58.0,4240.0,3161,E,S,Adult,roomgroupA
3162_01,Earth,False,TRAPPIST-1e,False,0.0,0.0,0.0,0.0,0.0,3162,G,S,Baby,roomgroupA
3162_02,Earth,False,TRAPPIST-1e,False,0.0,0.0,5.0,0.0,2409.0,3162,F,S,Adult,roomgroupA
3162_03,Earth,True,TRAPPIST-1e,False,0.0,0.0,0.0,0.0,0.0,3162,G,S,Teenager,roomgroupA
3163_01,Mars,False,TRAPPIST-1e,False,1007.0,0.0,142.0,295.0,0.0,3163,F,P,Teenager,roomgroupA
3163_02,Mars,,55 Cancri e,False,4.0,0.0,1834.0,1.0,66.0,3163,F,P,Adult,roomgroupA
3164_01,Earth,True,TRAPPIST-1e,,0.0,0.0,0.0,0.0,0.0,3164,G,P,Adult,roomgroupA
3166_01,Mars,True,TRAPPIST-1e,False,,0.0,0.0,0.0,0.0,3166,F,P,Unknown,roomgroupA
3168_01,Earth,False,TRAPPIST-1e,False,0.0,7.0,548.0,4.0,0.0,3168,F,P,Young Adult,roomgroupA
3169_01,Earth,False,TRAPPIST-1e,False,207.0,350.0,74.0,0.0,3.0,3169,F,S,Young Adult,roomgroupA
3171_01,Earth,True,55 Cancri e,False,0.0,0.0,0.0,0.0,0.0,3171,G,S,Student,roomgroupA
3172_01,,False,TRAPPIST-1e,False,0.0,0.0,1352.0,5.0,0.0,3172,F,P,Young Adult,roomgroupA
3174_01,Mars,False,,False,155.0,0.0,1632.0,3.0,0.0,3174,D,P,Student,roomgroupA
3174_02,Mars,True,TRAPPIST-1e,False,0.0,0.0,0.0,0.0,0.0,3174,F,P,Adult,roomgroupA
3175_01,Europa,True,55 Cancri e,False,0.0,0.0,0.0,0.0,0.0,3175,B,P,Adult,roomgroupA
3176_01,Europa,False,TRAPPIST-1e,False,0.0,9032.0,0.0,128.0,1464.0,3176,E,P,Senior,roomgroupA
3179_01,Earth,False,55 Cancri e,False,2840.0,0.0,0.0,0.0,0.0,3179,F,S,Young Adult,roomgroupA
3180_01,Earth,False,TRAPPIST-1e,False,,1.0,379.0,0.0,336.0,3180,F,P,Student,roomgroupA
3181_01,Earth,False,TRAPPIST-1e,False,4.0,353.0,193.0,241.0,0.0,3181,E,P,Student,roomgroupA
3182_01,Earth,False,TRAPPIST-1e,False,0.0,0.0,699.0,0.0,0.0,3182,F,S,Student,roomgroupA
3184_01,Europa,False,55 Cancri e,False,0.0,0.0,0.0,0.0,0.0,3184,B,S,Child,roomgroupA
3184_02,Europa,True,55 Cancri e,False,0.0,0.0,0.0,0.0,0.0,3184,B,S,Young Adult,roomgroupA
3185_01,Earth,False,TRAPPIST-1e,False,0.0,788.0,0.0,0.0,1191.0,3185,F,S,Adult,roomgroupA
3188_01,Mars,True,55 Cancri e,False,0.0,0.0,0.0,0.0,0.0,3188,E,S,Young Adult,roomgroupA
3189_01,Mars,True,55 Cancri e,False,0.0,0.0,0.0,0.0,0.0,3189,D,P,Adult,roomgroupA
3189_02,Mars,,TRAPPIST-1e,False,1299.0,0.0,0.0,0.0,0.0,3189,D,P,Young Adult,roomgroupA
3191_01,Mars,True,TRAPPIST-1e,False,0.0,0.0,0.0,0.0,0.0,3191,F,S,Senior,roomgroupA
3192_01,Earth,False,TRAPPIST-1e,False,0.0,0.0,147.0,,0.0,3192,F,P,Student,roomgroupA
3193_01,Mars,False,TRAPPIST-1e,True,309.0,,849.0,0.0,0.0,3193,F,P,Young Adult,roomgroupA
3195_01,Earth,False,TRAPPIST-1e,False,0.0,0.0,0.0,0.0,0.0,3195,G,S,Baby,roomgroupA
3195_02,Earth,False,PSO J318.5-22,False,0.0,31.0,6.0,223.0,356.0,3195,G,S,Senior,roomgroupA
3195_03,Earth,False,55 Cancri e,False,0.0,0.0,675.0,31.0,0.0,3195,G,S,Young Adult,roomgroupA
3195_04,Earth,False,PSO J318.5-22,False,0.0,0.0,0.0,0.0,0.0,3195,G,S,Child,roomgroupA
3195_05,Earth,False,55 Cancri e,False,0.0,0.0,0.0,0.0,0.0,3195,G,S,Baby,roomgroupA
3195_06,Earth,True,TRAPPIST-1e,False,0.0,0.0,0.0,0.0,0.0,3195,G,S,Child,roomgroupA
3196_01,Mars,False,TRAPPIST-1e,False,1046.0,0.0,1553.0,0.0,0.0,3196,F,P,Adult,roomgroupA
3197_01,Earth,False,55 Cancri e,False,0.0,0.0,,588.0,0.0,3197,F,P,Student,roomgroupA
3200_01,Earth,False,TRAPPIST-1e,False,4.0,11.0,669.0,0.0,773.0,3200,F,P,Adult,roomgroupA
3201_01,Earth,False,TRAPPIST-1e,False,330.0,11.0,0.0,0.0,398.0,3201,F,P,Student,roomgroupA
3203_01,Earth,True,TRAPPIST-1e,False,0.0,0.0,0.0,0.0,0.0,3203,G,S,Young Adult,roomgroupA
3204_01,Europa,False,TRAPPIST-1e,False,,1653.0,7.0,227.0,1457.0,3204,A,P,Young Adult,roomgroupA
3204_02,Europa,False,TRAPPIST-1e,False,3865.0,3810.0,0.0,12.0,196.0,3204,A,P,Adult,roomgroupA
3204_03,Europa,False,TRAPPIST-1e,False,0.0,131.0,,8873.0,469.0,3204,A,P,Adult,roomgroupA
3205_01,Earth,True,55 Cancri e,False,0.0,0.0,0.0,0.0,0.0,3205,G,S,Adult,roomgroupA
3206_01,Earth,False,TRAPPIST-1e,False,293.0,0.0,21.0,573.0,0.0,3206,G,P,Adult,roomgroupA
3209_01,Mars,True,TRAPPIST-1e,False,0.0,0.0,0.0,0.0,0.0,3209,F,P,Child,roomgroupA
3210_01,Europa,False,55 Cancri e,False,454.0,19.0,0.0,,3219.0,3210,E,S,Teenager,roomgroupA
3210_02,Europa,False,55 Cancri e,False,11.0,596.0,0.0,3583.0,266.0,3210,E,S,Student,roomgroupA
3210_03,Europa,False,TRAPPIST-1e,False,76.0,2804.0,0.0,1287.0,1229.0,3210,E,S,Adult,roomgroupA
3211_01,Earth,False,TRAPPIST-1e,False,11.0,0.0,9.0,2645.0,2.0,3211,F,P,Young Adult,roomgroupA
3211_02,Earth,False,55 Cancri e,False,511.0,233.0,,0.0,144.0,3211,G,P,Adult,roomgroupA
3211_03,Earth,False,TRAPPIST-1e,False,0.0,0.0,0.0,0.0,0.0,3211,G,P,Baby,roomgroupA
3212_01,Earth,False,TRAPPIST-1e,False,180.0,264.0,0.0,1225.0,0.0,3212,E,S,Young Adult,roomgroupA
3213_01,Mars,False,TRAPPIST-1e,False,715.0,0.0,726.0,325.0,0.0,3213,D,P,Student,roomgroupA
3215_01,,True,TRAPPIST-1e,False,0.0,0.0,0.0,0.0,0.0,3215,G,S,Teenager,roomgroupA
3216_01,Earth,True,TRAPPIST-1e,False,0.0,0.0,0.0,0.0,0.0,3216,G,S,Baby,roomgroupA
3216_02,Earth,True,55 Cancri e,False,0.0,0.0,0.0,0.0,0.0,3216,G,S,Student,roomgroupA
3216_03,Earth,False,TRAPPIST-1e,False,0.0,1573.0,0.0,36.0,0.0,3216,E,S,Student,roomgroupA
3217_01,Mars,False,TRAPPIST-1e,False,324.0,574.0,116.0,0.0,0.0,3217,E,P,Adult,roomgroupA
3218_01,Earth,False,TRAPPIST-1e,False,5.0,623.0,88.0,5.0,1.0,3218,F,S,Adult,roomgroupA
3218_02,Earth,False,55 Cancri e,False,52.0,0.0,5.0,517.0,0.0,3218,F,S,Adult,roomgroupA
3218_03,Earth,False,TRAPPIST-1e,False,0.0,0.0,0.0,0.0,0.0,3218,G,S,Baby,roomgroupA
3219_01,Mars,True,TRAPPIST-1e,False,0.0,0.0,0.0,0.0,0.0,3219,E,S,Adult,roomgroupA
3220_01,Earth,False,TRAPPIST-1e,False,0.0,0.0,75.0,709.0,0.0,3220,G,P,Young Adult,roomgroupA
3221_01,Earth,False,PSO J318.5-22,False,0.0,0.0,616.0,0.0,0.0,3221,G,S,Student,roomgroupA
3223_01,Earth,False,TRAPPIST-1e,False,16.0,0.0,799.0,0.0,37.0,3223,G,P,Unknown,roomgroupA
3224_01,Earth,,TRAPPIST-1e,False,0.0,950.0,0.0,102.0,0.0,3224,F,S,Young Adult,roomgroupA
3225_01,Europa,True,55 Cancri e,False,0.0,0.0,0.0,0.0,0.0,3225,C,S,Teenager,roomgroupA
3225_02,Europa,False,TRAPPIST-1e,False,0.0,3281.0,0.0,68.0,341.0,3225,C,S,Young Adult,roomgroupA
3227_01,Earth,False,TRAPPIST-1e,False,63.0,15.0,407.0,397.0,0.0,3227,G,S,Student,roomgroupA
3229_01,Europa,False,TRAPPIST-1e,False,3.0,2344.0,1100.0,498.0,0.0,3229,B,S,Adult,roomgroupA
3230_01,Mars,True,TRAPPIST-1e,False,0.0,0.0,0.0,0.0,0.0,3230,F,P,Senior,roomgroupA
3232_01,Mars,True,TRAPPIST-1e,False,0.0,0.0,0.0,0.0,0.0,3232,F,S,Adult,roomgroupA
3235_01,Earth,False,TRAPPIST-1e,False,158.0,0.0,1271.0,0.0,71.0,3235,F,S,Young Adult,roomgroupA
3236_01,Earth,True,55 Cancri e,False,0.0,0.0,0.0,0.0,0.0,3236,G,P,Baby,roomgroupA
3236_02,Earth,False,TRAPPIST-1e,False,593.0,540.0,238.0,0.0,77.0,3236,F,P,Young Adult,roomgroupA
3236_03,Earth,False,TRAPPIST-1e,False,0.0,30.0,0.0,756.0,5.0,3236,E,P,Student,roomgroupA
3237_01,Mars,False,TRAPPIST-1e,False,1097.0,0.0,80.0,589.0,0.0,3237,D,P,Student,roomgroupA
3237_02,Mars,False,TRAPPIST-1e,False,0.0,0.0,0.0,0.0,0.0,3237,F,P,Child,roomgroupA
3237_03,Mars,False,TRAPPIST-1e,False,2646.0,0.0,599.0,117.0,0.0,3237,D,P,Student,roomgroupA
3238_01,Mars,True,TRAPPIST-1e,False,0.0,0.0,0.0,0.0,0.0,3238,E,S,Young Adult,roomgroupA
3239_01,Earth,True,TRAPPIST-1e,False,0.0,0.0,0.0,0.0,0.0,3239,G,S,Young Adult,roomgroupA
3240_01,Earth,False,TRAPPIST-1e,False,0.0,382.0,402.0,0.0,7.0,3240,E,S,Teenager,roomgroupA
3241_01,Earth,True,TRAPPIST-1e,False,0.0,0.0,0.0,0.0,0.0,3241,G,P,Unknown,roomgroupA
3243_01,Earth,False,55 Cancri e,False,0.0,,0.0,0.0,,3243,G,S,Child,roomgroupA
3247_01,Earth,False,TRAPPIST-1e,False,764.0,16.0,0.0,8.0,0.0,3247,E,P,Young Adult,roomgroupA
3248_01,Earth,False,TRAPPIST-1e,False,0.0,,0.0,0.0,0.0,3248,G,P,Student,roomgroupA
3252_01,Earth,False,55 Cancri e,False,8.0,0.0,236.0,0.0,2049.0,3252,F,S,Adult,roomgroupA
3253_01,Earth,False,TRAPPIST-1e,False,0.0,0.0,687.0,46.0,20.0,3253,G,P,Student,roomgroupA
3254_01,Europa,False,TRAPPIST-1e,False,0.0,3315.0,0.0,594.0,85.0,3254,C,S,Young Adult,roomgroupA
3255_01,Earth,True,PSO J318.5-22,False,0.0,0.0,0.0,0.0,0.0,3255,G,S,Student,roomgroupA
3256_01,Europa,True,55 Cancri e,False,0.0,0.0,0.0,0.0,0.0,3256,E,S,Adult,roomgroupA
3258_01,Earth,True,TRAPPIST-1e,False,0.0,0.0,0.0,0.0,0.0,3258,G,P,Child,roomgroupA
3259_01,Earth,False,TRAPPIST-1e,False,508.0,0.0,1.0,1372.0,0.0,3259,G,P,Student,roomgroupA
3260_01,Earth,False,,False,0.0,165.0,0.0,699.0,0.0,3260,F,S,Student,roomgroupA
3262_01,Earth,False,TRAPPIST-1e,False,0.0,632.0,0.0,0.0,0.0,3262,F,P,Young Adult,roomgroupA
3268_01,Mars,False,TRAPPIST-1e,False,0.0,0.0,0.0,0.0,0.0,3268,E,S,Student,roomgroupA
3269_01,Europa,False,55 Cancri e,False,74.0,5082.0,0.0,893.0,1937.0,3269,C,S,Adult,roomgroupA
3270_01,Earth,False,TRAPPIST-1e,False,0.0,56.0,322.0,6.0,243.0,3270,G,P,Young Adult,roomgroupA
3271_01,Earth,True,TRAPPIST-1e,False,0.0,0.0,0.0,0.0,0.0,3271,G,P,Adult,roomgroupA
3271_02,Earth,False,55 Cancri e,False,0.0,0.0,0.0,0.0,0.0,3271,G,P,Child,roomgroupA
3272_01,Earth,,TRAPPIST-1e,False,0.0,0.0,895.0,0.0,0.0,3272,G,S,Adult,roomgroupA
3272_02,Earth,True,55 Cancri e,False,0.0,0.0,0.0,0.0,0.0,3272,G,S,Baby,roomgroupA
3273_01,Earth,True,PSO J318.5-22,False,0.0,0.0,0.0,0.0,0.0,3273,G,S,Student,roomgroupA
3274_01,Earth,True,TRAPPIST-1e,False,0.0,0.0,0.0,0.0,0.0,3274,G,P,Young Adult,roomgroupA
3274_02,Earth,False,55 Cancri e,False,1612.0,4.0,0.0,184.0,0.0,3274,G,P,Teenager,roomgroupA
3274_03,Earth,False,TRAPPIST-1e,,0.0,0.0,16.0,733.0,159.0,3274,G,P,Senior,roomgroupA
3275_01,Earth,False,55 Cancri e,False,256.0,0.0,341.0,35.0,0.0,3275,F,S,Adult,roomgroupA
3276_01,Europa,False,TRAPPIST-1e,False,20.0,653.0,0.0,121.0,483.0,3276,A,P,Young Adult,roomgroupA
3279_01,Europa,False,55 Cancri e,False,0.0,0.0,0.0,0.0,0.0,3279,C,S,Child,roomgroupA
3279_02,Europa,True,TRAPPIST-1e,False,0.0,0.0,0.0,,0.0,3279,C,S,Student,roomgroupA
3279_03,Europa,True,TRAPPIST-1e,False,0.0,0.0,0.0,0.0,0.0,3279,C,S,Young Adult,roomgroupA
3279_04,Europa,True,TRAPPIST-1e,False,0.0,0.0,0.0,0.0,0.0,3279,C,S,Young Adult,roomgroupA
3280_01,Earth,True,PSO J318.5-22,False,0.0,0.0,0.0,0.0,0.0,3280,G,P,Young Adult,roomgroupA
3280_02,Earth,False,55 Cancri e,False,1150.0,201.0,0.0,0.0,8.0,3280,F,P,Young Adult,roomgroupA
3282_01,Europa,True,55 Cancri e,False,0.0,0.0,0.0,0.0,0.0,3282,B,S,Adult,roomgroupA
3282_02,Europa,True,TRAPPIST-1e,,0.0,0.0,0.0,0.0,0.0,3282,B,S,Senior,roomgroupA
3282_03,Europa,False,TRAPPIST-1e,False,0.0,1440.0,0.0,85.0,150.0,3282,B,S,Adult,roomgroupA
3283_01,Earth,False,TRAPPIST-1e,False,0.0,16.0,34.0,753.0,1.0,3283,F,S,Adult,roomgroupA
3283_02,Earth,False,TRAPPIST-1e,False,64.0,0.0,453.0,174.0,6.0,3283,F,S,Student,roomgroupA
3283_03,Earth,False,TRAPPIST-1e,False,0.0,0.0,0.0,646.0,138.0,3283,G,S,Student,roomgroupA
3283_04,Earth,False,TRAPPIST-1e,False,0.0,0.0,0.0,846.0,0.0,3283,G,S,Adult,roomgroupA
3284_01,Earth,True,PSO J318.5-22,False,0.0,0.0,0.0,0.0,0.0,3284,G,P,Teenager,roomgroupA
3284_02,Earth,True,PSO J318.5-22,False,0.0,0.0,0.0,0.0,0.0,3284,G,P,Young Adult,roomgroupA
3287_01,Earth,False,PSO J318.5-22,False,,0.0,0.0,0.0,0.0,3287,G,S,Baby,roomgroupA
3287_02,Earth,False,TRAPPIST-1e,False,718.0,2.0,50.0,0.0,0.0,3287,G,S,Student,roomgroupA
3287_03,Earth,False,55 Cancri e,False,0.0,,14.0,625.0,0.0,3287,F,S,Student,roomgroupA
3289_01,Earth,True,TRAPPIST-1e,False,0.0,0.0,0.0,0.0,0.0,3289,G,P,Teenager,roomgroupA
3292_01,Europa,True,TRAPPIST-1e,False,0.0,0.0,0.0,0.0,0.0,3292,B,S,Adult,roomgroupA
3292_02,Europa,False,55 Cancri e,False,13.0,6074.0,0.0,10385.0,299.0,3292,G,S,Adult,roomgroupA
3292_03,Europa,True,55 Cancri e,False,,0.0,0.0,,0.0,3292,B,S,Teenager,roomgroupA
3292_04,Europa,False,TRAPPIST-1e,True,0.0,0.0,0.0,0.0,0.0,3292,B,S,Young Adult,roomgroupA
3292_05,Europa,True,TRAPPIST-1e,False,0.0,0.0,0.0,0.0,0.0,3292,B,S,Young Adult,roomgroupA
3293_01,Mars,False,TRAPPIST-1e,False,915.0,12.0,25.0,205.0,311.0,3293,F,S,Student,roomgroupA
3294_01,Earth,True,PSO J318.5-22,False,0.0,0.0,0.0,0.0,0.0,3294,G,P,Young Adult,roomgroupA
3294_02,Earth,True,TRAPPIST-1e,False,0.0,0.0,0.0,0.0,0.0,3294,G,P,Unknown,roomgroupA
3295_01,Earth,False,55 Cancri e,False,2598.0,927.0,0.0,866.0,2.0,3295,G,P,Student,roomgroupA
3296_01,Earth,False,55 Cancri e,False,632.0,0.0,101.0,5.0,0.0,3296,F,S,Adult,roomgroupA
3297_01,Earth,False,TRAPPIST-1e,False,313.0,782.0,8.0,0.0,0.0,3297,F,P,Senior,roomgroupA
3298_01,Earth,False,,False,0.0,0.0,775.0,127.0,0.0,3298,F,P,Young Adult,roomgroupA
3299_01,Earth,,TRAPPIST-1e,False,0.0,0.0,0.0,0.0,0.0,3299,G,S,Young Adult,roomgroupA
3300_01,Mars,True,,False,0.0,0.0,0.0,0.0,0.0,3300,F,P,Adult,roomgroupA
3300_02,Mars,False,TRAPPIST-1e,False,378.0,0.0,117.0,1147.0,132.0,3300,F,P,Adult,roomgroupA
3301_01,Earth,True,55 Cancri e,False,0.0,0.0,0.0,0.0,0.0,3301,G,S,Child,roomgroupA
3301_02,Earth,False,TRAPPIST-1e,False,0.0,0.0,0.0,0.0,0.0,3301,G,S,Baby,roomgroupA
3301_03,Earth,False,55 Cancri e,False,0.0,0.0,0.0,0.0,0.0,3301,G,S,Baby,roomgroupA
3301_04,Earth,,TRAPPIST-1e,False,0.0,0.0,0.0,0.0,0.0,3301,G,S,Student,roomgroupA
3304_01,Europa,True,TRAPPIST-1e,False,0.0,0.0,0.0,0.0,0.0,3304,D,P,Adult,roomgroupA
3305_01,Mars,True,TRAPPIST-1e,False,0.0,0.0,0.0,0.0,0.0,3305,D,P,Adult,roomgroupA
3305_02,Mars,False,55 Cancri e,False,1065.0,13.0,150.0,36.0,0.0,3305,D,P,Young Adult,roomgroupA
3308_01,Earth,False,PSO J318.5-22,False,0.0,43.0,504.0,125.0,0.0,3308,F,P,Teenager,roomgroupA
3309_01,Earth,False,TRAPPIST-1e,False,0.0,0.0,762.0,0.0,50.0,3309,G,P,Young Adult,roomgroupA
3310_01,Europa,True,TRAPPIST-1e,False,0.0,0.0,0.0,0.0,0.0,3310,D,P,Young Adult,roomgroupA
3311_01,Europa,False,TRAPPIST-1e,False,0.0,1638.0,0.0,476.0,226.0,3311,E,S,Young Adult,roomgroupA
3312_01,Europa,False,TRAPPIST-1e,False,0.0,1076.0,0.0,3725.0,9.0,3312,E,P,Young Adult,roomgroupA
3313_01,Europa,True,55 Cancri e,False,0.0,0.0,0.0,0.0,0.0,3313,B,S,Adult,roomgroupA
3314_01,Earth,False,TRAPPIST-1e,False,260.0,0.0,238.0,139.0,8.0,3314,F,S,Student,roomgroupA
3315_01,Earth,,TRAPPIST-1e,False,10.0,0.0,99.0,,2031.0,3315,F,S,Teenager,roomgroupA
3317_01,Earth,False,TRAPPIST-1e,False,0.0,0.0,0.0,0.0,1765.0,3317,G,P,Young Adult,roomgroupA
3318_01,Europa,False,TRAPPIST-1e,False,0.0,957.0,0.0,22.0,401.0,3318,B,S,Adult,roomgroupA
3318_02,Europa,True,55 Cancri e,False,0.0,0.0,0.0,0.0,0.0,3318,B,S,Young Adult,roomgroupA
3318_03,Europa,False,TRAPPIST-1e,False,0.0,0.0,0.0,0.0,0.0,3318,B,S,Child,roomgroupA
3318_04,Europa,True,,False,,0.0,0.0,0.0,0.0,3318,B,S,Adult,roomgroupA
3318_05,Europa,True,TRAPPIST-1e,False,0.0,0.0,0.0,0.0,0.0,3318,B,S,Adult,roomgroupA
3319_01,Earth,False,TRAPPIST-1e,False,0.0,335.0,532.0,15.0,26.0,3319,G,P,Adult,roomgroupA
3322_01,Earth,True,TRAPPIST-1e,False,0.0,0.0,0.0,0.0,0.0,3322,G,P,Adult,roomgroupA
3323_01,Europa,True,55 Cancri e,False,0.0,0.0,0.0,0.0,0.0,3323,C,P,Adult,roomgroupA
3323_02,Europa,True,55 Cancri e,False,0.0,0.0,0.0,0.0,0.0,3323,C,P,Adult,roomgroupA
3324_01,Mars,True,TRAPPIST-1e,False,0.0,0.0,0.0,0.0,0.0,3324,F,S,Young Adult,roomgroupA
3324_02,Mars,True,TRAPPIST-1e,False,0.0,0.0,0.0,0.0,0.0,3324,F,S,Teenager,roomgroupA
3325_01,Earth,True,PSO J318.5-22,False,0.0,0.0,0.0,0.0,0.0,3325,G,P,Young Adult,roomgroupA
3326_01,Earth,False,TRAPPIST-1e,False,0.0,,1519.0,0.0,4.0,3326,E,S,Adult,roomgroupA
3327_01,Earth,False,TRAPPIST-1e,False,0.0,0.0,0.0,0.0,772.0,3327,G,S,Young Adult,roomgroupA
3328_01,Earth,False,TRAPPIST-1e,False,578.0,0.0,0.0,0.0,323.0,3328,F,P,Young Adult,roomgroupA
3329_01,Earth,True,TRAPPIST-1e,False,0.0,0.0,0.0,0.0,0.0,3329,G,P,Adult,roomgroupA
3330_01,Mars,False,TRAPPIST-1e,False,1633.0,0.0,29.0,4.0,102.0,3330,F,P,Adult,roomgroupA
3331_01,,False,TRAPPIST-1e,False,666.0,4.0,83.0,0.0,50.0,3331,F,S,Adult,roomgroupA
3332_01,Mars,False,55 Cancri e,,824.0,2.0,830.0,298.0,0.0,3332,D,S,Adult,roomgroupA
3332_02,Mars,True,TRAPPIST-1e,False,0.0,0.0,0.0,0.0,0.0,3332,D,S,Adult,roomgroupA
3332_03,Mars,True,55 Cancri e,False,0.0,0.0,0.0,0.0,0.0,3332,D,S,Teenager,roomgroupA
3336_01,Mars,True,TRAPPIST-1e,False,0.0,0.0,0.0,0.0,0.0,3336,F,P,Senior,roomgroupA
3337_01,Europa,True,55 Cancri e,False,0.0,0.0,0.0,0.0,0.0,3337,B,S,Student,roomgroupA
3337_02,Europa,False,TRAPPIST-1e,False,0.0,180.0,90.0,7740.0,142.0,3337,B,S,Young Adult,roomgroupA
3337_03,Europa,False,TRAPPIST-1e,False,0.0,0.0,7.0,3653.0,226.0,3337,B,S,Young Adult,roomgroupA
3338_01,Earth,True,PSO J318.5-22,False,0.0,0.0,0.0,0.0,0.0,3338,G,P,Young Adult,roomgroupA
3339_01,Earth,True,TRAPPIST-1e,False,0.0,0.0,,0.0,0.0,3339,G,S,Young Adult,roomgroupA
3342_01,Earth,True,TRAPPIST-1e,False,0.0,0.0,0.0,0.0,0.0,3342,G,S,Young Adult,roomgroupA
3343_01,Earth,True,55 Cancri e,False,0.0,0.0,0.0,0.0,0.0,3343,G,S,Adult,roomgroupA
3348_01,Earth,False,TRAPPIST-1e,False,180.0,25.0,584.0,0.0,0.0,3348,E,S,Young Adult,roomgroupA
3349_01,Europa,True,TRAPPIST-1e,True,0.0,0.0,0.0,,0.0,3349,C,P,Senior,roomgroupA
3350_01,Earth,False,TRAPPIST-1e,False,3.0,2126.0,0.0,0.0,0.0,3350,F,S,Teenager,roomgroupA
3352_01,Earth,True,PSO J318.5-22,False,0.0,0.0,0.0,0.0,0.0,3352,G,P,Adult,roomgroupA
3353_01,Europa,False,TRAPPIST-1e,False,0.0,216.0,191.0,12062.0,59.0,3353,C,S,Unknown,roomgroupA
3353_02,Europa,True,55 Cancri e,False,0.0,0.0,0.0,0.0,0.0,3353,C,S,Teenager,roomgroupA
3353_03,Europa,False,TRAPPIST-1e,False,0.0,5.0,0.0,12.0,6111.0,3353,C,S,Student,roomgroupA
3353_04,Europa,False,TRAPPIST-1e,False,0.0,4082.0,0.0,265.0,201.0,3353,C,S,Senior,roomgroupA
3353_05,Europa,False,55 Cancri e,False,0.0,4494.0,0.0,11.0,3460.0,3353,C,S,Student,roomgroupA
3353_06,Europa,False,TRAPPIST-1e,False,0.0,1897.0,0.0,880.0,605.0,3353,C,S,Adult,roomgroupA
3357_01,Earth,True,PSO J318.5-22,False,0.0,0.0,0.0,0.0,0.0,3357,G,S,Student,roomgroupA
3359_01,Earth,False,TRAPPIST-1e,False,0.0,810.0,0.0,0.0,2.0,3359,G,S,Young Adult,roomgroupA
3360_01,Europa,False,TRAPPIST-1e,True,0.0,1429.0,0.0,1371.0,488.0,3360,A,P,Adult,roomgroupA
3361_01,Mars,True,TRAPPIST-1e,False,0.0,0.0,0.0,0.0,0.0,3361,F,S,Young Adult,roomgroupA
3361_02,Mars,True,TRAPPIST-1e,False,0.0,0.0,0.0,0.0,0.0,3361,F,S,Child,roomgroupA
3361_03,Mars,True,TRAPPIST-1e,False,0.0,0.0,0.0,0.0,0.0,3361,F,S,Student,roomgroupA
3361_04,,False,PSO J318.5-22,False,717.0,0.0,84.0,0.0,0.0,3361,D,S,Young Adult,roomgroupA
3363_01,Earth,False,TRAPPIST-1e,False,1.0,52.0,533.0,0.0,1022.0,3363,E,P,Student,roomgroupA
3363_02,Earth,False,TRAPPIST-1e,False,0.0,0.0,0.0,0.0,0.0,3363,G,P,Child,roomgroupA
3363_03,Earth,False,PSO J318.5-22,False,0.0,0.0,0.0,0.0,0.0,3363,G,P,Child,roomgroupA
3364_01,Europa,False,55 Cancri e,False,0.0,372.0,7.0,5.0,1467.0,3364,A,P,Adult,roomgroupA
3365_01,Earth,True,PSO J318.5-22,False,0.0,0.0,0.0,0.0,0.0,3365,G,S,Student,roomgroupA
3370_01,Mars,False,TRAPPIST-1e,False,2532.0,0.0,46.0,0.0,0.0,3370,D,S,Student,roomgroupA
3371_01,Earth,False,TRAPPIST-1e,False,0.0,3.0,0.0,898.0,1.0,3371,F,P,Adult,roomgroupA
3372_01,Earth,True,PSO J318.5-22,False,0.0,0.0,0.0,0.0,0.0,3372,G,P,Teenager,roomgroupA
3377_01,Mars,True,TRAPPIST-1e,False,0.0,0.0,0.0,0.0,0.0,3377,F,S,Young Adult,roomgroupA
3380_01,Earth,False,55 Cancri e,False,664.0,17.0,0.0,0.0,,3380,F,P,Student,roomgroupA
3381_01,Earth,True,TRAPPIST-1e,False,0.0,0.0,0.0,0.0,0.0,3381,G,S,Adult,roomgroupA
3382_01,Earth,False,PSO J318.5-22,False,2.0,18.0,705.0,0.0,1.0,3382,F,P,Adult,roomgroupA
3382_02,Earth,True,TRAPPIST-1e,False,0.0,0.0,0.0,0.0,0.0,3382,G,P,Adult,roomgroupA
3383_01,Earth,False,55 Cancri e,False,1.0,0.0,37.0,719.0,0.0,3383,F,P,Adult,roomgroupA
3384_01,Earth,False,TRAPPIST-1e,False,1.0,56.0,0.0,602.0,205.0,3384,F,P,Student,roomgroupA
3384_02,Earth,False,TRAPPIST-1e,False,106.0,46.0,,0.0,843.0,3384,E,P,Young Adult,roomgroupA
3384_03,Earth,True,55 Cancri e,False,0.0,0.0,0.0,0.0,0.0,3384,G,P,Student,roomgroupA
3386_01,Mars,True,TRAPPIST-1e,False,0.0,0.0,0.0,0.0,0.0,3386,F,S,Adult,roomgroupA
3387_01,Earth,True,TRAPPIST-1e,False,0.0,0.0,0.0,0.0,0.0,3387,G,S,Young Adult,roomgroupA
3389_01,Mars,False,TRAPPIST-1e,False,24.0,1.0,1264.0,0.0,0.0,3389,F,S,Student,roomgroupA
3390_01,Mars,True,TRAPPIST-1e,False,0.0,0.0,0.0,0.0,,3390,F,S,Adult,roomgroupA
3391_01,Europa,True,TRAPPIST-1e,False,0.0,0.0,0.0,0.0,0.0,3391,B,P,Young Adult,roomgroupA
3391_02,Europa,False,55 Cancri e,False,0.0,1209.0,0.0,1026.0,636.0,3391,B,P,Adult,roomgroupA
3392_01,Earth,False,TRAPPIST-1e,False,0.0,39.0,830.0,17.0,0.0,3392,G,S,Student,roomgroupA
3392_02,Earth,True,TRAPPIST-1e,False,0.0,0.0,0.0,0.0,0.0,3392,G,S,Baby,roomgroupA
3392_03,Earth,True,TRAPPIST-1e,False,0.0,0.0,0.0,0.0,0.0,3392,G,S,Senior,roomgroupA
3392_04,Earth,False,TRAPPIST-1e,False,0.0,0.0,0.0,0.0,0.0,3392,G,S,Baby,roomgroupA
3394_01,Earth,False,PSO J318.5-22,False,0.0,463.0,269.0,0.0,4.0,3394,F,P,Student,roomgroupA
3395_01,Earth,False,55 Cancri e,False,0.0,0.0,0.0,0.0,0.0,3395,G,S,Child,roomgroupA
3396_01,Europa,True,TRAPPIST-1e,False,0.0,0.0,0.0,0.0,0.0,3396,B,P,Student,roomgroupA
3397_01,Earth,False,TRAPPIST-1e,False,0.0,269.0,0.0,100.0,28.0,3397,G,S,Student,roomgroupA
3401_01,Earth,False,TRAPPIST-1e,False,0.0,0.0,1435.0,0.0,,3401,G,S,Student,roomgroupA
3402_01,Mars,False,TRAPPIST-1e,False,2.0,0.0,898.0,148.0,0.0,3402,E,S,Student,roomgroupA
3403_01,Earth,False,PSO J318.5-22,False,308.0,35.0,415.0,10.0,0.0,3403,G,P,Adult,roomgroupA
3404_01,Earth,True,55 Cancri e,False,0.0,0.0,0.0,0.0,0.0,3404,G,P,Young Adult,roomgroupA
3405_01,Earth,True,TRAPPIST-1e,False,0.0,0.0,0.0,0.0,0.0,3405,G,S,Adult,roomgroupA
3405_02,Earth,False,TRAPPIST-1e,False,0.0,0.0,0.0,0.0,0.0,3405,G,S,Child,roomgroupA
3405_03,Earth,False,55 Cancri e,False,0.0,0.0,0.0,0.0,0.0,3405,G,S,Child,roomgroupA
3406_01,Europa,False,TRAPPIST-1e,False,0.0,104.0,809.0,3668.0,7.0,3406,C,P,Adult,roomgroupA
3406_02,Europa,False,TRAPPIST-1e,False,0.0,5971.0,158.0,4125.0,1984.0,3406,C,P,Adult,roomgroupA
3408_01,Earth,True,TRAPPIST-1e,False,0.0,0.0,0.0,0.0,0.0,3408,G,S,Teenager,roomgroupA
3409_01,Earth,False,TRAPPIST-1e,False,90.0,0.0,0.0,74.0,595.0,3409,F,P,Student,roomgroupA
3410_01,Earth,True,TRAPPIST-1e,False,0.0,0.0,0.0,0.0,,3410,G,P,Teenager,roomgroupA
3412_01,Europa,False,TRAPPIST-1e,False,0.0,12.0,0.0,7967.0,15.0,3412,B,P,Adult,roomgroupA
3412_02,Europa,True,55 Cancri e,False,0.0,0.0,0.0,0.0,0.0,3412,B,P,Young Adult,roomgroupA
3412_03,Europa,False,TRAPPIST-1e,False,2.0,6748.0,0.0,23.0,0.0,3412,B,P,Student,roomgroupA
3413_01,Earth,True,PSO J318.5-22,False,0.0,0.0,0.0,0.0,0.0,3413,G,P,Young Adult,roomgroupA
3415_01,Earth,False,TRAPPIST-1e,False,505.0,178.0,181.0,0.0,0.0,3415,F,P,Adult,roomgroupA
3417_01,,False,TRAPPIST-1e,False,0.0,1376.0,4.0,0.0,0.0,3417,F,P,Young Adult,roomgroupA
3418_01,Mars,True,TRAPPIST-1e,False,,0.0,0.0,0.0,0.0,3418,F,S,Senior,roomgroupA
3419_01,Mars,False,TRAPPIST-1e,False,2267.0,0.0,117.0,0.0,0.0,3419,D,P,Adult,roomgroupA
3420_01,Earth,True,TRAPPIST-1e,False,0.0,0.0,0.0,0.0,0.0,3420,G,S,Senior,roomgroupA
3421_01,Earth,False,PSO J318.5-22,False,15.0,0.0,0.0,670.0,,3421,F,P,Adult,roomgroupA
3422_01,Europa,,55 Cancri e,False,0.0,0.0,0.0,0.0,0.0,3422,E,P,Student,roomgroupA
3422_02,Europa,True,TRAPPIST-1e,False,0.0,0.0,0.0,0.0,0.0,3422,E,P,Young Adult,roomgroupA
3423_01,Earth,True,TRAPPIST-1e,,0.0,0.0,0.0,0.0,0.0,3423,G,P,Student,roomgroupA
3424_01,Earth,False,TRAPPIST-1e,False,190.0,0.0,2.0,799.0,0.0,3424,E,S,Adult,roomgroupA
3425_01,Europa,False,TRAPPIST-1e,False,0.0,1216.0,0.0,897.0,478.0,3425,E,S,Young Adult,roomgroupA
3426_01,Earth,False,TRAPPIST-1e,False,22.0,37.0,415.0,0.0,333.0,3426,G,S,Young Adult,roomgroupA
3428_01,Europa,True,55 Cancri e,False,0.0,0.0,0.0,0.0,0.0,3428,C,P,Adult,roomgroupA
3428_02,Europa,False,TRAPPIST-1e,False,0.0,18481.0,0.0,2.0,3875.0,3428,C,P,Young Adult,roomgroupA
3430_01,Earth,False,TRAPPIST-1e,False,0.0,193.0,581.0,0.0,0.0,3430,G,S,Senior,roomgroupA
3431_01,Mars,True,TRAPPIST-1e,False,0.0,0.0,0.0,0.0,0.0,3431,F,P,Unknown,roomgroupA
3432_01,Earth,False,PSO J318.5-22,False,381.0,0.0,137.0,104.0,8.0,3432,F,P,Student,roomgroupA
3433_01,Europa,False,55 Cancri e,False,0.0,1026.0,0.0,6616.0,119.0,3433,C,P,Senior,roomgroupA
3434_01,Earth,True,TRAPPIST-1e,False,0.0,0.0,0.0,0.0,0.0,3434,G,P,Student,roomgroupA
3437_01,Earth,False,PSO J318.5-22,False,6.0,0.0,400.0,2.0,373.0,3437,G,S,Young Adult,roomgroupA
3437_02,Earth,True,TRAPPIST-1e,False,0.0,0.0,0.0,0.0,0.0,3437,G,S,Baby,roomgroupA
3438_01,Earth,True,TRAPPIST-1e,False,0.0,0.0,0.0,0.0,0.0,3438,G,P,Baby,roomgroupA
3438_02,Earth,False,55 Cancri e,False,95.0,35.0,1442.0,0.0,0.0,3438,F,P,Young Adult,roomgroupA
3439_01,Europa,True,TRAPPIST-1e,False,0.0,,0.0,0.0,0.0,3439,B,S,Young Adult,roomgroupA
3439_02,Europa,,TRAPPIST-1e,False,0.0,0.0,0.0,0.0,0.0,3439,B,S,Teenager,roomgroupA
3439_03,,True,55 Cancri e,False,0.0,0.0,0.0,0.0,0.0,3439,B,S,Young Adult,roomgroupA
3439_04,Europa,False,TRAPPIST-1e,False,0.0,2.0,0.0,909.0,3291.0,3439,B,S,Adult,roomgroupA
3440_01,Earth,False,TRAPPIST-1e,False,0.0,83.0,0.0,0.0,943.0,3440,G,P,Teenager,roomgroupA
3441_01,Earth,False,55 Cancri e,False,350.0,0.0,91.0,198.0,0.0,3441,F,S,Teenager,roomgroupA
3442_01,Earth,False,TRAPPIST-1e,False,503.0,0.0,26.0,0.0,116.0,3442,F,P,Adult,roomgroupA
3443_01,Earth,False,TRAPPIST-1e,False,792.0,0.0,,1.0,29.0,3443,F,S,Adult,roomgroupA
3444_01,Europa,False,55 Cancri e,False,0.0,27071.0,0.0,15.0,0.0,3444,B,S,Young Adult,roomgroupA
3444_02,Europa,True,TRAPPIST-1e,False,0.0,0.0,0.0,0.0,0.0,3444,B,S,Teenager,roomgroupA
3444_03,Europa,False,TRAPPIST-1e,True,0.0,649.0,0.0,945.0,,3444,B,S,Adult,roomgroupA
3444_04,Europa,False,TRAPPIST-1e,False,0.0,0.0,0.0,0.0,0.0,3444,B,S,Child,roomgroupA
3445_01,Earth,False,TRAPPIST-1e,False,1.0,760.0,,21.0,0.0,3445,G,S,Student,roomgroupA
3446_01,Earth,True,PSO J318.5-22,False,0.0,0.0,0.0,0.0,0.0,3446,G,S,Adult,roomgroupA
3447_01,Earth,False,TRAPPIST-1e,False,1196.0,0.0,0.0,68.0,1.0,3447,F,S,Adult,roomgroupA
3449_01,Earth,False,TRAPPIST-1e,False,0.0,4.0,0.0,0.0,904.0,3449,G,S,Young Adult,roomgroupA
3450_01,Europa,False,55 Cancri e,False,0.0,4209.0,26.0,2462.0,466.0,3450,B,S,Student,roomgroupA
3450_02,Europa,False,TRAPPIST-1e,False,0.0,2834.0,0.0,414.0,558.0,3450,B,S,Student,roomgroupA
3453_01,Earth,True,TRAPPIST-1e,False,0.0,0.0,0.0,0.0,0.0,3453,G,P,Student,roomgroupA
3454_01,Earth,True,TRAPPIST-1e,False,0.0,0.0,0.0,0.0,0.0,3454,G,P,Student,roomgroupA
3455_01,Mars,True,TRAPPIST-1e,False,0.0,0.0,0.0,0.0,0.0,3455,F,P,Teenager,roomgroupA
3456_01,Earth,True,PSO J318.5-22,False,0.0,0.0,0.0,0.0,0.0,3456,G,S,Teenager,roomgroupA
3458_01,Mars,True,55 Cancri e,False,0.0,0.0,0.0,,0.0,3458,F,P,Adult,roomgroupA
3459_01,Earth,True,TRAPPIST-1e,False,0.0,0.0,0.0,0.0,0.0,3459,G,S,Adult,roomgroupA
3461_01,Earth,False,PSO J318.5-22,False,86.0,377.0,0.0,0.0,77.0,3461,G,P,Young Adult,roomgroupA
3462_01,Europa,True,TRAPPIST-1e,,0.0,,0.0,0.0,0.0,3462,C,P,Young Adult,roomgroupA
3464_01,Earth,False,TRAPPIST-1e,False,0.0,0.0,533.0,266.0,93.0,3464,G,S,Teenager,roomgroupA
3464_02,Earth,True,TRAPPIST-1e,False,0.0,0.0,0.0,0.0,0.0,3464,G,S,Young Adult,roomgroupA
3465_01,Mars,False,TRAPPIST-1e,False,506.0,0.0,395.0,159.0,229.0,3465,F,P,Student,roomgroupA
3467_01,Earth,False,TRAPPIST-1e,False,90.0,0.0,0.0,881.0,0.0,3467,F,P,Adult,roomgroupA
3468_01,Earth,True,TRAPPIST-1e,False,0.0,0.0,0.0,0.0,0.0,3468,G,S,Senior,roomgroupA
3469_01,Europa,True,TRAPPIST-1e,False,0.0,0.0,0.0,0.0,0.0,3469,B,P,Adult,roomgroupA
3470_01,Earth,True,TRAPPIST-1e,False,0.0,0.0,0.0,0.0,0.0,3470,G,S,Unknown,roomgroupA
3470_02,Earth,True,55 Cancri e,False,0.0,0.0,0.0,0.0,0.0,3470,G,S,Teenager,roomgroupA
3473_01,Earth,False,TRAPPIST-1e,False,0.0,880.0,5.0,25.0,490.0,3473,F,S,Student,roomgroupA
3474_01,Europa,True,TRAPPIST-1e,False,0.0,0.0,0.0,0.0,0.0,3474,B,P,Young Adult,roomgroupA
3474_02,Europa,False,TRAPPIST-1e,False,0.0,952.0,0.0,0.0,1790.0,3474,B,P,Adult,roomgroupA
3474_03,Europa,True,55 Cancri e,False,0.0,0.0,0.0,0.0,0.0,3474,B,P,Adult,roomgroupA
3474_04,Europa,True,TRAPPIST-1e,False,0.0,0.0,,0.0,0.0,3474,B,P,Student,roomgroupA
3475_01,Europa,True,TRAPPIST-1e,False,0.0,0.0,0.0,0.0,0.0,3475,C,S,Young Adult,roomgroupA
3475_02,Europa,False,TRAPPIST-1e,False,0.0,590.0,,3.0,6569.0,3475,C,S,Young Adult,roomgroupA
3475_03,Europa,False,55 Cancri e,False,0.0,8766.0,15.0,149.0,178.0,3475,C,S,Adult,roomgroupA
3476_01,Earth,,55 Cancri e,False,0.0,,0.0,0.0,0.0,3476,G,P,Baby,roomgroupA
3476_02,Earth,False,55 Cancri e,False,0.0,0.0,0.0,0.0,0.0,3476,G,P,Baby,roomgroupA
3476_03,Earth,False,55 Cancri e,False,0.0,0.0,0.0,,0.0,3476,G,P,Baby,roomgroupA
3476_04,Earth,False,TRAPPIST-1e,False,1.0,467.0,4.0,0.0,341.0,3476,G,P,Young Adult,roomgroupA
3478_01,Europa,False,TRAPPIST-1e,False,0.0,0.0,0.0,0.0,0.0,3478,B,P,Adult,roomgroupA
3480_01,Earth,False,PSO J318.5-22,False,121.0,558.0,0.0,10.0,0.0,3480,F,S,Adult,roomgroupA
3483_01,Earth,False,PSO J318.5-22,False,0.0,627.0,1.0,0.0,13.0,3483,F,P,Young Adult,roomgroupA
3484_01,Earth,True,TRAPPIST-1e,False,0.0,0.0,0.0,0.0,0.0,3484,G,P,Young Adult,roomgroupA
3484_02,Earth,False,PSO J318.5-22,False,3.0,0.0,2908.0,0.0,0.0,3484,F,P,Senior,roomgroupA
3485_01,Europa,False,TRAPPIST-1e,False,0.0,1855.0,0.0,166.0,1655.0,3485,E,S,Adult,roomgroupA
3485_02,Europa,True,TRAPPIST-1e,False,0.0,0.0,0.0,0.0,0.0,3485,E,S,Young Adult,roomgroupA
3485_03,Europa,False,TRAPPIST-1e,False,0.0,3157.0,0.0,131.0,0.0,3485,E,S,Young Adult,roomgroupA
3486_01,Earth,False,TRAPPIST-1e,False,0.0,559.0,21.0,0.0,5.0,3486,F,S,Student,roomgroupA
3487_01,Europa,False,55 Cancri e,False,0.0,0.0,0.0,1529.0,3069.0,3487,A,S,Adult,roomgroupA
3488_01,Europa,False,TRAPPIST-1e,False,0.0,0.0,0.0,0.0,0.0,3488,D,P,Young Adult,roomgroupA
3488_02,Europa,False,TRAPPIST-1e,False,6.0,2333.0,11.0,1149.0,1.0,3488,D,P,Adult,roomgroupA
3489_01,Mars,,TRAPPIST-1e,False,274.0,0.0,693.0,944.0,0.0,3489,F,P,Young Adult,roomgroupA
3489_02,Mars,True,TRAPPIST-1e,False,0.0,0.0,0.0,0.0,0.0,3489,F,P,Adult,roomgroupA
3490_01,Europa,False,TRAPPIST-1e,False,4.0,3439.0,0.0,0.0,0.0,3490,D,P,Young Adult,roomgroupA
3490_02,Europa,False,55 Cancri e,False,0.0,1347.0,0.0,1756.0,37.0,3490,D,P,Student,roomgroupA
3491_01,Earth,False,TRAPPIST-1e,False,0.0,0.0,0.0,6.0,607.0,3491,F,P,Teenager,roomgroupA
3492_01,Earth,False,TRAPPIST-1e,False,44.0,630.0,18.0,96.0,0.0,3492,E,S,Young Adult,roomgroupA
3495_01,Europa,False,TRAPPIST-1e,False,0.0,10679.0,0.0,273.0,80.0,3495,C,S,Adult,roomgroupA
3495_02,Europa,False,TRAPPIST-1e,False,0.0,6229.0,0.0,2279.0,587.0,3495,C,S,Young Adult,roomgroupA
3495_03,Europa,True,55 Cancri e,False,0.0,0.0,0.0,0.0,0.0,3495,C,S,Young Adult,roomgroupA
3495_04,Europa,True,TRAPPIST-1e,False,0.0,0.0,0.0,0.0,0.0,3495,C,S,Teenager,roomgroupA
3496_01,Mars,True,TRAPPIST-1e,False,0.0,0.0,0.0,0.0,0.0,3496,F,P,Unknown,roomgroupA
3496_02,Mars,False,TRAPPIST-1e,False,542.0,0.0,1231.0,0.0,1.0,3496,F,P,Young Adult,roomgroupA
3497_01,Mars,False,TRAPPIST-1e,True,66.0,0.0,991.0,0.0,0.0,3497,D,P,Adult,roomgroupA
3499_01,Earth,False,TRAPPIST-1e,False,196.0,5.0,674.0,12.0,20.0,3499,G,P,Student,roomgroupA
3499_02,Earth,False,TRAPPIST-1e,False,0.0,0.0,0.0,0.0,0.0,3499,G,P,Baby,roomgroupA
3499_03,Earth,False,TRAPPIST-1e,False,0.0,1025.0,23.0,0.0,0.0,3499,F,P,Adult,roomgroupA
3499_04,Earth,False,TRAPPIST-1e,False,0.0,0.0,0.0,0.0,0.0,3499,G,P,Baby,roomgroupA
3501_01,Mars,False,TRAPPIST-1e,False,1272.0,0.0,1103.0,9.0,0.0,3501,G,S,Young Adult,roomgroupA
3504_01,Earth,True,TRAPPIST-1e,False,0.0,0.0,0.0,0.0,0.0,3504,G,P,Young Adult,roomgroupA
3506_01,Europa,True,55 Cancri e,False,0.0,0.0,0.0,0.0,0.0,3506,B,P,Adult,roomgroupA
3511_01,Mars,False,55 Cancri e,False,124.0,0.0,1763.0,0.0,1014.0,3511,F,S,Student,roomgroupA
3512_01,Earth,False,55 Cancri e,False,1.0,0.0,857.0,0.0,0.0,3512,F,S,Young Adult,roomgroupA
3514_01,Earth,False,TRAPPIST-1e,False,122.0,170.0,52.0,0.0,465.0,3514,G,P,Student,roomgroupA
3515_01,Mars,True,TRAPPIST-1e,False,0.0,0.0,0.0,0.0,0.0,3515,F,P,Adult,roomgroupA
3515_02,Mars,True,TRAPPIST-1e,False,0.0,0.0,0.0,0.0,0.0,3515,F,P,Adult,roomgroupA
3518_01,Earth,True,TRAPPIST-1e,,0.0,0.0,0.0,0.0,0.0,3518,G,S,Young Adult,roomgroupA
3519_01,Earth,False,TRAPPIST-1e,False,0.0,0.0,722.0,0.0,1.0,3519,G,P,Teenager,roomgroupA
3519_02,Earth,True,TRAPPIST-1e,False,0.0,0.0,0.0,0.0,0.0,3519,G,P,Baby,roomgroupA
3519_03,Earth,True,TRAPPIST-1e,False,0.0,0.0,0.0,0.0,0.0,3519,G,P,Baby,roomgroupA
3520_01,,False,TRAPPIST-1e,False,0.0,597.0,0.0,0.0,212.0,3520,G,P,Young Adult,roomgroupA
3520_02,Earth,True,PSO J318.5-22,False,0.0,0.0,0.0,0.0,0.0,3520,G,S,Teenager,roomgroupA
3521_01,Europa,True,55 Cancri e,False,0.0,0.0,0.0,0.0,0.0,3521,G,S,Student,roomgroupA
3521_02,Europa,True,TRAPPIST-1e,False,0.0,0.0,0.0,0.0,0.0,3521,B,S,Senior,roomgroupA
3523_01,,True,TRAPPIST-1e,False,0.0,0.0,0.0,0.0,0.0,3523,F,S,Student,roomgroupA
3525_01,Mars,True,TRAPPIST-1e,False,0.0,0.0,0.0,0.0,0.0,3525,F,P,Adult,roomgroupA
3527_01,Mars,False,TRAPPIST-1e,True,733.0,0.0,688.0,1.0,0.0,3527,F,P,Student,roomgroupA
3528_01,Earth,False,TRAPPIST-1e,False,1.0,0.0,778.0,8.0,,3528,F,S,Student,roomgroupA
3530_01,Earth,True,TRAPPIST-1e,False,0.0,0.0,0.0,0.0,0.0,3530,G,S,Teenager,roomgroupA
3531_01,Mars,False,55 Cancri e,False,809.0,0.0,31.0,733.0,0.0,3531,F,P,Young Adult,roomgroupA
3531_02,Mars,True,TRAPPIST-1e,,,0.0,0.0,0.0,0.0,3531,F,P,Adult,roomgroupA
3533_01,Mars,False,TRAPPIST-1e,False,1749.0,50.0,280.0,2.0,0.0,3533,E,P,Student,roomgroupA
3534_01,Earth,False,TRAPPIST-1e,False,0.0,30.0,0.0,106.0,566.0,3534,F,P,Student,roomgroupA
3535_01,Mars,False,TRAPPIST-1e,False,1304.0,0.0,7.0,18.0,0.0,3535,G,S,Adult,roomgroupA
3535_02,Mars,True,TRAPPIST-1e,False,0.0,0.0,0.0,0.0,0.0,3535,F,S,Young Adult,roomgroupA
3536_01,Europa,True,55 Cancri e,False,0.0,0.0,0.0,0.0,0.0,3536,A,S,Young Adult,roomgroupA
3537_01,Earth,False,55 Cancri e,False,0.0,10.0,0.0,0.0,715.0,3537,F,P,Young Adult,roomgroupA
3539_01,Earth,False,TRAPPIST-1e,False,1.0,110.0,274.0,27.0,376.0,3539,E,S,Young Adult,roomgroupA
3540_01,Earth,True,PSO J318.5-22,False,0.0,0.0,0.0,0.0,0.0,3540,G,P,Teenager,roomgroupA
3542_01,Mars,True,TRAPPIST-1e,False,0.0,0.0,0.0,0.0,0.0,3542,F,S,Young Adult,roomgroupA
3543_01,Europa,False,TRAPPIST-1e,False,0.0,2804.0,0.0,130.0,139.0,3543,C,P,Adult,roomgroupA
3543_02,Europa,True,55 Cancri e,False,0.0,0.0,0.0,0.0,0.0,3543,C,P,Teenager,roomgroupA
3543_03,Europa,True,TRAPPIST-1e,False,0.0,0.0,0.0,0.0,0.0,3543,C,P,Adult,roomgroupA
3546_01,Earth,False,TRAPPIST-1e,False,0.0,10.0,0.0,0.0,,3546,F,S,Adult,roomgroupA
3547_01,Mars,False,55 Cancri e,False,1099.0,,1820.0,0.0,0.0,3547,D,S,Student,roomgroupA
3548_01,Earth,False,TRAPPIST-1e,False,0.0,1794.0,0.0,0.0,5.0,3548,G,P,Adult,roomgroupA
3550_01,Earth,True,TRAPPIST-1e,False,0.0,0.0,0.0,0.0,0.0,3550,G,S,Adult,roomgroupA
3550_02,Earth,True,PSO J318.5-22,False,0.0,0.0,0.0,0.0,0.0,3550,G,S,Child,roomgroupA
3550_03,Earth,True,TRAPPIST-1e,False,0.0,0.0,0.0,0.0,0.0,3550,G,S,Student,roomgroupA
3552_01,Europa,False,55 Cancri e,False,4.0,217.0,0.0,2581.0,436.0,3552,B,S,Adult,roomgroupA
3552_02,Europa,True,TRAPPIST-1e,False,0.0,0.0,0.0,0.0,0.0,3552,B,S,Student,roomgroupA
3553_01,Mars,False,TRAPPIST-1e,False,3.0,0.0,0.0,327.0,2054.0,3553,G,S,Young Adult,roomgroupA
3555_01,Earth,False,TRAPPIST-1e,False,766.0,0.0,1.0,258.0,26.0,3555,F,P,Young Adult,roomgroupA
3556_01,Earth,True,TRAPPIST-1e,False,0.0,0.0,0.0,0.0,0.0,3556,G,S,Student,roomgroupA
3558_01,Mars,False,TRAPPIST-1e,False,78.0,0.0,0.0,2948.0,0.0,3558,D,P,Adult,roomgroupA
3558_02,Mars,True,TRAPPIST-1e,False,0.0,0.0,0.0,0.0,0.0,3558,F,P,Student,roomgroupA
3559_01,Mars,False,TRAPPIST-1e,False,249.0,0.0,65.0,812.0,55.0,3559,D,P,Young Adult,roomgroupA
3560_01,Mars,False,PSO J318.5-22,False,3.0,0.0,800.0,76.0,0.0,3560,D,P,Adult,roomgroupA
3561_01,Mars,True,TRAPPIST-1e,False,0.0,0.0,0.0,0.0,0.0,3561,F,P,Adult,roomgroupA
3561_02,Mars,False,TRAPPIST-1e,False,1617.0,0.0,1777.0,0.0,0.0,3561,D,P,Teenager,roomgroupA
3562_01,Mars,False,55 Cancri e,False,2581.0,354.0,1158.0,139.0,548.0,3562,E,P,Student,roomgroupA
3562_02,Mars,False,55 Cancri e,False,14.0,0.0,0.0,3778.0,1.0,3562,D,P,Adult,roomgroupA
3563_01,Earth,True,TRAPPIST-1e,False,0.0,0.0,0.0,0.0,0.0,3563,G,P,Teenager,roomgroupA
3564_01,Earth,True,TRAPPIST-1e,False,0.0,0.0,0.0,0.0,0.0,3564,G,P,Young Adult,roomgroupA
3565_01,Earth,True,PSO J318.5-22,False,0.0,0.0,0.0,0.0,0.0,3565,G,P,Young Adult,roomgroupA
3566_01,Earth,False,55 Cancri e,False,0.0,336.0,508.0,1.0,0.0,3566,G,S,Student,roomgroupA
3567_01,Earth,False,TRAPPIST-1e,False,0.0,0.0,2687.0,35.0,340.0,3567,F,P,Student,roomgroupA
3568_01,Earth,False,TRAPPIST-1e,False,30.0,59.0,0.0,572.0,0.0,3568,F,P,Teenager,roomgroupA
3569_01,Mars,True,TRAPPIST-1e,False,0.0,0.0,0.0,0.0,0.0,3569,F,P,Student,roomgroupA
3570_01,,False,PSO J318.5-22,False,85.0,373.0,160.0,5.0,0.0,3570,G,S,Teenager,roomgroupA
3572_01,Earth,False,TRAPPIST-1e,False,19.0,0.0,0.0,1679.0,0.0,3572,G,P,Young Adult,roomgroupA
3573_01,Earth,False,PSO J318.5-22,False,0.0,33.0,0.0,84.0,1062.0,3573,F,S,Young Adult,roomgroupA
3576_01,Earth,False,TRAPPIST-1e,False,0.0,4.0,0.0,0.0,1267.0,3576,F,P,Student,roomgroupA
3577_01,Mars,False,TRAPPIST-1e,False,1178.0,7.0,0.0,7.0,0.0,3577,F,P,Young Adult,roomgroupA
3578_01,Mars,True,55 Cancri e,False,0.0,0.0,0.0,0.0,0.0,3578,G,S,Student,roomgroupA
3579_01,Earth,False,PSO J318.5-22,False,0.0,0.0,1.0,0.0,2260.0,3579,F,S,Student,roomgroupA
3582_01,Earth,False,TRAPPIST-1e,False,323.0,120.0,14.0,450.0,0.0,3582,G,P,Adult,roomgroupA
3584_01,Earth,False,TRAPPIST-1e,False,42.0,4.0,1215.0,0.0,3.0,3584,F,S,Adult,roomgroupA
3586_01,Earth,False,TRAPPIST-1e,False,0.0,0.0,0.0,739.0,29.0,3586,G,P,Student,roomgroupA
3588_01,Mars,False,TRAPPIST-1e,False,576.0,0.0,459.0,22.0,0.0,3588,D,P,Adult,roomgroupA
3588_02,Mars,False,TRAPPIST-1e,False,787.0,0.0,88.0,0.0,0.0,3588,D,P,Adult,roomgroupA
3591_01,Earth,False,TRAPPIST-1e,False,0.0,0.0,0.0,0.0,1609.0,3591,E,P,Student,roomgroupA
3592_01,Mars,False,PSO J318.5-22,False,193.0,1.0,640.0,15.0,30.0,3592,D,P,Student,roomgroupA
3592_02,Mars,False,TRAPPIST-1e,False,354.0,113.0,,487.0,0.0,3592,E,P,Student,roomgroupA
3594_01,Earth,True,PSO J318.5-22,False,0.0,0.0,0.0,0.0,0.0,3594,G,P,Senior,roomgroupA
3595_01,Europa,True,TRAPPIST-1e,False,0.0,0.0,0.0,0.0,0.0,3595,B,S,Adult,roomgroupA
3596_01,Mars,False,TRAPPIST-1e,False,0.0,0.0,0.0,0.0,0.0,3596,F,P,Child,roomgroupA
3597_01,Earth,False,TRAPPIST-1e,False,0.0,813.0,89.0,12.0,0.0,3597,G,P,Young Adult,roomgroupA
3598_01,Earth,False,55 Cancri e,False,616.0,0.0,46.0,0.0,14.0,3598,G,S,Student,roomgroupA
3600_01,Earth,True,TRAPPIST-1e,False,0.0,0.0,0.0,0.0,0.0,3600,G,S,Young Adult,roomgroupA
3602_01,Mars,,TRAPPIST-1e,False,0.0,0.0,0.0,0.0,0.0,3602,F,S,Child,roomgroupA
3605_01,Earth,True,55 Cancri e,False,0.0,0.0,0.0,0.0,0.0,3605,G,P,Young Adult,roomgroupA
3606_01,Earth,True,TRAPPIST-1e,False,0.0,0.0,0.0,0.0,0.0,3606,G,P,Adult,roomgroupA
3607_01,Mars,True,,False,0.0,0.0,0.0,0.0,0.0,3607,F,P,Young Adult,roomgroupA
3608_01,Europa,True,55 Cancri e,False,0.0,0.0,0.0,0.0,0.0,3608,D,P,Teenager,roomgroupA
3608_02,Europa,True,TRAPPIST-1e,False,0.0,0.0,0.0,0.0,0.0,3608,D,P,Teenager,roomgroupA
3608_03,Europa,,TRAPPIST-1e,False,0.0,0.0,0.0,0.0,0.0,3608,D,P,Adult,roomgroupA
3609_01,Europa,False,55 Cancri e,False,5.0,2052.0,0.0,3340.0,,3609,C,P,Young Adult,roomgroupA
3609_02,Europa,False,TRAPPIST-1e,False,0.0,325.0,0.0,8.0,1622.0,3609,C,P,Young Adult,roomgroupA
3609_03,Europa,,55 Cancri e,False,0.0,0.0,0.0,0.0,0.0,3609,C,P,Young Adult,roomgroupA
3609_04,Europa,True,55 Cancri e,False,0.0,0.0,0.0,0.0,0.0,3609,C,P,Young Adult,roomgroupA
3610_01,Earth,True,,False,0.0,0.0,0.0,0.0,0.0,3610,G,S,Teenager,roomgroupA
3610_02,Earth,False,TRAPPIST-1e,False,5.0,,896.0,0.0,1.0,3610,F,S,Adult,roomgroupA
3612_01,Earth,False,TRAPPIST-1e,False,1.0,790.0,0.0,0.0,0.0,3612,E,S,Young Adult,roomgroupA
3613_01,Earth,False,TRAPPIST-1e,False,0.0,733.0,0.0,0.0,0.0,3613,F,P,Student,roomgroupA
3614_01,Earth,False,TRAPPIST-1e,False,2.0,0.0,7.0,2.0,547.0,3614,F,P,Student,roomgroupA
3615_01,Earth,False,55 Cancri e,False,0.0,0.0,0.0,0.0,0.0,3615,G,S,Child,roomgroupA
3615_02,Earth,False,TRAPPIST-1e,False,2.0,753.0,5.0,0.0,0.0,3615,F,S,Unknown,roomgroupA
3616_01,Earth,True,55 Cancri e,False,0.0,0.0,0.0,0.0,0.0,3616,G,S,Student,roomgroupA
3619_01,Europa,False,TRAPPIST-1e,False,43.0,2.0,0.0,14.0,16337.0,3619,B,P,Adult,roomgroupA
3620_01,Europa,True,55 Cancri e,False,0.0,0.0,0.0,0.0,0.0,3620,B,P,Young Adult,roomgroupA
3622_01,Europa,True,55 Cancri e,False,0.0,0.0,0.0,0.0,0.0,3622,C,P,Adult,roomgroupA
3622_02,Europa,False,55 Cancri e,False,,3456.0,0.0,1486.0,1157.0,3622,C,P,Adult,roomgroupA
3624_01,,False,TRAPPIST-1e,False,0.0,0.0,0.0,0.0,0.0,3624,G,P,Young Adult,roomgroupA
3625_01,Earth,False,TRAPPIST-1e,False,0.0,559.0,366.0,0.0,62.0,3625,E,P,Adult,roomgroupA
3626_01,Earth,True,TRAPPIST-1e,False,0.0,0.0,0.0,0.0,0.0,3626,G,S,Adult,roomgroupA
3628_01,Earth,False,55 Cancri e,False,42.0,103.0,0.0,498.0,0.0,3628,F,P,Student,roomgroupA
3629_01,Mars,True,TRAPPIST-1e,False,0.0,0.0,0.0,0.0,0.0,3629,F,P,Young Adult,roomgroupA
3630_01,Earth,False,PSO J318.5-22,False,0.0,1.0,276.0,410.0,54.0,3630,F,P,Senior,roomgroupA
3631_01,Earth,False,TRAPPIST-1e,False,0.0,0.0,0.0,484.0,344.0,3631,F,P,Student,roomgroupA
3634_01,Earth,False,TRAPPIST-1e,False,25.0,692.0,0.0,0.0,1.0,3634,E,S,Young Adult,roomgroupA
3636_01,Mars,False,TRAPPIST-1e,False,1280.0,0.0,1.0,111.0,408.0,3636,D,P,Adult,roomgroupA
3639_01,Europa,False,TRAPPIST-1e,False,125.0,5151.0,9.0,1.0,1.0,3639,B,S,Young Adult,roomgroupA
3640_01,Earth,False,55 Cancri e,False,0.0,695.0,0.0,49.0,876.0,3640,E,S,Adult,roomgroupA
3640_02,Earth,True,TRAPPIST-1e,False,0.0,0.0,0.0,0.0,0.0,3640,G,S,Adult,roomgroupA
3641_01,Earth,True,PSO J318.5-22,False,0.0,0.0,0.0,0.0,0.0,3641,G,P,Student,roomgroupA
3641_02,Earth,False,TRAPPIST-1e,False,,0.0,1.0,0.0,0.0,3641,G,P,Adult,roomgroupA
3641_03,Earth,False,TRAPPIST-1e,False,0.0,0.0,0.0,0.0,0.0,3641,G,S,Baby,roomgroupA
3642_01,Earth,False,TRAPPIST-1e,False,105.0,335.0,0.0,72.0,388.0,3642,F,P,Adult,roomgroupA
3644_01,Mars,True,TRAPPIST-1e,False,0.0,0.0,0.0,0.0,0.0,3644,F,S,Adult,roomgroupA
3645_01,Mars,True,TRAPPIST-1e,False,0.0,0.0,0.0,0.0,0.0,3645,D,P,Adult,roomgroupA
3645_02,Mars,True,TRAPPIST-1e,False,0.0,0.0,0.0,0.0,0.0,3645,D,P,Unknown,roomgroupA
3645_03,Mars,True,TRAPPIST-1e,False,0.0,0.0,0.0,0.0,0.0,3645,D,P,Teenager,roomgroupA
3645_04,Mars,True,TRAPPIST-1e,False,0.0,0.0,0.0,0.0,0.0,3645,D,P,Adult,roomgroupA
3645_05,Mars,True,TRAPPIST-1e,False,0.0,0.0,,0.0,,3645,D,P,Adult,roomgroupA
3647_01,Europa,True,55 Cancri e,False,0.0,0.0,0.0,0.0,0.0,3647,C,S,Student,roomgroupA
3648_01,Earth,False,PSO J318.5-22,False,0.0,0.0,0.0,1144.0,0.0,3648,F,S,Adult,roomgroupA
3650_01,Earth,True,TRAPPIST-1e,False,0.0,0.0,0.0,0.0,0.0,3650,G,P,Adult,roomgroupA
3652_01,Earth,True,TRAPPIST-1e,False,0.0,0.0,0.0,0.0,0.0,3652,G,S,Young Adult,roomgroupA
3653_01,Earth,False,TRAPPIST-1e,False,97.0,0.0,444.0,366.0,0.0,3653,G,S,Young Adult,roomgroupA
3654_01,Earth,False,55 Cancri e,False,1.0,0.0,827.0,0.0,3.0,3654,F,S,Teenager,roomgroupA
3654_02,Earth,False,TRAPPIST-1e,False,0.0,398.0,0.0,467.0,0.0,3654,F,S,Teenager,roomgroupA
3655_01,Earth,False,TRAPPIST-1e,False,0.0,432.0,0.0,3003.0,0.0,3655,F,S,Teenager,roomgroupA
3658_01,Earth,True,TRAPPIST-1e,False,0.0,0.0,0.0,0.0,0.0,3658,G,S,Baby,roomgroupA
3658_02,Earth,False,TRAPPIST-1e,False,3.0,2053.0,335.0,0.0,4.0,3658,E,S,Young Adult,roomgroupA
3660_01,Earth,False,TRAPPIST-1e,False,42.0,0.0,671.0,71.0,0.0,3660,G,S,Unknown,roomgroupA
3662_01,Europa,False,55 Cancri e,False,,171.0,2233.0,1.0,800.0,3662,B,S,Student,roomgroupA
3662_02,Europa,True,55 Cancri e,False,0.0,0.0,0.0,0.0,0.0,3662,B,S,Adult,roomgroupA
3664_01,Mars,True,TRAPPIST-1e,False,0.0,,0.0,0.0,0.0,3664,F,S,Young Adult,roomgroupA
3665_01,Earth,True,55 Cancri e,False,0.0,0.0,,0.0,0.0,3665,G,S,Young Adult,roomgroupA
3667_01,Europa,True,55 Cancri e,False,0.0,0.0,0.0,0.0,0.0,3667,A,S,Young Adult,roomgroupA
3668_01,Europa,True,55 Cancri e,False,0.0,0.0,0.0,0.0,0.0,3668,C,P,Adult,roomgroupA
3671_01,Earth,False,TRAPPIST-1e,False,43.0,661.0,1.0,85.0,0.0,3671,E,S,Adult,roomgroupA
3674_01,Earth,False,55 Cancri e,False,232.0,457.0,1.0,218.0,0.0,3674,G,S,Young Adult,roomgroupA
3677_01,Earth,False,PSO J318.5-22,False,105.0,0.0,37.0,518.0,0.0,3677,F,S,Young Adult,roomgroupA
3678_01,Earth,False,TRAPPIST-1e,False,0.0,0.0,788.0,0.0,3.0,3678,E,S,Young Adult,roomgroupA
3679_01,Europa,False,TRAPPIST-1e,False,0.0,0.0,0.0,0.0,0.0,3679,B,P,Adult,roomgroupA
3680_01,Europa,False,55 Cancri e,False,0.0,388.0,0.0,1792.0,2891.0,3680,C,P,Adult,roomgroupA
3680_02,Europa,True,55 Cancri e,False,0.0,0.0,0.0,0.0,0.0,3680,C,P,Student,roomgroupA
3681_01,Europa,True,55 Cancri e,False,0.0,0.0,0.0,0.0,0.0,3681,B,S,Student,roomgroupA
3681_02,Europa,False,TRAPPIST-1e,False,4.0,,137.0,1640.0,455.0,3681,B,S,Student,roomgroupA
3682_01,Mars,True,TRAPPIST-1e,False,0.0,0.0,0.0,0.0,0.0,3682,F,P,Student,roomgroupA
3686_01,Earth,False,TRAPPIST-1e,False,25.0,284.0,0.0,330.0,64.0,3686,F,S,Young Adult,roomgroupA
3688_01,Mars,False,55 Cancri e,False,0.0,0.0,0.0,0.0,0.0,3688,F,S,Baby,roomgroupA
3688_02,Mars,False,TRAPPIST-1e,False,0.0,0.0,0.0,0.0,0.0,3688,F,S,Baby,roomgroupA
3688_03,Mars,True,TRAPPIST-1e,False,0.0,0.0,0.0,0.0,0.0,3688,F,S,Student,roomgroupA
3690_01,Earth,False,TRAPPIST-1e,False,0.0,30.0,357.0,435.0,0.0,3690,F,P,Adult,roomgroupA
3691_01,Mars,False,TRAPPIST-1e,False,1404.0,0.0,4.0,359.0,0.0,3691,F,P,Young Adult,roomgroupA
3692_01,Earth,False,TRAPPIST-1e,False,808.0,60.0,0.0,16.0,3.0,3692,G,P,Young Adult,roomgroupA
3693_01,Earth,True,TRAPPIST-1e,False,0.0,0.0,0.0,0.0,0.0,3693,G,S,Young Adult,roomgroupA
3699_01,Europa,True,55 Cancri e,False,0.0,0.0,0.0,0.0,0.0,3699,C,P,Young Adult,roomgroupA
3699_02,Europa,False,55 Cancri e,,0.0,17432.0,0.0,241.0,2102.0,3699,C,P,Young Adult,roomgroupA
3699_03,Europa,True,55 Cancri e,False,0.0,0.0,0.0,0.0,0.0,3699,C,P,Young Adult,roomgroupA
3699_04,Europa,False,TRAPPIST-1e,False,0.0,3859.0,13.0,195.0,3874.0,3699,C,P,Adult,roomgroupA
3700_01,Earth,False,TRAPPIST-1e,False,58.0,396.0,15.0,,180.0,3700,F,P,Student,roomgroupA
3702_01,Mars,True,TRAPPIST-1e,False,0.0,0.0,0.0,0.0,0.0,3702,E,P,Young Adult,roomgroupA
3703_01,,True,TRAPPIST-1e,False,,0.0,0.0,0.0,0.0,3703,F,P,Young Adult,roomgroupA
3703_02,Mars,False,TRAPPIST-1e,False,1377.0,267.0,36.0,0.0,0.0,3703,F,P,Student,roomgroupA
3704_01,Earth,False,TRAPPIST-1e,False,120.0,235.0,0.0,,0.0,3704,F,S,Student,roomgroupA
3705_01,Earth,False,TRAPPIST-1e,False,238.0,1.0,28.0,207.0,119.0,3705,F,P,Student,roomgroupA
3706_01,Mars,False,TRAPPIST-1e,False,424.0,0.0,246.0,370.0,0.0,3706,F,P,Teenager,roomgroupA
3706_02,Mars,False,TRAPPIST-1e,False,131.0,0.0,980.0,1.0,0.0,3706,F,P,Student,roomgroupA
3707_01,Earth,False,TRAPPIST-1e,False,622.0,53.0,8.0,47.0,39.0,3707,G,S,Student,roomgroupA
3707_02,Earth,False,,False,0.0,0.0,889.0,0.0,0.0,3707,G,S,Student,roomgroupA
3708_01,Earth,True,55 Cancri e,False,0.0,0.0,0.0,0.0,0.0,3708,G,P,Unknown,roomgroupA
3710_01,Earth,False,55 Cancri e,False,432.0,0.0,377.0,0.0,0.0,3710,G,P,Adult,roomgroupA
3710_02,Earth,False,TRAPPIST-1e,False,0.0,0.0,0.0,0.0,0.0,3710,G,P,Child,roomgroupA
3710_03,Earth,True,55 Cancri e,False,0.0,0.0,0.0,0.0,0.0,3710,G,P,Child,roomgroupA
3711_01,Mars,True,TRAPPIST-1e,False,0.0,0.0,0.0,0.0,0.0,3711,F,S,Adult,roomgroupA
3711_02,Mars,False,TRAPPIST-1e,False,3471.0,0.0,232.0,0.0,0.0,3711,F,S,Young Adult,roomgroupA
3711_03,Mars,True,TRAPPIST-1e,False,0.0,0.0,0.0,0.0,0.0,3711,F,S,Child,roomgroupA
3713_01,Europa,True,TRAPPIST-1e,False,0.0,0.0,0.0,0.0,0.0,3713,C,S,Adult,roomgroupA
3713_02,Europa,True,55 Cancri e,False,0.0,0.0,0.0,0.0,0.0,3713,C,S,Adult,roomgroupA
3713_03,Europa,True,TRAPPIST-1e,False,0.0,0.0,0.0,0.0,0.0,3713,C,S,Student,roomgroupA
3714_01,Mars,,TRAPPIST-1e,False,48.0,1652.0,761.0,138.0,0.0,3714,F,S,Adult,roomgroupA
3714_02,Mars,False,PSO J318.5-22,False,33.0,397.0,354.0,,0.0,3714,D,S,Young Adult,roomgroupA
3715_01,Earth,True,PSO J318.5-22,False,,0.0,0.0,0.0,0.0,3715,G,P,Baby,roomgroupA
3715_02,Earth,True,TRAPPIST-1e,False,0.0,0.0,0.0,0.0,0.0,3715,G,P,Baby,roomgroupA
3715_03,Earth,False,TRAPPIST-1e,False,0.0,0.0,0.0,0.0,0.0,3715,G,P,Baby,roomgroupA
3715_04,Earth,True,TRAPPIST-1e,False,0.0,0.0,0.0,0.0,0.0,3715,G,P,Teenager,roomgroupA
3716_01,Earth,False,TRAPPIST-1e,False,18.0,2.0,1769.0,1.0,2.0,3716,G,P,Student,roomgroupA
3719_01,Mars,False,TRAPPIST-1e,True,1193.0,0.0,2509.0,0.0,0.0,3719,G,S,Young Adult,roomgroupA
3719_02,Mars,True,TRAPPIST-1e,False,0.0,0.0,0.0,0.0,0.0,3719,F,S,Adult,roomgroupA
3724_01,Earth,True,TRAPPIST-1e,False,0.0,0.0,0.0,0.0,0.0,3724,G,S,Young Adult,roomgroupA
3726_01,Earth,True,TRAPPIST-1e,False,0.0,0.0,0.0,,0.0,3726,G,P,Adult,roomgroupA
3728_01,Earth,True,PSO J318.5-22,False,0.0,0.0,0.0,0.0,0.0,3728,G,S,Teenager,roomgroupA
3729_01,Earth,True,PSO J318.5-22,False,0.0,0.0,0.0,0.0,0.0,3729,G,P,Adult,roomgroupA
3732_01,Europa,True,55 Cancri e,False,,0.0,0.0,0.0,0.0,3732,A,S,Child,roomgroupA
3732_02,Europa,False,TRAPPIST-1e,False,0.0,8444.0,0.0,2989.0,8735.0,3732,A,S,Young Adult,roomgroupA
3732_03,Europa,True,TRAPPIST-1e,False,0.0,0.0,0.0,0.0,0.0,3732,A,S,Young Adult,roomgroupA
3732_04,Europa,False,55 Cancri e,False,3340.0,588.0,,173.0,71.0,3732,A,S,Young Adult,roomgroupA
3733_01,Europa,False,TRAPPIST-1e,True,0.0,4.0,0.0,685.0,1779.0,3733,D,S,Young Adult,roomgroupA
3734_01,Earth,True,PSO J318.5-22,False,0.0,0.0,0.0,0.0,0.0,3734,G,P,Teenager,roomgroupA
3735_01,Europa,False,TRAPPIST-1e,False,2.0,3846.0,0.0,3.0,346.0,3735,D,S,Adult,roomgroupA
3735_02,Europa,False,55 Cancri e,False,0.0,787.0,116.0,1924.0,2.0,3735,D,S,Young Adult,roomgroupA
3736_01,Europa,False,TRAPPIST-1e,False,328.0,5193.0,0.0,20.0,533.0,3736,B,S,Senior,roomgroupA
3737_01,Earth,False,TRAPPIST-1e,False,0.0,0.0,632.0,250.0,0.0,3737,G,S,Adult,roomgroupA
3737_02,Earth,True,55 Cancri e,False,0.0,0.0,0.0,0.0,0.0,3737,G,S,Teenager,roomgroupA
3739_01,Earth,False,TRAPPIST-1e,False,0.0,312.0,2.0,76.0,418.0,3739,G,S,Student,roomgroupA
3741_01,Europa,True,TRAPPIST-1e,False,0.0,0.0,0.0,0.0,0.0,3741,B,P,Young Adult,roomgroupA
3742_01,Earth,True,55 Cancri e,False,0.0,0.0,,0.0,0.0,3742,G,P,Baby,roomgroupA
3742_02,Earth,True,TRAPPIST-1e,False,0.0,0.0,0.0,0.0,0.0,3742,G,P,Young Adult,roomgroupA
3743_01,Earth,False,TRAPPIST-1e,False,0.0,827.0,5.0,55.0,0.0,3743,G,S,Student,roomgroupA
3744_01,Mars,False,PSO J318.5-22,True,0.0,490.0,869.0,0.0,0.0,3744,E,S,Young Adult,roomgroupA
3745_01,Earth,False,TRAPPIST-1e,False,,2.0,14.0,755.0,0.0,3745,G,P,Student,roomgroupA
3747_01,Europa,False,TRAPPIST-1e,False,0.0,2576.0,0.0,234.0,237.0,3747,B,P,Adult,roomgroupA
3747_02,Europa,True,TRAPPIST-1e,False,0.0,0.0,0.0,0.0,0.0,3747,B,P,Young Adult,roomgroupA
3747_03,Europa,,TRAPPIST-1e,False,0.0,3377.0,0.0,193.0,5563.0,3747,B,P,Adult,roomgroupA
3747_04,Europa,True,55 Cancri e,False,0.0,0.0,0.0,0.0,0.0,3747,B,P,Student,roomgroupA
3748_01,Mars,True,TRAPPIST-1e,False,0.0,0.0,0.0,0.0,0.0,3748,F,P,Unknown,roomgroupA
3749_01,Europa,True,55 Cancri e,False,0.0,0.0,0.0,0.0,0.0,3749,B,P,Adult,roomgroupA
3749_02,Europa,True,TRAPPIST-1e,False,0.0,0.0,0.0,0.0,0.0,3749,B,P,Young Adult,roomgroupA
3750_01,Earth,False,TRAPPIST-1e,False,64.0,0.0,3.0,3440.0,5.0,3750,F,P,Student,roomgroupA
3750_02,Earth,False,TRAPPIST-1e,False,396.0,0.0,,0.0,297.0,3750,G,P,Adult,roomgroupA
3751_01,Earth,False,TRAPPIST-1e,False,0.0,274.0,594.0,35.0,658.0,3751,G,S,Young Adult,roomgroupA
3752_01,Europa,False,TRAPPIST-1e,False,0.0,5.0,0.0,108.0,1788.0,3752,D,S,Adult,roomgroupA
3753_01,Earth,False,55 Cancri e,False,0.0,519.0,131.0,63.0,3.0,3753,F,P,Adult,roomgroupA
3754_01,Earth,True,TRAPPIST-1e,False,0.0,0.0,0.0,0.0,,3754,G,P,Adult,roomgroupA
3755_01,Earth,True,TRAPPIST-1e,False,0.0,0.0,0.0,0.0,0.0,3755,G,S,Young Adult,roomgroupA
3755_02,Earth,True,PSO J318.5-22,False,0.0,0.0,0.0,0.0,0.0,3755,G,P,Child,roomgroupA
3756_01,Mars,True,TRAPPIST-1e,False,,0.0,0.0,0.0,0.0,3756,F,S,Student,roomgroupA
3757_01,Earth,True,TRAPPIST-1e,False,0.0,0.0,0.0,0.0,0.0,3757,G,S,Adult,roomgroupA
3758_01,Earth,False,TRAPPIST-1e,False,381.0,4.0,0.0,0.0,368.0,3758,G,S,Student,roomgroupA
3758_02,Earth,True,PSO J318.5-22,False,0.0,0.0,0.0,0.0,0.0,3758,G,S,Student,roomgroupA
3759_01,Earth,True,TRAPPIST-1e,False,0.0,0.0,0.0,0.0,0.0,3759,G,S,Young Adult,roomgroupA
3760_01,Earth,True,PSO J318.5-22,False,0.0,0.0,0.0,0.0,0.0,3760,G,P,Student,roomgroupA
3761_01,,False,55 Cancri e,False,824.0,2196.0,385.0,19.0,1113.0,3761,E,P,Adult,roomgroupA
3765_01,Mars,True,TRAPPIST-1e,False,0.0,0.0,0.0,,0.0,3765,F,S,Young Adult,roomgroupA
3767_01,Europa,False,55 Cancri e,False,0.0,280.0,112.0,0.0,9244.0,3767,B,S,Adult,roomgroupA
3768_01,Earth,False,TRAPPIST-1e,False,0.0,0.0,717.0,0.0,0.0,3768,F,S,Student,roomgroupA
3769_01,Mars,False,TRAPPIST-1e,False,1037.0,0.0,258.0,4.0,0.0,3769,E,S,Adult,roomgroupA
3770_01,Earth,True,TRAPPIST-1e,False,0.0,0.0,0.0,,0.0,3770,G,P,Teenager,roomgroupA
3771_01,Europa,False,TRAPPIST-1e,False,80.0,828.0,0.0,4494.0,4269.0,3771,B,P,Young Adult,roomgroupA
3772_01,Earth,False,55 Cancri e,False,0.0,0.0,0.0,0.0,0.0,3772,G,P,Child,roomgroupA
3772_02,Earth,False,TRAPPIST-1e,False,0.0,,422.0,0.0,0.0,3772,F,P,Student,roomgroupA
3773_01,Earth,False,PSO J318.5-22,False,2.0,257.0,348.0,2.0,0.0,3773,F,S,Student,roomgroupA
3773_02,Earth,False,TRAPPIST-1e,False,55.0,0.0,1503.0,0.0,0.0,3773,F,S,Adult,roomgroupA
3773_03,Earth,False,PSO J318.5-22,False,0.0,552.0,44.0,0.0,661.0,3773,F,S,Student,roomgroupA
3774_01,Earth,False,TRAPPIST-1e,False,513.0,0.0,0.0,0.0,317.0,3774,F,P,Young Adult,roomgroupA
3774_02,Earth,True,TRAPPIST-1e,False,0.0,0.0,0.0,0.0,0.0,3774,G,P,Student,roomgroupA
3774_03,Earth,False,TRAPPIST-1e,False,227.0,117.0,394.0,9.0,56.0,3774,F,P,Adult,roomgroupA
3775_01,Mars,True,TRAPPIST-1e,False,0.0,0.0,0.0,0.0,0.0,3775,F,S,Adult,roomgroupA
3775_02,Mars,True,TRAPPIST-1e,False,0.0,0.0,0.0,0.0,,3775,F,S,Adult,roomgroupA
3776_01,Europa,False,TRAPPIST-1e,False,2.0,407.0,4509.0,1433.0,9.0,3776,C,S,Young Adult,roomgroupA
3777_01,Europa,True,55 Cancri e,False,0.0,0.0,0.0,0.0,0.0,3777,B,S,Adult,roomgroupA
3778_01,Earth,False,TRAPPIST-1e,False,0.0,21.0,0.0,0.0,786.0,3778,F,S,Adult,roomgroupA
3779_01,Earth,False,TRAPPIST-1e,False,1.0,677.0,13.0,10.0,0.0,3779,F,S,Young Adult,roomgroupA
3781_01,Europa,False,TRAPPIST-1e,False,821.0,960.0,0.0,27.0,321.0,3781,A,S,Adult,roomgroupA
3783_01,Earth,False,55 Cancri e,False,183.0,0.0,1.0,0.0,1103.0,3783,F,P,Adult,roomgroupA
3784_01,Earth,False,TRAPPIST-1e,False,0.0,,131.0,3981.0,108.0,3784,G,P,Senior,roomgroupA
3785_01,Earth,True,TRAPPIST-1e,False,0.0,0.0,0.0,0.0,0.0,3785,G,P,Student,roomgroupA
3786_01,Mars,False,TRAPPIST-1e,True,,0.0,1355.0,0.0,0.0,3786,E,S,Adult,roomgroupA
3786_02,Mars,False,TRAPPIST-1e,False,913.0,4.0,1.0,1465.0,0.0,3786,D,S,Adult,roomgroupA
3787_01,Mars,True,TRAPPIST-1e,False,0.0,0.0,0.0,0.0,0.0,3787,F,S,Adult,roomgroupA
3787_02,Mars,False,TRAPPIST-1e,False,0.0,0.0,0.0,0.0,0.0,3787,F,S,Child,roomgroupA
3787_03,Mars,False,TRAPPIST-1e,False,132.0,75.0,849.0,0.0,0.0,3787,D,S,Unknown,roomgroupA
3788_01,Mars,False,TRAPPIST-1e,False,519.0,0.0,284.0,0.0,0.0,3788,D,P,Young Adult,roomgroupA
3789_01,Earth,True,TRAPPIST-1e,False,0.0,0.0,0.0,0.0,0.0,3789,G,S,Teenager,roomgroupA
3790_01,,True,TRAPPIST-1e,False,0.0,,0.0,,0.0,3790,G,P,Teenager,roomgroupA
3793_01,Earth,True,55 Cancri e,False,0.0,0.0,0.0,0.0,0.0,3793,G,S,Student,roomgroupA
3795_01,Europa,True,55 Cancri e,False,0.0,0.0,0.0,0.0,0.0,3795,C,S,Unknown,roomgroupA
3796_01,Europa,False,55 Cancri e,False,90.0,26830.0,0.0,27.0,703.0,3796,B,P,Young Adult,roomgroupA
3797_01,Europa,False,TRAPPIST-1e,False,0.0,0.0,0.0,0.0,0.0,3797,B,P,Young Adult,roomgroupA
3798_01,Europa,True,TRAPPIST-1e,False,0.0,0.0,0.0,0.0,0.0,3798,E,S,Senior,roomgroupA
3801_01,Earth,False,55 Cancri e,False,0.0,0.0,0.0,36.0,437.0,3801,G,P,Young Adult,roomgroupA
3803_01,Mars,False,TRAPPIST-1e,False,25.0,0.0,1376.0,604.0,0.0,3803,F,P,Young Adult,roomgroupA
3804_01,Earth,False,TRAPPIST-1e,False,0.0,17.0,0.0,0.0,784.0,3804,F,P,Student,roomgroupA
3805_01,Earth,False,TRAPPIST-1e,False,357.0,0.0,114.0,0.0,,3805,F,P,Adult,roomgroupA
3807_01,Earth,True,TRAPPIST-1e,False,0.0,0.0,0.0,0.0,0.0,3807,G,S,Student,roomgroupA
3810_01,Earth,False,TRAPPIST-1e,False,406.0,0.0,53.0,0.0,350.0,3810,G,S,Adult,roomgroupA
3811_01,Mars,True,TRAPPIST-1e,False,0.0,0.0,0.0,0.0,0.0,3811,F,P,Adult,roomgroupA
3811_02,Mars,False,TRAPPIST-1e,False,3361.0,0.0,13.0,15.0,0.0,3811,D,P,Young Adult,roomgroupA
3812_01,Earth,False,TRAPPIST-1e,False,14.0,651.0,11.0,17.0,,3812,F,S,Student,roomgroupA
3814_01,Europa,True,TRAPPIST-1e,False,0.0,0.0,0.0,0.0,0.0,3814,D,P,Adult,roomgroupA
3815_01,Earth,False,TRAPPIST-1e,False,0.0,0.0,0.0,724.0,80.0,3815,F,P,Student,roomgroupA
3816_01,Earth,False,TRAPPIST-1e,False,58.0,0.0,4.0,789.0,54.0,3816,E,P,Young Adult,roomgroupA
3817_01,Mars,False,TRAPPIST-1e,False,984.0,1.0,921.0,0.0,,3817,E,P,Student,roomgroupA
3818_01,Earth,False,TRAPPIST-1e,False,0.0,600.0,80.0,0.0,18.0,3818,G,S,Young Adult,roomgroupA
3820_01,Mars,True,TRAPPIST-1e,False,0.0,0.0,0.0,0.0,0.0,3820,F,P,Student,roomgroupA
3821_01,Earth,False,PSO J318.5-22,False,0.0,2.0,0.0,0.0,867.0,3821,G,S,Unknown,roomgroupA
3822_01,Earth,False,PSO J318.5-22,False,0.0,122.0,0.0,104.0,486.0,3822,F,S,Adult,roomgroupA
3823_01,Mars,False,TRAPPIST-1e,False,1192.0,0.0,0.0,0.0,0.0,3823,F,S,Young Adult,roomgroupA
3824_01,Earth,False,PSO J318.5-22,False,0.0,51.0,101.0,50.0,,3824,G,S,Adult,roomgroupA
3826_01,,False,TRAPPIST-1e,False,0.0,0.0,0.0,1565.0,224.0,3826,G,S,Student,roomgroupA
3830_01,Earth,False,55 Cancri e,False,71.0,0.0,242.0,393.0,0.0,3830,G,S,Young Adult,roomgroupA
3831_01,Mars,False,TRAPPIST-1e,False,799.0,0.0,190.0,68.0,0.0,3831,D,S,Senior,roomgroupA
3832_01,Earth,False,TRAPPIST-1e,False,1387.0,614.0,1564.0,5.0,0.0,3832,G,P,Adult,roomgroupA
3835_01,Earth,False,PSO J318.5-22,False,1.0,897.0,0.0,0.0,8.0,3835,E,S,Senior,roomgroupA
3836_01,Mars,False,TRAPPIST-1e,False,1060.0,0.0,91.0,0.0,0.0,3836,F,S,Student,roomgroupA
3838_01,Earth,False,TRAPPIST-1e,False,28.0,580.0,0.0,0.0,236.0,3838,E,P,Student,roomgroupA
3839_01,Mars,False,TRAPPIST-1e,False,418.0,4.0,627.0,0.0,0.0,3839,E,P,Student,roomgroupA
3841_01,Mars,False,TRAPPIST-1e,False,1049.0,31.0,227.0,2.0,0.0,3841,F,P,Young Adult,roomgroupA
3842_01,Earth,False,55 Cancri e,False,312.0,89.0,44.0,0.0,252.0,3842,F,P,Adult,roomgroupA
3846_01,Earth,True,TRAPPIST-1e,False,0.0,0.0,0.0,0.0,0.0,3846,G,P,Teenager,roomgroupA
3847_01,Europa,False,TRAPPIST-1e,False,90.0,2050.0,0.0,15.0,1244.0,3847,C,P,Adult,roomgroupA
3848_01,Earth,False,TRAPPIST-1e,False,4.0,314.0,0.0,0.0,428.0,3848,F,P,Young Adult,roomgroupA
3849_01,Earth,False,TRAPPIST-1e,False,0.0,253.0,0.0,79.0,421.0,3849,G,P,Young Adult,roomgroupA
3850_01,Europa,False,55 Cancri e,False,38.0,257.0,0.0,54.0,4184.0,3850,C,S,Young Adult,roomgroupA
3850_02,Europa,True,55 Cancri e,False,0.0,0.0,0.0,0.0,0.0,3850,C,S,Student,roomgroupA
3850_03,Europa,False,TRAPPIST-1e,False,0.0,6130.0,0.0,36.0,1.0,3850,C,S,Young Adult,roomgroupA
3850_04,Europa,True,55 Cancri e,False,0.0,0.0,0.0,0.0,0.0,3850,C,S,Adult,roomgroupA
3850_05,Europa,True,TRAPPIST-1e,False,0.0,0.0,0.0,0.0,0.0,3850,C,S,Teenager,roomgroupA
3850_06,Europa,False,TRAPPIST-1e,False,0.0,1565.0,0.0,97.0,1678.0,3850,C,S,Young Adult,roomgroupA
3850_07,Europa,True,55 Cancri e,False,0.0,0.0,0.0,0.0,0.0,3850,C,S,Young Adult,roomgroupA
3851_01,Europa,False,TRAPPIST-1e,False,205.0,4415.0,0.0,1589.0,305.0,3851,C,P,Adult,roomgroupA
3852_01,Mars,True,TRAPPIST-1e,False,0.0,0.0,0.0,0.0,0.0,3852,F,P,Unknown,roomgroupA
3853_01,Earth,False,PSO J318.5-22,False,16.0,6.0,735.0,0.0,0.0,3853,F,S,Student,roomgroupA
3854_01,Earth,True,TRAPPIST-1e,False,0.0,0.0,0.0,0.0,0.0,3854,G,P,Young Adult,roomgroupA
3856_01,Earth,False,,False,339.0,754.0,7.0,0.0,0.0,3856,F,S,Student,roomgroupA
3857_01,Europa,True,55 Cancri e,False,0.0,0.0,,0.0,0.0,3857,E,P,Young Adult,roomgroupA
3862_01,Mars,True,55 Cancri e,False,0.0,0.0,0.0,0.0,0.0,3862,F,S,Adult,roomgroupA
3862_02,Mars,False,TRAPPIST-1e,False,2627.0,0.0,597.0,0.0,0.0,3862,E,S,Student,roomgroupA
3862_03,Mars,True,TRAPPIST-1e,False,0.0,0.0,0.0,0.0,0.0,3862,E,S,Young Adult,roomgroupA
3862_04,Mars,False,TRAPPIST-1e,False,974.0,0.0,1883.0,0.0,505.0,3862,D,S,Teenager,roomgroupA
3862_05,Mars,False,TRAPPIST-1e,False,149.0,981.0,215.0,0.0,0.0,3862,F,S,Adult,roomgroupA
3862_06,Mars,False,TRAPPIST-1e,False,1008.0,667.0,8.0,0.0,,3862,F,S,Teenager,roomgroupA
3862_07,Mars,False,TRAPPIST-1e,False,12.0,,1105.0,658.0,16.0,3862,D,S,Student,roomgroupA
3864_01,Europa,True,TRAPPIST-1e,False,0.0,0.0,0.0,0.0,0.0,3864,D,S,Unknown,roomgroupA
3866_01,,False,TRAPPIST-1e,False,0.0,0.0,7.0,0.0,963.0,3866,F,P,Adult,roomgroupA
3867_01,Earth,False,TRAPPIST-1e,False,3.0,,768.0,0.0,,3867,F,P,Adult,roomgroupA
3868_01,Earth,False,TRAPPIST-1e,False,1540.0,,0.0,0.0,1.0,3868,F,S,Senior,roomgroupA
3868_02,Earth,False,TRAPPIST-1e,False,0.0,0.0,0.0,0.0,0.0,3868,G,S,Child,roomgroupA
3868_03,Earth,False,,False,0.0,0.0,0.0,0.0,0.0,3868,G,S,Child,roomgroupA
3868_04,Earth,False,TRAPPIST-1e,False,0.0,0.0,0.0,0.0,0.0,3868,G,S,Baby,roomgroupA
3868_05,Earth,False,55 Cancri e,False,0.0,0.0,623.0,40.0,209.0,3868,F,S,Teenager,roomgroupA
3868_06,Earth,True,TRAPPIST-1e,False,0.0,0.0,0.0,0.0,0.0,3868,G,S,Adult,roomgroupA
3868_07,Earth,True,TRAPPIST-1e,False,0.0,0.0,0.0,0.0,0.0,3868,G,S,Child,roomgroupA
3870_01,Europa,True,55 Cancri e,False,0.0,0.0,0.0,0.0,0.0,3870,B,S,Student,roomgroupA
3871_01,Europa,True,55 Cancri e,False,0.0,0.0,0.0,0.0,0.0,3871,B,S,Adult,roomgroupA
3872_01,Mars,True,TRAPPIST-1e,False,0.0,0.0,0.0,0.0,0.0,3872,F,P,Young Adult,roomgroupA
3873_01,Earth,False,TRAPPIST-1e,False,2478.0,0.0,31.0,4.0,11.0,3873,F,P,Young Adult,roomgroupA
3874_01,Earth,False,TRAPPIST-1e,False,86.0,218.0,0.0,0.0,479.0,3874,G,S,Unknown,roomgroupA
3874_02,Earth,False,TRAPPIST-1e,False,158.0,1556.0,1189.0,845.0,96.0,3874,E,S,Student,roomgroupA
3875_01,Earth,False,TRAPPIST-1e,False,0.0,0.0,3.0,785.0,0.0,3875,E,P,Student,roomgroupA
3879_01,Mars,False,55 Cancri e,False,796.0,0.0,70.0,595.0,0.0,3879,F,P,Young Adult,roomgroupA
3883_01,Europa,True,55 Cancri e,False,0.0,0.0,0.0,0.0,0.0,3883,B,S,Teenager,roomgroupA
3883_02,Europa,False,TRAPPIST-1e,False,0.0,3060.0,0.0,4.0,2325.0,3883,B,S,Adult,roomgroupA
3883_03,Europa,True,55 Cancri e,False,0.0,0.0,0.0,,0.0,3883,B,S,Teenager,roomgroupA
3886_01,Earth,True,PSO J318.5-22,False,0.0,0.0,0.0,0.0,0.0,3886,G,P,Adult,roomgroupA
3888_01,Earth,False,,False,0.0,0.0,0.0,0.0,0.0,3888,G,S,Baby,roomgroupA
3890_01,Earth,True,TRAPPIST-1e,False,0.0,0.0,0.0,0.0,0.0,3890,G,S,Student,roomgroupA
3894_01,Earth,False,PSO J318.5-22,False,0.0,525.0,0.0,0.0,84.0,3894,F,S,Student,roomgroupA
3895_01,Mars,True,TRAPPIST-1e,False,0.0,0.0,0.0,0.0,0.0,3895,E,P,Adult,roomgroupA
3895_02,Mars,False,TRAPPIST-1e,False,847.0,,4.0,0.0,1.0,3895,E,P,Young Adult,roomgroupA
3895_03,Mars,False,TRAPPIST-1e,False,0.0,0.0,0.0,0.0,0.0,3895,E,P,Child,roomgroupA
3896_01,,,55 Cancri e,False,0.0,4387.0,0.0,2241.0,0.0,3896,C,S,Student,roomgroupA
3897_01,Earth,True,TRAPPIST-1e,False,0.0,0.0,0.0,0.0,0.0,3897,G,P,Young Adult,roomgroupA
3898_01,Earth,True,TRAPPIST-1e,False,0.0,0.0,0.0,0.0,0.0,3898,G,S,Teenager,roomgroupA
3899_01,Europa,True,TRAPPIST-1e,False,0.0,0.0,0.0,0.0,0.0,3899,E,P,Student,roomgroupA
3903_01,Earth,False,55 Cancri e,False,0.0,0.0,0.0,0.0,0.0,3903,G,P,Baby,roomgroupA
3903_02,Earth,True,TRAPPIST-1e,False,0.0,0.0,0.0,0.0,0.0,3903,G,P,Baby,roomgroupA
3903_03,Earth,True,55 Cancri e,False,0.0,0.0,0.0,,0.0,3903,G,P,Child,roomgroupA
3903_04,Earth,False,PSO J318.5-22,False,0.0,0.0,0.0,0.0,0.0,3903,G,P,Child,roomgroupA
3903_05,Earth,False,TRAPPIST-1e,False,967.0,0.0,0.0,3.0,0.0,3903,F,P,Adult,roomgroupA
3903_06,Earth,True,55 Cancri e,False,0.0,0.0,0.0,0.0,0.0,3903,G,P,Baby,roomgroupA
3904_01,Earth,False,TRAPPIST-1e,False,0.0,0.0,0.0,0.0,909.0,3904,G,S,Senior,roomgroupA
3907_01,Earth,True,TRAPPIST-1e,False,0.0,0.0,0.0,0.0,0.0,3907,G,S,Adult,roomgroupA
3909_01,Europa,True,TRAPPIST-1e,False,0.0,0.0,0.0,0.0,0.0,3909,C,S,Young Adult,roomgroupA
3911_01,,False,TRAPPIST-1e,False,6.0,1.0,11.0,1046.0,0.0,3911,F,S,Adult,roomgroupA
3911_02,Earth,False,TRAPPIST-1e,False,9.0,0.0,1462.0,94.0,54.0,3911,E,S,Student,roomgroupA
3911_03,Earth,True,PSO J318.5-22,False,0.0,0.0,0.0,0.0,0.0,3911,G,S,Student,roomgroupA
3912_01,Earth,False,TRAPPIST-1e,False,309.0,28.0,496.0,20.0,49.0,3912,F,S,Teenager,roomgroupA
3913_01,Earth,False,,False,0.0,93.0,1.0,0.0,542.0,3913,F,S,Student,roomgroupA
3913_02,Earth,False,PSO J318.5-22,False,0.0,2.0,553.0,44.0,0.0,3913,F,S,Young Adult,roomgroupA
3915_01,Earth,True,TRAPPIST-1e,False,0.0,0.0,0.0,0.0,0.0,3915,G,S,Young Adult,roomgroupA
3916_01,Europa,False,TRAPPIST-1e,False,2.0,881.0,0.0,578.0,214.0,3916,D,S,Teenager,roomgroupA
3916_02,Europa,True,55 Cancri e,False,0.0,0.0,0.0,0.0,0.0,3916,D,S,Adult,roomgroupA
3917_01,Europa,False,TRAPPIST-1e,False,0.0,690.0,0.0,49.0,2264.0,3917,B,P,Young Adult,roomgroupA
3919_01,Earth,False,TRAPPIST-1e,False,0.0,0.0,,65.0,480.0,3919,F,P,Student,roomgroupA
3921_01,Earth,False,TRAPPIST-1e,False,35.0,42.0,711.0,0.0,0.0,3921,E,S,Young Adult,roomgroupA
3922_01,Earth,True,PSO J318.5-22,False,0.0,0.0,0.0,0.0,0.0,3922,G,P,Young Adult,roomgroupA
3923_01,Earth,False,TRAPPIST-1e,False,95.0,0.0,0.0,13.0,622.0,3923,F,P,Student,roomgroupA
3923_02,Earth,True,TRAPPIST-1e,False,0.0,0.0,0.0,0.0,0.0,3923,G,P,Child,roomgroupA
3923_03,Earth,True,55 Cancri e,False,0.0,0.0,0.0,0.0,0.0,3923,G,P,Baby,roomgroupA
3924_01,Earth,False,55 Cancri e,False,0.0,47.0,0.0,263.0,384.0,3924,E,S,Student,roomgroupA
3926_01,Earth,False,TRAPPIST-1e,False,716.0,,0.0,0.0,0.0,3926,F,P,Student,roomgroupA
3927_01,Europa,False,55 Cancri e,False,55.0,1258.0,0.0,650.0,10786.0,3927,C,S,Adult,roomgroupA
3927_02,Europa,False,55 Cancri e,False,0.0,1249.0,0.0,1313.0,1148.0,3927,C,S,Adult,roomgroupA
3928_01,Europa,False,,False,3.0,1300.0,0.0,1250.0,1148.0,3928,E,S,Young Adult,roomgroupA
3928_02,Europa,True,55 Cancri e,False,0.0,0.0,0.0,0.0,0.0,3928,E,S,Adult,roomgroupA
3930_01,Earth,False,55 Cancri e,False,0.0,0.0,0.0,1819.0,1.0,3930,F,S,Young Adult,roomgroupA
3931_01,Earth,False,55 Cancri e,False,0.0,218.0,0.0,481.0,2.0,3931,F,P,Adult,roomgroupA
3932_01,Mars,False,TRAPPIST-1e,False,659.0,0.0,2316.0,0.0,23.0,3932,E,S,Student,roomgroupA
3932_02,Mars,False,55 Cancri e,False,2.0,0.0,805.0,29.0,0.0,3932,D,S,Young Adult,roomgroupA
3933_01,Earth,True,55 Cancri e,False,0.0,0.0,0.0,0.0,0.0,3933,G,S,Young Adult,roomgroupA
3935_01,Earth,True,PSO J318.5-22,False,0.0,0.0,0.0,0.0,0.0,3935,G,S,Student,roomgroupA
3936_01,Earth,False,TRAPPIST-1e,False,3537.0,0.0,0.0,0.0,0.0,3936,G,S,Young Adult,roomgroupA
3937_01,Earth,False,TRAPPIST-1e,False,45.0,588.0,5.0,7.0,0.0,3937,F,S,Young Adult,roomgroupA
3938_01,Mars,True,,False,0.0,0.0,0.0,0.0,0.0,3938,F,S,Adult,roomgroupA
3938_02,Mars,True,TRAPPIST-1e,False,0.0,0.0,0.0,0.0,0.0,3938,F,S,Baby,roomgroupA
3938_03,Mars,True,TRAPPIST-1e,False,0.0,0.0,0.0,0.0,0.0,3938,F,S,Teenager,roomgroupA
3939_01,Earth,False,TRAPPIST-1e,False,772.0,0.0,840.0,1.0,5.0,3939,E,P,Adult,roomgroupA
3940_01,Mars,False,TRAPPIST-1e,True,2739.0,0.0,0.0,0.0,0.0,3940,D,P,Senior,roomgroupA
3941_01,Earth,True,TRAPPIST-1e,False,0.0,0.0,0.0,0.0,0.0,3941,G,P,Adult,roomgroupA
3942_01,Earth,True,PSO J318.5-22,False,0.0,0.0,0.0,0.0,0.0,3942,G,S,Student,roomgroupA
3944_01,Mars,False,TRAPPIST-1e,False,629.0,0.0,659.0,607.0,0.0,3944,F,S,Young Adult,roomgroupA
3945_01,Earth,True,TRAPPIST-1e,False,0.0,0.0,0.0,0.0,0.0,3945,G,P,Young Adult,roomgroupA
3946_01,Mars,False,TRAPPIST-1e,False,14.0,0.0,91.0,1203.0,0.0,3946,F,P,Adult,roomgroupA
3948_01,Earth,False,TRAPPIST-1e,False,325.0,0.0,477.0,50.0,5.0,3948,F,P,Student,roomgroupA
3949_01,Earth,False,TRAPPIST-1e,False,781.0,0.0,1.0,4.0,1.0,3949,E,P,Teenager,roomgroupA
3950_01,Europa,False,TRAPPIST-1e,False,3478.0,11153.0,15.0,203.0,15.0,3950,C,S,Young Adult,roomgroupA
3952_01,Earth,False,TRAPPIST-1e,False,0.0,0.0,0.0,544.0,12.0,3952,F,S,Adult,roomgroupA
3954_01,Earth,True,TRAPPIST-1e,False,0.0,0.0,0.0,0.0,0.0,3954,G,S,Adult,roomgroupA
3955_01,Earth,True,TRAPPIST-1e,False,0.0,0.0,0.0,0.0,0.0,3955,G,S,Adult,roomgroupA
3958_01,Mars,False,TRAPPIST-1e,False,1144.0,12.0,14.0,22.0,0.0,3958,F,S,Adult,roomgroupA
3959_01,Earth,False,TRAPPIST-1e,False,0.0,80.0,255.0,0.0,5190.0,3959,G,P,Student,roomgroupA
3959_02,Earth,False,TRAPPIST-1e,False,653.0,0.0,0.0,0.0,20.0,3959,F,P,Young Adult,roomgroupA
3959_03,Earth,True,55 Cancri e,False,0.0,0.0,0.0,0.0,0.0,3959,G,P,Baby,roomgroupA
3960_01,Earth,False,TRAPPIST-1e,False,0.0,0.0,0.0,0.0,880.0,3960,F,S,Adult,roomgroupA
3961_01,Mars,True,TRAPPIST-1e,False,0.0,0.0,0.0,0.0,0.0,3961,F,S,Adult,roomgroupA
3962_01,Earth,,55 Cancri e,False,0.0,0.0,0.0,0.0,0.0,3962,G,P,Teenager,roomgroupA
3962_02,Earth,False,PSO J318.5-22,False,0.0,1203.0,0.0,0.0,446.0,3962,E,P,Adult,roomgroupA
3963_01,Earth,,PSO J318.5-22,False,0.0,0.0,0.0,0.0,0.0,3963,G,P,Student,roomgroupA
3964_01,Earth,True,TRAPPIST-1e,False,0.0,0.0,0.0,0.0,0.0,3964,G,S,Student,roomgroupA
3966_01,Earth,False,TRAPPIST-1e,False,324.0,275.0,0.0,0.0,0.0,3966,F,P,Adult,roomgroupA
3966_02,Earth,False,TRAPPIST-1e,False,0.0,0.0,1020.0,0.0,,3966,G,P,Young Adult,roomgroupA
3966_03,Earth,False,TRAPPIST-1e,False,0.0,0.0,0.0,0.0,0.0,3966,G,P,Baby,roomgroupA
3967_01,Mars,False,TRAPPIST-1e,False,886.0,55.0,0.0,0.0,,3967,F,P,Student,roomgroupA
3968_01,Earth,True,TRAPPIST-1e,False,0.0,0.0,0.0,0.0,0.0,3968,G,P,Teenager,roomgroupA
3970_01,Mars,False,TRAPPIST-1e,False,355.0,0.0,764.0,0.0,0.0,3970,F,S,Student,roomgroupA
3971_01,Earth,False,TRAPPIST-1e,False,39.0,821.0,0.0,7.0,41.0,3971,G,P,Adult,roomgroupA
3973_01,Europa,True,,False,0.0,0.0,0.0,0.0,0.0,3973,E,P,Young Adult,roomgroupA
3974_01,Earth,False,TRAPPIST-1e,False,0.0,0.0,5.0,756.0,0.0,3974,F,S,Student,roomgroupA
3974_02,Earth,True,TRAPPIST-1e,False,0.0,0.0,0.0,0.0,0.0,3974,G,S,Baby,roomgroupA
3976_01,Europa,False,TRAPPIST-1e,False,0.0,7164.0,0.0,58.0,1.0,3976,G,S,Young Adult,roomgroupA
3977_01,Earth,False,TRAPPIST-1e,False,46.0,0.0,675.0,0.0,0.0,3977,E,P,Student,roomgroupA
3980_01,Earth,True,TRAPPIST-1e,False,0.0,0.0,0.0,0.0,0.0,3980,G,P,Student,roomgroupA
3981_01,Earth,False,PSO J318.5-22,False,400.0,270.0,33.0,0.0,0.0,3981,G,S,Young Adult,roomgroupA
3984_01,Earth,True,PSO J318.5-22,False,0.0,0.0,0.0,0.0,0.0,3984,G,S,Unknown,roomgroupA
3985_01,Earth,False,TRAPPIST-1e,False,667.0,0.0,0.0,11.0,170.0,3985,G,P,Adult,roomgroupA
3986_01,Mars,False,TRAPPIST-1e,False,1217.0,0.0,1.0,4.0,0.0,3986,F,S,Adult,roomgroupA
3986_02,Mars,False,TRAPPIST-1e,False,1448.0,0.0,150.0,0.0,0.0,3986,F,S,Adult,roomgroupA
3987_01,Earth,False,TRAPPIST-1e,False,103.0,2183.0,0.0,16.0,0.0,3987,F,P,Teenager,roomgroupA
3988_01,Mars,False,TRAPPIST-1e,False,1632.0,0.0,80.0,7.0,0.0,3988,D,P,Young Adult,roomgroupA
3991_01,Earth,False,TRAPPIST-1e,False,1258.0,3.0,0.0,1.0,0.0,3991,F,P,Adult,roomgroupA
3992_01,Earth,False,PSO J318.5-22,False,0.0,0.0,10.0,1098.0,0.0,3992,F,S,Adult,roomgroupA
3994_01,Europa,True,TRAPPIST-1e,False,0.0,0.0,0.0,0.0,0.0,3994,B,S,Young Adult,roomgroupA
3995_01,Earth,False,TRAPPIST-1e,False,0.0,0.0,0.0,0.0,0.0,3995,G,P,Baby,roomgroupA
3995_02,Earth,False,PSO J318.5-22,False,0.0,0.0,310.0,1.0,421.0,3995,F,P,Adult,roomgroupA
3995_03,Earth,False,55 Cancri e,False,0.0,0.0,2.0,0.0,808.0,3995,G,P,Young Adult,roomgroupA
3995_04,Earth,False,TRAPPIST-1e,False,0.0,0.0,0.0,0.0,0.0,3995,G,P,Child,roomgroupA
3995_05,Earth,False,TRAPPIST-1e,False,0.0,0.0,0.0,0.0,0.0,3995,G,P,Baby,roomgroupA
3995_06,Earth,False,55 Cancri e,False,0.0,0.0,0.0,0.0,0.0,3995,G,P,Child,roomgroupA
3996_01,Earth,False,PSO J318.5-22,False,16.0,0.0,1136.0,0.0,40.0,3996,F,P,Young Adult,roomgroupA
3997_01,Earth,False,55 Cancri e,False,0.0,83.0,0.0,439.0,0.0,3997,G,S,Young Adult,roomgroupA
3998_01,Europa,False,55 Cancri e,False,89.0,4826.0,0.0,2.0,1598.0,3998,C,P,Young Adult,roomgroupA
3999_01,Earth,False,TRAPPIST-1e,False,0.0,1017.0,0.0,0.0,0.0,3999,G,P,Young Adult,roomgroupA
4000_01,Earth,True,TRAPPIST-1e,False,0.0,0.0,0.0,0.0,0.0,4000,G,S,Young Adult,roomgroupA
4000_02,Earth,False,TRAPPIST-1e,False,20.0,0.0,424.0,0.0,359.0,4000,F,S,Young Adult,roomgroupA
4000_03,Earth,True,TRAPPIST-1e,False,0.0,0.0,0.0,0.0,0.0,4000,G,S,Baby,roomgroupA
4001_01,Earth,False,TRAPPIST-1e,False,0.0,0.0,970.0,0.0,0.0,4001,F,S,Adult,roomgroupA
4001_02,Earth,True,TRAPPIST-1e,False,0.0,0.0,0.0,0.0,0.0,4001,G,S,Baby,roomgroupA
4001_03,Earth,True,PSO J318.5-22,False,0.0,0.0,0.0,0.0,0.0,4001,G,S,Baby,roomgroupA
4001_04,Earth,True,55 Cancri e,False,0.0,0.0,0.0,0.0,0.0,4001,G,S,Baby,roomgroupA
4001_05,Earth,False,,False,0.0,847.0,14.0,0.0,0.0,4001,F,S,Young Adult,roomgroupA
4001_06,Earth,False,55 Cancri e,False,0.0,0.0,0.0,0.0,0.0,4001,G,S,Child,roomgroupA
4001_07,Earth,False,TRAPPIST-1e,,0.0,0.0,0.0,0.0,0.0,4001,G,S,Baby,roomgroupA
4002_01,Mars,True,TRAPPIST-1e,False,0.0,0.0,0.0,0.0,0.0,4002,E,P,Adult,roomgroupA
4003_01,Earth,False,TRAPPIST-1e,False,1417.0,0.0,0.0,0.0,0.0,4003,F,P,Student,roomgroupA
4005_01,Earth,False,TRAPPIST-1e,False,0.0,0.0,0.0,0.0,0.0,4005,G,P,Child,roomgroupA
4005_02,Earth,False,TRAPPIST-1e,False,3.0,83.0,927.0,0.0,1.0,4005,G,P,Teenager,roomgroupA
4005_03,Earth,False,TRAPPIST-1e,False,0.0,0.0,0.0,0.0,0.0,4005,G,P,Baby,roomgroupA
4005_04,Earth,True,TRAPPIST-1e,False,0.0,0.0,0.0,0.0,0.0,4005,G,S,Teenager,roomgroupA
4005_05,Earth,True,PSO J318.5-22,False,0.0,0.0,0.0,0.0,0.0,4005,G,P,Adult,roomgroupA
4005_06,Earth,False,PSO J318.5-22,False,4.0,0.0,2278.0,2.0,0.0,4005,F,P,Teenager,roomgroupA
4005_07,Earth,True,TRAPPIST-1e,False,,0.0,0.0,0.0,0.0,4005,G,P,Adult,roomgroupA
4005_08,Earth,True,TRAPPIST-1e,False,0.0,0.0,0.0,0.0,0.0,4005,G,P,Child,roomgroupA
4006_01,Earth,True,55 Cancri e,,0.0,0.0,0.0,0.0,0.0,4006,G,S,Teenager,roomgroupA
4006_02,Earth,True,TRAPPIST-1e,False,0.0,0.0,0.0,0.0,0.0,4006,G,S,Baby,roomgroupA
4006_03,Earth,False,PSO J318.5-22,False,400.0,0.0,126.0,0.0,158.0,4006,F,S,Adult,roomgroupA
4006_04,Earth,,TRAPPIST-1e,False,1796.0,0.0,4.0,0.0,5.0,4006,G,S,Adult,roomgroupA
4006_05,Earth,False,55 Cancri e,False,0.0,704.0,0.0,0.0,,4006,F,S,Adult,roomgroupA
4008_01,Mars,True,TRAPPIST-1e,False,0.0,0.0,0.0,0.0,0.0,4008,F,S,Young Adult,roomgroupA
4009_01,Earth,False,55 Cancri e,False,8.0,0.0,206.0,1247.0,14.0,4009,G,S,Adult,roomgroupA
4010_01,Earth,True,TRAPPIST-1e,False,0.0,0.0,0.0,0.0,0.0,4010,G,P,Adult,roomgroupA
4013_01,Mars,False,TRAPPIST-1e,False,460.0,0.0,0.0,315.0,172.0,4013,E,P,Teenager,roomgroupA
4014_01,Europa,False,TRAPPIST-1e,False,0.0,456.0,1.0,1193.0,3039.0,4014,B,P,Adult,roomgroupA
4014_02,Europa,False,55 Cancri e,False,0.0,3238.0,0.0,750.0,2368.0,4014,B,P,Young Adult,roomgroupA
4016_01,Earth,False,55 Cancri e,False,309.0,542.0,0.0,0.0,55.0,4016,E,S,Young Adult,roomgroupA
4017_01,Mars,False,TRAPPIST-1e,,0.0,0.0,0.0,0.0,0.0,4017,E,S,Student,roomgroupA
4017_02,Mars,True,TRAPPIST-1e,False,0.0,0.0,0.0,0.0,0.0,4017,F,S,Young Adult,roomgroupA
4017_03,Mars,True,TRAPPIST-1e,False,0.0,0.0,0.0,0.0,0.0,4017,F,S,Unknown,roomgroupA
4017_04,Mars,True,TRAPPIST-1e,False,0.0,0.0,0.0,0.0,0.0,4017,E,S,Young Adult,roomgroupA
4017_05,Mars,False,TRAPPIST-1e,False,931.0,0.0,134.0,0.0,421.0,4017,F,S,Student,roomgroupA
4018_01,Earth,False,TRAPPIST-1e,False,,1.0,0.0,20.0,42.0,4018,F,S,Student,roomgroupA
4019_01,Earth,False,55 Cancri e,False,258.0,377.0,5.0,0.0,0.0,4019,E,P,Adult,roomgroupA
4020_01,Europa,False,55 Cancri e,False,6498.0,1470.0,0.0,416.0,4174.0,4020,B,P,Adult,roomgroupA
4021_01,Mars,False,TRAPPIST-1e,False,1843.0,0.0,662.0,0.0,0.0,4021,F,P,Young Adult,roomgroupA
4022_01,Earth,False,PSO J318.5-22,False,4.0,0.0,223.0,512.0,1.0,4022,F,P,Adult,roomgroupA
4023_01,Earth,False,TRAPPIST-1e,False,1.0,355.0,757.0,0.0,,4023,E,P,Young Adult,roomgroupA
4026_01,Europa,True,55 Cancri e,False,0.0,0.0,0.0,0.0,0.0,4026,B,S,Adult,roomgroupA
4027_01,Earth,True,PSO J318.5-22,False,0.0,0.0,0.0,0.0,0.0,4027,G,P,Young Adult,roomgroupA
4030_01,,False,TRAPPIST-1e,False,0.0,0.0,0.0,0.0,0.0,4030,G,S,Baby,roomgroupA
4030_02,Earth,True,TRAPPIST-1e,False,0.0,0.0,0.0,0.0,0.0,4030,G,S,Child,roomgroupA
4030_03,Earth,False,TRAPPIST-1e,False,0.0,0.0,0.0,0.0,0.0,4030,G,S,Baby,roomgroupA
4030_04,Earth,True,TRAPPIST-1e,False,0.0,0.0,0.0,0.0,0.0,4030,G,S,Student,roomgroupA
4030_05,Earth,False,TRAPPIST-1e,False,0.0,0.0,0.0,0.0,0.0,4030,G,S,Child,roomgroupA
4031_01,Europa,True,55 Cancri e,False,0.0,,0.0,0.0,0.0,4031,C,P,Unknown,roomgroupA
4031_02,Europa,True,TRAPPIST-1e,False,0.0,0.0,0.0,0.0,0.0,4031,C,P,Young Adult,roomgroupA
4032_01,Earth,,PSO J318.5-22,False,0.0,0.0,0.0,0.0,0.0,4032,G,P,Teenager,roomgroupA
4033_01,Europa,False,55 Cancri e,False,2025.0,7167.0,0.0,2456.0,47.0,4033,C,S,Adult,roomgroupA
4034_01,Mars,True,TRAPPIST-1e,False,0.0,0.0,0.0,0.0,0.0,4034,E,P,Adult,roomgroupA
4035_01,Earth,True,55 Cancri e,False,0.0,0.0,0.0,0.0,0.0,4035,G,P,Student,roomgroupA
4036_01,Earth,False,TRAPPIST-1e,False,7.0,61.0,110.0,708.0,0.0,4036,G,S,Student,roomgroupA
4037_01,Earth,True,PSO J318.5-22,False,0.0,0.0,0.0,0.0,0.0,4037,G,S,Teenager,roomgroupA
4038_01,Earth,True,PSO J318.5-22,False,0.0,0.0,0.0,0.0,0.0,4038,G,S,Young Adult,roomgroupA
4039_01,Earth,False,TRAPPIST-1e,False,714.0,0.0,4.0,49.0,11.0,4039,F,S,Young Adult,roomgroupA
4040_01,Earth,True,TRAPPIST-1e,False,0.0,0.0,0.0,,0.0,4040,G,P,Young Adult,roomgroupA
4042_01,Europa,False,TRAPPIST-1e,False,0.0,0.0,0.0,0.0,,4042,A,S,Baby,roomgroupA
4042_02,Europa,True,55 Cancri e,False,0.0,0.0,0.0,0.0,0.0,4042,A,S,Unknown,roomgroupA
4042_03,Europa,True,55 Cancri e,False,0.0,0.0,0.0,0.0,0.0,4042,A,S,Young Adult,roomgroupA
4043_01,Earth,False,TRAPPIST-1e,False,0.0,0.0,0.0,32.0,1577.0,4043,E,P,Unknown,roomgroupA
4044_01,Mars,False,TRAPPIST-1e,False,536.0,0.0,736.0,118.0,0.0,4044,F,S,Young Adult,roomgroupA
4044_02,Mars,False,TRAPPIST-1e,False,0.0,,0.0,0.0,0.0,4044,F,S,Baby,roomgroupA
4044_03,Mars,True,TRAPPIST-1e,False,0.0,0.0,0.0,0.0,0.0,4044,F,S,Child,roomgroupA
4045_01,Mars,False,TRAPPIST-1e,False,1417.0,0.0,531.0,1348.0,192.0,4045,D,P,Adult,roomgroupA
4046_01,Earth,True,PSO J318.5-22,False,0.0,0.0,0.0,0.0,0.0,4046,G,P,Teenager,roomgroupA
4047_01,Earth,True,TRAPPIST-1e,False,0.0,0.0,0.0,0.0,0.0,4047,G,S,Young Adult,roomgroupA
4049_01,Europa,True,55 Cancri e,False,0.0,0.0,0.0,0.0,0.0,4049,A,S,Young Adult,roomgroupA
4050_01,Europa,False,55 Cancri e,False,0.0,1302.0,0.0,2067.0,10173.0,4050,A,P,Adult,roomgroupA
4053_01,Earth,True,TRAPPIST-1e,False,0.0,0.0,0.0,0.0,0.0,4053,G,S,Student,roomgroupA
4055_01,Earth,False,TRAPPIST-1e,False,3.0,34.0,600.0,0.0,8.0,4055,F,P,Student,roomgroupA
4058_01,Earth,False,TRAPPIST-1e,False,437.0,442.0,0.0,2.0,1.0,4058,G,S,Adult,roomgroupA
4060_01,Earth,False,TRAPPIST-1e,False,880.0,2.0,531.0,2.0,0.0,4060,F,P,Adult,roomgroupA
4061_01,Mars,False,TRAPPIST-1e,False,1851.0,0.0,378.0,0.0,155.0,4061,D,S,Young Adult,roomgroupA
4061_02,Mars,True,TRAPPIST-1e,False,0.0,0.0,0.0,0.0,0.0,4061,F,S,Baby,roomgroupA
4061_03,Mars,True,TRAPPIST-1e,False,0.0,0.0,0.0,,0.0,4061,F,S,Baby,roomgroupA
4063_01,Earth,True,TRAPPIST-1e,False,0.0,0.0,0.0,0.0,0.0,4063,G,S,Adult,roomgroupA
4064_01,Earth,False,TRAPPIST-1e,False,939.0,1477.0,,0.0,0.0,4064,F,S,Adult,roomgroupA
4065_01,Earth,False,TRAPPIST-1e,False,1339.0,1.0,360.0,0.0,0.0,4065,G,P,Young Adult,roomgroupA
4066_01,Europa,,55 Cancri e,False,0.0,30.0,0.0,67.0,2790.0,4066,B,S,Student,roomgroupA
4066_02,Europa,True,TRAPPIST-1e,False,0.0,0.0,0.0,0.0,0.0,4066,B,S,Student,roomgroupA
4068_01,Europa,False,TRAPPIST-1e,False,,1381.0,0.0,148.0,2181.0,4068,D,S,Young Adult,roomgroupA
4069_01,Earth,False,55 Cancri e,False,0.0,0.0,2433.0,0.0,53.0,4069,F,S,Young Adult,roomgroupA
4071_01,Europa,True,,False,0.0,0.0,0.0,0.0,0.0,4071,B,P,Unknown,roomgroupA
4071_02,Europa,True,55 Cancri e,False,0.0,0.0,,0.0,,4071,B,P,Student,roomgroupA
4072_01,Earth,True,TRAPPIST-1e,False,0.0,0.0,,0.0,0.0,4072,G,S,Senior,roomgroupA
4075_01,Europa,False,TRAPPIST-1e,False,1901.0,1276.0,0.0,7561.0,12.0,4075,C,S,Adult,roomgroupA
4076_01,Earth,False,TRAPPIST-1e,False,1616.0,0.0,1.0,0.0,2.0,4076,E,P,Student,roomgroupA
4078_01,,True,TRAPPIST-1e,False,0.0,0.0,0.0,0.0,0.0,4078,G,P,Student,roomgroupA
4079_01,Mars,False,55 Cancri e,False,1680.0,0.0,1.0,0.0,6.0,4079,F,S,Adult,roomgroupA
4080_01,Earth,False,55 Cancri e,False,719.0,0.0,10.0,0.0,0.0,4080,F,P,Student,roomgroupA
4081_01,Earth,False,55 Cancri e,False,451.0,132.0,195.0,31.0,0.0,4081,G,P,Adult,roomgroupA
4082_01,Mars,False,TRAPPIST-1e,False,0.0,0.0,0.0,0.0,0.0,4082,E,P,Student,roomgroupA
4083_01,Europa,False,TRAPPIST-1e,False,0.0,6190.0,1828.0,7.0,35.0,4083,C,S,Student,roomgroupA
4084_01,Europa,False,TRAPPIST-1e,False,0.0,1549.0,0.0,0.0,766.0,4084,D,S,Young Adult,roomgroupA
4089_01,Europa,False,TRAPPIST-1e,False,0.0,2177.0,0.0,1097.0,144.0,4089,A,S,Adult,roomgroupA
4090_01,Mars,False,TRAPPIST-1e,False,227.0,0.0,1546.0,3.0,2.0,4090,D,S,Adult,roomgroupA
4091_01,Earth,False,TRAPPIST-1e,False,0.0,586.0,1.0,0.0,58.0,4091,F,S,Young Adult,roomgroupA
4093_01,Earth,False,TRAPPIST-1e,False,0.0,20.0,0.0,14.0,659.0,4093,F,P,Young Adult,roomgroupA
4095_01,Earth,False,55 Cancri e,False,834.0,1080.0,3.0,183.0,208.0,4095,G,P,Teenager,roomgroupA
4096_01,Mars,False,TRAPPIST-1e,False,949.0,0.0,128.0,3.0,41.0,4096,F,P,Adult,roomgroupA
4097_01,Earth,False,TRAPPIST-1e,False,0.0,840.0,123.0,0.0,20.0,4097,E,P,Teenager,roomgroupA
4098_01,Earth,True,TRAPPIST-1e,False,0.0,0.0,0.0,0.0,0.0,4098,G,P,Young Adult,roomgroupA
4099_01,Earth,True,TRAPPIST-1e,False,0.0,0.0,0.0,0.0,0.0,4099,G,P,Unknown,roomgroupA
4101_01,Mars,False,TRAPPIST-1e,False,1100.0,43.0,163.0,3.0,0.0,4101,F,S,Adult,roomgroupA
4102_01,Europa,True,TRAPPIST-1e,False,0.0,0.0,0.0,0.0,0.0,4102,B,P,Adult,roomgroupA
4103_01,Earth,True,TRAPPIST-1e,False,0.0,0.0,0.0,0.0,0.0,4103,G,P,Young Adult,roomgroupA
4104_01,Earth,False,TRAPPIST-1e,False,1025.0,0.0,0.0,0.0,0.0,4104,G,P,Adult,roomgroupA
4106_01,Earth,False,TRAPPIST-1e,False,0.0,831.0,78.0,0.0,0.0,4106,G,S,Adult,roomgroupA
4107_01,Earth,False,TRAPPIST-1e,False,0.0,0.0,489.0,5.0,276.0,4107,G,S,Student,roomgroupA
4108_01,Europa,True,55 Cancri e,False,0.0,0.0,0.0,0.0,0.0,4108,B,S,Adult,roomgroupA
4108_02,Europa,,TRAPPIST-1e,False,27.0,2651.0,538.0,18.0,0.0,4108,B,S,Adult,roomgroupA
4109_01,Earth,False,TRAPPIST-1e,False,169.0,399.0,,97.0,0.0,4109,F,P,Student,roomgroupA
4110_01,Earth,False,TRAPPIST-1e,False,0.0,38.0,0.0,847.0,112.0,4110,E,P,Young Adult,roomgroupA
4112_01,Earth,True,TRAPPIST-1e,False,0.0,0.0,0.0,0.0,0.0,4112,G,S,Young Adult,roomgroupA
4113_01,Europa,True,55 Cancri e,False,0.0,0.0,0.0,0.0,0.0,4113,B,P,Teenager,roomgroupA
4113_02,Europa,False,TRAPPIST-1e,False,0.0,2524.0,0.0,166.0,1.0,4113,B,P,Adult,roomgroupA
4114_01,Mars,True,TRAPPIST-1e,False,0.0,0.0,0.0,0.0,0.0,4114,E,S,Young Adult,roomgroupA
4115_01,Earth,True,PSO J318.5-22,False,0.0,0.0,0.0,0.0,0.0,4115,G,S,Student,roomgroupA
4116_01,Earth,False,TRAPPIST-1e,False,40.0,0.0,736.0,0.0,0.0,4116,F,S,Student,roomgroupA
4120_01,Earth,True,PSO J318.5-22,False,0.0,0.0,0.0,0.0,0.0,4120,G,S,Unknown,roomgroupA
4125_01,Earth,True,PSO J318.5-22,False,0.0,0.0,,0.0,0.0,4125,G,P,Student,roomgroupA
4127_01,Europa,,TRAPPIST-1e,False,0.0,0.0,0.0,0.0,,4127,B,P,Student,roomgroupA
4128_01,Mars,False,TRAPPIST-1e,True,111.0,0.0,1144.0,8.0,23.0,4128,F,P,Adult,roomgroupA
4128_02,Mars,False,TRAPPIST-1e,False,0.0,0.0,0.0,0.0,0.0,4128,F,P,Baby,roomgroupA
4128_03,Mars,True,TRAPPIST-1e,False,0.0,,0.0,0.0,0.0,4128,F,P,Baby,roomgroupA
4129_01,Earth,False,TRAPPIST-1e,False,15.0,1.0,777.0,3.0,3.0,4129,F,P,Student,roomgroupA
4130_01,Mars,True,TRAPPIST-1e,False,0.0,0.0,0.0,0.0,0.0,4130,G,S,Student,roomgroupA
4131_01,Europa,True,TRAPPIST-1e,False,0.0,0.0,0.0,,0.0,4131,C,S,Young Adult,roomgroupA
4132_01,Earth,True,55 Cancri e,False,0.0,0.0,0.0,0.0,0.0,4132,G,P,Student,roomgroupA
4134_01,,True,TRAPPIST-1e,False,0.0,0.0,0.0,0.0,0.0,4134,G,S,Adult,roomgroupA
4135_01,Mars,False,TRAPPIST-1e,False,850.0,0.0,22.0,1493.0,0.0,4135,F,S,Adult,roomgroupA
4137_01,Earth,False,55 Cancri e,False,664.0,0.0,0.0,40.0,0.0,4137,F,S,Adult,roomgroupA
4140_01,Earth,False,PSO J318.5-22,False,40.0,15.0,30.0,0.0,637.0,4140,F,P,Student,roomgroupA
4141_01,Earth,False,TRAPPIST-1e,False,0.0,0.0,0.0,0.0,0.0,4141,G,P,Child,roomgroupA
4142_01,Europa,True,TRAPPIST-1e,False,0.0,0.0,,0.0,0.0,4142,C,S,Adult,roomgroupA
4143_01,Mars,True,TRAPPIST-1e,False,0.0,0.0,0.0,0.0,0.0,4143,E,P,Young Adult,roomgroupA
4144_01,Earth,False,TRAPPIST-1e,False,19.0,476.0,0.0,5.0,290.0,4144,E,P,Adult,roomgroupA
4145_01,Earth,False,PSO J318.5-22,False,16.0,0.0,87.0,544.0,0.0,4145,F,P,Teenager,roomgroupA
4147_01,Europa,False,TRAPPIST-1e,False,0.0,,0.0,3200.0,0.0,4147,C,S,Adult,roomgroupA
4147_02,Europa,True,TRAPPIST-1e,False,0.0,0.0,0.0,0.0,0.0,4147,C,S,Adult,roomgroupA
4149_01,Earth,False,55 Cancri e,,,0.0,589.0,2.0,255.0,4149,G,P,Young Adult,roomgroupA
4150_01,Earth,False,TRAPPIST-1e,False,0.0,1029.0,0.0,0.0,0.0,4150,F,S,Adult,roomgroupA
4151_01,Earth,True,55 Cancri e,False,0.0,0.0,0.0,0.0,0.0,4151,G,P,Teenager,roomgroupA
4152_01,Earth,False,TRAPPIST-1e,False,89.0,0.0,0.0,545.0,0.0,4152,F,P,Adult,roomgroupA
4154_01,Mars,True,TRAPPIST-1e,False,0.0,0.0,0.0,0.0,0.0,4154,F,S,Student,roomgroupA
4156_01,Earth,True,55 Cancri e,,0.0,0.0,0.0,0.0,0.0,4156,G,P,Teenager,roomgroupA
4158_01,Earth,False,TRAPPIST-1e,False,0.0,0.0,580.0,211.0,0.0,4158,E,S,Young Adult,roomgroupA
4159_01,Earth,False,TRAPPIST-1e,False,,2.0,15.0,5.0,842.0,4159,F,S,Teenager,roomgroupA
4160_01,Mars,False,TRAPPIST-1e,True,661.0,,991.0,46.0,0.0,4160,F,S,Young Adult,roomgroupA
4163_01,Earth,True,55 Cancri e,False,0.0,0.0,0.0,0.0,0.0,4163,G,S,Teenager,roomgroupA
4165_01,Earth,False,TRAPPIST-1e,False,246.0,0.0,703.0,5.0,0.0,4165,G,P,Adult,roomgroupA
4166_01,Europa,True,55 Cancri e,False,0.0,0.0,0.0,0.0,0.0,4166,B,P,Adult,roomgroupA
4166_02,Europa,False,55 Cancri e,True,0.0,279.0,3627.0,122.0,30.0,4166,B,P,Adult,roomgroupA
4167_01,Earth,False,PSO J318.5-22,,0.0,440.0,0.0,0.0,334.0,4167,G,S,Unknown,roomgroupA
4168_01,Earth,False,TRAPPIST-1e,False,0.0,18.0,30.0,0.0,832.0,4168,F,P,Adult,roomgroupA
4168_02,Earth,False,TRAPPIST-1e,False,0.0,241.0,6.0,0.0,542.0,4168,E,P,Young Adult,roomgroupA
4169_01,Europa,True,TRAPPIST-1e,False,0.0,0.0,0.0,0.0,0.0,4169,D,P,Adult,roomgroupA
4169_02,Europa,False,TRAPPIST-1e,False,0.0,1562.0,0.0,2.0,16.0,4169,D,P,Adult,roomgroupA
4170_01,Europa,True,TRAPPIST-1e,False,,0.0,0.0,0.0,0.0,4170,B,P,Young Adult,roomgroupA
4171_01,Earth,True,TRAPPIST-1e,False,0.0,0.0,0.0,0.0,0.0,4171,G,P,Student,roomgroupA
4172_01,Mars,True,TRAPPIST-1e,False,0.0,0.0,0.0,0.0,0.0,4172,F,P,Young Adult,roomgroupA
4172_02,Mars,False,TRAPPIST-1e,False,12.0,0.0,186.0,2436.0,4.0,4172,F,P,Adult,roomgroupA
4172_03,,True,TRAPPIST-1e,False,0.0,0.0,0.0,0.0,0.0,4172,F,P,Adult,roomgroupA
4172_04,Mars,False,55 Cancri e,False,1363.0,0.0,50.0,0.0,0.0,4172,F,P,Young Adult,roomgroupA
4172_05,Mars,False,TRAPPIST-1e,False,128.0,0.0,959.0,0.0,42.0,4172,F,P,Adult,roomgroupA
4172_06,Mars,True,TRAPPIST-1e,False,0.0,0.0,0.0,0.0,0.0,4172,F,P,Teenager,roomgroupA
4172_07,Mars,False,TRAPPIST-1e,False,154.0,170.0,2074.0,0.0,0.0,4172,D,P,Student,roomgroupA
4173_01,Earth,False,TRAPPIST-1e,False,0.0,0.0,0.0,658.0,133.0,4173,E,P,Young Adult,roomgroupA
4174_01,Earth,False,TRAPPIST-1e,False,59.0,1.0,327.0,557.0,0.0,4174,F,P,Adult,roomgroupA
4175_01,Earth,False,55 Cancri e,False,0.0,89.0,15.0,20.0,592.0,4175,F,P,Adult,roomgroupA
4176_01,Mars,True,TRAPPIST-1e,False,0.0,0.0,0.0,0.0,0.0,4176,F,P,Adult,roomgroupA
4176_02,Mars,True,TRAPPIST-1e,False,0.0,0.0,0.0,0.0,0.0,4176,F,P,Student,roomgroupA
4176_03,Mars,False,TRAPPIST-1e,False,760.0,0.0,742.0,352.0,0.0,4176,F,P,Student,roomgroupA
4176_04,Mars,False,TRAPPIST-1e,False,490.0,663.0,358.0,855.0,0.0,4176,F,P,Adult,roomgroupA
4176_05,Mars,False,TRAPPIST-1e,False,247.0,0.0,418.0,480.0,36.0,4176,D,P,Adult,roomgroupA
4176_06,Mars,True,TRAPPIST-1e,False,0.0,0.0,0.0,0.0,0.0,4176,F,P,Teenager,roomgroupA
4176_07,Mars,False,55 Cancri e,False,612.0,326.0,46.0,87.0,0.0,4176,F,P,Young Adult,roomgroupA
4177_01,Europa,True,TRAPPIST-1e,False,0.0,0.0,0.0,0.0,0.0,4177,B,S,Young Adult,roomgroupA
4177_02,Europa,True,55 Cancri e,False,0.0,0.0,0.0,0.0,0.0,4177,B,S,Unknown,roomgroupA
4177_03,Europa,False,55 Cancri e,False,36.0,588.0,0.0,1675.0,3597.0,4177,B,S,Adult,roomgroupA
4178_01,Earth,False,TRAPPIST-1e,False,0.0,0.0,4.0,6.0,773.0,4178,G,P,Student,roomgroupA
4179_01,Europa,False,TRAPPIST-1e,True,0.0,1172.0,183.0,91.0,0.0,4179,A,S,Young Adult,roomgroupA
4179_02,Europa,True,TRAPPIST-1e,False,0.0,0.0,0.0,0.0,0.0,4179,A,S,Student,roomgroupA
4181_01,Europa,False,TRAPPIST-1e,False,0.0,0.0,0.0,0.0,0.0,4181,C,P,Baby,roomgroupA
4181_02,Europa,False,,False,0.0,,0.0,0.0,0.0,4181,C,P,Baby,roomgroupA
4181_03,Europa,True,TRAPPIST-1e,False,0.0,0.0,0.0,0.0,0.0,4181,G,S,Teenager,roomgroupA
4181_04,Europa,True,TRAPPIST-1e,False,0.0,0.0,0.0,0.0,0.0,4181,C,P,Adult,roomgroupA
4181_05,Europa,False,55 Cancri e,False,2.0,8747.0,0.0,4840.0,14485.0,4181,C,P,Young Adult,roomgroupA
4181_06,Europa,False,55 Cancri e,True,0.0,9463.0,0.0,1022.0,1562.0,4181,C,P,Adult,roomgroupA
4182_01,Europa,False,55 Cancri e,False,0.0,2020.0,0.0,1817.0,182.0,4182,A,S,Young Adult,roomgroupA
4182_02,Europa,False,TRAPPIST-1e,False,0.0,124.0,0.0,3975.0,186.0,4182,A,S,Adult,roomgroupA
4182_03,Europa,False,55 Cancri e,True,0.0,3172.0,0.0,26.0,4376.0,4182,A,S,Adult,roomgroupA
4183_01,Earth,False,TRAPPIST-1e,False,1367.0,108.0,,0.0,77.0,4183,F,S,Adult,roomgroupA
4184_01,Earth,False,55 Cancri e,False,558.0,0.0,353.0,0.0,8.0,4184,F,P,Student,roomgroupA
4185_01,Earth,False,TRAPPIST-1e,False,0.0,1725.0,0.0,0.0,0.0,4185,G,P,Young Adult,roomgroupA
4186_01,Earth,True,55 Cancri e,False,0.0,0.0,0.0,0.0,0.0,4186,G,S,Teenager,roomgroupA
4188_01,Earth,False,TRAPPIST-1e,False,1277.0,84.0,0.0,240.0,598.0,4188,F,P,Student,roomgroupA
4189_01,Earth,False,55 Cancri e,False,558.0,0.0,3.0,0.0,1226.0,4189,G,S,Teenager,roomgroupA
4191_01,Mars,False,TRAPPIST-1e,False,950.0,1.0,236.0,754.0,0.0,4191,D,S,Student,roomgroupA
4194_01,Mars,True,55 Cancri e,False,0.0,0.0,0.0,0.0,0.0,4194,F,P,Young Adult,roomgroupA
4196_01,Earth,True,TRAPPIST-1e,False,0.0,0.0,0.0,0.0,0.0,4196,G,S,Teenager,roomgroupA
4197_01,Earth,False,TRAPPIST-1e,False,610.0,2549.0,0.0,17.0,0.0,4197,F,S,Senior,roomgroupA
4197_02,Earth,False,TRAPPIST-1e,False,0.0,867.0,0.0,128.0,363.0,4197,F,S,Young Adult,roomgroupA
4197_03,Earth,False,TRAPPIST-1e,False,1620.0,0.0,4.0,0.0,82.0,4197,G,S,Student,roomgroupA
4199_01,Earth,False,TRAPPIST-1e,False,0.0,198.0,703.0,1.0,0.0,4199,F,S,Adult,roomgroupA
4203_01,Mars,False,TRAPPIST-1e,False,0.0,0.0,1.0,293.0,667.0,4203,D,P,Adult,roomgroupA
4204_01,Earth,True,PSO J318.5-22,False,0.0,0.0,0.0,0.0,0.0,4204,G,P,Student,roomgroupA
4204_02,Earth,False,TRAPPIST-1e,False,0.0,0.0,0.0,0.0,0.0,4204,G,P,Child,roomgroupA
4204_03,Earth,True,TRAPPIST-1e,False,0.0,0.0,0.0,0.0,0.0,4204,G,P,Teenager,roomgroupA
4205_01,Earth,False,TRAPPIST-1e,False,0.0,886.0,0.0,58.0,441.0,4205,F,S,Adult,roomgroupA
4206_01,Earth,False,TRAPPIST-1e,False,0.0,13.0,524.0,7.0,0.0,4206,F,P,Student,roomgroupA
4207_01,,True,TRAPPIST-1e,False,0.0,0.0,0.0,0.0,0.0,4207,B,S,Young Adult,roomgroupA
4207_02,Europa,True,55 Cancri e,False,0.0,0.0,0.0,0.0,0.0,4207,B,S,Adult,roomgroupA
4208_01,Mars,False,55 Cancri e,False,326.0,0.0,455.0,2.0,0.0,4208,D,P,Adult,roomgroupA
4210_01,Europa,True,55 Cancri e,False,0.0,0.0,0.0,0.0,0.0,4210,C,S,Adult,roomgroupA
4210_02,Europa,True,55 Cancri e,False,0.0,0.0,0.0,0.0,0.0,4210,C,S,Young Adult,roomgroupA
4211_01,Europa,True,TRAPPIST-1e,False,0.0,0.0,0.0,0.0,0.0,4211,C,P,Young Adult,roomgroupA
4212_01,,True,TRAPPIST-1e,False,0.0,0.0,0.0,,0.0,4212,G,S,Young Adult,roomgroupA
4213_01,Earth,False,PSO J318.5-22,False,4.0,157.0,142.0,,196.0,4213,G,S,Student,roomgroupA
4214_01,Europa,False,TRAPPIST-1e,False,3.0,343.0,0.0,4280.0,0.0,4214,E,P,Student,roomgroupA
4215_01,Mars,False,TRAPPIST-1e,True,992.0,0.0,14.0,0.0,0.0,4215,D,P,Young Adult,roomgroupA
4216_01,Europa,True,TRAPPIST-1e,False,0.0,0.0,0.0,0.0,0.0,4216,B,P,Senior,roomgroupA
4216_02,,True,TRAPPIST-1e,False,0.0,0.0,0.0,0.0,0.0,4216,B,P,Student,roomgroupA
4218_01,Mars,True,TRAPPIST-1e,False,0.0,0.0,0.0,0.0,0.0,4218,F,P,Young Adult,roomgroupA
4218_02,Mars,False,TRAPPIST-1e,False,176.0,0.0,2310.0,0.0,,4218,F,P,Young Adult,roomgroupA
4219_01,Mars,True,TRAPPIST-1e,False,0.0,0.0,0.0,,0.0,4219,F,P,Baby,roomgroupA
4219_02,Mars,False,TRAPPIST-1e,False,1268.0,0.0,0.0,0.0,0.0,4219,F,P,Adult,roomgroupA
4219_03,Mars,False,TRAPPIST-1e,False,1331.0,416.0,0.0,665.0,64.0,4219,F,P,Young Adult,roomgroupA
4220_01,Earth,False,TRAPPIST-1e,False,553.0,224.0,9.0,1.0,0.0,4220,E,P,Young Adult,roomgroupA
4221_01,Earth,False,TRAPPIST-1e,False,27.0,81.0,1080.0,0.0,0.0,4221,F,P,Teenager,roomgroupA
4222_01,Earth,False,TRAPPIST-1e,False,37.0,0.0,167.0,608.0,0.0,4222,G,P,Young Adult,roomgroupA
4222_02,Earth,False,TRAPPIST-1e,False,0.0,53.0,0.0,732.0,6.0,4222,E,P,Young Adult,roomgroupA
4223_01,Mars,False,55 Cancri e,False,1184.0,88.0,0.0,0.0,334.0,4223,F,S,Student,roomgroupA
4223_02,Mars,False,55 Cancri e,False,469.0,0.0,,196.0,0.0,4223,E,S,Young Adult,roomgroupA
4225_01,Mars,True,TRAPPIST-1e,False,0.0,0.0,0.0,0.0,0.0,4225,E,P,Student,roomgroupA
4229_01,Earth,False,55 Cancri e,False,406.0,0.0,1670.0,0.0,427.0,4229,F,P,Teenager,roomgroupA
4230_01,Earth,False,TRAPPIST-1e,False,0.0,0.0,23.0,820.0,22.0,4230,F,P,Student,roomgroupA
4231_01,Earth,False,55 Cancri e,False,0.0,0.0,1435.0,10.0,0.0,4231,F,S,Young Adult,roomgroupA
4232_01,Europa,False,TRAPPIST-1e,False,0.0,4983.0,0.0,173.0,43.0,4232,B,S,Adult,roomgroupA
4233_01,Europa,False,TRAPPIST-1e,False,0.0,144.0,76.0,184.0,3932.0,4233,B,P,Young Adult,roomgroupA
4237_01,Earth,False,TRAPPIST-1e,False,0.0,0.0,774.0,0.0,13.0,4237,E,S,Student,roomgroupA
4238_01,Europa,True,55 Cancri e,False,0.0,0.0,0.0,0.0,0.0,4238,B,S,Adult,roomgroupA
4239_01,Earth,False,TRAPPIST-1e,False,0.0,1.0,223.0,580.0,0.0,4239,F,P,Senior,roomgroupA
4240_01,Europa,,TRAPPIST-1e,False,0.0,0.0,0.0,0.0,0.0,4240,C,S,Young Adult,roomgroupA
4242_01,Mars,True,TRAPPIST-1e,False,0.0,0.0,0.0,0.0,0.0,4242,F,P,Young Adult,roomgroupA
4243_01,Mars,False,TRAPPIST-1e,False,3002.0,21.0,150.0,0.0,0.0,4243,D,S,Adult,roomgroupA
4244_01,Earth,False,TRAPPIST-1e,False,0.0,628.0,0.0,66.0,449.0,4244,F,S,Teenager,roomgroupA
4245_01,Earth,True,TRAPPIST-1e,False,0.0,0.0,0.0,0.0,0.0,4245,G,S,Teenager,roomgroupA
4246_01,Earth,False,TRAPPIST-1e,False,0.0,10.0,0.0,3840.0,329.0,4246,G,P,Young Adult,roomgroupA
4249_01,Europa,False,TRAPPIST-1e,False,0.0,2946.0,0.0,101.0,387.0,4249,B,S,Adult,roomgroupA
4249_02,Europa,True,TRAPPIST-1e,False,0.0,0.0,0.0,0.0,0.0,4249,B,S,Adult,roomgroupA
4249_03,Europa,False,55 Cancri e,False,354.0,1546.0,323.0,284.0,315.0,4249,B,S,Student,roomgroupA
4251_01,Earth,False,TRAPPIST-1e,False,715.0,0.0,,698.0,106.0,4251,F,P,Young Adult,roomgroupA
4252_01,Earth,False,TRAPPIST-1e,False,156.0,1.0,1132.0,192.0,33.0,4252,F,S,Teenager,roomgroupA
4253_01,Earth,False,TRAPPIST-1e,False,488.0,0.0,242.0,0.0,79.0,4253,G,P,Young Adult,roomgroupA
4254_01,Europa,False,55 Cancri e,False,5493.0,9401.0,23.0,3013.0,303.0,4254,B,P,Young Adult,roomgroupA
4254_02,Europa,True,TRAPPIST-1e,False,0.0,0.0,0.0,0.0,0.0,4254,B,P,Young Adult,roomgroupA
4254_03,Europa,False,TRAPPIST-1e,False,0.0,22.0,0.0,3314.0,22.0,4254,B,P,Senior,roomgroupA
4255_01,Earth,True,PSO J318.5-22,False,0.0,0.0,0.0,0.0,0.0,4255,G,P,Adult,roomgroupA
4256_01,Earth,False,TRAPPIST-1e,False,6.0,0.0,0.0,768.0,1141.0,4256,F,P,Young Adult,roomgroupA
4256_02,Earth,True,TRAPPIST-1e,False,0.0,0.0,0.0,0.0,0.0,4256,G,P,Student,roomgroupA
4256_03,Earth,True,TRAPPIST-1e,False,0.0,0.0,0.0,0.0,0.0,4256,G,P,Young Adult,roomgroupA
4256_04,Earth,False,TRAPPIST-1e,False,571.0,0.0,0.0,97.0,813.0,4256,F,P,Student,roomgroupA
4256_05,Earth,False,TRAPPIST-1e,False,0.0,0.0,115.0,671.0,0.0,4256,G,P,Adult,roomgroupA
4256_06,Earth,True,TRAPPIST-1e,False,0.0,0.0,0.0,0.0,0.0,4256,G,P,Young Adult,roomgroupA
4256_07,Earth,False,TRAPPIST-1e,False,13.0,0.0,664.0,74.0,101.0,4256,G,P,Young Adult,roomgroupA
4256_08,Earth,False,55 Cancri e,False,0.0,0.0,608.0,0.0,91.0,4256,F,P,Adult,roomgroupA
4257_01,Earth,False,TRAPPIST-1e,False,0.0,265.0,882.0,2.0,293.0,4257,F,P,Student,roomgroupA
4258_01,Europa,False,TRAPPIST-1e,False,0.0,266.0,0.0,1254.0,197.0,4258,A,P,Adult,roomgroupA
4258_02,Europa,,TRAPPIST-1e,False,0.0,490.0,1.0,2882.0,18.0,4258,A,P,Senior,roomgroupA
4258_03,Europa,False,TRAPPIST-1e,False,9.0,1525.0,0.0,0.0,146.0,4258,A,P,Adult,roomgroupA
4259_01,Mars,True,TRAPPIST-1e,False,0.0,0.0,0.0,0.0,0.0,4259,F,S,Adult,roomgroupA
4260_01,Earth,True,TRAPPIST-1e,False,0.0,0.0,0.0,0.0,0.0,4260,G,S,Young Adult,roomgroupA
4261_01,Mars,False,55 Cancri e,False,412.0,492.0,9.0,117.0,33.0,4261,D,S,Adult,roomgroupA
4262_01,Europa,True,TRAPPIST-1e,False,0.0,0.0,0.0,0.0,0.0,4262,C,P,Student,roomgroupA
4262_02,Europa,False,55 Cancri e,False,1.0,1269.0,4790.0,270.0,5116.0,4262,C,P,Young Adult,roomgroupA
4264_01,Earth,False,TRAPPIST-1e,False,0.0,0.0,0.0,0.0,1300.0,4264,F,S,Young Adult,roomgroupA
4266_01,Earth,True,PSO J318.5-22,False,0.0,0.0,0.0,0.0,0.0,4266,G,S,Student,roomgroupA
4267_01,Earth,True,TRAPPIST-1e,False,,0.0,0.0,0.0,0.0,4267,G,P,Teenager,roomgroupA
4267_02,Earth,False,TRAPPIST-1e,False,0.0,0.0,1020.0,0.0,0.0,4267,F,P,Young Adult,roomgroupA
4270_01,Europa,False,55 Cancri e,False,24.0,2558.0,98.0,0.0,5361.0,4270,G,S,Young Adult,roomgroupA
4271_01,Europa,True,TRAPPIST-1e,False,0.0,0.0,0.0,0.0,0.0,4271,A,P,Young Adult,roomgroupA
4272_01,Earth,False,TRAPPIST-1e,False,0.0,252.0,1.0,0.0,553.0,4272,F,S,Adult,roomgroupA
4273_01,Earth,False,PSO J318.5-22,False,0.0,2.0,0.0,669.0,0.0,4273,F,P,Student,roomgroupA
4274_01,Earth,False,TRAPPIST-1e,False,0.0,717.0,222.0,8.0,1.0,4274,G,S,Young Adult,roomgroupA
4278_01,Europa,False,TRAPPIST-1e,False,401.0,3724.0,5.0,422.0,62.0,4278,C,S,Young Adult,roomgroupA
4280_01,Mars,False,TRAPPIST-1e,False,0.0,0.0,0.0,0.0,0.0,4280,E,P,Young Adult,roomgroupA
4289_01,Mars,True,TRAPPIST-1e,False,0.0,0.0,0.0,0.0,0.0,4289,F,P,Young Adult,roomgroupA
4291_01,Earth,True,TRAPPIST-1e,False,0.0,0.0,0.0,0.0,0.0,4291,G,S,Adult,roomgroupA
4292_01,Europa,False,55 Cancri e,False,0.0,31.0,0.0,1283.0,871.0,4292,A,S,Young Adult,roomgroupA
4293_01,Earth,False,TRAPPIST-1e,False,0.0,559.0,0.0,0.0,0.0,4293,F,S,Adult,roomgroupA
4294_01,Earth,False,TRAPPIST-1e,False,646.0,91.0,13.0,0.0,0.0,4294,G,S,Young Adult,roomgroupA
4295_01,Mars,False,55 Cancri e,False,49.0,0.0,2716.0,0.0,0.0,4295,D,P,Student,roomgroupA
4295_02,Mars,True,TRAPPIST-1e,False,0.0,0.0,0.0,0.0,0.0,4295,G,S,Young Adult,roomgroupA
4296_01,Earth,True,TRAPPIST-1e,False,0.0,0.0,0.0,0.0,0.0,4296,G,S,Adult,roomgroupA
4297_01,Europa,False,55 Cancri e,False,14.0,6777.0,81.0,604.0,2936.0,4297,B,P,Adult,roomgroupA
4300_01,,True,PSO J318.5-22,False,0.0,0.0,0.0,0.0,0.0,4300,G,S,Teenager,roomgroupA
4301_01,Europa,True,55 Cancri e,False,0.0,0.0,0.0,0.0,0.0,4301,E,P,Young Adult,roomgroupA
4302_01,Earth,True,55 Cancri e,False,0.0,0.0,0.0,0.0,0.0,4302,G,P,Child,roomgroupA
4303_01,Earth,False,55 Cancri e,False,36.0,841.0,0.0,0.0,0.0,4303,F,S,Teenager,roomgroupA
4303_02,Earth,False,TRAPPIST-1e,False,0.0,668.0,84.0,267.0,0.0,4303,G,S,Adult,roomgroupA
4305_01,Earth,False,TRAPPIST-1e,False,0.0,779.0,12.0,3.0,35.0,4305,F,P,Adult,roomgroupA
4305_02,Earth,True,PSO J318.5-22,False,0.0,0.0,0.0,0.0,0.0,4305,G,P,Baby,roomgroupA
4305_03,Earth,True,PSO J318.5-22,False,0.0,0.0,0.0,0.0,0.0,4305,G,P,Student,roomgroupA
4306_01,Mars,False,55 Cancri e,False,1371.0,0.0,235.0,0.0,0.0,4306,F,S,Student,roomgroupA
4309_01,Earth,False,TRAPPIST-1e,False,0.0,0.0,785.0,3.0,0.0,4309,E,P,Adult,roomgroupA
4309_02,Earth,False,TRAPPIST-1e,False,0.0,0.0,0.0,0.0,0.0,4309,G,P,Child,roomgroupA
4311_01,Earth,False,TRAPPIST-1e,False,563.0,521.0,364.0,0.0,0.0,4311,F,S,Student,roomgroupA
4312_01,Europa,False,TRAPPIST-1e,False,0.0,137.0,0.0,0.0,7629.0,4312,B,P,Young Adult,roomgroupA
4315_01,Earth,False,TRAPPIST-1e,False,0.0,3.0,486.0,0.0,228.0,4315,E,P,Student,roomgroupA
4315_02,Earth,,TRAPPIST-1e,False,0.0,0.0,0.0,0.0,0.0,4315,G,P,Student,roomgroupA
4316_01,Earth,False,PSO J318.5-22,False,0.0,22.0,0.0,1156.0,0.0,4316,F,P,Unknown,roomgroupA
4317_01,Mars,False,TRAPPIST-1e,False,439.0,0.0,2140.0,0.0,0.0,4317,D,S,Young Adult,roomgroupA
4318_01,Mars,True,TRAPPIST-1e,False,0.0,0.0,0.0,0.0,0.0,4318,F,S,Young Adult,roomgroupA
4319_01,Earth,False,TRAPPIST-1e,False,2.0,0.0,83.0,589.0,233.0,4319,G,P,Adult,roomgroupA
4320_01,Earth,False,TRAPPIST-1e,False,786.0,0.0,0.0,7.0,0.0,4320,E,P,Young Adult,roomgroupA
4324_01,Mars,False,55 Cancri e,False,0.0,0.0,0.0,0.0,0.0,4324,F,S,Baby,roomgroupA
4324_02,Mars,True,TRAPPIST-1e,False,0.0,0.0,0.0,0.0,0.0,4324,F,S,Young Adult,roomgroupA
4324_03,Mars,False,TRAPPIST-1e,False,412.0,0.0,567.0,775.0,0.0,4324,F,S,Young Adult,roomgroupA
4324_04,Mars,True,55 Cancri e,False,0.0,0.0,0.0,0.0,0.0,4324,F,S,Baby,roomgroupA
4327_01,Earth,False,TRAPPIST-1e,False,0.0,187.0,712.0,0.0,0.0,4327,F,S,Student,roomgroupA
4329_01,Earth,False,,False,39.0,0.0,63.0,3.0,654.0,4329,F,S,Student,roomgroupA
4330_01,Mars,False,55 Cancri e,False,427.0,0.0,754.0,0.0,0.0,4330,D,S,Young Adult,roomgroupA
4332_01,Earth,True,55 Cancri e,False,0.0,0.0,0.0,0.0,0.0,4332,G,S,Teenager,roomgroupA
4333_01,Europa,False,55 Cancri e,False,0.0,3345.0,0.0,2143.0,27.0,4333,B,P,Young Adult,roomgroupA
4334_01,Europa,True,TRAPPIST-1e,False,0.0,0.0,0.0,0.0,0.0,4334,A,S,Adult,roomgroupA
4335_01,Mars,True,TRAPPIST-1e,False,0.0,0.0,0.0,0.0,0.0,4335,E,S,Young Adult,roomgroupA
4336_01,Europa,False,TRAPPIST-1e,True,267.0,1418.0,257.0,843.0,0.0,4336,C,S,Young Adult,roomgroupA
4336_02,Europa,True,TRAPPIST-1e,False,0.0,0.0,0.0,0.0,0.0,4336,C,S,Teenager,roomgroupA
4336_03,Europa,False,TRAPPIST-1e,False,0.0,563.0,0.0,1301.0,830.0,4336,G,S,Adult,roomgroupA
4336_04,Europa,False,55 Cancri e,False,2320.0,0.0,4874.0,3131.0,498.0,4336,C,S,Adult,roomgroupA
4337_01,Mars,False,TRAPPIST-1e,False,22.0,0.0,1129.0,0.0,77.0,4337,F,S,Adult,roomgroupA
4338_01,Europa,False,TRAPPIST-1e,False,0.0,0.0,0.0,0.0,0.0,4338,C,S,Adult,roomgroupA
4338_02,Europa,False,TRAPPIST-1e,False,0.0,545.0,0.0,2740.0,293.0,4338,C,S,Adult,roomgroupA
4338_03,Europa,False,55 Cancri e,False,0.0,14201.0,0.0,22.0,584.0,4338,C,S,Adult,roomgroupA
4339_01,Mars,False,TRAPPIST-1e,False,2044.0,0.0,95.0,0.0,120.0,4339,F,S,Adult,roomgroupA
4340_01,Earth,False,TRAPPIST-1e,False,0.0,0.0,945.0,0.0,4.0,4340,F,S,Student,roomgroupA
4343_01,Earth,True,PSO J318.5-22,False,0.0,0.0,0.0,0.0,0.0,4343,G,S,Teenager,roomgroupA
4344_01,Earth,False,TRAPPIST-1e,False,0.0,35.0,661.0,0.0,63.0,4344,F,S,Student,roomgroupA
4345_01,Earth,False,TRAPPIST-1e,False,0.0,1125.0,3.0,562.0,7.0,4345,G,P,Young Adult,roomgroupA
4346_01,Earth,False,55 Cancri e,False,429.0,2.0,232.0,0.0,59.0,4346,E,P,Student,roomgroupA
4347_01,Earth,False,TRAPPIST-1e,False,444.0,0.0,408.0,0.0,0.0,4347,G,P,Adult,roomgroupA
4348_01,Europa,True,TRAPPIST-1e,True,0.0,0.0,0.0,0.0,0.0,4348,B,P,Adult,roomgroupA
4349_01,Mars,False,TRAPPIST-1e,False,802.0,0.0,155.0,4.0,337.0,4349,E,P,Adult,roomgroupA
4350_01,Earth,True,TRAPPIST-1e,False,0.0,0.0,0.0,0.0,0.0,4350,G,S,Student,roomgroupA
4350_02,Earth,False,PSO J318.5-22,False,0.0,0.0,1.0,0.0,2330.0,4350,G,S,Adult,roomgroupA
4351_01,Earth,False,,,641.0,0.0,409.0,0.0,0.0,4351,F,P,Student,roomgroupA
4352_01,Europa,False,TRAPPIST-1e,False,33.0,3484.0,17.0,4.0,1384.0,4352,C,S,Adult,roomgroupA
4352_02,Europa,False,TRAPPIST-1e,False,22.0,10025.0,2.0,124.0,1.0,4352,C,S,Young Adult,roomgroupA
4354_01,Earth,False,TRAPPIST-1e,False,115.0,1.0,0.0,,249.0,4354,E,P,Student,roomgroupA
4356_01,Europa,True,55 Cancri e,False,0.0,0.0,0.0,0.0,0.0,4356,B,S,Young Adult,roomgroupA
4357_01,Mars,False,TRAPPIST-1e,False,118.0,0.0,949.0,206.0,2071.0,4357,D,P,Student,roomgroupA
4358_01,Earth,False,PSO J318.5-22,False,0.0,272.0,108.0,,230.0,4358,F,S,Student,roomgroupA
4359_01,Europa,False,TRAPPIST-1e,False,3.0,2127.0,0.0,696.0,10.0,4359,C,P,Young Adult,roomgroupA
4359_02,Europa,False,55 Cancri e,False,0.0,17687.0,0.0,425.0,155.0,4359,C,P,Adult,roomgroupA
4359_03,Europa,False,55 Cancri e,False,0.0,1832.0,0.0,0.0,1768.0,4359,C,P,Adult,roomgroupA
4360_01,Mars,True,TRAPPIST-1e,False,0.0,0.0,0.0,0.0,0.0,4360,F,P,Student,roomgroupA
4361_01,Earth,False,55 Cancri e,False,0.0,14.0,0.0,734.0,331.0,4361,F,S,Young Adult,roomgroupA
4362_01,Europa,False,TRAPPIST-1e,False,0.0,1947.0,0.0,0.0,1651.0,4362,B,S,Adult,roomgroupA
4364_01,Earth,True,PSO J318.5-22,False,0.0,0.0,0.0,0.0,0.0,4364,G,P,Young Adult,roomgroupA
4365_01,,False,TRAPPIST-1e,False,552.0,247.0,0.0,4.0,0.0,4365,F,P,Teenager,roomgroupA
4366_01,Earth,,PSO J318.5-22,False,0.0,0.0,873.0,0.0,5.0,4366,F,P,Teenager,roomgroupA
4367_01,Earth,True,55 Cancri e,False,0.0,0.0,0.0,0.0,0.0,4367,G,S,Adult,roomgroupA
4368_01,Mars,True,55 Cancri e,False,0.0,0.0,0.0,0.0,0.0,4368,F,P,Young Adult,roomgroupA
4369_01,Earth,False,TRAPPIST-1e,False,857.0,0.0,0.0,0.0,0.0,4369,F,S,Student,roomgroupA
4370_01,Earth,False,TRAPPIST-1e,False,3.0,1.0,0.0,1494.0,110.0,4370,G,S,Student,roomgroupA
4371_01,Europa,,TRAPPIST-1e,False,0.0,2717.0,0.0,0.0,986.0,4371,C,S,Young Adult,roomgroupA
4371_02,Europa,False,55 Cancri e,False,106.0,243.0,126.0,7.0,4967.0,4371,C,S,Adult,roomgroupA
4371_03,,True,TRAPPIST-1e,False,0.0,0.0,0.0,0.0,0.0,4371,C,S,Student,roomgroupA
4371_04,Europa,False,TRAPPIST-1e,False,0.0,4384.0,4285.0,812.0,360.0,4371,C,S,Young Adult,roomgroupA
4371_05,Europa,False,55 Cancri e,False,,7221.0,0.0,288.0,2275.0,4371,C,S,Young Adult,roomgroupA
4372_01,Mars,True,TRAPPIST-1e,False,0.0,,0.0,0.0,0.0,4372,F,S,Adult,roomgroupA
4372_02,Mars,False,TRAPPIST-1e,False,954.0,0.0,1.0,0.0,0.0,4372,E,S,Adult,roomgroupA
4373_01,Earth,False,PSO J318.5-22,False,735.0,0.0,2.0,0.0,0.0,4373,F,S,Adult,roomgroupA
4376_01,Earth,False,PSO J318.5-22,False,0.0,168.0,3.0,0.0,452.0,4376,E,S,Adult,roomgroupA
4382_01,Earth,False,PSO J318.5-22,False,65.0,94.0,0.0,0.0,445.0,4382,F,P,Student,roomgroupA
4383_01,Europa,False,TRAPPIST-1e,False,0.0,0.0,0.0,0.0,0.0,4383,B,S,Adult,roomgroupA
4386_01,Europa,False,TRAPPIST-1e,False,0.0,0.0,0.0,0.0,0.0,4386,B,S,Adult,roomgroupA
4386_02,Europa,False,TRAPPIST-1e,False,0.0,16455.0,885.0,0.0,363.0,4386,B,S,Adult,roomgroupA
4387_01,Mars,False,PSO J318.5-22,False,192.0,0.0,441.0,18.0,0.0,4387,F,P,Young Adult,roomgroupA
4388_01,Europa,False,TRAPPIST-1e,False,0.0,0.0,0.0,0.0,0.0,4388,B,S,Young Adult,roomgroupA
4390_01,Mars,True,TRAPPIST-1e,False,0.0,0.0,0.0,0.0,0.0,4390,F,P,Child,roomgroupA
4390_02,Mars,True,TRAPPIST-1e,False,0.0,0.0,0.0,0.0,0.0,4390,F,P,Adult,roomgroupA
4390_03,Mars,False,TRAPPIST-1e,False,875.0,0.0,61.0,289.0,0.0,4390,F,P,Young Adult,roomgroupA
4391_01,Earth,False,TRAPPIST-1e,False,383.0,0.0,0.0,393.0,10.0,4391,F,P,Adult,roomgroupA
4392_01,Earth,False,55 Cancri e,False,38.0,0.0,0.0,733.0,0.0,4392,G,S,Teenager,roomgroupA
4393_01,Earth,True,TRAPPIST-1e,False,0.0,0.0,0.0,0.0,0.0,4393,G,P,Child,roomgroupA
4393_02,Earth,False,TRAPPIST-1e,False,754.0,0.0,34.0,0.0,0.0,4393,E,P,Student,roomgroupA
4395_01,Earth,False,TRAPPIST-1e,False,0.0,0.0,206.0,681.0,31.0,4395,F,P,Student,roomgroupA
4396_01,Earth,False,TRAPPIST-1e,False,0.0,153.0,11.0,646.0,0.0,4396,G,S,Student,roomgroupA
4397_01,Earth,True,PSO J318.5-22,False,0.0,0.0,0.0,0.0,0.0,4397,G,S,Adult,roomgroupA
4399_01,Earth,False,TRAPPIST-1e,False,141.0,3.0,640.0,0.0,100.0,4399,G,P,Young Adult,roomgroupA
4400_01,Mars,False,TRAPPIST-1e,False,689.0,0.0,610.0,0.0,0.0,4400,E,S,Young Adult,roomgroupA
4400_02,Mars,False,55 Cancri e,False,0.0,0.0,0.0,0.0,0.0,4400,F,S,Baby,roomgroupA
4400_03,Mars,True,,False,0.0,0.0,0.0,0.0,0.0,4400,F,S,Child,roomgroupA
4401_01,Earth,,55 Cancri e,False,0.0,0.0,0.0,0.0,0.0,4401,G,S,Teenager,roomgroupA
4401_02,Earth,True,PSO J318.5-22,False,0.0,0.0,0.0,0.0,0.0,4401,G,S,Student,roomgroupA
4402_01,Earth,True,PSO J318.5-22,False,0.0,0.0,0.0,0.0,0.0,4402,G,P,Young Adult,roomgroupA
4403_01,Earth,False,TRAPPIST-1e,False,134.0,935.0,0.0,6.0,394.0,4403,F,S,Adult,roomgroupA
4403_02,Earth,False,,False,7.0,0.0,297.0,108.0,361.0,4403,G,S,Adult,roomgroupA
4404_01,Earth,,TRAPPIST-1e,False,,2.0,404.0,121.0,0.0,4404,G,P,Adult,roomgroupA
4405_01,Europa,True,TRAPPIST-1e,False,0.0,0.0,0.0,0.0,0.0,4405,C,S,Young Adult,roomgroupA
4407_01,Earth,True,TRAPPIST-1e,False,0.0,0.0,0.0,0.0,0.0,4407,G,S,Adult,roomgroupA
4408_01,Mars,True,TRAPPIST-1e,False,0.0,0.0,0.0,0.0,0.0,4408,F,P,Senior,roomgroupA
4409_01,Europa,False,TRAPPIST-1e,False,0.0,817.0,388.0,78.0,693.0,4409,C,S,Adult,roomgroupA
4410_01,Earth,False,TRAPPIST-1e,False,27.0,0.0,32.0,725.0,0.0,4410,G,S,Student,roomgroupA
4411_01,Earth,False,PSO J318.5-22,False,715.0,0.0,54.0,0.0,0.0,4411,G,S,Adult,roomgroupA
4413_01,Earth,False,TRAPPIST-1e,False,0.0,0.0,232.0,0.0,622.0,4413,G,S,Young Adult,roomgroupA
4415_01,Mars,False,TRAPPIST-1e,False,941.0,281.0,36.0,12.0,39.0,4415,F,S,Adult,roomgroupA
4416_01,Europa,True,55 Cancri e,False,0.0,0.0,0.0,0.0,0.0,4416,B,P,Adult,roomgroupA
4422_01,Europa,True,TRAPPIST-1e,False,0.0,0.0,0.0,0.0,0.0,4422,B,S,Teenager,roomgroupA
4422_02,Europa,False,TRAPPIST-1e,False,0.0,6338.0,0.0,1366.0,89.0,4422,B,S,Young Adult,roomgroupA
4424_01,Mars,False,TRAPPIST-1e,False,30.0,0.0,42.0,3565.0,7.0,4424,E,S,Student,roomgroupA
4426_01,Mars,True,TRAPPIST-1e,False,0.0,0.0,0.0,0.0,0.0,4426,F,S,Young Adult,roomgroupA
4427_01,Europa,False,55 Cancri e,False,3.0,83.0,0.0,805.0,2983.0,4427,D,S,Adult,roomgroupA
4427_02,Europa,False,TRAPPIST-1e,False,0.0,46.0,0.0,209.0,2908.0,4427,D,S,Young Adult,roomgroupA
4428_01,Europa,False,55 Cancri e,False,0.0,11417.0,12.0,795.0,402.0,4428,C,S,Young Adult,roomgroupA
4429_01,Mars,False,TRAPPIST-1e,False,546.0,90.0,23.0,513.0,0.0,4429,E,S,Teenager,roomgroupA
4430_01,Earth,False,PSO J318.5-22,False,0.0,2.0,1513.0,0.0,0.0,4430,F,S,Student,roomgroupA
4431_01,Earth,False,55 Cancri e,False,8.0,0.0,1414.0,10.0,3.0,4431,G,P,Adult,roomgroupA
4432_01,Earth,True,TRAPPIST-1e,False,0.0,0.0,0.0,0.0,0.0,4432,G,P,Adult,roomgroupA
4433_01,Earth,True,PSO J318.5-22,False,0.0,0.0,0.0,0.0,0.0,4433,G,P,Student,roomgroupA
4436_01,Earth,True,PSO J318.5-22,False,0.0,0.0,0.0,0.0,0.0,4436,G,P,Student,roomgroupA
4437_01,Earth,True,TRAPPIST-1e,False,0.0,0.0,0.0,0.0,0.0,4437,G,S,Student,roomgroupA
4438_01,Mars,False,TRAPPIST-1e,False,721.0,0.0,471.0,0.0,0.0,4438,F,P,Adult,roomgroupA
4440_01,,False,TRAPPIST-1e,False,,282.0,0.0,0.0,71.0,4440,F,P,Student,roomgroupA
4441_01,Europa,True,55 Cancri e,True,0.0,0.0,0.0,0.0,0.0,4441,B,P,Young Adult,roomgroupA
4441_02,Europa,True,TRAPPIST-1e,False,0.0,0.0,0.0,0.0,0.0,4441,B,P,Adult,roomgroupA
4441_03,Europa,False,55 Cancri e,False,0.0,4558.0,0.0,1.0,267.0,4441,B,P,Adult,roomgroupA
4444_01,Earth,False,TRAPPIST-1e,False,0.0,901.0,0.0,0.0,89.0,4444,E,S,Adult,roomgroupA
4445_01,Earth,False,TRAPPIST-1e,False,8.0,0.0,77.0,560.0,0.0,4445,F,P,Young Adult,roomgroupA
4446_01,Europa,False,TRAPPIST-1e,False,2.0,114.0,771.0,3094.0,448.0,4446,B,S,Adult,roomgroupA
4446_02,Europa,False,TRAPPIST-1e,False,0.0,3603.0,33.0,7113.0,1.0,4446,B,S,Adult,roomgroupA
4446_03,Europa,True,55 Cancri e,False,0.0,0.0,0.0,0.0,0.0,4446,B,S,Adult,roomgroupA
4446_04,Europa,False,55 Cancri e,False,35.0,6103.0,0.0,180.0,160.0,4446,B,S,Adult,roomgroupA
4446_05,Europa,,TRAPPIST-1e,False,0.0,4017.0,,,2260.0,4446,B,S,Young Adult,roomgroupA
4447_01,Earth,True,TRAPPIST-1e,False,0.0,0.0,0.0,0.0,0.0,4447,G,S,Adult,roomgroupA
4448_01,Earth,False,TRAPPIST-1e,False,0.0,0.0,2414.0,0.0,0.0,4448,F,P,Adult,roomgroupA
4449_01,Mars,False,TRAPPIST-1e,False,130.0,0.0,870.0,31.0,26.0,4449,D,S,Adult,roomgroupA
4450_01,Europa,True,55 Cancri e,False,0.0,0.0,0.0,0.0,0.0,4450,C,P,Young Adult,roomgroupA
4450_02,Europa,False,55 Cancri e,False,0.0,7194.0,0.0,6.0,,4450,C,P,Senior,roomgroupA
4450_03,Europa,True,55 Cancri e,False,0.0,0.0,0.0,0.0,0.0,4450,C,P,Student,roomgroupA
4450_04,Europa,False,TRAPPIST-1e,False,0.0,3627.0,0.0,31.0,3263.0,4450,C,P,Young Adult,roomgroupA
4451_01,,True,TRAPPIST-1e,False,0.0,0.0,0.0,0.0,0.0,4451,F,P,Adult,roomgroupA
4452_01,Earth,True,TRAPPIST-1e,,0.0,0.0,0.0,0.0,0.0,4452,G,S,Young Adult,roomgroupA
4453_01,Europa,False,TRAPPIST-1e,False,0.0,2560.0,0.0,134.0,307.0,4453,D,P,Young Adult,roomgroupA
4456_01,Earth,False,TRAPPIST-1e,False,0.0,10.0,159.0,,125.0,4456,F,P,Student,roomgroupA
4457_01,Earth,False,TRAPPIST-1e,False,698.0,0.0,51.0,2.0,4.0,4457,F,P,Young Adult,roomgroupA
4459_01,Earth,True,PSO J318.5-22,False,0.0,0.0,0.0,0.0,,4459,G,P,Teenager,roomgroupA
4461_01,Mars,True,TRAPPIST-1e,False,0.0,0.0,0.0,0.0,0.0,4461,F,S,Student,roomgroupA
4462_01,Earth,False,TRAPPIST-1e,False,399.0,77.0,311.0,0.0,16.0,4462,F,P,Student,roomgroupA
4463_01,Europa,True,,False,0.0,0.0,0.0,0.0,0.0,4463,B,P,Young Adult,roomgroupA
4463_02,Europa,True,TRAPPIST-1e,False,0.0,0.0,0.0,0.0,0.0,4463,B,P,Young Adult,roomgroupA
4464_01,Earth,False,TRAPPIST-1e,False,0.0,0.0,0.0,0.0,0.0,4464,G,S,Student,roomgroupA
4465_01,Europa,True,TRAPPIST-1e,False,0.0,0.0,0.0,0.0,0.0,4465,A,S,Baby,roomgroupA
4465_02,Europa,False,TRAPPIST-1e,False,31.0,76.0,0.0,1353.0,1713.0,4465,A,S,Adult,roomgroupA
4465_03,Europa,False,TRAPPIST-1e,False,0.0,1883.0,0.0,1.0,4560.0,4465,A,S,Young Adult,roomgroupA
4466_01,Europa,False,55 Cancri e,True,0.0,2461.0,0.0,51.0,2141.0,4466,A,P,Young Adult,roomgroupA
4467_01,Earth,False,TRAPPIST-1e,False,36.0,18.0,670.0,0.0,32.0,4467,F,P,Student,roomgroupA
4469_01,Europa,True,TRAPPIST-1e,False,0.0,0.0,0.0,0.0,0.0,4469,B,P,Young Adult,roomgroupA
4469_02,Europa,False,55 Cancri e,False,0.0,39.0,327.0,4643.0,85.0,4469,B,P,Adult,roomgroupA
4470_01,Earth,False,TRAPPIST-1e,False,1549.0,0.0,5.0,0.0,0.0,4470,F,S,Young Adult,roomgroupA
4472_01,Earth,False,PSO J318.5-22,False,0.0,266.0,1455.0,59.0,0.0,4472,G,P,Young Adult,roomgroupA
4472_02,Earth,False,TRAPPIST-1e,False,110.0,0.0,638.0,0.0,0.0,4472,F,P,Young Adult,roomgroupA
4473_01,Mars,False,55 Cancri e,False,2244.0,31.0,507.0,0.0,142.0,4473,F,S,Teenager,roomgroupA
4473_02,Mars,False,TRAPPIST-1e,False,994.0,0.0,26.0,1.0,0.0,4473,E,S,Young Adult,roomgroupA
4474_01,Earth,True,TRAPPIST-1e,False,,0.0,0.0,0.0,0.0,4474,G,S,Baby,roomgroupA
4474_02,Earth,True,TRAPPIST-1e,False,0.0,0.0,0.0,0.0,0.0,4474,G,S,Young Adult,roomgroupA
4474_03,Earth,True,TRAPPIST-1e,False,0.0,0.0,,0.0,,4474,G,S,Baby,roomgroupA
4475_01,Europa,False,TRAPPIST-1e,True,13.0,239.0,0.0,161.0,2355.0,4475,A,S,Adult,roomgroupA
4475_02,Europa,True,55 Cancri e,False,0.0,0.0,0.0,0.0,0.0,4475,A,S,Young Adult,roomgroupA
4476_01,Earth,False,TRAPPIST-1e,False,1170.0,0.0,0.0,187.0,100.0,4476,F,P,Young Adult,roomgroupA
4477_01,Earth,False,55 Cancri e,False,23.0,0.0,0.0,,17.0,4477,G,S,Young Adult,roomgroupA
4479_01,Mars,False,TRAPPIST-1e,False,3559.0,0.0,,13.0,2.0,4479,D,P,Young Adult,roomgroupA
4482_01,Earth,False,55 Cancri e,False,0.0,0.0,0.0,0.0,0.0,4482,G,S,Baby,roomgroupA
4482_02,Earth,False,TRAPPIST-1e,False,0.0,0.0,0.0,0.0,0.0,4482,G,S,Child,roomgroupA
4482_03,Earth,False,TRAPPIST-1e,False,0.0,0.0,0.0,0.0,0.0,4482,G,S,Baby,roomgroupA
4482_04,Earth,True,TRAPPIST-1e,False,0.0,0.0,0.0,0.0,0.0,4482,G,S,Adult,roomgroupA
4482_05,Earth,True,TRAPPIST-1e,False,0.0,0.0,0.0,0.0,0.0,4482,G,S,Baby,roomgroupA
4483_01,Mars,False,TRAPPIST-1e,False,1956.0,0.0,161.0,239.0,28.0,4483,D,P,Young Adult,roomgroupA
4483_02,Mars,False,TRAPPIST-1e,False,3087.0,0.0,60.0,2.0,0.0,4483,D,P,Senior,roomgroupA
4485_01,Mars,True,TRAPPIST-1e,False,0.0,0.0,0.0,0.0,0.0,4485,F,P,Young Adult,roomgroupA
4485_02,Mars,False,TRAPPIST-1e,False,1219.0,0.0,1742.0,740.0,0.0,4485,F,P,Adult,roomgroupA
4486_01,Earth,True,TRAPPIST-1e,False,0.0,0.0,0.0,0.0,0.0,4486,G,S,Young Adult,roomgroupA
4487_01,Earth,False,TRAPPIST-1e,False,0.0,3.0,0.0,802.0,49.0,4487,G,P,Adult,roomgroupA
4490_01,Europa,False,55 Cancri e,False,0.0,337.0,1339.0,92.0,264.0,4490,D,S,Young Adult,roomgroupA
4491_01,Europa,False,TRAPPIST-1e,False,0.0,1013.0,1.0,16.0,2825.0,4491,B,P,Adult,roomgroupA
4492_01,Earth,True,TRAPPIST-1e,False,0.0,0.0,0.0,0.0,0.0,4492,G,P,Adult,roomgroupA
4493_01,Earth,False,TRAPPIST-1e,False,42.0,65.0,895.0,407.0,0.0,4493,F,S,Young Adult,roomgroupA
4494_01,Mars,True,TRAPPIST-1e,False,0.0,0.0,0.0,0.0,0.0,4494,F,S,Young Adult,roomgroupA
4496_01,Earth,False,55 Cancri e,False,0.0,3080.0,7.0,0.0,67.0,4496,F,P,Student,roomgroupA
4497_01,Earth,True,TRAPPIST-1e,False,0.0,0.0,0.0,0.0,0.0,4497,G,P,Adult,roomgroupA
4498_01,Earth,False,55 Cancri e,False,0.0,0.0,0.0,0.0,0.0,4498,G,S,Child,roomgroupA
4498_02,Earth,True,PSO J318.5-22,False,0.0,0.0,0.0,0.0,0.0,4498,G,S,Teenager,roomgroupA
4498_03,Earth,True,PSO J318.5-22,False,0.0,0.0,0.0,0.0,0.0,4498,G,S,Baby,roomgroupA
4498_04,Earth,False,TRAPPIST-1e,False,0.0,0.0,0.0,0.0,,4498,G,S,Child,roomgroupA
4498_05,Earth,True,TRAPPIST-1e,False,0.0,0.0,0.0,0.0,0.0,4498,G,S,Young Adult,roomgroupA
4498_06,Earth,False,TRAPPIST-1e,False,0.0,893.0,0.0,0.0,0.0,4498,G,S,Teenager,roomgroupA
4498_07,Earth,False,TRAPPIST-1e,False,0.0,2.0,0.0,69.0,836.0,4498,G,S,Adult,roomgroupA
4498_08,Earth,False,TRAPPIST-1e,False,0.0,0.0,0.0,0.0,0.0,4498,G,S,Child,roomgroupA
4500_01,Earth,False,TRAPPIST-1e,False,83.0,0.0,129.0,504.0,0.0,4500,F,S,Young Adult,roomgroupA
4501_01,,True,TRAPPIST-1e,False,0.0,0.0,0.0,0.0,0.0,4501,G,S,Student,roomgroupA
4502_01,Mars,True,TRAPPIST-1e,False,0.0,0.0,0.0,0.0,0.0,4502,E,P,Young Adult,roomgroupA
4505_01,Europa,False,55 Cancri e,False,0.0,864.0,49.0,39.0,2376.0,4505,C,S,Adult,roomgroupA
4505_02,Europa,False,TRAPPIST-1e,False,2.0,76.0,0.0,201.0,,4505,C,S,Adult,roomgroupA
4506_01,Mars,False,TRAPPIST-1e,False,160.0,0.0,889.0,0.0,0.0,4506,E,S,Student,roomgroupA
4508_01,Mars,False,55 Cancri e,False,433.0,0.0,867.0,19.0,1.0,4508,F,P,Adult,roomgroupA
4508_02,Mars,False,TRAPPIST-1e,False,572.0,584.0,128.0,14.0,0.0,4508,E,P,Student,roomgroupA
4508_03,Mars,False,TRAPPIST-1e,False,1340.0,0.0,8.0,0.0,0.0,4508,F,P,Young Adult,roomgroupA
4509_01,Mars,False,TRAPPIST-1e,False,137.0,0.0,877.0,0.0,0.0,4509,E,S,Adult,roomgroupA
4509_02,Mars,False,PSO J318.5-22,False,,0.0,1127.0,8.0,0.0,4509,D,S,Adult,roomgroupA
4509_03,Mars,False,TRAPPIST-1e,False,27.0,0.0,3246.0,0.0,0.0,4509,D,S,Teenager,roomgroupA
4510_01,Europa,False,TRAPPIST-1e,False,0.0,0.0,0.0,0.0,0.0,4510,B,S,Adult,roomgroupA
4511_01,Europa,True,TRAPPIST-1e,False,0.0,0.0,0.0,0.0,0.0,4511,B,S,Young Adult,roomgroupA
4511_02,Europa,True,55 Cancri e,False,0.0,0.0,0.0,0.0,0.0,4511,B,S,Adult,roomgroupA
4512_01,Mars,False,TRAPPIST-1e,False,849.0,51.0,375.0,0.0,24.0,4512,E,S,Young Adult,roomgroupA
4514_01,Earth,True,TRAPPIST-1e,False,0.0,0.0,0.0,0.0,0.0,4514,G,S,Teenager,roomgroupA
4515_01,Earth,False,TRAPPIST-1e,False,0.0,0.0,0.0,0.0,0.0,4515,G,P,Baby,roomgroupA
4515_02,Earth,False,55 Cancri e,False,6.0,1740.0,2184.0,0.0,0.0,4515,G,P,Teenager,roomgroupA
4516_01,Earth,False,55 Cancri e,False,426.0,0.0,2.0,194.0,308.0,4516,F,S,Adult,roomgroupA
4517_01,Earth,False,TRAPPIST-1e,False,452.0,0.0,234.0,19.0,1290.0,4517,F,S,Adult,roomgroupA
4518_01,Earth,False,TRAPPIST-1e,False,820.0,1.0,690.0,292.0,13.0,4518,G,P,Adult,roomgroupA
4521_01,Earth,False,TRAPPIST-1e,False,1.0,1.0,0.0,0.0,746.0,4521,F,P,Student,roomgroupA
4522_01,Earth,False,TRAPPIST-1e,False,101.0,32.0,0.0,137.0,633.0,4522,F,S,Young Adult,roomgroupA
4524_01,Earth,False,PSO J318.5-22,,0.0,116.0,2048.0,2.0,0.0,4524,F,P,Unknown,roomgroupA
4529_01,Earth,False,55 Cancri e,False,26.0,132.0,3.0,117.0,555.0,4529,G,S,Adult,roomgroupA
4530_01,Earth,False,TRAPPIST-1e,False,9.0,0.0,157.0,525.0,0.0,4530,F,P,Student,roomgroupA
4531_01,Europa,True,TRAPPIST-1e,False,0.0,0.0,0.0,0.0,0.0,4531,C,P,Adult,roomgroupA
4532_01,Earth,True,TRAPPIST-1e,False,0.0,0.0,0.0,0.0,0.0,4532,G,S,Young Adult,roomgroupA
4533_01,Europa,True,TRAPPIST-1e,False,0.0,0.0,0.0,0.0,0.0,4533,B,P,Adult,roomgroupA
4534_01,Earth,False,55 Cancri e,False,60.0,41.0,553.0,1.0,0.0,4534,F,S,Young Adult,roomgroupA
4535_01,Earth,False,TRAPPIST-1e,False,631.0,93.0,0.0,0.0,0.0,4535,F,P,Student,roomgroupA
4535_02,Earth,False,TRAPPIST-1e,False,25.0,0.0,796.0,44.0,44.0,4535,G,P,Student,roomgroupA
4537_01,Earth,False,TRAPPIST-1e,False,0.0,591.0,0.0,0.0,1560.0,4537,F,S,Young Adult,roomgroupA
4538_01,Earth,False,TRAPPIST-1e,False,0.0,121.0,0.0,748.0,0.0,4538,F,P,Adult,roomgroupA
4539_01,Earth,False,55 Cancri e,False,0.0,0.0,0.0,0.0,0.0,4539,G,S,Baby,roomgroupA
4539_02,Earth,True,TRAPPIST-1e,False,0.0,0.0,0.0,0.0,0.0,4539,G,S,Teenager,roomgroupA
4542_01,Europa,True,TRAPPIST-1e,False,0.0,0.0,0.0,0.0,0.0,4542,B,P,Student,roomgroupA
4542_02,Europa,True,55 Cancri e,False,0.0,0.0,0.0,0.0,0.0,4542,B,P,Student,roomgroupA
4543_01,Mars,False,PSO J318.5-22,True,14.0,0.0,59.0,1777.0,0.0,4543,F,P,Student,roomgroupA
4544_01,Earth,True,TRAPPIST-1e,False,0.0,0.0,0.0,0.0,0.0,4544,G,P,Young Adult,roomgroupA
4546_01,Earth,,PSO J318.5-22,False,0.0,0.0,0.0,0.0,0.0,4546,G,P,Teenager,roomgroupA
4547_01,Earth,False,TRAPPIST-1e,False,0.0,25.0,0.0,0.0,803.0,4547,E,S,Student,roomgroupA
4549_01,Earth,False,TRAPPIST-1e,False,0.0,1.0,0.0,17.0,1601.0,4549,E,S,Adult,roomgroupA
4550_01,Earth,False,TRAPPIST-1e,False,0.0,180.0,516.0,,,4550,F,S,Young Adult,roomgroupA
4552_01,Mars,False,TRAPPIST-1e,False,375.0,103.0,1990.0,36.0,0.0,4552,F,P,Adult,roomgroupA
4553_01,Europa,False,PSO J318.5-22,True,0.0,102.0,0.0,278.0,5353.0,4553,C,P,Adult,roomgroupA
4555_01,Earth,False,TRAPPIST-1e,False,29.0,27.0,47.0,694.0,11.0,4555,G,S,Student,roomgroupA
4557_01,Earth,False,TRAPPIST-1e,False,0.0,656.0,295.0,0.0,35.0,4557,E,P,Teenager,roomgroupA
4558_01,Europa,False,55 Cancri e,False,0.0,559.0,0.0,15238.0,2799.0,4558,C,S,Adult,roomgroupA
4559_01,Earth,False,TRAPPIST-1e,False,,205.0,,0.0,549.0,4559,F,S,Young Adult,roomgroupA
4560_01,Earth,False,TRAPPIST-1e,False,0.0,57.0,851.0,0.0,0.0,4560,G,S,Unknown,roomgroupA
4561_01,Europa,False,55 Cancri e,False,0.0,496.0,0.0,1940.0,4195.0,4561,C,S,Adult,roomgroupA
4562_01,Europa,True,TRAPPIST-1e,False,0.0,0.0,0.0,0.0,0.0,4562,B,S,Young Adult,roomgroupA
4563_01,Europa,True,55 Cancri e,False,0.0,0.0,0.0,0.0,0.0,4563,C,S,Student,roomgroupA
4564_01,Earth,False,TRAPPIST-1e,False,,43.0,0.0,0.0,6.0,4564,G,P,Young Adult,roomgroupA
4565_01,Earth,False,TRAPPIST-1e,False,191.0,497.0,0.0,0.0,16.0,4565,G,P,Young Adult,roomgroupA
4567_01,Earth,False,TRAPPIST-1e,False,0.0,20.0,38.0,359.0,516.0,4567,F,P,Unknown,roomgroupA
4568_01,Mars,False,TRAPPIST-1e,False,4102.0,0.0,36.0,0.0,1825.0,4568,F,P,Adult,roomgroupA
4569_01,Europa,True,55 Cancri e,False,0.0,0.0,0.0,0.0,0.0,4569,B,P,Young Adult,roomgroupA
4569_02,Europa,,55 Cancri e,False,0.0,2235.0,7.0,4098.0,89.0,4569,B,P,Adult,roomgroupA
4570_01,Europa,True,TRAPPIST-1e,False,0.0,0.0,,0.0,0.0,4570,C,S,Senior,roomgroupA
4571_01,Earth,True,TRAPPIST-1e,False,0.0,0.0,0.0,0.0,0.0,4571,G,S,Young Adult,roomgroupA
4572_01,Earth,False,55 Cancri e,False,42.0,0.0,0.0,765.0,2.0,4572,G,S,Student,roomgroupA
4573_01,Earth,False,TRAPPIST-1e,False,686.0,45.0,16.0,7.0,4.0,4573,F,S,Student,roomgroupA
4574_01,Mars,False,TRAPPIST-1e,False,176.0,493.0,169.0,0.0,1023.0,4574,F,S,Student,roomgroupA
4575_01,Earth,,TRAPPIST-1e,False,3.0,65.0,253.0,475.0,0.0,4575,F,P,Student,roomgroupA
4576_01,Earth,False,TRAPPIST-1e,False,661.0,876.0,0.0,3.0,13.0,4576,F,P,Adult,roomgroupA
4577_01,Mars,,TRAPPIST-1e,False,250.0,0.0,2179.0,0.0,0.0,4577,F,S,Teenager,roomgroupA
4580_01,Mars,True,TRAPPIST-1e,False,0.0,0.0,0.0,0.0,0.0,4580,F,S,Adult,roomgroupA
4581_01,Europa,False,TRAPPIST-1e,False,0.0,4592.0,0.0,209.0,954.0,4581,B,S,Young Adult,roomgroupA
4581_02,Europa,False,55 Cancri e,False,0.0,2337.0,0.0,204.0,76.0,4581,B,S,Adult,roomgroupA
4585_01,Europa,False,55 Cancri e,False,0.0,154.0,0.0,5492.0,1924.0,4585,B,S,Young Adult,roomgroupA
4586_01,Mars,False,55 Cancri e,False,22.0,0.0,,1.0,524.0,4586,F,P,Young Adult,roomgroupA
4587_01,Europa,False,TRAPPIST-1e,False,0.0,4020.0,0.0,1635.0,4899.0,4587,A,P,Unknown,roomgroupA
4591_01,Europa,True,55 Cancri e,False,0.0,0.0,0.0,0.0,0.0,4591,E,P,Young Adult,roomgroupA
4592_01,Mars,False,TRAPPIST-1e,False,0.0,0.0,0.0,0.0,0.0,4592,F,S,Child,roomgroupA
4592_02,Mars,True,TRAPPIST-1e,False,0.0,0.0,0.0,0.0,0.0,4592,F,S,Young Adult,roomgroupA
4592_03,Mars,True,,False,0.0,0.0,0.0,0.0,0.0,4592,F,S,Young Adult,roomgroupA
4592_04,Mars,True,TRAPPIST-1e,False,0.0,0.0,0.0,0.0,0.0,4592,F,S,Baby,roomgroupA
4593_01,Earth,False,TRAPPIST-1e,False,1.0,797.0,0.0,10.0,0.0,4593,G,S,Young Adult,roomgroupA
4594_01,Europa,False,TRAPPIST-1e,False,77.0,2424.0,0.0,3001.0,127.0,4594,C,P,Senior,roomgroupA
4594_02,Europa,False,TRAPPIST-1e,False,0.0,6670.0,217.0,625.0,20336.0,4594,C,P,Young Adult,roomgroupA
4594_03,Europa,False,TRAPPIST-1e,False,267.0,2802.0,0.0,54.0,77.0,4594,C,P,Young Adult,roomgroupA
4594_04,Europa,False,TRAPPIST-1e,False,0.0,4516.0,0.0,6167.0,5308.0,4594,C,P,Unknown,roomgroupA
4595_01,Europa,True,TRAPPIST-1e,False,0.0,0.0,0.0,0.0,0.0,4595,C,P,Young Adult,roomgroupA
4596_01,,True,TRAPPIST-1e,False,0.0,0.0,0.0,0.0,0.0,4596,G,S,Young Adult,roomgroupA
4597_01,Earth,True,TRAPPIST-1e,False,0.0,0.0,0.0,0.0,0.0,4597,G,P,Young Adult,roomgroupA
4602_01,Earth,False,55 Cancri e,False,0.0,0.0,0.0,725.0,2.0,4602,F,P,Adult,roomgroupA
4603_01,Europa,,55 Cancri e,False,0.0,3593.0,47.0,19.0,229.0,4603,C,S,Young Adult,roomgroupA
4603_02,Europa,False,TRAPPIST-1e,False,1.0,5234.0,343.0,277.0,12682.0,4603,C,S,Adult,roomgroupA
4604_01,Earth,False,TRAPPIST-1e,False,374.0,1327.0,10.0,81.0,0.0,4604,G,S,Adult,roomgroupA
4605_01,Earth,False,TRAPPIST-1e,False,0.0,0.0,0.0,774.0,0.0,4605,G,P,Adult,roomgroupA
4606_01,Europa,False,TRAPPIST-1e,False,165.0,36.0,0.0,3044.0,556.0,4606,C,S,Student,roomgroupA
4606_02,Europa,,55 Cancri e,False,25.0,3291.0,0.0,6075.0,179.0,4606,C,S,Young Adult,roomgroupA
4607_01,Earth,False,PSO J318.5-22,False,0.0,138.0,4.0,412.0,220.0,4607,G,P,Student,roomgroupA
4608_01,Earth,False,55 Cancri e,False,2.0,20.0,1.0,1026.0,2.0,4608,F,S,Young Adult,roomgroupA
4609_01,Europa,False,TRAPPIST-1e,False,1.0,477.0,0.0,0.0,7087.0,4609,C,S,Adult,roomgroupA
4610_01,Earth,False,TRAPPIST-1e,False,5.0,0.0,0.0,1014.0,0.0,4610,G,P,Young Adult,roomgroupA
4611_01,Earth,True,TRAPPIST-1e,False,0.0,0.0,0.0,0.0,0.0,4611,G,S,Student,roomgroupA
4612_01,Earth,False,55 Cancri e,False,0.0,166.0,603.0,1.0,0.0,4612,G,S,Teenager,roomgroupA
4613_01,Europa,True,TRAPPIST-1e,False,0.0,0.0,0.0,0.0,0.0,4613,B,P,Adult,roomgroupA
4615_01,Mars,False,TRAPPIST-1e,False,36.0,0.0,2554.0,0.0,9.0,4615,F,S,Adult,roomgroupA
4617_01,Earth,False,TRAPPIST-1e,False,19.0,81.0,85.0,768.0,489.0,4617,F,S,Adult,roomgroupA
4620_01,Earth,True,TRAPPIST-1e,False,0.0,0.0,0.0,0.0,0.0,4620,G,S,Adult,roomgroupA
4621_01,Mars,False,TRAPPIST-1e,False,0.0,79.0,2003.0,0.0,0.0,4621,E,P,Young Adult,roomgroupA
4622_01,Earth,True,55 Cancri e,False,0.0,0.0,0.0,0.0,0.0,4622,G,P,Young Adult,roomgroupA
4623_01,Europa,False,PSO J318.5-22,True,0.0,,21.0,7.0,16.0,4623,C,P,Young Adult,roomgroupA
4624_01,Mars,False,TRAPPIST-1e,False,1246.0,0.0,66.0,36.0,0.0,4624,F,S,Adult,roomgroupA
4625_01,Europa,False,TRAPPIST-1e,False,0.0,2520.0,1.0,1.0,0.0,4625,B,S,Young Adult,roomgroupA
4625_02,Europa,True,55 Cancri e,False,0.0,0.0,0.0,0.0,0.0,4625,B,S,Young Adult,roomgroupA
4625_03,Europa,False,TRAPPIST-1e,False,0.0,3275.0,111.0,51.0,18.0,4625,G,S,Adult,roomgroupA
4625_04,Europa,True,55 Cancri e,False,0.0,0.0,0.0,0.0,0.0,4625,B,S,Young Adult,roomgroupA
4625_05,Europa,True,TRAPPIST-1e,False,0.0,0.0,0.0,0.0,0.0,4625,B,S,Teenager,roomgroupA
4625_06,,False,TRAPPIST-1e,False,0.0,453.0,137.0,1331.0,1660.0,4625,B,S,Young Adult,roomgroupA
4625_07,Europa,True,55 Cancri e,False,0.0,0.0,0.0,0.0,0.0,4625,B,S,Young Adult,roomgroupA
4628_01,Europa,False,TRAPPIST-1e,False,0.0,7484.0,465.0,14.0,610.0,4628,C,S,Adult,roomgroupA
4630_01,Earth,False,PSO J318.5-22,False,0.0,18.0,0.0,0.0,674.0,4630,F,S,Young Adult,roomgroupA
4631_01,Europa,True,55 Cancri e,False,0.0,0.0,,0.0,0.0,4631,C,P,Young Adult,roomgroupA
4632_01,Europa,True,TRAPPIST-1e,False,0.0,0.0,0.0,0.0,0.0,4632,C,S,Adult,roomgroupA
4632_02,Europa,True,TRAPPIST-1e,False,0.0,0.0,0.0,0.0,0.0,4632,C,S,Senior,roomgroupA
4632_03,Europa,False,55 Cancri e,False,0.0,431.0,28.0,10941.0,26.0,4632,C,S,Young Adult,roomgroupA
4632_04,Europa,False,TRAPPIST-1e,False,2.0,364.0,0.0,2144.0,1804.0,4632,C,S,Adult,roomgroupA
4632_05,Europa,False,,False,0.0,551.0,0.0,5270.0,22.0,4632,C,S,Adult,roomgroupA
4633_01,Earth,False,PSO J318.5-22,False,454.0,297.0,0.0,2.0,0.0,4633,G,P,Adult,roomgroupA
4634_01,Earth,False,TRAPPIST-1e,False,514.0,0.0,392.0,0.0,0.0,4634,E,S,Teenager,roomgroupA
4635_01,Earth,True,PSO J318.5-22,False,0.0,0.0,0.0,0.0,0.0,4635,G,P,Teenager,roomgroupA
4637_01,Mars,False,TRAPPIST-1e,False,672.0,0.0,501.0,0.0,,4637,G,S,Young Adult,roomgroupA
4638_01,Europa,False,TRAPPIST-1e,True,0.0,1633.0,0.0,1742.0,0.0,4638,B,P,Senior,roomgroupA
4640_01,Earth,False,55 Cancri e,False,595.0,84.0,0.0,0.0,131.0,4640,G,S,Young Adult,roomgroupA
4641_01,Earth,False,TRAPPIST-1e,False,65.0,63.0,3.0,713.0,27.0,4641,F,S,Adult,roomgroupA
4642_01,Europa,False,TRAPPIST-1e,False,0.0,412.0,0.0,4030.0,0.0,4642,C,S,Adult,roomgroupA
4643_01,Earth,False,TRAPPIST-1e,False,,724.0,0.0,0.0,0.0,4643,F,P,Adult,roomgroupA
4644_01,Earth,False,55 Cancri e,False,8.0,1385.0,1445.0,250.0,8.0,4644,F,S,Teenager,roomgroupA
4645_01,Europa,False,TRAPPIST-1e,False,0.0,9633.0,0.0,1.0,2.0,4645,B,S,Adult,roomgroupA
4645_02,Europa,True,TRAPPIST-1e,False,0.0,0.0,0.0,0.0,0.0,4645,B,S,Unknown,roomgroupA
4646_01,Earth,False,PSO J318.5-22,False,141.0,16.0,0.0,177.0,336.0,4646,F,S,Student,roomgroupA
4648_01,,False,TRAPPIST-1e,False,290.0,0.0,84.0,266.0,0.0,4648,F,S,Adult,roomgroupA
4649_01,Earth,False,TRAPPIST-1e,False,1399.0,226.0,0.0,0.0,0.0,4649,E,P,Adult,roomgroupA
4650_01,Earth,False,TRAPPIST-1e,False,84.0,323.0,0.0,1251.0,120.0,4650,G,S,Adult,roomgroupA
4651_01,Europa,False,TRAPPIST-1e,False,0.0,7039.0,0.0,902.0,405.0,4651,C,S,Young Adult,roomgroupA
4652_01,Earth,False,TRAPPIST-1e,False,0.0,89.0,874.0,34.0,0.0,4652,G,S,Young Adult,roomgroupA
4653_01,Earth,False,,False,0.0,370.0,0.0,380.0,38.0,4653,E,S,Adult,roomgroupA
4654_01,Europa,True,TRAPPIST-1e,False,0.0,0.0,0.0,0.0,0.0,4654,E,P,Student,roomgroupA
4655_01,Europa,True,55 Cancri e,False,0.0,0.0,0.0,0.0,0.0,4655,B,P,Young Adult,roomgroupA
4655_02,,True,TRAPPIST-1e,False,0.0,0.0,0.0,0.0,0.0,4655,B,P,Adult,roomgroupA
4656_01,Earth,False,TRAPPIST-1e,False,0.0,1125.0,0.0,,993.0,4656,F,S,Student,roomgroupA
4656_02,Earth,False,TRAPPIST-1e,False,0.0,0.0,0.0,0.0,0.0,4656,G,S,Child,roomgroupA
4657_01,Earth,False,TRAPPIST-1e,False,372.0,0.0,477.0,0.0,0.0,4657,G,P,Teenager,roomgroupA
4658_01,Europa,False,TRAPPIST-1e,False,0.0,823.0,0.0,1821.0,1508.0,4658,D,S,Young Adult,roomgroupA
4658_02,Europa,False,TRAPPIST-1e,False,0.0,93.0,0.0,0.0,7303.0,4658,D,S,Adult,roomgroupA
4659_01,Earth,False,TRAPPIST-1e,False,703.0,0.0,0.0,0.0,0.0,4659,F,S,Young Adult,roomgroupA
4661_01,Earth,False,,False,77.0,2325.0,5.0,117.0,1.0,4661,F,P,Young Adult,roomgroupA
4661_02,Earth,True,55 Cancri e,False,0.0,0.0,0.0,0.0,0.0,4661,G,P,Baby,roomgroupA
4661_03,Earth,True,TRAPPIST-1e,False,0.0,0.0,0.0,0.0,0.0,4661,G,P,Baby,roomgroupA
4661_04,Earth,True,TRAPPIST-1e,False,0.0,0.0,0.0,0.0,0.0,4661,G,P,Child,roomgroupA
4661_05,Earth,False,TRAPPIST-1e,False,0.0,0.0,3.0,3434.0,0.0,4661,F,P,Young Adult,roomgroupA
4661_06,Earth,True,TRAPPIST-1e,False,0.0,0.0,0.0,,0.0,4661,G,P,Child,roomgroupA
4661_07,Earth,False,TRAPPIST-1e,,0.0,0.0,0.0,0.0,0.0,4661,G,P,Baby,roomgroupA
4662_01,Europa,False,TRAPPIST-1e,False,45.0,985.0,0.0,0.0,6803.0,4662,C,P,Young Adult,roomgroupA
4662_02,Europa,True,,False,0.0,0.0,0.0,0.0,0.0,4662,C,P,Adult,roomgroupA
4662_03,Europa,False,TRAPPIST-1e,False,0.0,3856.0,0.0,1.0,312.0,4662,G,S,Adult,roomgroupA
4663_01,Earth,True,TRAPPIST-1e,False,0.0,0.0,0.0,0.0,0.0,4663,G,S,Baby,roomgroupA
4663_02,Earth,True,TRAPPIST-1e,False,0.0,0.0,0.0,0.0,0.0,4663,G,S,Baby,roomgroupA
4663_03,Earth,True,TRAPPIST-1e,False,0.0,0.0,0.0,0.0,0.0,4663,G,S,Child,roomgroupA
4663_04,Earth,False,55 Cancri e,False,0.0,0.0,0.0,0.0,0.0,4663,G,S,Baby,roomgroupA
4663_05,Earth,True,TRAPPIST-1e,False,0.0,0.0,0.0,0.0,0.0,4663,G,S,Young Adult,roomgroupA
4663_06,Earth,True,55 Cancri e,False,0.0,0.0,0.0,0.0,0.0,4663,G,S,Baby,roomgroupA
4664_01,Earth,False,TRAPPIST-1e,False,182.0,776.0,3.0,33.0,0.0,4664,E,S,Adult,roomgroupA
4665_01,Earth,True,PSO J318.5-22,False,0.0,0.0,0.0,0.0,0.0,4665,G,P,Student,roomgroupA
4667_01,Earth,True,TRAPPIST-1e,False,0.0,0.0,0.0,0.0,0.0,4667,G,S,Adult,roomgroupA
4668_01,Europa,True,55 Cancri e,False,0.0,0.0,0.0,0.0,0.0,4668,C,S,Senior,roomgroupA
4668_02,Europa,True,55 Cancri e,True,0.0,0.0,0.0,0.0,0.0,4668,C,S,Young Adult,roomgroupA
4672_01,Earth,True,55 Cancri e,False,0.0,,,0.0,0.0,4672,G,P,Adult,roomgroupA
4673_01,Earth,False,,False,35.0,2.0,481.0,121.0,,4673,F,P,Student,roomgroupA
4676_01,Earth,False,TRAPPIST-1e,False,0.0,0.0,1677.0,65.0,62.0,4676,G,P,Adult,roomgroupA
4677_01,Europa,False,55 Cancri e,False,0.0,4066.0,0.0,544.0,1272.0,4677,C,P,Young Adult,roomgroupA
4678_01,Earth,False,TRAPPIST-1e,False,183.0,203.0,0.0,110.0,374.0,4678,F,P,Adult,roomgroupA
4679_01,Europa,False,TRAPPIST-1e,False,0.0,4579.0,1.0,1006.0,2084.0,4679,C,S,Senior,roomgroupA
4680_01,Mars,False,TRAPPIST-1e,False,,0.0,38.0,0.0,2.0,4680,D,P,Teenager,roomgroupA
4680_02,Mars,True,TRAPPIST-1e,False,0.0,0.0,0.0,0.0,0.0,4680,F,P,Baby,roomgroupA
4680_03,Mars,,TRAPPIST-1e,False,0.0,0.0,0.0,0.0,0.0,4680,F,P,Student,roomgroupA
4680_04,Mars,False,TRAPPIST-1e,False,1144.0,4.0,34.0,0.0,0.0,4680,D,P,Adult,roomgroupA
4684_01,Mars,False,TRAPPIST-1e,False,225.0,0.0,796.0,107.0,0.0,4684,F,S,Adult,roomgroupA
4686_01,Earth,False,TRAPPIST-1e,False,0.0,172.0,615.0,0.0,0.0,4686,G,S,Adult,roomgroupA
4689_01,Europa,False,TRAPPIST-1e,True,0.0,3119.0,0.0,1404.0,366.0,4689,C,S,Young Adult,roomgroupA
4690_01,Europa,True,TRAPPIST-1e,False,0.0,0.0,0.0,0.0,0.0,4690,B,P,Adult,roomgroupA
4690_02,Europa,False,TRAPPIST-1e,False,14327.0,1487.0,0.0,1.0,0.0,4690,G,S,Young Adult,roomgroupA
4691_01,Earth,False,TRAPPIST-1e,False,0.0,7.0,0.0,749.0,0.0,4691,G,S,Teenager,roomgroupA
4693_01,Europa,False,TRAPPIST-1e,True,0.0,920.0,0.0,2052.0,3687.0,4693,B,S,Young Adult,roomgroupA
4693_02,Europa,True,55 Cancri e,False,0.0,0.0,0.0,0.0,0.0,4693,B,S,Senior,roomgroupA
4694_01,Earth,False,55 Cancri e,False,0.0,630.0,0.0,71.0,0.0,4694,F,S,Young Adult,roomgroupA
4695_01,Mars,False,TRAPPIST-1e,False,0.0,0.0,0.0,0.0,0.0,4695,F,S,Baby,roomgroupA
4695_02,Mars,False,TRAPPIST-1e,False,3148.0,0.0,1.0,0.0,0.0,4695,F,S,Student,roomgroupA
4695_03,Mars,True,TRAPPIST-1e,False,0.0,0.0,0.0,0.0,0.0,4695,F,S,Student,roomgroupA
4696_01,Mars,True,TRAPPIST-1e,False,0.0,0.0,0.0,0.0,0.0,4696,F,S,Adult,roomgroupA
4699_01,Earth,False,55 Cancri e,False,0.0,0.0,0.0,0.0,,4699,F,P,Senior,roomgroupA
4704_01,Europa,False,55 Cancri e,False,818.0,44.0,2.0,2956.0,2311.0,4704,D,P,Young Adult,roomgroupA
4706_01,Earth,True,TRAPPIST-1e,False,0.0,0.0,0.0,0.0,0.0,4706,G,P,Young Adult,roomgroupA
4706_02,Earth,True,TRAPPIST-1e,False,0.0,0.0,0.0,0.0,0.0,4706,G,P,Adult,roomgroupA
4708_01,Mars,False,TRAPPIST-1e,False,0.0,25.0,13.0,11.0,998.0,4708,E,S,Young Adult,roomgroupA
4709_01,Earth,False,55 Cancri e,False,2614.0,0.0,103.0,0.0,0.0,4709,F,P,Adult,roomgroupA
4710_01,Mars,False,TRAPPIST-1e,False,130.0,15.0,2454.0,0.0,0.0,4710,F,P,Student,roomgroupA
4710_02,Mars,False,TRAPPIST-1e,False,179.0,0.0,1805.0,131.0,0.0,4710,E,P,Unknown,roomgroupA
4711_01,Mars,False,TRAPPIST-1e,False,1420.0,0.0,84.0,0.0,0.0,4711,F,P,Senior,roomgroupA
4712_01,Earth,True,PSO J318.5-22,False,0.0,0.0,0.0,0.0,0.0,4712,G,P,Senior,roomgroupA
4713_01,Earth,False,TRAPPIST-1e,False,0.0,0.0,111.0,39.0,1094.0,4713,F,S,Student,roomgroupA
4714_01,Earth,True,TRAPPIST-1e,False,0.0,0.0,0.0,0.0,0.0,4714,G,P,Young Adult,roomgroupA
4717_01,Earth,True,TRAPPIST-1e,False,0.0,0.0,0.0,0.0,0.0,4717,G,P,Teenager,roomgroupA
4719_01,Mars,True,TRAPPIST-1e,False,0.0,,0.0,0.0,0.0,4719,E,S,Adult,roomgroupA
4720_01,Earth,False,TRAPPIST-1e,False,0.0,681.0,51.0,131.0,1.0,4720,F,S,Student,roomgroupA
4721_01,Earth,True,TRAPPIST-1e,False,0.0,0.0,0.0,0.0,0.0,4721,G,S,Student,roomgroupA
4723_01,Earth,False,55 Cancri e,False,0.0,262.0,0.0,0.0,502.0,4723,F,S,Teenager,roomgroupA
4723_02,Earth,False,PSO J318.5-22,False,154.0,7.0,241.0,213.0,453.0,4723,F,S,Young Adult,roomgroupA
4725_01,Earth,False,55 Cancri e,False,866.0,0.0,0.0,0.0,23.0,4725,G,P,Young Adult,roomgroupA
4726_01,Europa,False,TRAPPIST-1e,False,0.0,1910.0,0.0,1777.0,,4726,C,S,Young Adult,roomgroupA
4726_02,Europa,False,55 Cancri e,False,0.0,3452.0,0.0,4.0,1960.0,4726,C,S,Young Adult,roomgroupA
4726_03,Europa,False,TRAPPIST-1e,False,0.0,3.0,0.0,1271.0,2630.0,4726,C,S,Student,roomgroupA
4726_04,Europa,True,TRAPPIST-1e,False,0.0,0.0,0.0,0.0,0.0,4726,C,S,Young Adult,roomgroupA
4726_05,Europa,False,TRAPPIST-1e,False,8.0,21.0,0.0,56.0,2167.0,4726,C,S,Adult,roomgroupA
4728_01,Mars,False,TRAPPIST-1e,False,706.0,0.0,0.0,0.0,583.0,4728,F,S,Student,roomgroupA
4728_02,Mars,True,,False,,0.0,0.0,0.0,0.0,4728,F,S,Adult,roomgroupA
4730_01,Europa,False,,False,0.0,1338.0,0.0,40.0,6178.0,4730,B,P,Adult,roomgroupA
4732_01,Europa,True,TRAPPIST-1e,False,0.0,,0.0,0.0,0.0,4732,C,P,Baby,roomgroupA
4732_02,Europa,True,TRAPPIST-1e,False,0.0,0.0,0.0,0.0,0.0,4732,C,P,Young Adult,roomgroupA
4732_03,Europa,False,TRAPPIST-1e,False,0.0,0.0,0.0,0.0,0.0,4732,C,P,Adult,roomgroupA
4733_01,Earth,False,TRAPPIST-1e,False,962.0,0.0,4581.0,105.0,0.0,4733,E,P,Student,roomgroupA
4738_01,Mars,False,TRAPPIST-1e,False,531.0,807.0,35.0,200.0,0.0,4738,F,S,Young Adult,roomgroupA
4738_02,Mars,False,TRAPPIST-1e,False,574.0,0.0,4940.0,1831.0,2.0,4738,F,S,Young Adult,roomgroupA
4739_01,Earth,False,TRAPPIST-1e,False,37.0,3.0,0.0,305.0,581.0,4739,G,S,Student,roomgroupA
4741_01,Mars,True,TRAPPIST-1e,False,0.0,0.0,0.0,0.0,0.0,4741,F,P,Adult,roomgroupA
4741_02,Mars,False,55 Cancri e,,0.0,0.0,0.0,0.0,0.0,4741,F,P,Baby,roomgroupA
4741_03,Mars,,TRAPPIST-1e,False,0.0,0.0,0.0,0.0,0.0,4741,F,P,Child,roomgroupA
4743_01,Europa,False,TRAPPIST-1e,False,0.0,4504.0,0.0,13.0,302.0,4743,E,S,Adult,roomgroupA
4744_01,Europa,False,TRAPPIST-1e,False,0.0,48.0,2067.0,3.0,6.0,4744,C,P,Young Adult,roomgroupA
4744_02,Europa,True,55 Cancri e,False,0.0,0.0,0.0,0.0,0.0,4744,C,P,Young Adult,roomgroupA
4746_01,Earth,False,TRAPPIST-1e,False,282.0,8.0,337.0,0.0,0.0,4746,G,S,Unknown,roomgroupA
4748_01,Mars,False,TRAPPIST-1e,False,204.0,142.0,380.0,38.0,1.0,4748,D,S,Adult,roomgroupA
4750_01,Europa,False,TRAPPIST-1e,False,0.0,395.0,118.0,14.0,1647.0,4750,A,S,Young Adult,roomgroupA
4750_02,Europa,False,TRAPPIST-1e,False,0.0,1382.0,0.0,1795.0,588.0,4750,A,S,Young Adult,roomgroupA
4752_01,Mars,False,PSO J318.5-22,False,233.0,0.0,1356.0,0.0,171.0,4752,F,P,Adult,roomgroupA
4753_01,Mars,False,TRAPPIST-1e,False,850.0,,454.0,0.0,0.0,4753,F,S,Adult,roomgroupA
4754_01,Earth,False,55 Cancri e,False,25.0,245.0,198.0,2.0,321.0,4754,E,S,Young Adult,roomgroupA
4755_01,Mars,True,TRAPPIST-1e,False,0.0,0.0,0.0,0.0,0.0,4755,F,P,Young Adult,roomgroupA
4756_01,Europa,True,55 Cancri e,,0.0,0.0,0.0,0.0,0.0,4756,C,S,Adult,roomgroupA
4756_02,Europa,True,55 Cancri e,False,0.0,0.0,,0.0,0.0,4756,C,S,Adult,roomgroupA
4757_01,Earth,False,TRAPPIST-1e,False,185.0,0.0,476.0,1810.0,53.0,4757,F,S,Young Adult,roomgroupA
4758_01,Earth,False,TRAPPIST-1e,False,248.0,0.0,0.0,0.0,623.0,4758,F,P,Adult,roomgroupA
4759_01,Earth,False,TRAPPIST-1e,False,0.0,3.0,23.0,693.0,0.0,4759,F,S,Young Adult,roomgroupA
4762_01,Mars,True,TRAPPIST-1e,False,0.0,0.0,0.0,0.0,0.0,4762,F,P,Adult,roomgroupA
4763_01,Mars,False,TRAPPIST-1e,False,298.0,0.0,888.0,5.0,0.0,4763,F,P,Young Adult,roomgroupA
4764_01,Earth,False,TRAPPIST-1e,False,0.0,669.0,121.0,0.0,56.0,4764,E,S,Student,roomgroupA
4769_01,Earth,True,TRAPPIST-1e,False,0.0,0.0,0.0,0.0,0.0,4769,G,S,Student,roomgroupA
4770_01,Earth,False,55 Cancri e,False,0.0,509.0,2.0,8.0,74.0,4770,F,S,Student,roomgroupA
4770_02,Earth,True,PSO J318.5-22,False,0.0,0.0,0.0,0.0,0.0,4770,F,S,Student,roomgroupA
4772_01,Earth,False,55 Cancri e,False,256.0,0.0,0.0,0.0,373.0,4772,F,P,Student,roomgroupA
4773_01,Earth,False,,False,935.0,779.0,0.0,0.0,0.0,4773,G,S,Adult,roomgroupA
4774_01,Mars,True,TRAPPIST-1e,False,0.0,0.0,0.0,0.0,0.0,4774,F,P,Baby,roomgroupA
4774_02,Mars,True,TRAPPIST-1e,False,0.0,0.0,0.0,0.0,0.0,4774,F,P,Baby,roomgroupA
4774_03,Mars,False,TRAPPIST-1e,False,2130.0,0.0,1.0,1.0,0.0,4774,F,P,Young Adult,roomgroupA
4774_04,Mars,True,TRAPPIST-1e,False,0.0,0.0,0.0,0.0,0.0,4774,F,P,Child,roomgroupA
4775_01,Earth,False,TRAPPIST-1e,False,123.0,1.0,660.0,0.0,0.0,4775,G,S,Student,roomgroupA
4777_01,Earth,True,TRAPPIST-1e,False,0.0,0.0,0.0,0.0,0.0,4777,G,S,Young Adult,roomgroupA
4778_01,Europa,False,TRAPPIST-1e,False,588.0,1261.0,0.0,228.0,6.0,4778,A,S,Young Adult,roomgroupA
4780_01,Mars,False,TRAPPIST-1e,False,845.0,0.0,46.0,123.0,0.0,4780,E,S,Student,roomgroupA
4780_02,Mars,True,TRAPPIST-1e,False,0.0,0.0,0.0,0.0,0.0,4780,E,S,Young Adult,roomgroupA
4782_01,Europa,True,55 Cancri e,False,0.0,0.0,0.0,0.0,0.0,4782,G,S,Student,roomgroupA
4782_02,Europa,False,TRAPPIST-1e,False,50.0,11552.0,0.0,2998.0,4334.0,4782,C,S,Adult,roomgroupA
4782_03,Europa,False,55 Cancri e,False,0.0,225.0,0.0,3873.0,240.0,4782,C,S,Young Adult,roomgroupA
4782_04,Europa,True,55 Cancri e,False,0.0,0.0,0.0,0.0,,4782,C,S,Young Adult,roomgroupA
4782_05,Europa,False,55 Cancri e,False,0.0,342.0,929.0,10887.0,0.0,4782,C,S,Adult,roomgroupA
4783_01,Europa,False,TRAPPIST-1e,False,223.0,9495.0,0.0,1318.0,1866.0,4783,A,P,Adult,roomgroupA
4784_01,Mars,True,TRAPPIST-1e,False,0.0,0.0,0.0,0.0,0.0,4784,F,S,Student,roomgroupA
4785_01,Europa,True,55 Cancri e,False,0.0,0.0,0.0,0.0,0.0,4785,B,P,Young Adult,roomgroupA
4786_01,Europa,True,TRAPPIST-1e,True,0.0,0.0,0.0,0.0,0.0,4786,B,P,Adult,roomgroupA
4787_01,Earth,False,TRAPPIST-1e,False,2.0,0.0,,9.0,754.0,4787,G,S,Student,roomgroupA
4788_01,Earth,False,TRAPPIST-1e,False,0.0,0.0,0.0,778.0,0.0,4788,F,S,Student,roomgroupA
4790_01,Europa,False,,True,0.0,2853.0,0.0,0.0,1666.0,4790,B,S,Adult,roomgroupA
4791_01,Earth,False,TRAPPIST-1e,False,63.0,1339.0,9.0,253.0,42.0,4791,G,S,Adult,roomgroupA
4792_01,Earth,True,TRAPPIST-1e,False,0.0,0.0,0.0,0.0,0.0,4792,G,S,Student,roomgroupA
4793_01,Europa,False,55 Cancri e,False,13.0,1480.0,1.0,1439.0,1955.0,4793,E,S,Adult,roomgroupA
4793_02,Europa,False,TRAPPIST-1e,False,0.0,1131.0,3783.0,161.0,0.0,4793,E,S,Student,roomgroupA
4794_01,Earth,False,TRAPPIST-1e,False,0.0,104.0,0.0,599.0,0.0,4794,F,P,Senior,roomgroupA
4795_01,Earth,False,TRAPPIST-1e,False,138.0,706.0,0.0,18.0,40.0,4795,F,S,Adult,roomgroupA
4796_01,Mars,False,TRAPPIST-1e,False,21.0,0.0,1564.0,0.0,1.0,4796,G,S,Teenager,roomgroupA
4796_02,Mars,True,,False,0.0,0.0,0.0,0.0,0.0,4796,E,S,Adult,roomgroupA
4797_01,Earth,True,PSO J318.5-22,False,0.0,0.0,0.0,0.0,0.0,4797,G,S,Teenager,roomgroupA
4798_01,Mars,True,TRAPPIST-1e,False,0.0,0.0,0.0,0.0,0.0,4798,F,P,Young Adult,roomgroupA
4798_02,Mars,True,TRAPPIST-1e,False,0.0,0.0,0.0,,0.0,4798,F,P,Baby,roomgroupA
4798_03,Mars,True,TRAPPIST-1e,False,0.0,,0.0,0.0,0.0,4798,F,P,Child,roomgroupA
4801_01,Earth,True,TRAPPIST-1e,False,,0.0,0.0,0.0,0.0,4801,G,P,Child,roomgroupA
4803_01,Earth,False,TRAPPIST-1e,False,1028.0,18.0,0.0,0.0,0.0,4803,F,P,Adult,roomgroupA
4804_01,Earth,False,TRAPPIST-1e,False,211.0,594.0,2.0,493.0,62.0,4804,F,S,Student,roomgroupA
4804_02,Earth,False,TRAPPIST-1e,False,0.0,0.0,,0.0,0.0,4804,G,S,Child,roomgroupA
4804_03,Earth,True,TRAPPIST-1e,False,0.0,0.0,,0.0,0.0,4804,G,S,Baby,roomgroupA
4807_01,Earth,False,TRAPPIST-1e,False,22.0,1.0,0.0,864.0,0.0,4807,G,P,Adult,roomgroupA
4808_01,Mars,False,TRAPPIST-1e,False,665.0,631.0,1.0,,0.0,4808,E,P,Young Adult,roomgroupA
4810_01,Earth,False,PSO J318.5-22,False,30.0,4.0,0.0,321.0,451.0,4810,G,S,Student,roomgroupA
4813_01,Europa,False,55 Cancri e,False,0.0,7762.0,2.0,0.0,98.0,4813,C,S,Adult,roomgroupA
4814_01,Earth,True,55 Cancri e,False,0.0,0.0,0.0,0.0,0.0,4814,G,S,Student,roomgroupA
4815_01,Earth,False,55 Cancri e,False,564.0,9.0,0.0,0.0,30.0,4815,F,S,Student,roomgroupA
4817_01,Mars,False,TRAPPIST-1e,False,17.0,0.0,746.0,394.0,0.0,4817,F,P,Young Adult,roomgroupA
4818_01,Mars,False,TRAPPIST-1e,False,588.0,196.0,272.0,0.0,0.0,4818,D,S,Senior,roomgroupA
4819_01,Mars,True,TRAPPIST-1e,False,0.0,0.0,0.0,0.0,0.0,4819,F,P,Student,roomgroupA
4822_01,Mars,True,55 Cancri e,False,0.0,0.0,0.0,0.0,0.0,4822,F,P,Baby,roomgroupA
4822_02,Mars,True,TRAPPIST-1e,False,0.0,0.0,0.0,0.0,0.0,4822,F,P,Teenager,roomgroupA
4822_03,,True,TRAPPIST-1e,False,0.0,0.0,0.0,0.0,0.0,4822,F,P,Student,roomgroupA
4822_04,Mars,False,TRAPPIST-1e,False,0.0,0.0,0.0,0.0,0.0,4822,F,P,Baby,roomgroupA
4823_01,Earth,False,TRAPPIST-1e,False,526.0,0.0,,258.0,0.0,4823,G,P,Student,roomgroupA
4827_01,Earth,True,PSO J318.5-22,,0.0,0.0,0.0,0.0,0.0,4827,G,S,Young Adult,roomgroupA
4828_01,Earth,False,55 Cancri e,False,363.0,44.0,0.0,0.0,512.0,4828,G,P,Teenager,roomgroupA
4829_01,Mars,False,TRAPPIST-1e,False,944.0,292.0,2.0,,0.0,4829,F,P,Adult,roomgroupA
4830_01,Earth,False,TRAPPIST-1e,False,0.0,0.0,0.0,19.0,785.0,4830,F,P,Student,roomgroupA
4831_01,Mars,True,TRAPPIST-1e,False,0.0,0.0,0.0,0.0,0.0,4831,F,P,Student,roomgroupA
4832_01,Earth,False,,False,542.0,440.0,1.0,0.0,0.0,4832,E,P,Adult,roomgroupA
4836_01,Mars,True,TRAPPIST-1e,False,0.0,,0.0,0.0,0.0,4836,G,S,Young Adult,roomgroupA
4836_02,Mars,False,TRAPPIST-1e,True,20.0,,1902.0,0.0,3.0,4836,F,S,Young Adult,roomgroupA
4837_01,Earth,False,TRAPPIST-1e,,0.0,198.0,559.0,19.0,44.0,4837,F,S,Student,roomgroupA
4838_01,Earth,False,TRAPPIST-1e,False,1.0,13.0,3.0,0.0,700.0,4838,F,S,Adult,roomgroupA
4840_01,,True,TRAPPIST-1e,False,0.0,0.0,,0.0,0.0,4840,F,S,Adult,roomgroupA
4841_01,Europa,True,55 Cancri e,False,0.0,0.0,0.0,0.0,0.0,4841,B,S,Adult,roomgroupA
4841_02,Europa,False,TRAPPIST-1e,False,12.0,1855.0,0.0,1381.0,358.0,4841,B,S,Student,roomgroupA
4841_03,Europa,False,TRAPPIST-1e,False,21.0,2148.0,0.0,1966.0,12708.0,4841,B,S,Young Adult,roomgroupA
4842_01,Mars,False,TRAPPIST-1e,False,2260.0,0.0,152.0,106.0,60.0,4842,D,S,Student,roomgroupA
4845_01,Europa,True,55 Cancri e,False,0.0,0.0,0.0,0.0,0.0,4845,E,P,Adult,roomgroupA
4846_01,Earth,False,TRAPPIST-1e,False,161.0,3.0,0.0,624.0,0.0,4846,E,S,Adult,roomgroupA
4846_02,Earth,True,TRAPPIST-1e,False,0.0,0.0,0.0,0.0,,4846,G,S,Baby,roomgroupA
4847_01,Earth,False,TRAPPIST-1e,False,0.0,0.0,699.0,18.0,86.0,4847,F,S,Student,roomgroupA
4848_01,Earth,False,TRAPPIST-1e,False,148.0,0.0,0.0,619.0,34.0,4848,F,P,Young Adult,roomgroupA
4850_01,Earth,False,TRAPPIST-1e,False,14.0,0.0,437.0,103.0,333.0,4850,G,S,Student,roomgroupA
4850_02,Earth,False,TRAPPIST-1e,False,330.0,114.0,0.0,2.0,0.0,4850,G,S,Adult,roomgroupA
4851_01,Earth,False,PSO J318.5-22,,0.0,463.0,1.0,172.0,0.0,4851,F,S,Adult,roomgroupA
4853_01,Europa,False,TRAPPIST-1e,False,4531.0,212.0,10.0,157.0,12.0,4853,C,P,Young Adult,roomgroupA
4856_01,Earth,False,TRAPPIST-1e,False,12.0,8.0,0.0,4.0,753.0,4856,F,S,Adult,roomgroupA
4857_01,Earth,False,55 Cancri e,False,423.0,,0.0,0.0,0.0,4857,G,P,Student,roomgroupA
4862_01,Earth,False,TRAPPIST-1e,False,0.0,871.0,17.0,0.0,0.0,4862,G,P,Young Adult,roomgroupA
4863_01,Europa,,TRAPPIST-1e,False,1721.0,667.0,,28.0,1362.0,4863,T,S,Adult,roomgroupA
4864_01,Earth,False,55 Cancri e,False,0.0,0.0,0.0,734.0,21.0,4864,G,P,Young Adult,roomgroupA
4866_01,Earth,False,TRAPPIST-1e,False,0.0,0.0,1875.0,142.0,2.0,4866,F,S,Teenager,roomgroupA
4868_01,Earth,False,TRAPPIST-1e,False,0.0,775.0,0.0,13.0,0.0,4868,E,P,Teenager,roomgroupA
4870_01,Earth,False,55 Cancri e,False,8.0,0.0,,0.0,176.0,4870,G,P,Teenager,roomgroupA
4871_01,Earth,False,PSO J318.5-22,False,0.0,611.0,0.0,0.0,0.0,4871,F,P,Teenager,roomgroupA
4873_01,Europa,False,55 Cancri e,False,0.0,1135.0,0.0,0.0,3880.0,4873,C,S,Adult,roomgroupA
4874_01,Mars,False,TRAPPIST-1e,False,654.0,0.0,655.0,0.0,0.0,4874,F,S,Young Adult,roomgroupA
4874_02,Mars,True,TRAPPIST-1e,False,0.0,0.0,0.0,0.0,0.0,4874,F,S,Student,roomgroupA
4875_01,Earth,False,TRAPPIST-1e,False,529.0,8.0,89.0,21.0,0.0,4875,F,S,Student,roomgroupA
4876_01,Mars,False,TRAPPIST-1e,False,750.0,0.0,109.0,368.0,0.0,4876,F,S,Young Adult,roomgroupA
4878_01,Mars,False,TRAPPIST-1e,False,108.0,0.0,941.0,861.0,0.0,4878,F,S,Adult,roomgroupA
4879_01,Earth,False,TRAPPIST-1e,False,362.0,0.0,31.0,12.0,483.0,4879,G,P,Student,roomgroupA
4880_01,Earth,False,55 Cancri e,False,126.0,3.0,0.0,1305.0,0.0,4880,G,P,Student,roomgroupA
4881_01,Mars,True,TRAPPIST-1e,False,0.0,0.0,0.0,0.0,0.0,4881,E,S,Young Adult,roomgroupA
4882_01,Europa,False,TRAPPIST-1e,False,9.0,2031.0,0.0,20.0,1837.0,4882,B,S,Unknown,roomgroupA
4883_01,,True,TRAPPIST-1e,False,0.0,0.0,0.0,0.0,0.0,4883,G,P,Adult,roomgroupA
4884_01,Mars,True,TRAPPIST-1e,False,0.0,0.0,0.0,0.0,0.0,4884,E,S,Student,roomgroupA
4885_01,Mars,False,TRAPPIST-1e,False,74.0,0.0,713.0,0.0,502.0,4885,F,S,Student,roomgroupA
4886_01,Earth,False,TRAPPIST-1e,False,,0.0,1770.0,1284.0,8.0,4886,F,S,Student,roomgroupA
4887_01,Earth,False,TRAPPIST-1e,False,0.0,254.0,868.0,405.0,0.0,4887,F,P,Student,roomgroupA
4888_01,Europa,True,TRAPPIST-1e,False,0.0,0.0,0.0,0.0,0.0,4888,C,S,Young Adult,roomgroupA
4889_01,Earth,False,PSO J318.5-22,False,274.0,8.0,0.0,19.0,466.0,4889,G,S,Adult,roomgroupA
4890_01,Earth,False,55 Cancri e,False,0.0,0.0,0.0,0.0,0.0,4890,G,S,Child,roomgroupA
4890_02,Earth,False,TRAPPIST-1e,False,0.0,0.0,874.0,,0.0,4890,F,S,Student,roomgroupA
4891_01,Europa,True,TRAPPIST-1e,False,0.0,0.0,0.0,0.0,0.0,4891,B,S,Student,roomgroupA
4891_02,Europa,True,55 Cancri e,False,0.0,0.0,0.0,0.0,0.0,4891,B,S,Young Adult,roomgroupA
4892_01,Earth,False,TRAPPIST-1e,False,44.0,,0.0,42.0,1731.0,4892,G,S,Adult,roomgroupA
4893_01,Earth,True,55 Cancri e,False,0.0,0.0,0.0,0.0,0.0,4893,G,S,Young Adult,roomgroupA
4895_01,Earth,True,55 Cancri e,False,0.0,0.0,0.0,0.0,0.0,4895,G,P,Teenager,roomgroupA
4896_01,Earth,False,TRAPPIST-1e,False,176.0,932.0,0.0,0.0,,4896,F,P,Adult,roomgroupA
4897_01,Earth,False,TRAPPIST-1e,False,0.0,0.0,31.0,2121.0,0.0,4897,F,P,Student,roomgroupA
4898_01,Earth,False,TRAPPIST-1e,False,647.0,1.0,32.0,71.0,140.0,4898,F,S,Young Adult,roomgroupA
4899_01,Earth,True,TRAPPIST-1e,False,0.0,0.0,0.0,0.0,0.0,4899,G,S,Adult,roomgroupA
4899_02,Earth,False,PSO J318.5-22,False,8.0,690.0,3.0,5.0,0.0,4899,G,S,Young Adult,roomgroupA
4900_01,Earth,False,PSO J318.5-22,False,0.0,0.0,2.0,672.0,10.0,4900,F,P,Adult,roomgroupA
4901_01,Earth,False,TRAPPIST-1e,False,0.0,837.0,1.0,2.0,8.0,4901,G,P,Adult,roomgroupA
4901_02,Earth,False,TRAPPIST-1e,False,695.0,25.0,276.0,0.0,0.0,4901,E,P,Young Adult,roomgroupA
4902_01,Earth,True,TRAPPIST-1e,False,0.0,0.0,0.0,0.0,0.0,4902,G,P,Adult,roomgroupA
4903_01,Earth,False,55 Cancri e,False,62.0,0.0,0.0,1.0,2203.0,4903,F,P,Student,roomgroupA
4904_01,Earth,False,TRAPPIST-1e,False,2.0,0.0,0.0,788.0,0.0,4904,E,S,Adult,roomgroupA
4909_01,Earth,False,55 Cancri e,False,460.0,139.0,0.0,1.0,0.0,4909,F,P,Adult,roomgroupA
4910_01,Europa,False,TRAPPIST-1e,False,0.0,1330.0,0.0,2711.0,691.0,4910,E,P,Adult,roomgroupA
4911_01,Earth,False,TRAPPIST-1e,False,0.0,0.0,0.0,702.0,0.0,4911,F,P,Student,roomgroupA
4912_01,Mars,False,TRAPPIST-1e,False,3284.0,84.0,0.0,0.0,2.0,4912,D,P,Young Adult,roomgroupA
4912_02,Mars,True,TRAPPIST-1e,False,0.0,0.0,0.0,0.0,0.0,4912,F,P,Teenager,roomgroupA
4913_01,Mars,False,TRAPPIST-1e,False,1301.0,0.0,31.0,1.0,0.0,4913,F,P,Student,roomgroupA
4915_01,Earth,True,PSO J318.5-22,False,0.0,0.0,0.0,0.0,0.0,4915,G,P,Adult,roomgroupA
4916_01,Mars,True,TRAPPIST-1e,False,0.0,0.0,0.0,0.0,0.0,4916,F,P,Student,roomgroupA
4917_01,Europa,False,55 Cancri e,True,1.0,10029.0,1.0,1679.0,27.0,4917,B,S,Adult,roomgroupA
4918_01,Earth,True,55 Cancri e,False,0.0,0.0,0.0,0.0,0.0,4918,G,P,Adult,roomgroupA
4920_01,Earth,True,55 Cancri e,False,0.0,0.0,0.0,0.0,0.0,4920,G,S,Young Adult,roomgroupA
4923_01,Mars,True,TRAPPIST-1e,False,0.0,0.0,0.0,0.0,0.0,4923,F,S,Baby,roomgroupA
4923_02,Mars,True,TRAPPIST-1e,False,0.0,0.0,0.0,0.0,0.0,4923,F,S,Student,roomgroupA
4923_03,Mars,False,TRAPPIST-1e,False,261.0,0.0,780.0,0.0,0.0,4923,F,S,Young Adult,roomgroupA
4924_01,Mars,False,55 Cancri e,False,725.0,0.0,747.0,0.0,0.0,4924,F,P,Young Adult,roomgroupA
4925_01,Mars,False,TRAPPIST-1e,False,197.0,76.0,5635.0,7.0,0.0,4925,F,S,Student,roomgroupA
4927_01,Mars,False,TRAPPIST-1e,False,0.0,0.0,0.0,0.0,0.0,4927,F,S,Baby,roomgroupA
4927_02,Mars,True,TRAPPIST-1e,False,0.0,0.0,0.0,0.0,0.0,4927,F,S,Student,roomgroupA
4927_03,Mars,False,TRAPPIST-1e,False,0.0,0.0,0.0,0.0,0.0,4927,F,S,Student,roomgroupA
4927_04,Mars,False,TRAPPIST-1e,False,0.0,0.0,0.0,0.0,0.0,4927,F,S,Baby,roomgroupA
4929_01,Mars,True,55 Cancri e,False,0.0,0.0,0.0,0.0,0.0,4929,F,P,Teenager,roomgroupA
4930_01,Europa,True,,False,0.0,0.0,0.0,0.0,0.0,4930,B,P,Adult,roomgroupA
4930_02,Europa,False,TRAPPIST-1e,False,0.0,3571.0,106.0,0.0,0.0,4930,B,P,Adult,roomgroupA
4932_01,Mars,,TRAPPIST-1e,False,223.0,0.0,630.0,14.0,0.0,4932,D,P,Student,roomgroupA
4932_02,Mars,True,55 Cancri e,False,0.0,0.0,0.0,0.0,0.0,4932,F,P,Baby,roomgroupA
4933_01,Mars,False,TRAPPIST-1e,False,0.0,0.0,0.0,0.0,0.0,4933,F,S,Baby,roomgroupA
4933_02,,False,TRAPPIST-1e,False,2083.0,0.0,10.0,0.0,0.0,4933,F,S,Teenager,roomgroupA
4933_03,Mars,False,TRAPPIST-1e,False,623.0,0.0,501.0,304.0,776.0,4933,F,S,Young Adult,roomgroupA
4933_04,Mars,True,TRAPPIST-1e,False,0.0,0.0,0.0,0.0,0.0,4933,F,S,Baby,roomgroupA
4934_01,Earth,False,TRAPPIST-1e,False,210.0,20.0,0.0,1027.0,199.0,4934,F,P,Young Adult,roomgroupA
4937_01,Earth,False,TRAPPIST-1e,False,1242.0,444.0,0.0,22.0,0.0,4937,G,S,Young Adult,roomgroupA
4938_01,Earth,False,55 Cancri e,False,0.0,0.0,847.0,0.0,0.0,4938,G,S,Student,roomgroupA
4939_01,Earth,False,TRAPPIST-1e,False,0.0,2077.0,0.0,0.0,0.0,4939,F,P,Student,roomgroupA
4940_01,Earth,True,,False,0.0,0.0,0.0,0.0,0.0,4940,G,S,Student,roomgroupA
4941_01,Mars,False,TRAPPIST-1e,False,988.0,0.0,830.0,2.0,0.0,4941,F,P,Adult,roomgroupA
4942_01,Earth,True,TRAPPIST-1e,,0.0,0.0,0.0,0.0,0.0,4942,G,S,Baby,roomgroupA
4942_02,Earth,True,TRAPPIST-1e,False,0.0,0.0,0.0,0.0,0.0,4942,G,S,Adult,roomgroupA
4943_01,Mars,True,TRAPPIST-1e,,0.0,0.0,0.0,0.0,0.0,4943,F,P,Student,roomgroupA
4944_01,Europa,False,55 Cancri e,False,269.0,2171.0,2.0,2.0,0.0,4944,A,S,Unknown,roomgroupA
4944_02,Europa,False,55 Cancri e,False,0.0,3448.0,0.0,737.0,2193.0,4944,A,S,Adult,roomgroupA
4944_03,Europa,False,TRAPPIST-1e,False,153.0,1750.0,0.0,334.0,1539.0,4944,A,S,Adult,roomgroupA
4945_01,Earth,True,PSO J318.5-22,False,0.0,0.0,0.0,0.0,0.0,4945,G,P,Young Adult,roomgroupA
4946_01,Earth,True,TRAPPIST-1e,False,0.0,0.0,0.0,0.0,0.0,4946,G,P,Young Adult,roomgroupA
4950_01,Earth,True,PSO J318.5-22,False,0.0,0.0,0.0,0.0,0.0,4950,G,P,Adult,roomgroupA
4951_01,Mars,False,TRAPPIST-1e,False,11.0,0.0,1297.0,38.0,0.0,4951,F,P,Adult,roomgroupA
4952_01,Mars,True,TRAPPIST-1e,False,0.0,0.0,0.0,0.0,0.0,4952,F,S,Adult,roomgroupA
4954_01,Earth,False,TRAPPIST-1e,False,3.0,1018.0,687.0,50.0,,4954,G,S,Young Adult,roomgroupA
4956_01,Earth,True,TRAPPIST-1e,False,0.0,0.0,0.0,0.0,0.0,4956,G,S,Student,roomgroupA
4958_01,Earth,False,TRAPPIST-1e,False,0.0,235.0,0.0,474.0,0.0,4958,G,S,Young Adult,roomgroupA
4961_01,Mars,False,TRAPPIST-1e,False,1016.0,0.0,307.0,5.0,,4961,F,S,Young Adult,roomgroupA
4963_01,Earth,True,TRAPPIST-1e,False,0.0,0.0,0.0,0.0,0.0,4963,G,S,Senior,roomgroupA
4964_01,Mars,False,TRAPPIST-1e,False,2147.0,0.0,191.0,59.0,0.0,4964,D,S,Senior,roomgroupA
4965_01,Earth,,TRAPPIST-1e,False,457.0,79.0,1134.0,0.0,0.0,4965,E,P,Student,roomgroupA
4970_01,Earth,False,PSO J318.5-22,False,0.0,9.0,0.0,0.0,1376.0,4970,F,S,Young Adult,roomgroupA
4972_01,Europa,False,55 Cancri e,False,87.0,1719.0,2750.0,0.0,79.0,4972,B,P,Adult,roomgroupA
4973_01,Earth,False,TRAPPIST-1e,False,957.0,0.0,1.0,0.0,39.0,4973,E,P,Adult,roomgroupA
4973_02,Earth,True,55 Cancri e,False,0.0,0.0,0.0,0.0,0.0,4973,G,P,Baby,roomgroupA
4974_01,Europa,False,TRAPPIST-1e,False,0.0,10.0,0.0,9319.0,1225.0,4974,A,P,Adult,roomgroupA
4974_02,Europa,True,55 Cancri e,False,0.0,0.0,0.0,0.0,,4974,G,S,Adult,roomgroupA
4975_01,Earth,True,PSO J318.5-22,False,0.0,0.0,0.0,0.0,0.0,4975,G,S,Young Adult,roomgroupA
4975_02,Earth,False,TRAPPIST-1e,False,0.0,0.0,0.0,0.0,0.0,4975,G,S,Teenager,roomgroupA
4975_03,Earth,True,PSO J318.5-22,False,0.0,0.0,0.0,0.0,0.0,4975,G,S,Baby,roomgroupA
4977_01,Earth,False,TRAPPIST-1e,False,0.0,4.0,834.0,0.0,32.0,4977,F,S,Adult,roomgroupA
4977_02,Earth,False,TRAPPIST-1e,False,2756.0,125.0,9.0,0.0,103.0,4977,F,S,Young Adult,roomgroupA
4978_01,Earth,False,TRAPPIST-1e,False,0.0,358.0,287.0,0.0,,4978,F,P,Student,roomgroupA
4979_01,Earth,True,PSO J318.5-22,False,0.0,0.0,0.0,0.0,0.0,4979,G,P,Young Adult,roomgroupA
4980_01,Earth,False,TRAPPIST-1e,False,0.0,0.0,0.0,882.0,0.0,4980,G,P,Young Adult,roomgroupA
4980_02,Earth,False,,False,0.0,0.0,0.0,0.0,0.0,4980,G,P,Teenager,roomgroupA
4980_03,Earth,False,TRAPPIST-1e,False,0.0,0.0,0.0,0.0,0.0,4980,G,P,Child,roomgroupA
4981_01,Earth,,TRAPPIST-1e,False,0.0,769.0,0.0,0.0,7.0,4981,F,S,Teenager,roomgroupA
4981_02,Earth,,PSO J318.5-22,False,0.0,0.0,0.0,0.0,0.0,4981,G,S,Young Adult,roomgroupA
4981_03,Earth,False,TRAPPIST-1e,False,530.0,0.0,0.0,0.0,179.0,4981,G,S,Young Adult,roomgroupA
4983_01,Earth,False,TRAPPIST-1e,False,61.0,0.0,214.0,445.0,,4983,F,P,Student,roomgroupA
4987_01,Earth,False,TRAPPIST-1e,False,36.0,162.0,0.0,588.0,0.0,4987,G,S,Student,roomgroupA
4989_01,Earth,False,TRAPPIST-1e,False,0.0,1.0,0.0,786.0,0.0,4989,E,P,Adult,roomgroupA
4990_01,Europa,True,TRAPPIST-1e,False,0.0,0.0,0.0,0.0,0.0,4990,B,P,Adult,roomgroupA
4991_01,Earth,False,TRAPPIST-1e,False,610.0,,0.0,200.0,5.0,4991,G,P,Senior,roomgroupA
4992_01,Earth,False,PSO J318.5-22,False,479.0,34.0,0.0,29.0,4.0,4992,F,P,Student,roomgroupA
4995_01,Earth,False,55 Cancri e,False,642.0,282.0,0.0,0.0,0.0,4995,G,P,Adult,roomgroupA
4996_01,Mars,True,,False,0.0,0.0,0.0,0.0,0.0,4996,F,S,Young Adult,roomgroupA
4997_01,Europa,True,TRAPPIST-1e,False,0.0,0.0,0.0,0.0,0.0,4997,C,P,Adult,roomgroupA
4998_01,Earth,True,TRAPPIST-1e,False,0.0,0.0,0.0,0.0,0.0,4998,G,S,Adult,roomgroupA
4999_01,Earth,False,TRAPPIST-1e,False,1120.0,0.0,0.0,0.0,794.0,4999,F,S,Young Adult,roomgroupA
5000_01,Earth,True,TRAPPIST-1e,False,0.0,0.0,0.0,0.0,0.0,5000,G,P,Adult,roomgroupA
5003_01,Earth,True,TRAPPIST-1e,False,0.0,0.0,0.0,0.0,0.0,5003,G,P,Student,roomgroupA
5004_01,Europa,True,TRAPPIST-1e,False,0.0,0.0,0.0,0.0,0.0,5004,B,P,Young Adult,roomgroupA
5005_01,Earth,False,TRAPPIST-1e,False,819.0,31.0,0.0,49.0,2.0,5005,F,P,Adult,roomgroupA
5006_01,Europa,True,TRAPPIST-1e,False,0.0,0.0,0.0,0.0,0.0,5006,B,P,Teenager,roomgroupA
5006_02,Europa,True,55 Cancri e,False,0.0,0.0,0.0,0.0,0.0,5006,B,P,Adult,roomgroupA
5006_03,Europa,False,TRAPPIST-1e,False,0.0,219.0,0.0,5.0,3283.0,5006,B,P,Student,roomgroupA
5007_01,Mars,False,TRAPPIST-1e,False,1337.0,49.0,57.0,0.0,0.0,5007,F,S,Adult,roomgroupA
5008_01,Mars,True,TRAPPIST-1e,False,0.0,0.0,0.0,0.0,0.0,5008,F,S,Student,roomgroupA
5009_01,Mars,True,TRAPPIST-1e,False,0.0,0.0,0.0,0.0,0.0,5009,F,P,Adult,roomgroupA
5010_01,Mars,False,TRAPPIST-1e,True,1033.0,172.0,26.0,0.0,518.0,5010,F,P,Young Adult,roomgroupA
5012_01,Earth,True,55 Cancri e,False,0.0,0.0,0.0,0.0,0.0,5012,G,P,Young Adult,roomgroupA
5013_01,Earth,False,TRAPPIST-1e,False,0.0,0.0,2102.0,0.0,0.0,5013,F,S,Student,roomgroupA
5014_01,,False,TRAPPIST-1e,False,1331.0,0.0,973.0,484.0,0.0,5014,D,P,Young Adult,roomgroupA
5014_02,Mars,True,TRAPPIST-1e,False,0.0,0.0,0.0,0.0,0.0,5014,F,P,Child,roomgroupA
5015_01,Europa,False,55 Cancri e,False,54.0,493.0,12.0,6691.0,253.0,5015,C,S,Adult,roomgroupA
5016_01,Mars,False,TRAPPIST-1e,False,1092.0,31.0,309.0,0.0,0.0,5016,F,P,Student,roomgroupA
5017_01,Mars,True,TRAPPIST-1e,False,0.0,0.0,0.0,0.0,0.0,5017,F,S,Young Adult,roomgroupA
5018_01,Earth,True,TRAPPIST-1e,False,0.0,0.0,0.0,0.0,0.0,5018,G,P,Teenager,roomgroupA
5019_01,Earth,False,TRAPPIST-1e,False,0.0,0.0,19.0,352.0,326.0,5019,F,S,Teenager,roomgroupA
5020_01,Earth,False,PSO J318.5-22,False,648.0,19.0,0.0,0.0,4.0,5020,F,S,Student,roomgroupA
5021_01,Europa,False,TRAPPIST-1e,False,4.0,4619.0,0.0,251.0,213.0,5021,B,P,Adult,roomgroupA
5023_01,Earth,False,55 Cancri e,False,0.0,0.0,0.0,474.0,12.0,5023,G,P,Adult,roomgroupA
5025_01,Earth,False,TRAPPIST-1e,False,1042.0,50.0,0.0,9.0,0.0,5025,F,P,Young Adult,roomgroupA
5027_01,Earth,False,55 Cancri e,False,4.0,737.0,0.0,51.0,0.0,5027,E,S,Adult,roomgroupA
5028_01,Europa,False,55 Cancri e,False,1904.0,18.0,0.0,89.0,4411.0,5028,A,S,Adult,roomgroupA
5032_01,Europa,True,TRAPPIST-1e,False,0.0,0.0,0.0,0.0,0.0,5032,E,S,Young Adult,roomgroupA
5034_01,Earth,False,TRAPPIST-1e,False,0.0,52.0,8.0,0.0,4160.0,5034,G,S,Adult,roomgroupA
5035_01,Earth,True,TRAPPIST-1e,False,0.0,0.0,0.0,0.0,0.0,5035,G,S,Teenager,roomgroupA
5036_01,Earth,True,PSO J318.5-22,False,0.0,0.0,0.0,0.0,0.0,5036,G,P,Young Adult,roomgroupA
5036_02,Earth,False,TRAPPIST-1e,False,5.0,1.0,7.0,0.0,895.0,5036,G,P,Young Adult,roomgroupA
5039_01,Mars,False,TRAPPIST-1e,False,1285.0,,14.0,1386.0,0.0,5039,F,S,Teenager,roomgroupA
5039_02,Mars,True,TRAPPIST-1e,False,0.0,0.0,0.0,0.0,0.0,5039,F,S,Teenager,roomgroupA
5039_03,Mars,False,TRAPPIST-1e,False,1157.0,0.0,0.0,131.0,0.0,5039,F,S,Young Adult,roomgroupA
5039_04,Mars,False,TRAPPIST-1e,False,1307.0,0.0,0.0,2.0,0.0,5039,F,S,Adult,roomgroupA
5040_01,Europa,False,TRAPPIST-1e,False,0.0,21.0,10424.0,1373.0,7218.0,5040,C,S,Young Adult,roomgroupA
5040_02,Europa,False,55 Cancri e,False,10.0,199.0,0.0,6216.0,101.0,5040,C,S,Adult,roomgroupA
5042_01,Earth,False,TRAPPIST-1e,False,8.0,1.0,4.0,419.0,304.0,5042,F,P,Student,roomgroupA
5044_01,Earth,False,TRAPPIST-1e,False,0.0,381.0,142.0,0.0,261.0,5044,G,S,Student,roomgroupA
5044_02,Earth,True,PSO J318.5-22,False,0.0,0.0,0.0,0.0,0.0,5044,G,S,Young Adult,roomgroupA
5048_01,Earth,False,TRAPPIST-1e,False,0.0,0.0,0.0,0.0,0.0,5048,G,S,Adult,roomgroupA
5050_01,Earth,False,TRAPPIST-1e,False,433.0,111.0,238.0,86.0,0.0,5050,F,P,Young Adult,roomgroupA
5051_01,Mars,False,TRAPPIST-1e,False,1176.0,0.0,20.0,103.0,0.0,5051,E,S,Adult,roomgroupA
5052_01,Mars,True,TRAPPIST-1e,False,0.0,0.0,0.0,0.0,0.0,5052,F,S,Teenager,roomgroupA
5052_02,Mars,False,55 Cancri e,False,228.0,1451.0,912.0,3.0,0.0,5052,F,S,Student,roomgroupA
5057_01,Earth,True,55 Cancri e,False,0.0,0.0,0.0,0.0,0.0,5057,G,P,Teenager,roomgroupA
5058_01,Mars,True,TRAPPIST-1e,False,,0.0,0.0,0.0,0.0,5058,F,S,Child,roomgroupA
5058_02,Mars,False,PSO J318.5-22,True,600.0,31.0,1.0,659.0,191.0,5058,F,S,Young Adult,roomgroupA
5058_03,Mars,True,TRAPPIST-1e,False,0.0,0.0,0.0,0.0,0.0,5058,F,S,Adult,roomgroupA
5059_01,Earth,False,55 Cancri e,False,639.0,0.0,0.0,0.0,0.0,5059,F,P,Student,roomgroupA
5060_01,Europa,True,55 Cancri e,False,0.0,0.0,0.0,0.0,0.0,5060,C,P,Adult,roomgroupA
5060_02,Europa,True,TRAPPIST-1e,False,0.0,0.0,0.0,0.0,0.0,5060,C,P,Teenager,roomgroupA
5060_03,Europa,False,55 Cancri e,False,0.0,867.0,0.0,20.0,1371.0,5060,C,P,Young Adult,roomgroupA
5060_04,Europa,False,55 Cancri e,True,530.0,418.0,0.0,,9129.0,5060,C,P,Young Adult,roomgroupA
5061_01,Europa,True,TRAPPIST-1e,False,0.0,0.0,,0.0,0.0,5061,C,S,Young Adult,roomgroupA
5061_02,Europa,False,TRAPPIST-1e,False,0.0,8246.0,0.0,56.0,118.0,5061,C,S,Adult,roomgroupA
5062_01,Earth,False,,False,971.0,0.0,20.0,0.0,5.0,5062,E,S,Adult,roomgroupA
5063_01,Earth,False,TRAPPIST-1e,False,,794.0,16.0,0.0,0.0,5063,G,S,Student,roomgroupA
5064_01,Europa,False,55 Cancri e,False,1961.0,82.0,0.0,3025.0,2406.0,5064,A,S,Student,roomgroupA
5065_01,Europa,True,55 Cancri e,False,0.0,,0.0,0.0,0.0,5065,E,S,Young Adult,roomgroupA
5065_02,Europa,False,55 Cancri e,False,606.0,1080.0,0.0,2011.0,0.0,5065,E,S,Young Adult,roomgroupA
5067_01,Earth,False,55 Cancri e,False,0.0,1808.0,0.0,344.0,0.0,5067,F,S,Adult,roomgroupA
5068_01,Earth,,TRAPPIST-1e,False,0.0,0.0,0.0,0.0,0.0,5068,E,P,Student,roomgroupA
5069_01,Earth,False,PSO J318.5-22,False,1309.0,0.0,69.0,1.0,0.0,5069,F,S,Adult,roomgroupA
5070_01,Earth,False,,,542.0,175.0,0.0,5.0,0.0,5070,F,S,Student,roomgroupA
5072_01,Earth,False,TRAPPIST-1e,False,0.0,0.0,0.0,0.0,0.0,5072,G,P,Child,roomgroupA
5072_02,Earth,True,PSO J318.5-22,False,0.0,0.0,0.0,0.0,0.0,5072,G,P,Teenager,roomgroupA
5073_01,Mars,True,55 Cancri e,False,0.0,0.0,0.0,0.0,0.0,5073,F,P,Young Adult,roomgroupA
5074_01,Mars,False,TRAPPIST-1e,False,4608.0,0.0,926.0,382.0,0.0,5074,F,S,Adult,roomgroupA
5076_01,Earth,False,TRAPPIST-1e,False,0.0,0.0,60.0,1.0,5147.0,5076,G,P,Teenager,roomgroupA
5080_01,Earth,False,,False,1.0,0.0,143.0,558.0,1.0,5080,F,S,Student,roomgroupA
5083_01,Earth,True,TRAPPIST-1e,False,0.0,0.0,0.0,0.0,0.0,5083,G,P,Student,roomgroupA
5084_01,Europa,True,TRAPPIST-1e,False,0.0,0.0,0.0,0.0,0.0,5084,E,P,Young Adult,roomgroupA
5084_02,Europa,False,TRAPPIST-1e,False,8151.0,2052.0,1919.0,7352.0,754.0,5084,E,P,Young Adult,roomgroupA
5085_01,Earth,False,TRAPPIST-1e,False,0.0,15.0,455.0,95.0,0.0,5085,F,S,Student,roomgroupA
5087_01,Mars,False,TRAPPIST-1e,False,2575.0,3.0,20.0,0.0,,5087,F,P,Adult,roomgroupA
5088_01,Earth,False,55 Cancri e,False,0.0,0.0,0.0,1600.0,168.0,5088,F,S,Student,roomgroupA
5089_01,Europa,False,TRAPPIST-1e,False,3926.0,2030.0,0.0,1483.0,611.0,5089,B,P,Adult,roomgroupA
5089_02,Europa,False,TRAPPIST-1e,False,0.0,3750.0,0.0,0.0,41.0,5089,B,P,Student,roomgroupA
5090_01,Earth,,TRAPPIST-1e,False,0.0,0.0,0.0,0.0,0.0,5090,G,P,Baby,roomgroupA
5090_02,Earth,True,TRAPPIST-1e,False,0.0,0.0,0.0,0.0,0.0,5090,G,P,Baby,roomgroupA
5090_03,,False,PSO J318.5-22,False,0.0,0.0,0.0,0.0,0.0,5090,G,P,Teenager,roomgroupA
5090_04,Earth,True,TRAPPIST-1e,False,0.0,0.0,0.0,0.0,0.0,5090,G,P,Child,roomgroupA
5090_05,Earth,False,PSO J318.5-22,False,793.0,0.0,0.0,0.0,0.0,5090,E,P,Young Adult,roomgroupA
5090_06,Earth,False,,False,0.0,0.0,0.0,0.0,0.0,5090,G,P,Child,roomgroupA
5091_01,Earth,False,55 Cancri e,False,1471.0,59.0,95.0,1109.0,330.0,5091,F,S,Student,roomgroupA
5093_01,Europa,False,55 Cancri e,True,9.0,179.0,0.0,3.0,7865.0,5093,C,P,Adult,roomgroupA
5095_01,Mars,True,TRAPPIST-1e,False,0.0,0.0,0.0,0.0,0.0,5095,F,P,Senior,roomgroupA
5097_01,Earth,True,55 Cancri e,False,0.0,0.0,0.0,0.0,0.0,5097,G,P,Child,roomgroupA
5097_02,Earth,False,TRAPPIST-1e,False,0.0,181.0,671.0,0.0,0.0,5097,G,P,Young Adult,roomgroupA
5097_03,Earth,False,55 Cancri e,False,6.0,0.0,706.0,0.0,0.0,5097,F,P,Adult,roomgroupA
5103_01,Europa,True,TRAPPIST-1e,False,0.0,0.0,0.0,0.0,0.0,5103,E,P,Adult,roomgroupA
5104_01,Earth,False,,False,25.0,712.0,0.0,16.0,0.0,5104,G,S,Young Adult,roomgroupA
5105_01,Earth,True,PSO J318.5-22,False,0.0,0.0,0.0,0.0,0.0,5105,G,S,Teenager,roomgroupA
5106_01,Earth,True,TRAPPIST-1e,False,0.0,0.0,0.0,0.0,0.0,5106,G,S,Young Adult,roomgroupA
5108_01,Earth,True,PSO J318.5-22,False,,0.0,0.0,0.0,0.0,5108,G,P,Teenager,roomgroupA
5109_01,Earth,False,PSO J318.5-22,False,83.0,1.0,0.0,654.0,3.0,5109,G,S,Adult,roomgroupA
5111_01,Europa,False,TRAPPIST-1e,False,0.0,3.0,0.0,763.0,3541.0,5111,B,P,Young Adult,roomgroupA
5111_02,Europa,False,TRAPPIST-1e,False,29.0,394.0,0.0,712.0,4360.0,5111,B,P,Young Adult,roomgroupA
5111_03,Europa,False,TRAPPIST-1e,False,0.0,419.0,0.0,1984.0,521.0,5111,B,P,Young Adult,roomgroupA
5112_01,Europa,True,55 Cancri e,False,0.0,0.0,0.0,0.0,0.0,5112,C,S,Adult,roomgroupA
5112_02,Europa,True,55 Cancri e,False,0.0,0.0,0.0,0.0,0.0,5112,C,S,Young Adult,roomgroupA
5112_03,Europa,True,TRAPPIST-1e,False,0.0,0.0,0.0,0.0,0.0,5112,C,S,Teenager,roomgroupA
5115_01,Europa,True,TRAPPIST-1e,False,0.0,0.0,0.0,0.0,0.0,5115,C,S,Adult,roomgroupA
5115_02,Europa,True,55 Cancri e,False,0.0,0.0,0.0,0.0,0.0,5115,C,S,Young Adult,roomgroupA
5116_01,Mars,True,TRAPPIST-1e,False,0.0,0.0,0.0,0.0,0.0,5116,F,S,Young Adult,roomgroupA
5116_02,Mars,True,TRAPPIST-1e,False,0.0,0.0,0.0,0.0,0.0,5116,F,S,Child,roomgroupA
5120_01,Mars,False,TRAPPIST-1e,False,0.0,0.0,0.0,0.0,0.0,5120,E,P,Student,roomgroupA
5122_01,Earth,False,TRAPPIST-1e,False,0.0,464.0,321.0,0.0,90.0,5122,F,S,Young Adult,roomgroupA
5124_01,Earth,False,,False,256.0,109.0,0.0,340.0,0.0,5124,F,P,Adult,roomgroupA
5125_01,Earth,False,55 Cancri e,False,0.0,0.0,22.0,738.0,0.0,5125,F,S,Young Adult,roomgroupA
5126_01,Europa,True,55 Cancri e,False,0.0,0.0,0.0,0.0,0.0,5126,C,S,Adult,roomgroupA
5127_01,Earth,False,TRAPPIST-1e,False,0.0,679.0,0.0,0.0,213.0,5127,G,S,Young Adult,roomgroupA
5127_02,Earth,False,TRAPPIST-1e,False,43.0,0.0,0.0,1893.0,119.0,5127,F,S,Teenager,roomgroupA
5128_01,Mars,False,TRAPPIST-1e,False,56.0,0.0,1081.0,21.0,0.0,5128,F,P,Senior,roomgroupA
5128_02,Mars,False,TRAPPIST-1e,False,0.0,1.0,2832.0,0.0,0.0,5128,F,P,Student,roomgroupA
5129_01,Earth,True,TRAPPIST-1e,False,0.0,0.0,0.0,0.0,0.0,5129,G,P,Young Adult,roomgroupA
5130_01,Earth,True,TRAPPIST-1e,False,0.0,,0.0,0.0,0.0,5130,G,S,Adult,roomgroupA
5132_01,Earth,False,TRAPPIST-1e,False,5049.0,477.0,0.0,0.0,0.0,5132,G,P,Adult,roomgroupA
5133_01,Earth,False,55 Cancri e,False,0.0,0.0,846.0,0.0,0.0,5133,G,P,Adult,roomgroupA
5133_02,Earth,True,PSO J318.5-22,False,0.0,0.0,0.0,0.0,0.0,5133,G,P,Young Adult,roomgroupA
5133_03,Earth,True,PSO J318.5-22,False,0.0,0.0,0.0,0.0,0.0,5133,G,P,Unknown,roomgroupA
5133_04,Earth,False,55 Cancri e,False,107.0,0.0,505.0,48.0,0.0,5133,F,P,Student,roomgroupA
5133_05,Earth,False,TRAPPIST-1e,False,0.0,910.0,13.0,10.0,15.0,5133,F,P,Young Adult,roomgroupA
5133_06,Earth,True,55 Cancri e,False,0.0,0.0,0.0,0.0,0.0,5133,G,P,Student,roomgroupA
5133_07,Earth,False,TRAPPIST-1e,False,1528.0,1.0,0.0,0.0,0.0,5133,F,P,Young Adult,roomgroupA
5133_08,Earth,False,TRAPPIST-1e,False,0.0,116.0,51.0,0.0,701.0,5133,F,P,Adult,roomgroupA
5136_01,Earth,False,55 Cancri e,False,0.0,0.0,0.0,704.0,0.0,5136,F,S,Young Adult,roomgroupA
5137_01,,False,TRAPPIST-1e,False,0.0,0.0,0.0,0.0,0.0,5137,G,S,Child,roomgroupA
5138_01,Europa,False,55 Cancri e,False,0.0,3815.0,0.0,322.0,0.0,5138,A,P,Adult,roomgroupA
5140_01,Earth,True,PSO J318.5-22,False,0.0,0.0,0.0,0.0,0.0,5140,G,S,Student,roomgroupA
5142_01,Mars,False,TRAPPIST-1e,False,0.0,0.0,0.0,0.0,0.0,5142,F,P,Baby,roomgroupA
5142_02,Mars,False,TRAPPIST-1e,False,859.0,3.0,0.0,939.0,0.0,5142,F,P,Student,roomgroupA
5142_03,Mars,True,TRAPPIST-1e,False,0.0,0.0,0.0,0.0,0.0,5142,F,P,Student,roomgroupA
5142_04,Mars,False,TRAPPIST-1e,False,0.0,0.0,0.0,0.0,0.0,5142,F,P,Baby,roomgroupA
5144_01,Earth,True,TRAPPIST-1e,,0.0,0.0,0.0,0.0,0.0,5144,G,P,Student,roomgroupA
5145_01,Earth,True,TRAPPIST-1e,False,0.0,0.0,0.0,0.0,0.0,5145,G,S,Student,roomgroupA
5146_01,Earth,False,55 Cancri e,False,7.0,751.0,0.0,38.0,0.0,5146,F,S,Young Adult,roomgroupA
5148_01,Earth,False,TRAPPIST-1e,False,0.0,63.0,54.0,20.0,916.0,5148,F,P,Teenager,roomgroupA
5148_02,Earth,True,TRAPPIST-1e,False,0.0,0.0,0.0,0.0,0.0,5148,G,P,Teenager,roomgroupA
5151_01,Mars,True,TRAPPIST-1e,False,0.0,0.0,0.0,0.0,0.0,5151,F,P,Teenager,roomgroupA
5152_01,Europa,False,TRAPPIST-1e,False,0.0,553.0,10.0,2787.0,52.0,5152,B,S,Adult,roomgroupA
5154_01,Mars,False,TRAPPIST-1e,True,38.0,0.0,606.0,0.0,404.0,5154,E,P,Young Adult,roomgroupA
5156_01,Europa,True,55 Cancri e,False,0.0,0.0,0.0,0.0,0.0,5156,B,S,Student,roomgroupA
5156_02,Europa,False,TRAPPIST-1e,False,0.0,4198.0,227.0,1.0,1415.0,5156,B,S,Young Adult,roomgroupA
5157_01,Earth,,TRAPPIST-1e,False,814.0,12.0,2.0,,79.0,5157,G,S,Adult,roomgroupA
5158_01,Earth,False,TRAPPIST-1e,False,0.0,1.0,0.0,,61.0,5158,F,P,Teenager,roomgroupA
5160_01,Earth,False,TRAPPIST-1e,False,732.0,,,156.0,0.0,5160,G,P,Adult,roomgroupA
5161_01,Mars,True,55 Cancri e,False,0.0,0.0,0.0,0.0,0.0,5161,D,S,Adult,roomgroupA
5162_01,Mars,True,55 Cancri e,False,0.0,0.0,0.0,0.0,0.0,5162,F,S,Teenager,roomgroupA
5162_02,Mars,False,55 Cancri e,False,98.0,0.0,125.0,0.0,1082.0,5162,F,S,Adult,roomgroupA
5163_01,Earth,True,TRAPPIST-1e,False,0.0,0.0,0.0,0.0,0.0,5163,E,P,Young Adult,roomgroupA
5163_02,Earth,False,TRAPPIST-1e,False,151.0,0.0,713.0,0.0,0.0,5163,E,P,Adult,roomgroupA
5165_01,Earth,False,TRAPPIST-1e,False,0.0,281.0,94.0,0.0,270.0,5165,F,S,Senior,roomgroupA
5166_01,Mars,False,TRAPPIST-1e,False,382.0,0.0,477.0,22.0,2.0,5166,D,P,Young Adult,roomgroupA
5167_01,Earth,False,TRAPPIST-1e,False,1.0,17.0,0.0,1069.0,0.0,5167,F,S,Adult,roomgroupA
5170_01,Earth,False,55 Cancri e,False,0.0,306.0,392.0,9.0,13.0,5170,F,P,Student,roomgroupA
5171_01,Earth,False,TRAPPIST-1e,False,0.0,7.0,0.0,190.0,501.0,5171,F,S,Student,roomgroupA
5173_01,Mars,True,TRAPPIST-1e,False,0.0,0.0,0.0,0.0,0.0,5173,F,P,Student,roomgroupA
5174_01,Europa,True,55 Cancri e,False,0.0,0.0,0.0,0.0,0.0,5174,C,P,Adult,roomgroupA
5174_02,Europa,False,TRAPPIST-1e,False,6.0,5.0,0.0,6235.0,434.0,5174,C,P,Young Adult,roomgroupA
5175_01,Earth,False,TRAPPIST-1e,False,582.0,0.0,0.0,148.0,53.0,5175,G,P,Student,roomgroupA
5176_01,Earth,False,TRAPPIST-1e,False,576.0,207.0,0.0,0.0,9.0,5176,E,P,Student,roomgroupA
5177_01,Europa,False,TRAPPIST-1e,True,0.0,0.0,0.0,0.0,0.0,5177,B,S,Young Adult,roomgroupA
5179_01,Europa,True,55 Cancri e,False,0.0,0.0,0.0,0.0,0.0,5179,C,P,Adult,roomgroupA
5180_01,Earth,True,PSO J318.5-22,False,0.0,0.0,0.0,,0.0,5180,G,P,Student,roomgroupA
5181_01,Europa,,TRAPPIST-1e,False,0.0,0.0,0.0,0.0,0.0,5181,B,P,Adult,roomgroupA
5182_01,Earth,True,TRAPPIST-1e,False,0.0,0.0,0.0,0.0,0.0,5182,G,P,Baby,roomgroupA
5182_02,Earth,False,TRAPPIST-1e,False,322.0,0.0,81.0,3.0,298.0,5182,G,P,Young Adult,roomgroupA
5184_01,Earth,False,TRAPPIST-1e,False,0.0,0.0,0.0,0.0,0.0,5184,G,P,Baby,roomgroupA
5185_01,Mars,False,TRAPPIST-1e,False,523.0,0.0,21.0,4.0,811.0,5185,E,S,Young Adult,roomgroupA
5186_01,Earth,False,TRAPPIST-1e,False,41.0,651.0,2.0,29.0,0.0,5186,F,P,Student,roomgroupA
5187_01,,False,TRAPPIST-1e,False,949.0,0.0,0.0,5.0,0.0,5187,E,P,Student,roomgroupA
5188_01,Earth,False,TRAPPIST-1e,False,0.0,160.0,0.0,611.0,44.0,5188,G,P,Young Adult,roomgroupA
5188_02,Earth,True,TRAPPIST-1e,False,0.0,0.0,0.0,0.0,0.0,5188,G,P,Child,roomgroupA
5188_03,Earth,True,TRAPPIST-1e,False,0.0,0.0,0.0,0.0,0.0,5188,G,P,Teenager,roomgroupA
5190_01,Earth,False,TRAPPIST-1e,False,0.0,0.0,0.0,0.0,1513.0,5190,F,S,Teenager,roomgroupA
5192_01,Mars,True,TRAPPIST-1e,False,0.0,0.0,0.0,0.0,0.0,5192,F,S,Young Adult,roomgroupA
5193_01,Europa,False,TRAPPIST-1e,False,0.0,914.0,0.0,2433.0,647.0,5193,C,S,Young Adult,roomgroupA
5194_01,Europa,True,TRAPPIST-1e,False,0.0,0.0,0.0,0.0,0.0,5194,B,P,Student,roomgroupA
5194_02,Europa,True,55 Cancri e,False,0.0,0.0,0.0,0.0,0.0,5194,B,P,Teenager,roomgroupA
5196_01,Earth,True,TRAPPIST-1e,False,0.0,0.0,0.0,0.0,0.0,5196,G,P,Adult,roomgroupA
5196_02,Earth,True,TRAPPIST-1e,False,0.0,0.0,0.0,0.0,0.0,5196,G,P,Baby,roomgroupA
5197_01,Earth,False,,False,0.0,4.0,761.0,22.0,1.0,5197,E,P,Student,roomgroupA
5198_01,Mars,False,TRAPPIST-1e,False,878.0,0.0,430.0,0.0,0.0,5198,F,P,Adult,roomgroupA
5199_01,Europa,False,TRAPPIST-1e,False,0.0,725.0,3415.0,,1.0,5199,D,S,Adult,roomgroupA
5201_01,Earth,,TRAPPIST-1e,False,1961.0,96.0,0.0,54.0,40.0,5201,F,P,Student,roomgroupA
5202_01,Earth,True,TRAPPIST-1e,False,0.0,0.0,0.0,0.0,0.0,5202,G,P,Teenager,roomgroupA
5204_01,Earth,False,PSO J318.5-22,False,0.0,153.0,,0.0,397.0,5204,F,P,Adult,roomgroupA
5205_01,Earth,False,TRAPPIST-1e,False,261.0,0.0,0.0,107.0,1132.0,5205,F,S,Student,roomgroupA
5205_02,Earth,False,TRAPPIST-1e,False,0.0,0.0,0.0,0.0,0.0,5205,G,S,Baby,roomgroupA
5205_03,Earth,,TRAPPIST-1e,False,0.0,0.0,0.0,0.0,0.0,5205,G,S,Baby,roomgroupA
5206_01,Earth,True,55 Cancri e,False,0.0,0.0,0.0,0.0,0.0,5206,G,P,Young Adult,roomgroupA
5206_02,Earth,False,PSO J318.5-22,False,0.0,0.0,789.0,283.0,3.0,5206,F,P,Senior,roomgroupA
5206_03,Earth,False,PSO J318.5-22,False,0.0,2.0,72.0,554.0,143.0,5206,G,P,Adult,roomgroupA
5207_01,Earth,False,55 Cancri e,False,51.0,339.0,1.0,0.0,436.0,5207,E,S,Student,roomgroupA
5207_02,Earth,False,TRAPPIST-1e,False,1364.0,0.0,0.0,0.0,21.0,5207,F,S,Young Adult,roomgroupA
5208_01,Europa,True,55 Cancri e,False,0.0,0.0,0.0,0.0,0.0,5208,C,P,Young Adult,roomgroupA
5208_02,Europa,False,55 Cancri e,False,717.0,641.0,2.0,1559.0,4828.0,5208,C,P,Adult,roomgroupA
5209_01,Earth,False,TRAPPIST-1e,False,168.0,,382.0,166.0,0.0,5209,F,S,Young Adult,roomgroupA
5210_01,Earth,False,TRAPPIST-1e,False,0.0,43.0,693.0,0.0,0.0,5210,F,P,Young Adult,roomgroupA
5211_01,Earth,False,TRAPPIST-1e,False,666.0,938.0,1.0,0.0,,5211,E,S,Young Adult,roomgroupA
5213_01,Earth,False,TRAPPIST-1e,False,10.0,0.0,908.0,5.0,0.0,5213,F,P,Young Adult,roomgroupA
5214_01,Earth,False,55 Cancri e,False,0.0,0.0,0.0,0.0,0.0,5214,G,P,Baby,roomgroupA
5216_01,Earth,True,TRAPPIST-1e,False,0.0,0.0,0.0,0.0,0.0,5216,G,P,Young Adult,roomgroupA
5217_01,Europa,True,55 Cancri e,False,0.0,0.0,0.0,0.0,0.0,5217,B,P,Student,roomgroupA
5217_02,Europa,True,55 Cancri e,False,0.0,0.0,0.0,0.0,0.0,5217,B,P,Young Adult,roomgroupA
5218_01,Earth,False,TRAPPIST-1e,False,0.0,0.0,0.0,525.0,1889.0,5218,F,S,Young Adult,roomgroupA
5220_01,Mars,False,TRAPPIST-1e,False,2206.0,0.0,353.0,0.0,19.0,5220,D,P,Student,roomgroupA
5221_01,Earth,False,TRAPPIST-1e,False,0.0,528.0,8.0,153.0,0.0,5221,F,P,Young Adult,roomgroupA
5223_01,Mars,False,55 Cancri e,False,275.0,0.0,,24.0,0.0,5223,F,S,Adult,roomgroupA
5223_02,Mars,True,PSO J318.5-22,False,0.0,0.0,0.0,0.0,0.0,5223,F,S,Unknown,roomgroupA
5223_03,Mars,True,TRAPPIST-1e,False,0.0,0.0,0.0,0.0,0.0,5223,F,S,Child,roomgroupA
5224_01,Earth,False,TRAPPIST-1e,False,0.0,0.0,56.0,564.0,880.0,5224,F,S,Young Adult,roomgroupA
5225_01,Mars,True,TRAPPIST-1e,False,0.0,0.0,0.0,0.0,0.0,5225,E,S,Young Adult,roomgroupA
5226_01,Earth,True,PSO J318.5-22,False,0.0,0.0,0.0,0.0,0.0,5226,G,S,Young Adult,roomgroupA
5227_01,Earth,True,TRAPPIST-1e,False,0.0,0.0,0.0,0.0,0.0,5227,G,S,Teenager,roomgroupA
5229_01,Earth,False,,False,0.0,0.0,19.0,971.0,0.0,5229,E,S,Teenager,roomgroupA
5230_01,Mars,False,TRAPPIST-1e,False,263.0,0.0,1548.0,44.0,0.0,5230,F,S,Student,roomgroupA
5234_01,Mars,False,TRAPPIST-1e,False,271.0,0.0,2251.0,117.0,0.0,5234,F,P,Teenager,roomgroupA
5235_01,Earth,False,TRAPPIST-1e,False,30.0,0.0,605.0,267.0,6.0,5235,G,P,Young Adult,roomgroupA
5236_01,Earth,False,TRAPPIST-1e,False,1.0,0.0,898.0,0.0,96.0,5236,E,P,Adult,roomgroupA
5238_01,Earth,True,PSO J318.5-22,False,0.0,0.0,0.0,0.0,0.0,5238,G,P,Teenager,roomgroupA
5239_01,Earth,True,TRAPPIST-1e,False,0.0,0.0,0.0,0.0,0.0,5239,G,S,Student,roomgroupA
5240_01,Earth,True,TRAPPIST-1e,False,0.0,0.0,0.0,0.0,0.0,5240,G,S,Young Adult,roomgroupA
5242_01,Earth,True,TRAPPIST-1e,False,0.0,0.0,0.0,0.0,0.0,5242,G,S,Adult,roomgroupA
5243_01,Earth,False,TRAPPIST-1e,False,1231.0,0.0,0.0,1.0,3.0,5243,F,S,Young Adult,roomgroupA
5243_02,Earth,True,TRAPPIST-1e,False,0.0,0.0,0.0,0.0,0.0,5243,G,S,Young Adult,roomgroupA
5244_01,Mars,False,TRAPPIST-1e,False,218.0,0.0,586.0,770.0,0.0,5244,F,S,Adult,roomgroupA
5246_01,Earth,True,TRAPPIST-1e,False,0.0,0.0,0.0,0.0,0.0,5246,G,P,Adult,roomgroupA
5246_02,Earth,False,TRAPPIST-1e,False,0.0,13.0,643.0,47.0,0.0,5246,F,P,Unknown,roomgroupA
5247_01,Earth,False,TRAPPIST-1e,False,6.0,2324.0,0.0,0.0,0.0,5247,G,P,Adult,roomgroupA
5248_01,Earth,False,TRAPPIST-1e,False,607.0,0.0,0.0,227.0,0.0,5248,G,S,Young Adult,roomgroupA
5249_01,Mars,False,TRAPPIST-1e,False,922.0,0.0,1.0,91.0,0.0,5249,E,P,Young Adult,roomgroupA
5250_01,Mars,True,TRAPPIST-1e,False,0.0,0.0,0.0,0.0,0.0,5250,F,S,Student,roomgroupA
5251_01,Mars,False,TRAPPIST-1e,False,705.0,0.0,1905.0,13.0,0.0,5251,F,P,Young Adult,roomgroupA
5252_01,Earth,False,TRAPPIST-1e,False,202.0,1309.0,60.0,0.0,0.0,5252,F,S,Adult,roomgroupA
5253_01,Earth,False,TRAPPIST-1e,False,290.0,64.0,413.0,35.0,0.0,5253,F,S,Young Adult,roomgroupA
5254_01,Europa,True,TRAPPIST-1e,False,0.0,0.0,0.0,0.0,0.0,5254,B,S,Young Adult,roomgroupA
5254_02,Europa,True,TRAPPIST-1e,False,0.0,0.0,0.0,0.0,0.0,5254,B,S,Teenager,roomgroupA
5254_03,Europa,True,TRAPPIST-1e,False,0.0,0.0,0.0,0.0,0.0,5254,G,S,Young Adult,roomgroupA
5254_04,Europa,False,55 Cancri e,False,0.0,0.0,0.0,0.0,0.0,5254,B,S,Child,roomgroupA
5255_01,Mars,True,TRAPPIST-1e,False,0.0,0.0,0.0,0.0,0.0,5255,F,S,Student,roomgroupA
5256_01,Mars,False,TRAPPIST-1e,False,41.0,0.0,444.0,572.0,0.0,5256,D,S,Young Adult,roomgroupA
5257_01,Europa,False,55 Cancri e,False,0.0,1001.0,0.0,2393.0,0.0,5257,B,P,Adult,roomgroupA
5258_01,Europa,False,TRAPPIST-1e,False,241.0,1065.0,0.0,2290.0,2.0,5258,C,S,Senior,roomgroupA
5260_01,Earth,True,55 Cancri e,False,0.0,0.0,0.0,0.0,0.0,5260,G,P,Teenager,roomgroupA
5262_01,Earth,True,TRAPPIST-1e,False,0.0,0.0,0.0,0.0,0.0,5262,G,P,Teenager,roomgroupA
5264_01,Earth,True,TRAPPIST-1e,False,0.0,0.0,0.0,0.0,0.0,5264,G,S,Student,roomgroupA
5264_02,Earth,False,55 Cancri e,False,0.0,0.0,163.0,0.0,486.0,5264,F,S,Adult,roomgroupA
5265_01,Earth,False,TRAPPIST-1e,False,0.0,400.0,0.0,0.0,702.0,5265,F,P,Teenager,roomgroupA
5266_01,Europa,False,55 Cancri e,False,0.0,290.0,0.0,1866.0,217.0,5266,A,S,Student,roomgroupA
5266_02,Europa,False,55 Cancri e,True,13.0,196.0,3.0,0.0,12323.0,5266,C,S,Adult,roomgroupA
5268_01,Earth,False,TRAPPIST-1e,False,0.0,56.0,,0.0,2.0,5268,F,S,Teenager,roomgroupA
5269_01,Earth,False,TRAPPIST-1e,False,38.0,1.0,591.0,1.0,31.0,5269,E,S,Student,roomgroupA
5271_01,Earth,False,TRAPPIST-1e,False,89.0,3.0,571.0,258.0,0.0,5271,F,P,Young Adult,roomgroupA
5272_01,Mars,True,TRAPPIST-1e,False,0.0,0.0,0.0,0.0,0.0,5272,F,P,Student,roomgroupA
5273_01,Earth,False,TRAPPIST-1e,False,0.0,0.0,827.0,1.0,0.0,5273,F,P,Young Adult,roomgroupA
5274_01,Earth,False,TRAPPIST-1e,False,662.0,34.0,0.0,79.0,148.0,5274,F,P,Young Adult,roomgroupA
5275_01,Earth,False,TRAPPIST-1e,False,0.0,10.0,0.0,594.0,120.0,5275,F,S,Young Adult,roomgroupA
5276_01,Europa,False,55 Cancri e,True,0.0,2868.0,0.0,5.0,1968.0,5276,B,P,Adult,roomgroupA
5277_01,Earth,False,TRAPPIST-1e,False,0.0,0.0,0.0,87.0,1232.0,5277,F,P,Student,roomgroupA
5278_01,Europa,True,55 Cancri e,False,0.0,0.0,0.0,0.0,0.0,5278,B,S,Adult,roomgroupA
5279_01,Earth,False,TRAPPIST-1e,False,467.0,,0.0,0.0,307.0,5279,G,P,Young Adult,roomgroupA
5280_01,Earth,False,TRAPPIST-1e,False,0.0,0.0,2728.0,0.0,,5280,F,S,Student,roomgroupA
5281_01,Earth,False,TRAPPIST-1e,False,0.0,6.0,621.0,,433.0,5281,F,P,Young Adult,roomgroupA
5282_01,Earth,False,TRAPPIST-1e,False,35.0,0.0,14.0,0.0,816.0,5282,E,S,Adult,roomgroupA
5282_02,Earth,False,TRAPPIST-1e,False,0.0,196.0,0.0,0.0,487.0,5282,F,S,Young Adult,roomgroupA
5282_03,Earth,True,55 Cancri e,False,0.0,0.0,0.0,0.0,0.0,5282,G,S,Baby,roomgroupA
5287_01,Earth,False,PSO J318.5-22,False,0.0,,0.0,214.0,50.0,5287,G,S,Adult,roomgroupA
5288_01,Earth,False,,False,1.0,716.0,3.0,0.0,57.0,5288,F,P,Adult,roomgroupA
5290_01,Earth,False,TRAPPIST-1e,False,1177.0,2.0,0.0,,1.0,5290,F,P,Young Adult,roomgroupA
5291_01,Earth,False,55 Cancri e,False,3905.0,7.0,0.0,4.0,53.0,5291,G,P,Young Adult,roomgroupA
5292_01,Europa,False,TRAPPIST-1e,False,0.0,4313.0,0.0,175.0,60.0,5292,C,S,Young Adult,roomgroupA
5297_01,Earth,True,TRAPPIST-1e,False,0.0,0.0,0.0,0.0,0.0,5297,G,P,Young Adult,roomgroupA
5298_01,Earth,True,TRAPPIST-1e,False,0.0,0.0,0.0,0.0,0.0,5298,G,S,Teenager,roomgroupA
5299_01,Earth,True,TRAPPIST-1e,False,0.0,0.0,0.0,0.0,0.0,5299,G,S,Teenager,roomgroupA
5300_01,Earth,True,55 Cancri e,False,0.0,0.0,0.0,0.0,0.0,5300,G,S,Adult,roomgroupA
5301_01,Europa,True,TRAPPIST-1e,False,0.0,0.0,0.0,0.0,0.0,5301,B,P,Student,roomgroupA
5301_02,Europa,True,55 Cancri e,False,0.0,0.0,0.0,0.0,0.0,5301,B,P,Young Adult,roomgroupA
5303_01,Earth,False,TRAPPIST-1e,False,0.0,0.0,0.0,0.0,0.0,5303,G,S,Child,roomgroupA
5303_02,Earth,False,TRAPPIST-1e,False,0.0,0.0,0.0,0.0,0.0,5303,G,P,Child,roomgroupA
5303_03,Earth,False,TRAPPIST-1e,False,0.0,0.0,0.0,0.0,0.0,5303,G,P,Baby,roomgroupA
5303_04,Earth,True,TRAPPIST-1e,False,0.0,0.0,0.0,0.0,0.0,5303,G,P,Baby,roomgroupA
5303_05,Earth,False,55 Cancri e,False,0.0,0.0,0.0,0.0,0.0,5303,G,P,Child,roomgroupA
5304_01,Mars,False,TRAPPIST-1e,False,1744.0,0.0,8.0,8.0,0.0,5304,F,S,Student,roomgroupA
5304_02,Mars,True,,False,0.0,0.0,0.0,0.0,0.0,5304,F,S,Young Adult,roomgroupA
5305_01,Earth,False,TRAPPIST-1e,False,0.0,2891.0,0.0,6.0,0.0,5305,F,P,Student,roomgroupA
5307_01,Europa,True,TRAPPIST-1e,False,,0.0,0.0,0.0,0.0,5307,B,S,Teenager,roomgroupA
5310_01,Mars,False,TRAPPIST-1e,False,4702.0,0.0,449.0,190.0,0.0,5310,F,S,Young Adult,roomgroupA
5312_01,Europa,True,TRAPPIST-1e,False,0.0,0.0,0.0,0.0,0.0,5312,B,P,Young Adult,roomgroupA
5313_01,Earth,False,TRAPPIST-1e,False,0.0,491.0,0.0,61.0,0.0,5313,F,P,Student,roomgroupA
5314_01,Europa,False,TRAPPIST-1e,,0.0,3625.0,0.0,0.0,168.0,5314,C,S,Young Adult,roomgroupA
5315_01,Earth,False,TRAPPIST-1e,False,454.0,0.0,0.0,324.0,0.0,5315,F,P,Student,roomgroupA
5316_01,Mars,True,55 Cancri e,False,0.0,0.0,0.0,0.0,0.0,5316,F,P,Student,roomgroupA
5320_01,Europa,True,55 Cancri e,False,0.0,0.0,0.0,0.0,0.0,5320,E,P,Young Adult,roomgroupA
5320_02,Europa,False,TRAPPIST-1e,False,0.0,1301.0,0.0,94.0,356.0,5320,E,P,Young Adult,roomgroupA
5322_01,Mars,True,TRAPPIST-1e,False,0.0,0.0,0.0,,,5322,F,P,Student,roomgroupA
5323_01,Mars,True,TRAPPIST-1e,False,0.0,0.0,0.0,,0.0,5323,F,P,Adult,roomgroupA
5325_01,Earth,False,PSO J318.5-22,False,751.0,5.0,0.0,1.0,0.0,5325,F,S,Student,roomgroupA
5326_01,Mars,True,TRAPPIST-1e,False,0.0,0.0,0.0,0.0,0.0,5326,F,P,Young Adult,roomgroupA
5327_01,Europa,False,TRAPPIST-1e,False,0.0,0.0,0.0,0.0,0.0,5327,B,P,Adult,roomgroupA
5330_01,Earth,False,TRAPPIST-1e,False,0.0,0.0,708.0,101.0,0.0,5330,F,P,Student,roomgroupA
5331_01,Earth,False,TRAPPIST-1e,False,0.0,1.0,292.0,0.0,340.0,5331,F,P,Student,roomgroupA
5333_01,Earth,False,TRAPPIST-1e,False,456.0,0.0,39.0,0.0,5.0,5333,G,P,Adult,roomgroupA
5334_01,Earth,True,55 Cancri e,False,0.0,0.0,0.0,0.0,0.0,5334,G,S,Teenager,roomgroupA
5334_02,Earth,False,TRAPPIST-1e,False,0.0,674.0,39.0,0.0,10.0,5334,G,S,Young Adult,roomgroupA
5337_01,Mars,False,TRAPPIST-1e,False,286.0,0.0,2299.0,12.0,,5337,F,S,Adult,roomgroupA
5340_01,Earth,False,TRAPPIST-1e,False,0.0,0.0,33.0,677.0,0.0,5340,G,S,Adult,roomgroupA
5341_01,Earth,True,TRAPPIST-1e,False,0.0,0.0,0.0,0.0,0.0,5341,G,S,Student,roomgroupA
5343_01,Mars,False,TRAPPIST-1e,False,13.0,0.0,565.0,367.0,1.0,5343,E,P,Teenager,roomgroupA
5344_01,Europa,False,55 Cancri e,False,0.0,439.0,0.0,434.0,10074.0,5344,C,P,Adult,roomgroupA
5344_02,Europa,True,55 Cancri e,False,0.0,0.0,0.0,0.0,0.0,5344,C,P,Adult,roomgroupA
5345_01,Mars,False,,False,809.0,0.0,59.0,0.0,0.0,5345,D,P,Teenager,roomgroupA
5345_02,Mars,False,TRAPPIST-1e,False,134.0,0.0,6.0,1450.0,0.0,5345,E,P,Unknown,roomgroupA
5346_01,Earth,False,TRAPPIST-1e,False,37.0,0.0,31.0,696.0,63.0,5346,E,P,Student,roomgroupA
5347_01,Europa,False,TRAPPIST-1e,False,0.0,3770.0,0.0,287.0,3491.0,5347,C,P,Student,roomgroupA
5348_01,Mars,False,TRAPPIST-1e,False,164.0,0.0,853.0,0.0,39.0,5348,D,P,Young Adult,roomgroupA
5350_01,Europa,False,TRAPPIST-1e,False,25.0,866.0,0.0,3198.0,459.0,5350,C,P,Adult,roomgroupA
5351_01,Mars,,55 Cancri e,False,1082.0,80.0,1177.0,0.0,323.0,5351,F,S,Adult,roomgroupA
5353_01,Europa,True,55 Cancri e,False,0.0,0.0,0.0,0.0,0.0,5353,B,S,Teenager,roomgroupA
5353_02,Europa,False,TRAPPIST-1e,False,43.0,9365.0,144.0,0.0,118.0,5353,B,S,Adult,roomgroupA
5354_01,Mars,False,PSO J318.5-22,False,1690.0,0.0,85.0,0.0,0.0,5354,D,S,Adult,roomgroupA
5354_02,Mars,False,TRAPPIST-1e,False,0.0,0.0,0.0,0.0,0.0,5354,E,S,Young Adult,roomgroupA
5355_01,Earth,False,TRAPPIST-1e,False,0.0,686.0,0.0,101.0,9.0,5355,F,P,Young Adult,roomgroupA
5355_02,Earth,True,TRAPPIST-1e,False,0.0,0.0,,0.0,0.0,5355,G,P,Student,roomgroupA
5356_01,Earth,False,TRAPPIST-1e,False,0.0,32.0,0.0,4517.0,0.0,5356,E,S,Young Adult,roomgroupA
5359_01,,False,TRAPPIST-1e,False,0.0,45.0,225.0,14.0,519.0,5359,F,P,Young Adult,roomgroupA
5360_01,Mars,True,TRAPPIST-1e,False,0.0,0.0,0.0,0.0,0.0,5360,F,P,Adult,roomgroupA
5361_01,Earth,False,PSO J318.5-22,False,0.0,,0.0,150.0,0.0,5361,F,P,Student,roomgroupA
5362_01,Europa,True,55 Cancri e,False,0.0,0.0,0.0,0.0,0.0,5362,E,P,Adult,roomgroupA
5363_01,Mars,True,TRAPPIST-1e,False,0.0,0.0,0.0,0.0,0.0,5363,F,P,Adult,roomgroupA
5365_01,Earth,False,TRAPPIST-1e,False,943.0,53.0,0.0,0.0,0.0,5365,E,P,Senior,roomgroupA
5366_01,Europa,True,TRAPPIST-1e,False,0.0,0.0,0.0,0.0,0.0,5366,E,P,Young Adult,roomgroupA
5367_01,Europa,True,TRAPPIST-1e,False,0.0,0.0,0.0,0.0,0.0,5367,C,S,Baby,roomgroupA
5367_02,,False,TRAPPIST-1e,False,0.0,3195.0,0.0,102.0,1469.0,5367,C,S,Young Adult,roomgroupA
5367_03,Europa,False,55 Cancri e,False,0.0,8221.0,0.0,1010.0,160.0,5367,C,S,Adult,roomgroupA
5368_01,Earth,False,TRAPPIST-1e,False,0.0,0.0,55.0,2288.0,1.0,5368,G,S,Student,roomgroupA
5372_01,Mars,False,TRAPPIST-1e,False,,0.0,363.0,7.0,3.0,5372,E,S,Adult,roomgroupA
5374_01,Earth,False,,False,0.0,61.0,942.0,2.0,0.0,5374,F,S,Young Adult,roomgroupA
5375_01,Europa,True,TRAPPIST-1e,False,0.0,0.0,0.0,0.0,0.0,5375,C,S,Teenager,roomgroupA
5375_02,Europa,True,TRAPPIST-1e,False,0.0,0.0,0.0,0.0,0.0,5375,C,S,Young Adult,roomgroupA
5378_01,Europa,False,TRAPPIST-1e,False,0.0,95.0,0.0,1202.0,5558.0,5378,C,P,Young Adult,roomgroupA
5379_01,Earth,False,TRAPPIST-1e,False,0.0,0.0,8.0,3409.0,0.0,5379,F,S,Adult,roomgroupA
5380_01,Mars,False,TRAPPIST-1e,False,386.0,0.0,756.0,6.0,0.0,5380,F,P,Adult,roomgroupA
5383_01,Earth,False,55 Cancri e,False,253.0,0.0,1175.0,3.0,,5383,F,P,Student,roomgroupA
5384_01,Europa,False,TRAPPIST-1e,True,0.0,5210.0,0.0,1332.0,2.0,5384,A,S,Young Adult,roomgroupA
5384_02,Europa,False,TRAPPIST-1e,False,0.0,4894.0,0.0,62.0,85.0,5384,A,S,Young Adult,roomgroupA
5385_01,Mars,False,TRAPPIST-1e,False,2048.0,0.0,1040.0,136.0,0.0,5385,D,P,Young Adult,roomgroupA
5387_01,Mars,False,TRAPPIST-1e,False,581.0,6.0,1.0,158.0,0.0,5387,D,P,Adult,roomgroupA
5388_01,Earth,True,TRAPPIST-1e,False,0.0,0.0,0.0,,0.0,5388,G,S,Child,roomgroupA
5389_01,Mars,False,TRAPPIST-1e,False,2.0,0.0,1320.0,0.0,26.0,5389,F,P,Young Adult,roomgroupA
5389_02,Mars,False,TRAPPIST-1e,,2497.0,0.0,101.0,0.0,0.0,5389,F,P,Young Adult,roomgroupA
5390_01,Earth,True,TRAPPIST-1e,False,0.0,0.0,0.0,0.0,0.0,5390,G,S,Young Adult,roomgroupA
5390_02,Earth,True,PSO J318.5-22,False,0.0,0.0,0.0,0.0,0.0,5390,G,S,Student,roomgroupA
5390_03,Earth,False,TRAPPIST-1e,False,83.0,110.0,0.0,690.0,8.0,5390,F,S,Adult,roomgroupA
5392_01,Mars,False,TRAPPIST-1e,True,628.0,6.0,528.0,136.0,0.0,5392,E,S,Adult,roomgroupA
5394_01,Mars,False,TRAPPIST-1e,False,246.0,0.0,2153.0,0.0,0.0,5394,D,P,Teenager,roomgroupA
5395_01,Mars,False,TRAPPIST-1e,False,4.0,0.0,2574.0,0.0,0.0,5395,D,P,Young Adult,roomgroupA
5396_01,Mars,False,TRAPPIST-1e,False,743.0,378.0,8.0,0.0,0.0,5396,F,P,Unknown,roomgroupA
5397_01,Mars,True,TRAPPIST-1e,False,0.0,0.0,0.0,0.0,0.0,5397,D,S,Adult,roomgroupA
5397_02,Mars,True,TRAPPIST-1e,False,0.0,0.0,0.0,0.0,0.0,5397,D,S,Child,roomgroupA
5397_03,Mars,True,55 Cancri e,False,0.0,0.0,0.0,0.0,0.0,5397,D,S,Young Adult,roomgroupA
5401_01,Earth,False,TRAPPIST-1e,False,0.0,0.0,5.0,30.0,777.0,5401,G,P,Adult,roomgroupA
5402_01,Mars,False,TRAPPIST-1e,,1269.0,0.0,75.0,0.0,4.0,5402,F,S,Adult,roomgroupA
5404_01,Earth,False,TRAPPIST-1e,False,766.0,38.0,0.0,0.0,0.0,5404,F,P,Adult,roomgroupA
5406_01,,False,PSO J318.5-22,,2.0,46.0,0.0,483.0,67.0,5406,F,S,Student,roomgroupA
5408_01,Mars,False,TRAPPIST-1e,False,1781.0,0.0,654.0,580.0,0.0,5408,D,P,Young Adult,roomgroupA
5408_02,Mars,False,TRAPPIST-1e,False,2116.0,0.0,350.0,0.0,901.0,5408,D,P,Teenager,roomgroupA
5410_01,Mars,False,TRAPPIST-1e,False,748.0,130.0,1047.0,458.0,0.0,5410,D,S,Young Adult,roomgroupA
5411_01,Europa,False,TRAPPIST-1e,False,20.0,3960.0,153.0,280.0,1674.0,5411,B,S,Adult,roomgroupA
5412_01,Earth,,TRAPPIST-1e,False,0.0,806.0,0.0,2.0,0.0,5412,G,P,Student,roomgroupA
5413_01,Earth,False,TRAPPIST-1e,False,3.0,595.0,0.0,9.0,321.0,5413,G,P,Teenager,roomgroupA
5414_01,Earth,False,PSO J318.5-22,False,481.0,0.0,166.0,0.0,122.0,5414,G,P,Teenager,roomgroupA
5414_02,Earth,False,TRAPPIST-1e,False,0.0,0.0,0.0,0.0,0.0,5414,G,P,Child,roomgroupA
5414_03,Earth,False,TRAPPIST-1e,False,0.0,824.0,0.0,0.0,411.0,5414,F,P,Student,roomgroupA
5414_04,Earth,False,TRAPPIST-1e,False,0.0,0.0,0.0,0.0,1544.0,5414,F,P,Adult,roomgroupA
5414_05,Earth,True,PSO J318.5-22,False,0.0,0.0,0.0,0.0,0.0,5414,G,P,Student,roomgroupA
5415_01,Earth,False,TRAPPIST-1e,False,0.0,747.0,8.0,0.0,314.0,5415,F,P,Student,roomgroupA
5416_01,Mars,False,TRAPPIST-1e,False,0.0,,0.0,0.0,0.0,5416,F,P,Baby,roomgroupA
5416_02,Mars,False,TRAPPIST-1e,False,138.0,0.0,208.0,952.0,0.0,5416,E,P,Young Adult,roomgroupA
5416_03,Mars,True,TRAPPIST-1e,False,0.0,0.0,0.0,0.0,0.0,5416,F,P,Student,roomgroupA
5416_04,Mars,False,55 Cancri e,False,0.0,0.0,,0.0,0.0,5416,F,P,Baby,roomgroupA
5418_01,Mars,,TRAPPIST-1e,False,164.0,0.0,1115.0,1.0,18.0,5418,E,S,Adult,roomgroupA
5420_01,Earth,False,TRAPPIST-1e,False,0.0,829.0,0.0,1.0,0.0,5420,F,S,Adult,roomgroupA
5421_01,Earth,False,TRAPPIST-1e,False,389.0,0.0,1.0,3369.0,3.0,5421,G,S,Adult,roomgroupA
5422_01,Europa,True,55 Cancri e,False,0.0,0.0,0.0,,0.0,5422,D,S,Young Adult,roomgroupA
5423_01,Mars,False,TRAPPIST-1e,False,552.0,0.0,7.0,0.0,183.0,5423,F,P,Adult,roomgroupA
5423_02,Mars,False,TRAPPIST-1e,False,142.0,0.0,1878.0,62.0,0.0,5423,E,P,Young Adult,roomgroupA
5424_01,Mars,False,PSO J318.5-22,False,358.0,65.0,599.0,676.0,0.0,5424,F,P,Teenager,roomgroupA
5424_02,,False,TRAPPIST-1e,False,469.0,700.0,2.0,1.0,0.0,5424,E,P,Senior,roomgroupA
5425_01,Earth,False,PSO J318.5-22,False,1.0,0.0,11.0,0.0,734.0,5425,F,S,Young Adult,roomgroupA
5427_01,,True,TRAPPIST-1e,False,0.0,0.0,0.0,0.0,0.0,5427,F,P,Student,roomgroupA
5427_02,Mars,False,TRAPPIST-1e,False,3458.0,0.0,216.0,0.0,0.0,5427,F,P,Student,roomgroupA
5427_03,Mars,False,TRAPPIST-1e,False,948.0,0.0,1.0,170.0,0.0,5427,F,P,Young Adult,roomgroupA
5430_01,Earth,True,TRAPPIST-1e,False,0.0,0.0,0.0,0.0,0.0,5430,G,P,Student,roomgroupA
5431_01,Earth,False,55 Cancri e,False,2.0,0.0,0.0,,720.0,5431,E,S,Young Adult,roomgroupA
5434_01,Earth,True,TRAPPIST-1e,,0.0,0.0,0.0,0.0,0.0,5434,G,P,Unknown,roomgroupA
5435_01,Mars,False,TRAPPIST-1e,False,846.0,0.0,280.0,280.0,0.0,5435,F,P,Adult,roomgroupA
5436_01,Earth,False,TRAPPIST-1e,False,0.0,0.0,0.0,2.0,827.0,5436,G,S,Young Adult,roomgroupA
5437_01,Mars,False,TRAPPIST-1e,False,1267.0,18.0,0.0,3.0,0.0,5437,F,P,Adult,roomgroupA
5438_01,Earth,True,PSO J318.5-22,False,0.0,0.0,0.0,0.0,0.0,5438,G,P,Adult,roomgroupA
5440_01,Earth,True,TRAPPIST-1e,False,0.0,0.0,0.0,0.0,0.0,5440,G,S,Child,roomgroupA
5440_02,Earth,False,55 Cancri e,False,0.0,59.0,18.0,639.0,0.0,5440,F,S,Young Adult,roomgroupA
5440_03,Earth,False,TRAPPIST-1e,False,1109.0,0.0,0.0,0.0,0.0,5440,F,S,Young Adult,roomgroupA
5441_01,Europa,True,55 Cancri e,False,0.0,0.0,0.0,0.0,0.0,5441,B,S,Young Adult,roomgroupA
5443_01,Earth,False,55 Cancri e,False,4.0,99.0,1.0,0.0,595.0,5443,F,P,Teenager,roomgroupA
5445_01,,False,TRAPPIST-1e,False,0.0,53.0,813.0,3.0,0.0,5445,F,P,Senior,roomgroupA
5446_01,Earth,True,TRAPPIST-1e,False,0.0,0.0,,0.0,0.0,5446,G,P,Young Adult,roomgroupA
5447_01,Mars,True,55 Cancri e,False,0.0,0.0,0.0,0.0,0.0,5447,F,P,Teenager,roomgroupA
5447_02,Mars,,TRAPPIST-1e,False,0.0,0.0,0.0,0.0,0.0,5447,F,P,Adult,roomgroupA
5450_01,Earth,True,PSO J318.5-22,False,0.0,0.0,0.0,0.0,0.0,5450,G,P,Teenager,roomgroupA
5451_01,,False,PSO J318.5-22,False,0.0,697.0,0.0,0.0,0.0,5451,F,P,Student,roomgroupA
5452_01,Europa,,TRAPPIST-1e,False,0.0,0.0,0.0,0.0,0.0,5452,C,S,Young Adult,roomgroupA
5453_01,Earth,False,55 Cancri e,False,0.0,9.0,0.0,1114.0,5.0,5453,F,S,Young Adult,roomgroupA
5454_01,Mars,False,TRAPPIST-1e,False,848.0,1497.0,2.0,0.0,0.0,5454,E,P,Unknown,roomgroupA
5455_01,Mars,False,55 Cancri e,False,9920.0,0.0,180.0,130.0,571.0,5455,E,P,Teenager,roomgroupA
5457_01,Earth,False,TRAPPIST-1e,False,0.0,1.0,0.0,739.0,0.0,5457,F,P,Adult,roomgroupA
5458_01,Earth,False,TRAPPIST-1e,False,0.0,0.0,980.0,7.0,0.0,5458,E,S,Young Adult,roomgroupA
5459_01,Europa,False,TRAPPIST-1e,False,0.0,347.0,0.0,1545.0,2187.0,5459,C,S,Adult,roomgroupA
5462_01,Mars,False,TRAPPIST-1e,False,489.0,126.0,663.0,214.0,0.0,5462,F,P,Student,roomgroupA
5463_01,Earth,False,TRAPPIST-1e,False,724.0,0.0,0.0,0.0,0.0,5463,F,S,Student,roomgroupA
5465_01,Mars,False,TRAPPIST-1e,False,1.0,1.0,2196.0,372.0,0.0,5465,F,P,Young Adult,roomgroupA
5465_02,,False,TRAPPIST-1e,False,226.0,11.0,2.0,1580.0,0.0,5465,F,P,Adult,roomgroupA
5465_03,Mars,True,TRAPPIST-1e,False,0.0,0.0,0.0,0.0,0.0,5465,F,P,Child,roomgroupA
5466_01,Europa,True,55 Cancri e,False,0.0,0.0,0.0,0.0,0.0,5466,B,P,Adult,roomgroupA
5466_02,Europa,False,55 Cancri e,True,0.0,1473.0,1089.0,5700.0,1466.0,5466,B,P,Young Adult,roomgroupA
5466_03,Europa,False,TRAPPIST-1e,False,0.0,0.0,0.0,0.0,0.0,5466,B,P,Child,roomgroupA
5466_04,Europa,False,55 Cancri e,False,0.0,4618.0,0.0,324.0,12061.0,5466,B,P,Adult,roomgroupA
5466_05,Europa,False,TRAPPIST-1e,False,0.0,4524.0,,243.0,7730.0,5466,B,P,Adult,roomgroupA
5467_01,Earth,False,TRAPPIST-1e,False,2703.0,21.0,0.0,0.0,1.0,5467,F,S,Young Adult,roomgroupA
5468_01,Europa,True,TRAPPIST-1e,,0.0,0.0,0.0,0.0,0.0,5468,B,S,Young Adult,roomgroupA
5469_01,Europa,True,55 Cancri e,False,,0.0,0.0,0.0,0.0,5469,A,P,Young Adult,roomgroupA
5470_01,Earth,True,TRAPPIST-1e,False,,0.0,0.0,0.0,0.0,5470,G,P,Student,roomgroupA
5471_01,Earth,False,TRAPPIST-1e,False,685.0,,0.0,0.0,,5471,G,S,Adult,roomgroupA
5472_01,Earth,False,PSO J318.5-22,False,0.0,0.0,559.0,11.0,0.0,5472,F,S,Adult,roomgroupA
5474_01,Earth,True,TRAPPIST-1e,False,0.0,0.0,,0.0,0.0,5474,G,S,Student,roomgroupA
5475_01,Earth,False,TRAPPIST-1e,False,0.0,0.0,1.0,,0.0,5475,F,P,Adult,roomgroupA
5476_01,Earth,False,TRAPPIST-1e,False,1020.0,0.0,2.0,2.0,0.0,5476,G,S,Adult,roomgroupA
5477_01,Earth,False,TRAPPIST-1e,False,0.0,150.0,166.0,570.0,0.0,5477,G,S,Teenager,roomgroupA
5478_01,Mars,False,TRAPPIST-1e,False,518.0,0.0,10.0,1245.0,0.0,5478,F,S,Young Adult,roomgroupA
5479_01,Earth,True,55 Cancri e,False,0.0,0.0,0.0,0.0,0.0,5479,G,S,Adult,roomgroupA
5480_01,Europa,False,TRAPPIST-1e,False,31.0,9307.0,0.0,904.0,11213.0,5480,G,S,Adult,roomgroupA
5483_01,Earth,False,PSO J318.5-22,False,2.0,0.0,0.0,0.0,681.0,5483,F,P,Teenager,roomgroupA
5484_01,Mars,True,55 Cancri e,False,0.0,0.0,0.0,0.0,0.0,5484,F,S,Adult,roomgroupA
5485_01,Earth,False,TRAPPIST-1e,False,0.0,9.0,82.0,14.0,704.0,5485,G,P,Student,roomgroupA
5487_01,Mars,True,TRAPPIST-1e,False,0.0,0.0,0.0,0.0,0.0,5487,F,P,Young Adult,roomgroupA
5488_01,Europa,True,TRAPPIST-1e,False,0.0,0.0,0.0,0.0,0.0,5488,B,P,Young Adult,roomgroupA
5488_02,Europa,False,TRAPPIST-1e,False,0.0,22.0,6805.0,0.0,531.0,5488,B,P,Teenager,roomgroupA
5488_03,Europa,False,TRAPPIST-1e,False,0.0,6634.0,0.0,5047.0,108.0,5488,B,P,Adult,roomgroupA
5488_04,Europa,True,TRAPPIST-1e,False,0.0,0.0,0.0,0.0,0.0,5488,B,P,Adult,roomgroupA
5489_01,Earth,True,TRAPPIST-1e,False,0.0,0.0,0.0,0.0,,5489,G,P,Teenager,roomgroupA
5489_02,Earth,True,TRAPPIST-1e,False,0.0,0.0,0.0,0.0,0.0,5489,G,P,Baby,roomgroupA
5490_01,Mars,False,TRAPPIST-1e,False,665.0,76.0,,1478.0,0.0,5490,F,P,Young Adult,roomgroupA
5491_01,Earth,False,TRAPPIST-1e,False,0.0,0.0,499.0,285.0,103.0,5491,G,S,Student,roomgroupA
5492_01,Earth,False,TRAPPIST-1e,False,0.0,551.0,59.0,720.0,14.0,5492,F,S,Student,roomgroupA
5494_01,Earth,False,TRAPPIST-1e,False,658.0,0.0,0.0,161.0,3.0,5494,F,S,Student,roomgroupA
5496_01,Earth,True,55 Cancri e,False,0.0,0.0,0.0,0.0,0.0,5496,G,P,Student,roomgroupA
5497_01,Europa,True,TRAPPIST-1e,False,0.0,0.0,0.0,0.0,0.0,5497,B,S,Teenager,roomgroupA
5497_02,Europa,False,TRAPPIST-1e,False,0.0,0.0,0.0,0.0,0.0,5497,B,S,Young Adult,roomgroupA
5499_01,Earth,True,TRAPPIST-1e,False,0.0,0.0,0.0,0.0,0.0,5499,G,S,Adult,roomgroupA
5500_01,Mars,False,55 Cancri e,False,4027.0,0.0,47.0,83.0,0.0,5500,D,P,Student,roomgroupA
5501_01,Earth,False,TRAPPIST-1e,False,702.0,104.0,5.0,76.0,0.0,5501,G,S,Adult,roomgroupA
5504_01,Earth,False,TRAPPIST-1e,False,142.0,1307.0,0.0,0.0,0.0,5504,F,P,Student,roomgroupA
5506_01,Europa,True,TRAPPIST-1e,False,0.0,0.0,0.0,0.0,0.0,5506,D,S,Adult,roomgroupA
5507_01,Mars,False,TRAPPIST-1e,False,0.0,0.0,0.0,0.0,0.0,5507,E,S,Student,roomgroupA
5508_01,Earth,False,TRAPPIST-1e,False,0.0,358.0,0.0,620.0,4.0,5508,G,S,Adult,roomgroupA
5509_01,Earth,False,TRAPPIST-1e,False,0.0,0.0,800.0,0.0,0.0,5509,F,S,Young Adult,roomgroupA
5510_01,Earth,True,TRAPPIST-1e,False,0.0,0.0,0.0,0.0,0.0,5510,G,S,Student,roomgroupA
5511_01,Earth,True,TRAPPIST-1e,False,0.0,0.0,0.0,0.0,0.0,5511,G,P,Teenager,roomgroupA
5511_02,Earth,False,PSO J318.5-22,False,39.0,,169.0,20.0,1403.0,5511,E,P,Young Adult,roomgroupA
5512_01,Europa,False,55 Cancri e,False,0.0,225.0,0.0,301.0,4090.0,5512,A,S,Young Adult,roomgroupA
5512_02,Europa,False,55 Cancri e,False,0.0,8162.0,1044.0,699.0,46.0,5512,B,S,Unknown,roomgroupA
5514_01,Earth,True,TRAPPIST-1e,False,0.0,0.0,0.0,0.0,0.0,5514,G,S,Student,roomgroupA
5514_02,Earth,True,PSO J318.5-22,False,,0.0,0.0,0.0,0.0,5514,G,S,Baby,roomgroupA
5514_03,Earth,False,TRAPPIST-1e,False,0.0,6.0,0.0,814.0,107.0,5514,G,S,Young Adult,roomgroupA
5514_04,Earth,False,TRAPPIST-1e,False,0.0,0.0,0.0,0.0,,5514,G,S,Baby,roomgroupA
5515_01,Earth,False,TRAPPIST-1e,False,758.0,0.0,46.0,0.0,0.0,5515,F,P,Student,roomgroupA
5517_01,Mars,False,TRAPPIST-1e,False,0.0,0.0,0.0,0.0,0.0,5517,E,S,Unknown,roomgroupA
5520_01,Earth,False,TRAPPIST-1e,False,0.0,4.0,778.0,0.0,0.0,5520,G,S,Adult,roomgroupA
5521_01,Earth,False,TRAPPIST-1e,False,0.0,0.0,0.0,676.0,124.0,5521,F,S,Young Adult,roomgroupA
5522_01,Earth,False,55 Cancri e,False,31.0,0.0,0.0,635.0,0.0,5522,E,S,Adult,roomgroupA
5522_02,Earth,False,TRAPPIST-1e,False,0.0,0.0,0.0,703.0,0.0,5522,F,S,Student,roomgroupA
5522_03,Earth,False,TRAPPIST-1e,False,508.0,585.0,9.0,,0.0,5522,F,S,Young Adult,roomgroupA
5523_01,Earth,False,PSO J318.5-22,False,0.0,0.0,20.0,0.0,402.0,5523,G,P,Young Adult,roomgroupA
5524_01,Earth,False,55 Cancri e,False,85.0,0.0,545.0,15.0,0.0,5524,F,S,Adult,roomgroupA
5526_01,Earth,False,TRAPPIST-1e,False,0.0,0.0,4.0,145.0,,5526,F,S,Student,roomgroupA
5526_02,Earth,True,TRAPPIST-1e,False,0.0,0.0,0.0,0.0,0.0,5526,G,S,Senior,roomgroupA
5527_01,Earth,False,TRAPPIST-1e,False,1.0,1.0,,0.0,1755.0,5527,G,P,Student,roomgroupA
5527_02,Earth,True,55 Cancri e,False,0.0,0.0,0.0,0.0,0.0,5527,G,P,Baby,roomgroupA
5527_03,Earth,True,TRAPPIST-1e,False,,0.0,0.0,0.0,0.0,5527,G,P,Adult,roomgroupA
5527_04,Earth,True,55 Cancri e,False,0.0,0.0,0.0,0.0,0.0,5527,G,P,Baby,roomgroupA
5528_01,Earth,False,TRAPPIST-1e,False,0.0,288.0,35.0,0.0,435.0,5528,F,P,Student,roomgroupA
5529_01,Europa,False,55 Cancri e,False,5645.0,132.0,0.0,1.0,1814.0,5529,C,P,Adult,roomgroupA
5530_01,Mars,False,TRAPPIST-1e,False,10.0,20.0,868.0,115.0,0.0,5530,E,P,Adult,roomgroupA
5530_02,Mars,True,TRAPPIST-1e,False,0.0,0.0,0.0,0.0,0.0,5530,F,P,Adult,roomgroupA
5531_01,Mars,False,PSO J318.5-22,False,817.0,0.0,617.0,0.0,0.0,5531,F,P,Adult,roomgroupA
5531_02,Mars,True,TRAPPIST-1e,False,0.0,0.0,0.0,0.0,0.0,5531,F,P,Young Adult,roomgroupA
5535_01,Earth,False,TRAPPIST-1e,,41.0,222.0,0.0,43.0,601.0,5535,G,S,Student,roomgroupA
5535_02,Earth,False,TRAPPIST-1e,False,0.0,0.0,0.0,0.0,0.0,5535,G,S,Baby,roomgroupA
5535_03,Earth,False,55 Cancri e,False,0.0,0.0,0.0,0.0,0.0,5535,G,S,Baby,roomgroupA
5536_01,Mars,True,TRAPPIST-1e,False,0.0,0.0,0.0,0.0,0.0,5536,F,S,Student,roomgroupA
5537_01,Mars,False,TRAPPIST-1e,,690.0,0.0,30.0,762.0,428.0,5537,F,S,Adult,roomgroupA
5538_01,Mars,True,TRAPPIST-1e,False,0.0,0.0,0.0,0.0,0.0,5538,F,P,Adult,roomgroupA
5538_02,Mars,True,TRAPPIST-1e,False,0.0,0.0,0.0,0.0,0.0,5538,F,P,Teenager,roomgroupA
5539_01,Europa,False,TRAPPIST-1e,False,0.0,1583.0,0.0,232.0,8040.0,5539,B,P,Young Adult,roomgroupA
5540_01,Earth,False,TRAPPIST-1e,False,39.0,360.0,0.0,,0.0,5540,E,S,Student,roomgroupA
5541_01,Mars,True,TRAPPIST-1e,False,0.0,0.0,0.0,0.0,,5541,F,P,Student,roomgroupA
5543_01,Europa,True,TRAPPIST-1e,False,0.0,0.0,0.0,0.0,0.0,5543,C,P,Young Adult,roomgroupA
5544_01,Mars,False,TRAPPIST-1e,True,1565.0,0.0,0.0,0.0,145.0,5544,F,P,Unknown,roomgroupA
5545_01,Earth,False,PSO J318.5-22,False,0.0,0.0,693.0,3.0,77.0,5545,G,S,Young Adult,roomgroupA
5545_02,Earth,True,TRAPPIST-1e,False,0.0,0.0,0.0,0.0,0.0,5545,G,S,Child,roomgroupA
5545_03,Earth,True,TRAPPIST-1e,False,0.0,0.0,0.0,0.0,0.0,5545,G,S,Baby,roomgroupA
5546_01,Europa,False,55 Cancri e,False,550.0,5203.0,0.0,2244.0,1624.0,5546,D,P,Young Adult,roomgroupA
5550_01,Earth,False,TRAPPIST-1e,False,127.0,745.0,9.0,0.0,0.0,5550,G,S,Young Adult,roomgroupA
5551_01,Earth,True,TRAPPIST-1e,False,0.0,0.0,0.0,0.0,0.0,5551,G,P,Student,roomgroupA
5552_01,Mars,,TRAPPIST-1e,False,0.0,0.0,0.0,0.0,0.0,5552,F,P,Young Adult,roomgroupA
5552_02,Mars,True,TRAPPIST-1e,False,0.0,0.0,0.0,0.0,0.0,5552,F,P,Child,roomgroupA
5552_03,Mars,False,TRAPPIST-1e,False,51.0,10.0,754.0,1412.0,137.0,5552,F,P,Senior,roomgroupA
5555_01,,False,,,1.0,0.0,213.0,7.0,701.0,5555,G,S,Adult,roomgroupA
5556_01,Earth,False,TRAPPIST-1e,False,0.0,1.0,667.0,897.0,43.0,5556,E,S,Young Adult,roomgroupA
5557_01,Earth,True,TRAPPIST-1e,False,0.0,0.0,0.0,0.0,0.0,5557,G,P,Adult,roomgroupA
5559_01,Earth,True,55 Cancri e,False,0.0,0.0,0.0,0.0,0.0,5559,G,S,Student,roomgroupA
5560_01,Mars,False,TRAPPIST-1e,False,1696.0,0.0,1006.0,0.0,27.0,5560,D,S,Adult,roomgroupA
5561_01,Europa,True,TRAPPIST-1e,False,0.0,0.0,0.0,0.0,0.0,5561,A,P,Young Adult,roomgroupA
5561_02,Europa,False,TRAPPIST-1e,False,0.0,175.0,0.0,214.0,7461.0,5561,A,P,Young Adult,roomgroupA
5561_03,Europa,False,TRAPPIST-1e,False,0.0,890.0,2929.0,352.0,4898.0,5561,A,P,Adult,roomgroupA
5561_04,Europa,False,TRAPPIST-1e,False,7.0,494.0,2473.0,443.0,71.0,5561,A,P,Adult,roomgroupA
5563_01,Europa,True,TRAPPIST-1e,False,0.0,0.0,0.0,0.0,0.0,5563,C,P,Young Adult,roomgroupA
5566_01,Europa,False,55 Cancri e,False,2445.0,3023.0,0.0,704.0,20.0,5566,E,P,Senior,roomgroupA
5568_01,Europa,False,TRAPPIST-1e,False,0.0,3991.0,298.0,289.0,2740.0,5568,B,P,Adult,roomgroupA
5568_02,Europa,True,55 Cancri e,True,0.0,0.0,0.0,0.0,0.0,5568,B,P,Young Adult,roomgroupA
5569_01,Earth,True,TRAPPIST-1e,False,0.0,0.0,0.0,0.0,0.0,5569,G,P,Student,roomgroupA
5571_01,Earth,False,55 Cancri e,False,0.0,406.0,0.0,0.0,503.0,5571,G,S,Young Adult,roomgroupA
5572_01,Mars,True,55 Cancri e,False,0.0,0.0,0.0,0.0,0.0,5572,F,P,Student,roomgroupA
5573_01,Earth,False,55 Cancri e,False,749.0,0.0,74.0,0.0,0.0,5573,F,P,Student,roomgroupA
5574_01,Earth,False,55 Cancri e,False,714.0,237.0,0.0,587.0,1.0,5574,F,P,Teenager,roomgroupA
5575_01,Mars,False,TRAPPIST-1e,False,583.0,0.0,222.0,0.0,1560.0,5575,F,P,Adult,roomgroupA
5575_02,Mars,True,TRAPPIST-1e,False,0.0,0.0,0.0,0.0,0.0,5575,F,P,Young Adult,roomgroupA
5578_01,Earth,True,55 Cancri e,False,0.0,0.0,0.0,0.0,0.0,5578,G,P,Student,roomgroupA
5580_01,Earth,True,PSO J318.5-22,False,0.0,0.0,0.0,0.0,0.0,5580,G,S,Adult,roomgroupA
5581_01,Europa,True,55 Cancri e,False,0.0,0.0,0.0,0.0,,5581,B,S,Young Adult,roomgroupA
5582_01,Earth,False,TRAPPIST-1e,,753.0,335.0,1.0,348.0,0.0,5582,G,P,Adult,roomgroupA
5583_01,Europa,False,TRAPPIST-1e,False,5.0,3514.0,31.0,601.0,13.0,5583,D,S,Adult,roomgroupA
5585_01,Earth,False,PSO J318.5-22,False,688.0,5.0,80.0,0.0,0.0,5585,G,P,Student,roomgroupA
5585_02,Earth,False,TRAPPIST-1e,False,245.0,0.0,542.0,0.0,19.0,5585,F,P,Young Adult,roomgroupA
5586_01,Earth,False,PSO J318.5-22,False,0.0,0.0,6.0,746.0,1.0,5586,G,P,Adult,roomgroupA
5587_01,Earth,False,55 Cancri e,False,654.0,2.0,83.0,0.0,0.0,5587,F,P,Student,roomgroupA
5589_01,Earth,False,TRAPPIST-1e,False,0.0,786.0,0.0,11.0,83.0,5589,F,P,Young Adult,roomgroupA
5591_01,Earth,False,55 Cancri e,False,590.0,9.0,0.0,0.0,192.0,5591,E,S,Teenager,roomgroupA
5592_01,Mars,True,55 Cancri e,False,0.0,0.0,0.0,0.0,0.0,5592,F,P,Adult,roomgroupA
5594_01,Earth,False,TRAPPIST-1e,False,0.0,823.0,0.0,1168.0,14.0,5594,F,P,Teenager,roomgroupA
5595_01,Earth,False,TRAPPIST-1e,False,0.0,1.0,0.0,870.0,0.0,5595,F,S,Young Adult,roomgroupA
5596_01,Europa,False,TRAPPIST-1e,False,0.0,722.0,302.0,103.0,2659.0,5596,D,P,Senior,roomgroupA
5598_01,Earth,False,,False,0.0,0.0,500.0,2.0,208.0,5598,G,S,Student,roomgroupA
5599_01,Europa,False,55 Cancri e,,380.0,686.0,0.0,295.0,1247.0,5599,E,S,Adult,roomgroupA
5601_01,Earth,True,TRAPPIST-1e,False,0.0,0.0,0.0,0.0,0.0,5601,G,S,Baby,roomgroupA
5601_02,Earth,False,TRAPPIST-1e,False,0.0,0.0,0.0,0.0,0.0,5601,G,S,Child,roomgroupA
5601_03,Earth,False,55 Cancri e,False,0.0,0.0,0.0,0.0,0.0,5601,G,S,Baby,roomgroupA
5601_04,Earth,False,TRAPPIST-1e,False,958.0,1668.0,82.0,0.0,78.0,5601,F,S,Student,roomgroupA
5601_05,Earth,True,55 Cancri e,False,0.0,0.0,0.0,0.0,0.0,5601,G,S,Child,roomgroupA
5602_01,Europa,True,TRAPPIST-1e,False,0.0,0.0,0.0,0.0,0.0,5602,B,P,Adult,roomgroupA
5602_02,Europa,False,55 Cancri e,False,0.0,3268.0,0.0,436.0,342.0,5602,B,P,Student,roomgroupA
5603_01,,False,TRAPPIST-1e,False,170.0,1256.0,0.0,3926.0,7121.0,5603,E,S,Young Adult,roomgroupA
5606_01,Europa,True,55 Cancri e,False,0.0,0.0,0.0,0.0,0.0,5606,B,S,Adult,roomgroupA
5606_02,Europa,False,TRAPPIST-1e,False,0.0,1219.0,7.0,104.0,1082.0,5606,B,S,Young Adult,roomgroupA
5608_01,Earth,False,TRAPPIST-1e,False,30.0,757.0,115.0,0.0,0.0,5608,F,P,Teenager,roomgroupA
5609_01,Earth,False,TRAPPIST-1e,False,765.0,5.0,0.0,0.0,0.0,5609,G,P,Student,roomgroupA
5610_01,Europa,True,TRAPPIST-1e,False,0.0,0.0,0.0,0.0,0.0,5610,B,S,Senior,roomgroupA
5610_02,Europa,False,55 Cancri e,True,0.0,7996.0,0.0,4549.0,10206.0,5610,B,S,Adult,roomgroupA
5611_01,Europa,True,TRAPPIST-1e,False,0.0,0.0,0.0,0.0,0.0,5611,D,S,Young Adult,roomgroupA
5611_02,Europa,False,TRAPPIST-1e,False,0.0,3477.0,0.0,1.0,5543.0,5611,D,S,Adult,roomgroupA
5613_01,Earth,False,TRAPPIST-1e,False,125.0,874.0,0.0,180.0,1.0,5613,F,S,Young Adult,roomgroupA
5614_01,Earth,True,55 Cancri e,False,0.0,0.0,0.0,0.0,0.0,5614,G,S,Adult,roomgroupA
5615_01,Earth,True,55 Cancri e,False,0.0,0.0,0.0,0.0,0.0,5615,G,S,Student,roomgroupA
5616_01,Earth,False,PSO J318.5-22,False,458.0,240.0,0.0,239.0,0.0,5616,F,S,Young Adult,roomgroupA
5618_01,Earth,False,TRAPPIST-1e,False,0.0,785.0,0.0,0.0,19.0,5618,F,S,Student,roomgroupA
5619_01,Earth,True,55 Cancri e,False,0.0,0.0,0.0,0.0,0.0,5619,G,S,Young Adult,roomgroupA
5622_01,Earth,False,TRAPPIST-1e,False,0.0,0.0,970.0,0.0,0.0,5622,F,S,Senior,roomgroupA
5623_01,Earth,True,TRAPPIST-1e,False,0.0,0.0,0.0,0.0,0.0,5623,G,P,Teenager,roomgroupA
5625_01,Mars,True,TRAPPIST-1e,False,0.0,0.0,0.0,0.0,0.0,5625,E,P,Student,roomgroupA
5625_02,Mars,,PSO J318.5-22,False,0.0,0.0,0.0,0.0,0.0,5625,E,P,Adult,roomgroupA
5625_03,Mars,False,TRAPPIST-1e,False,890.0,9.0,0.0,1250.0,57.0,5625,E,P,Teenager,roomgroupA
5625_04,Mars,True,TRAPPIST-1e,False,0.0,0.0,0.0,0.0,0.0,5625,E,P,Young Adult,roomgroupA
5625_05,Mars,False,TRAPPIST-1e,False,804.0,0.0,378.0,0.0,0.0,5625,E,P,Student,roomgroupA
5626_01,Earth,True,PSO J318.5-22,False,0.0,0.0,0.0,0.0,0.0,5626,G,S,Student,roomgroupA
5627_01,Earth,False,TRAPPIST-1e,False,0.0,0.0,0.0,0.0,0.0,5627,G,P,Young Adult,roomgroupA
5628_01,Earth,True,TRAPPIST-1e,False,0.0,0.0,0.0,0.0,0.0,5628,G,P,Young Adult,roomgroupA
5629_01,Earth,True,TRAPPIST-1e,False,0.0,,0.0,0.0,0.0,5629,G,P,Young Adult,roomgroupA
5631_01,Earth,False,TRAPPIST-1e,False,47.0,0.0,0.0,0.0,2711.0,5631,F,P,Student,roomgroupA
5637_01,Earth,False,TRAPPIST-1e,False,1.0,8.0,0.0,0.0,715.0,5637,F,P,Adult,roomgroupA
5639_01,Earth,False,TRAPPIST-1e,False,19.0,9.0,0.0,0.0,594.0,5639,G,S,Student,roomgroupA
5640_01,Europa,True,TRAPPIST-1e,False,0.0,0.0,0.0,0.0,0.0,5640,E,S,Young Adult,roomgroupA
5642_01,Europa,True,,False,0.0,0.0,0.0,0.0,0.0,5642,B,S,Adult,roomgroupA
5642_02,Europa,True,55 Cancri e,False,0.0,0.0,0.0,0.0,0.0,5642,G,S,Adult,roomgroupA
5643_01,Mars,False,TRAPPIST-1e,False,158.0,0.0,1594.0,1.0,0.0,5643,F,S,Young Adult,roomgroupA
5643_02,Mars,False,55 Cancri e,False,2803.0,0.0,17.0,0.0,0.0,5643,F,S,Student,roomgroupA
5643_03,Mars,False,TRAPPIST-1e,False,643.0,0.0,45.0,0.0,10.0,5643,F,S,Teenager,roomgroupA
5644_01,Mars,False,TRAPPIST-1e,False,1909.0,0.0,0.0,0.0,6.0,5644,F,P,Young Adult,roomgroupA
5645_01,Earth,False,TRAPPIST-1e,False,0.0,117.0,2134.0,0.0,0.0,5645,F,S,Young Adult,roomgroupA
5646_01,Mars,True,55 Cancri e,False,0.0,0.0,0.0,0.0,0.0,5646,F,S,Adult,roomgroupA
5647_01,Europa,True,TRAPPIST-1e,False,0.0,,0.0,0.0,,5647,C,P,Adult,roomgroupA
5647_02,Europa,False,55 Cancri e,False,0.0,1425.0,31.0,0.0,1320.0,5647,C,P,Adult,roomgroupA
5647_03,Europa,False,TRAPPIST-1e,False,0.0,,0.0,2851.0,1478.0,5647,C,P,Adult,roomgroupA
5648_01,Europa,False,55 Cancri e,False,332.0,918.0,0.0,5.0,4817.0,5648,C,P,Young Adult,roomgroupA
5648_02,Europa,False,55 Cancri e,False,0.0,103.0,0.0,240.0,8221.0,5648,C,P,Adult,roomgroupA
5650_01,Earth,False,TRAPPIST-1e,False,56.0,22.0,285.0,1453.0,0.0,5650,G,P,Young Adult,roomgroupA
5651_01,Earth,False,PSO J318.5-22,False,807.0,0.0,0.0,0.0,40.0,5651,G,S,Young Adult,roomgroupA
5652_01,Earth,False,TRAPPIST-1e,False,215.0,0.0,0.0,0.0,350.0,5652,F,P,Young Adult,roomgroupA
5653_01,Earth,True,TRAPPIST-1e,False,0.0,0.0,0.0,0.0,0.0,5653,G,P,Teenager,roomgroupA
5655_01,Earth,False,PSO J318.5-22,False,1188.0,39.0,3.0,3.0,0.0,5655,F,P,Adult,roomgroupA
5659_01,Earth,False,TRAPPIST-1e,False,0.0,0.0,0.0,0.0,880.0,5659,F,P,Adult,roomgroupA
5661_01,Earth,False,PSO J318.5-22,False,635.0,53.0,0.0,3.0,0.0,5661,E,P,Adult,roomgroupA
5661_02,Earth,True,55 Cancri e,False,0.0,0.0,0.0,0.0,0.0,5661,G,P,Young Adult,roomgroupA
5662_01,Earth,True,TRAPPIST-1e,False,0.0,0.0,0.0,0.0,0.0,5662,G,S,Teenager,roomgroupA
5662_02,Earth,False,TRAPPIST-1e,False,13.0,0.0,0.0,679.0,0.0,5662,F,S,Young Adult,roomgroupA
5663_01,Europa,False,TRAPPIST-1e,False,0.0,1513.0,5.0,63.0,144.0,5663,A,S,Young Adult,roomgroupA
5667_01,Earth,False,55 Cancri e,False,0.0,496.0,0.0,3867.0,30.0,5667,G,P,Student,roomgroupA
5671_01,Earth,False,TRAPPIST-1e,False,56.0,1706.0,15.0,0.0,23.0,5671,G,P,Teenager,roomgroupA
5673_01,Earth,False,TRAPPIST-1e,False,286.0,545.0,,0.0,0.0,5673,F,S,Young Adult,roomgroupA
5674_01,Europa,False,TRAPPIST-1e,False,0.0,11594.0,0.0,10247.0,1.0,5674,B,S,Student,roomgroupA
5677_01,Mars,False,TRAPPIST-1e,False,1035.0,0.0,264.0,0.0,0.0,5677,E,P,Student,roomgroupA
5679_01,Earth,True,PSO J318.5-22,False,0.0,0.0,0.0,0.0,0.0,5679,G,S,Student,roomgroupA
5679_02,Earth,True,55 Cancri e,False,0.0,0.0,0.0,0.0,0.0,5679,G,S,Adult,roomgroupA
5679_03,Earth,True,TRAPPIST-1e,False,0.0,0.0,0.0,0.0,0.0,5679,G,S,Student,roomgroupA
5680_01,Earth,False,TRAPPIST-1e,False,0.0,0.0,1609.0,0.0,0.0,5680,E,P,Student,roomgroupA
5681_01,Earth,True,TRAPPIST-1e,False,0.0,0.0,0.0,0.0,0.0,5681,G,S,Senior,roomgroupA
5684_01,,True,TRAPPIST-1e,False,0.0,0.0,0.0,0.0,0.0,5684,B,S,Young Adult,roomgroupA
5684_02,Europa,True,55 Cancri e,False,0.0,0.0,0.0,0.0,0.0,5684,B,S,Adult,roomgroupA
5684_03,Europa,False,55 Cancri e,False,0.0,1198.0,48.0,278.0,1244.0,5684,B,S,Adult,roomgroupA
5684_04,Europa,True,TRAPPIST-1e,False,0.0,0.0,0.0,0.0,0.0,5684,B,S,Senior,roomgroupA
5685_01,Earth,True,TRAPPIST-1e,False,0.0,0.0,0.0,0.0,0.0,5685,G,P,Student,roomgroupA
5686_01,Mars,False,55 Cancri e,False,2267.0,0.0,107.0,0.0,0.0,5686,G,S,Adult,roomgroupA
5686_02,Mars,False,55 Cancri e,False,1410.0,123.0,26.0,9.0,812.0,5686,D,P,Young Adult,roomgroupA
5687_01,Earth,False,TRAPPIST-1e,False,348.0,1627.0,0.0,0.0,0.0,5687,F,P,Teenager,roomgroupA
5688_01,Earth,False,TRAPPIST-1e,False,12.0,177.0,1110.0,0.0,0.0,5688,F,S,Student,roomgroupA
5689_01,Earth,False,TRAPPIST-1e,False,233.0,0.0,0.0,1054.0,156.0,5689,F,P,Young Adult,roomgroupA
5692_01,Mars,False,TRAPPIST-1e,False,821.0,0.0,863.0,664.0,0.0,5692,E,P,Student,roomgroupA
5693_01,Earth,False,TRAPPIST-1e,False,0.0,0.0,2332.0,84.0,0.0,5693,F,S,Adult,roomgroupA
5695_01,Earth,True,TRAPPIST-1e,False,0.0,0.0,0.0,0.0,0.0,5695,G,S,Adult,roomgroupA
5696_01,Earth,True,PSO J318.5-22,False,0.0,0.0,0.0,0.0,0.0,5696,G,P,Young Adult,roomgroupA
5698_01,Earth,False,TRAPPIST-1e,False,0.0,0.0,325.0,247.0,305.0,5698,F,S,Teenager,roomgroupA
5698_02,Earth,False,TRAPPIST-1e,False,178.0,0.0,3.0,0.0,704.0,5698,G,S,Young Adult,roomgroupA
5700_01,Earth,True,TRAPPIST-1e,False,0.0,0.0,0.0,0.0,0.0,5700,G,S,Adult,roomgroupA
5701_01,Mars,True,TRAPPIST-1e,False,0.0,0.0,0.0,0.0,0.0,5701,D,S,Unknown,roomgroupA
5702_01,Earth,True,55 Cancri e,False,0.0,0.0,0.0,0.0,0.0,5702,G,P,Young Adult,roomgroupA
5704_01,Earth,True,TRAPPIST-1e,False,0.0,0.0,,0.0,0.0,5704,G,P,Student,roomgroupA
5705_01,Earth,True,TRAPPIST-1e,False,0.0,0.0,0.0,0.0,0.0,5705,G,S,Teenager,roomgroupA
5706_01,Earth,False,TRAPPIST-1e,False,0.0,458.0,725.0,0.0,0.0,5706,F,S,Teenager,roomgroupA
5706_02,Earth,False,TRAPPIST-1e,False,0.0,0.0,0.0,0.0,,5706,G,S,Child,roomgroupA
5707_01,Earth,False,TRAPPIST-1e,False,0.0,0.0,973.0,29.0,0.0,5707,F,S,Teenager,roomgroupA
5709_01,Europa,False,TRAPPIST-1e,False,0.0,4372.0,0.0,4103.0,0.0,5709,C,S,Young Adult,roomgroupA
5710_01,Earth,False,TRAPPIST-1e,False,0.0,166.0,1080.0,0.0,16.0,5710,F,S,Senior,roomgroupA
5711_01,Earth,False,TRAPPIST-1e,False,,0.0,0.0,692.0,164.0,5711,F,P,Student,roomgroupA
5712_01,Europa,True,TRAPPIST-1e,False,0.0,0.0,0.0,0.0,0.0,5712,E,S,Senior,roomgroupA
5713_01,Earth,False,TRAPPIST-1e,False,0.0,29.0,317.0,434.0,45.0,5713,G,P,Adult,roomgroupA
5714_01,Earth,False,TRAPPIST-1e,False,0.0,0.0,0.0,0.0,0.0,5714,G,P,Baby,roomgroupA
5714_02,Earth,False,TRAPPIST-1e,False,0.0,0.0,0.0,0.0,0.0,5714,G,P,Teenager,roomgroupA
5714_03,Earth,False,TRAPPIST-1e,,0.0,0.0,0.0,0.0,0.0,5714,G,P,Baby,roomgroupA
5714_04,Earth,True,TRAPPIST-1e,False,0.0,0.0,0.0,0.0,0.0,5714,G,P,Student,roomgroupA
5714_05,Earth,True,TRAPPIST-1e,False,0.0,0.0,0.0,0.0,0.0,5714,G,P,Unknown,roomgroupA
5716_01,Earth,False,PSO J318.5-22,False,0.0,173.0,0.0,0.0,1155.0,5716,F,S,Young Adult,roomgroupA
5717_01,Earth,False,TRAPPIST-1e,False,0.0,664.0,0.0,144.0,141.0,5717,G,P,Adult,roomgroupA
5718_01,Earth,True,TRAPPIST-1e,False,0.0,0.0,0.0,0.0,0.0,5718,G,S,Student,roomgroupA
5719_01,Earth,False,TRAPPIST-1e,False,390.0,0.0,0.0,0.0,518.0,5719,G,P,Senior,roomgroupA
5719_02,Earth,True,TRAPPIST-1e,False,0.0,0.0,0.0,0.0,0.0,5719,G,P,Baby,roomgroupA
5721_01,Europa,True,TRAPPIST-1e,False,0.0,0.0,0.0,0.0,0.0,5721,B,S,Adult,roomgroupA
5721_02,Europa,False,TRAPPIST-1e,False,0.0,1975.0,598.0,7.0,3726.0,5721,B,S,Adult,roomgroupA
5722_01,Earth,False,TRAPPIST-1e,False,69.0,0.0,17.0,176.0,2105.0,5722,G,S,Adult,roomgroupA
5723_01,Mars,True,TRAPPIST-1e,False,0.0,0.0,0.0,0.0,0.0,5723,E,S,Young Adult,roomgroupA
5724_01,Earth,True,PSO J318.5-22,False,0.0,0.0,0.0,0.0,0.0,5724,G,P,Student,roomgroupA
5725_01,Earth,False,TRAPPIST-1e,False,156.0,0.0,364.0,489.0,383.0,5725,F,S,Young Adult,roomgroupA
5726_01,Europa,True,55 Cancri e,False,0.0,0.0,,0.0,0.0,5726,B,P,Young Adult,roomgroupA
5727_01,Earth,False,55 Cancri e,False,0.0,0.0,0.0,711.0,0.0,5727,G,P,Young Adult,roomgroupA
5728_01,Earth,False,TRAPPIST-1e,False,0.0,217.0,0.0,77.0,510.0,5728,F,P,Young Adult,roomgroupA
5729_01,Mars,True,TRAPPIST-1e,False,0.0,0.0,0.0,0.0,0.0,5729,F,P,Young Adult,roomgroupA
5730_01,Earth,False,TRAPPIST-1e,False,2029.0,1.0,0.0,0.0,121.0,5730,F,P,Young Adult,roomgroupA
5732_01,Earth,False,TRAPPIST-1e,False,0.0,0.0,53.0,2.0,754.0,5732,G,P,Student,roomgroupA
5733_01,Earth,False,55 Cancri e,False,0.0,1745.0,6.0,5.0,37.0,5733,G,P,Young Adult,roomgroupA
5733_02,Earth,False,,False,0.0,0.0,0.0,1191.0,109.0,5733,F,P,Young Adult,roomgroupA
5735_01,Earth,True,TRAPPIST-1e,False,0.0,0.0,0.0,0.0,0.0,5735,E,P,Unknown,roomgroupA
5736_01,Earth,,TRAPPIST-1e,False,1.0,,1.0,0.0,618.0,5736,F,P,Student,roomgroupA
5737_01,Europa,False,TRAPPIST-1e,False,0.0,11856.0,13.0,39.0,3.0,5737,C,S,Adult,roomgroupA
5737_02,Europa,False,TRAPPIST-1e,False,0.0,7636.0,0.0,353.0,705.0,5737,C,S,Adult,roomgroupA
5738_01,Earth,True,TRAPPIST-1e,False,0.0,0.0,0.0,0.0,0.0,5738,G,S,Student,roomgroupA
5739_01,Earth,True,TRAPPIST-1e,False,0.0,0.0,0.0,0.0,0.0,5739,G,S,Student,roomgroupA
5740_01,Europa,False,TRAPPIST-1e,False,0.0,16.0,0.0,144.0,7492.0,5740,A,P,Adult,roomgroupA
5740_02,Europa,False,55 Cancri e,False,70.0,764.0,724.0,547.0,1297.0,5740,A,P,Young Adult,roomgroupA
5742_01,Earth,False,55 Cancri e,False,57.0,29.0,0.0,0.0,643.0,5742,F,S,Adult,roomgroupA
5744_01,Earth,False,TRAPPIST-1e,False,0.0,37.0,859.0,9.0,1.0,5744,G,S,Student,roomgroupA
5746_01,Earth,False,TRAPPIST-1e,False,0.0,,0.0,5381.0,139.0,5746,G,S,Student,roomgroupA
5747_01,Earth,False,TRAPPIST-1e,False,715.0,47.0,0.0,0.0,0.0,5747,F,P,Young Adult,roomgroupA
5748_01,Europa,False,TRAPPIST-1e,True,247.0,436.0,459.0,1.0,1984.0,5748,A,P,Adult,roomgroupA
5750_01,Earth,False,TRAPPIST-1e,False,0.0,625.0,0.0,0.0,356.0,5750,E,P,Student,roomgroupA
5751_01,Earth,False,PSO J318.5-22,False,160.0,20.0,39.0,552.0,1.0,5751,G,P,Young Adult,roomgroupA
5755_01,Earth,False,TRAPPIST-1e,False,88.0,0.0,586.0,0.0,0.0,5755,G,S,Student,roomgroupA
5756_01,Earth,False,TRAPPIST-1e,False,542.0,0.0,360.0,0.0,0.0,5756,F,P,Adult,roomgroupA
5756_02,Earth,False,TRAPPIST-1e,False,439.0,0.0,0.0,0.0,254.0,5756,F,P,Adult,roomgroupA
5756_03,Earth,False,PSO J318.5-22,False,5.0,0.0,0.0,716.0,0.0,5756,F,P,Student,roomgroupA
5756_04,Earth,,TRAPPIST-1e,False,0.0,0.0,0.0,0.0,0.0,5756,F,P,Student,roomgroupA
5756_05,Earth,True,TRAPPIST-1e,False,0.0,0.0,0.0,,0.0,5756,F,P,Student,roomgroupA
5756_06,Earth,False,PSO J318.5-22,False,158.0,0.0,476.0,0.0,26.0,5756,F,P,Student,roomgroupA
5756_07,Earth,False,TRAPPIST-1e,False,12.0,6.0,2817.0,342.0,0.0,5756,G,S,Young Adult,roomgroupA
5756_08,Earth,False,PSO J318.5-22,False,11.0,0.0,0.0,1912.0,1120.0,5756,F,P,Young Adult,roomgroupA
5757_01,Earth,False,TRAPPIST-1e,False,0.0,0.0,0.0,558.0,1.0,5757,F,P,Student,roomgroupA
5758_01,Earth,True,TRAPPIST-1e,False,0.0,0.0,0.0,0.0,0.0,5758,G,S,Student,roomgroupA
5761_01,Europa,True,TRAPPIST-1e,False,0.0,0.0,0.0,0.0,0.0,5761,B,S,Adult,roomgroupA
5763_01,Earth,False,TRAPPIST-1e,False,0.0,0.0,56.0,1.0,642.0,5763,F,S,Adult,roomgroupA
5763_02,Earth,False,TRAPPIST-1e,False,,0.0,0.0,838.0,193.0,5763,F,S,Young Adult,roomgroupA
5764_01,Earth,False,TRAPPIST-1e,False,0.0,0.0,1037.0,8.0,1.0,5764,F,S,Young Adult,roomgroupA
5765_01,Europa,False,TRAPPIST-1e,False,0.0,1871.0,0.0,570.0,199.0,5765,C,P,Adult,roomgroupA
5767_01,Earth,True,PSO J318.5-22,False,0.0,0.0,0.0,0.0,0.0,5767,G,S,Young Adult,roomgroupA
5768_01,Europa,True,TRAPPIST-1e,False,0.0,0.0,0.0,0.0,0.0,5768,B,P,Adult,roomgroupA
5768_02,Europa,True,55 Cancri e,False,0.0,0.0,0.0,0.0,0.0,5768,B,P,Student,roomgroupA
5769_01,Europa,True,TRAPPIST-1e,False,0.0,0.0,0.0,0.0,0.0,5769,B,P,Student,roomgroupA
5769_02,Europa,True,55 Cancri e,False,0.0,0.0,0.0,0.0,0.0,5769,B,P,Student,roomgroupA
5771_01,Earth,False,TRAPPIST-1e,False,0.0,868.0,0.0,4.0,,5771,G,S,Adult,roomgroupA
5772_01,Mars,False,55 Cancri e,False,610.0,858.0,75.0,1358.0,0.0,5772,F,P,Student,roomgroupA
5773_01,Europa,True,55 Cancri e,False,0.0,0.0,0.0,0.0,0.0,5773,C,S,Senior,roomgroupA
5776_01,Earth,False,TRAPPIST-1e,False,0.0,128.0,209.0,4.0,383.0,5776,F,S,Student,roomgroupA
5777_01,Earth,,PSO J318.5-22,,559.0,25.0,,22.0,765.0,5777,F,P,Adult,roomgroupA
5778_01,Earth,False,TRAPPIST-1e,False,0.0,0.0,0.0,0.0,907.0,5778,G,P,Adult,roomgroupA
5779_01,Earth,False,TRAPPIST-1e,False,0.0,706.0,0.0,,0.0,5779,G,S,Teenager,roomgroupA
5780_01,Europa,False,TRAPPIST-1e,False,2233.0,6408.0,,23.0,273.0,5780,B,P,Young Adult,roomgroupA
5780_02,Europa,True,TRAPPIST-1e,False,0.0,0.0,0.0,0.0,0.0,5780,B,P,Adult,roomgroupA
5780_03,Europa,True,55 Cancri e,False,0.0,0.0,0.0,0.0,0.0,5780,B,P,Student,roomgroupA
5781_01,Earth,False,55 Cancri e,False,0.0,0.0,0.0,1.0,594.0,5781,F,P,Student,roomgroupA
5783_01,Earth,False,55 Cancri e,False,0.0,1197.0,0.0,223.0,1.0,5783,F,P,Adult,roomgroupA
5785_01,Earth,False,PSO J318.5-22,False,571.0,0.0,0.0,0.0,0.0,5785,F,S,Young Adult,roomgroupA
5786_01,Earth,False,PSO J318.5-22,False,14.0,3.0,0.0,1720.0,0.0,5786,G,P,Adult,roomgroupA
5788_01,Mars,False,TRAPPIST-1e,False,850.0,0.0,681.0,1.0,0.0,5788,F,S,Young Adult,roomgroupA
5790_01,Europa,False,TRAPPIST-1e,False,0.0,1068.0,945.0,2587.0,811.0,5790,C,S,Adult,roomgroupA
5791_01,Earth,False,,False,183.0,7.0,637.0,182.0,5.0,5791,G,S,Adult,roomgroupA
5792_01,Europa,False,55 Cancri e,False,0.0,3338.0,0.0,6344.0,199.0,5792,B,P,Adult,roomgroupA
5793_01,Europa,True,55 Cancri e,False,0.0,0.0,0.0,0.0,0.0,5793,E,S,Adult,roomgroupA
5794_01,Europa,False,TRAPPIST-1e,False,0.0,1202.0,149.0,1472.0,3379.0,5794,D,P,Adult,roomgroupA
5795_01,Earth,False,PSO J318.5-22,False,0.0,95.0,595.0,0.0,0.0,5795,F,S,Student,roomgroupA
5796_01,Mars,False,TRAPPIST-1e,False,6769.0,0.0,,113.0,1.0,5796,F,S,Young Adult,roomgroupA
5799_01,,True,55 Cancri e,False,0.0,0.0,0.0,0.0,0.0,5799,F,S,Adult,roomgroupA
5800_01,Earth,False,,False,661.0,0.0,830.0,0.0,6.0,5800,F,P,Adult,roomgroupA
5802_01,Mars,False,TRAPPIST-1e,False,815.0,219.0,22.0,0.0,0.0,5802,D,S,Adult,roomgroupA
5804_01,Earth,True,TRAPPIST-1e,False,0.0,0.0,0.0,0.0,0.0,5804,G,P,Young Adult,roomgroupA
5806_01,Earth,False,TRAPPIST-1e,False,514.0,0.0,2.0,129.0,583.0,5806,F,S,Student,roomgroupA
5808_01,Earth,False,TRAPPIST-1e,False,0.0,0.0,0.0,0.0,0.0,5808,G,P,Baby,roomgroupA
5808_02,Earth,False,TRAPPIST-1e,False,0.0,3.0,41.0,359.0,393.0,5808,F,P,Student,roomgroupA
5808_03,Earth,False,TRAPPIST-1e,False,751.0,0.0,,7.0,0.0,5808,F,P,Adult,roomgroupA
5809_01,Earth,False,TRAPPIST-1e,False,104.0,511.0,254.0,425.0,4.0,5809,F,P,Student,roomgroupA
5809_02,Earth,False,TRAPPIST-1e,False,0.0,98.0,2077.0,0.0,0.0,5809,F,P,Adult,roomgroupA
5810_01,Earth,True,TRAPPIST-1e,False,0.0,0.0,0.0,0.0,0.0,5810,G,P,Young Adult,roomgroupA
5810_02,,False,TRAPPIST-1e,False,0.0,1489.0,68.0,6.0,0.0,5810,E,P,Young Adult,roomgroupA
5811_01,Europa,False,55 Cancri e,False,1.0,4058.0,95.0,0.0,2109.0,5811,A,P,Adult,roomgroupA
5811_02,Europa,False,55 Cancri e,False,35.0,3953.0,0.0,2108.0,0.0,5811,A,P,Adult,roomgroupA
5812_01,Earth,True,TRAPPIST-1e,False,0.0,0.0,0.0,0.0,0.0,5812,G,S,Baby,roomgroupA
5812_02,Earth,False,TRAPPIST-1e,False,0.0,0.0,0.0,0.0,0.0,5812,G,S,Baby,roomgroupA
5812_03,Earth,True,TRAPPIST-1e,False,0.0,0.0,0.0,0.0,0.0,5812,G,S,Teenager,roomgroupA
5812_04,Earth,True,TRAPPIST-1e,False,0.0,0.0,0.0,0.0,0.0,5812,G,S,Baby,roomgroupA
5812_05,Earth,True,TRAPPIST-1e,False,0.0,0.0,0.0,0.0,0.0,5812,G,S,Adult,roomgroupA
5812_06,Earth,True,55 Cancri e,False,0.0,0.0,0.0,0.0,0.0,5812,G,S,Child,roomgroupA
5813_01,Earth,True,TRAPPIST-1e,False,0.0,0.0,0.0,0.0,0.0,5813,G,P,Adult,roomgroupA
5814_01,Mars,False,TRAPPIST-1e,False,513.0,0.0,669.0,0.0,0.0,5814,D,S,Teenager,roomgroupA
5814_02,Mars,True,55 Cancri e,False,0.0,0.0,0.0,0.0,0.0,5814,D,S,Student,roomgroupA
5814_03,Mars,True,55 Cancri e,False,0.0,0.0,0.0,0.0,0.0,5814,D,S,Student,roomgroupA
5814_04,Mars,False,TRAPPIST-1e,False,89.0,888.0,51.0,5.0,0.0,5814,D,S,Young Adult,roomgroupA
5814_05,Mars,True,TRAPPIST-1e,False,0.0,0.0,0.0,0.0,0.0,5814,D,S,Adult,roomgroupA
5814_06,Mars,False,TRAPPIST-1e,False,2309.0,0.0,1142.0,1.0,10.0,5814,D,S,Teenager,roomgroupA
5814_07,Mars,True,,False,0.0,0.0,0.0,0.0,0.0,5814,D,S,Adult,roomgroupA
5816_01,Earth,False,TRAPPIST-1e,False,1.0,0.0,7.0,0.0,387.0,5816,G,P,Young Adult,roomgroupA
5817_01,Mars,True,TRAPPIST-1e,False,0.0,0.0,0.0,0.0,0.0,5817,F,S,Young Adult,roomgroupA
5818_01,Earth,False,,False,3553.0,5.0,0.0,0.0,2.0,5818,G,P,Student,roomgroupA
5819_01,Europa,True,TRAPPIST-1e,False,0.0,0.0,0.0,0.0,0.0,5819,B,S,Young Adult,roomgroupA
5820_01,Earth,,TRAPPIST-1e,False,112.0,406.0,198.0,0.0,0.0,5820,F,S,Adult,roomgroupA
5821_01,Europa,False,55 Cancri e,False,0.0,496.0,99.0,317.0,5615.0,5821,C,P,Adult,roomgroupA
5822_01,Earth,True,TRAPPIST-1e,False,0.0,0.0,0.0,0.0,0.0,5822,G,P,Teenager,roomgroupA
5823_01,Earth,True,55 Cancri e,False,0.0,0.0,0.0,0.0,0.0,5823,G,S,Student,roomgroupA
5824_01,Earth,True,55 Cancri e,False,0.0,0.0,0.0,0.0,0.0,5824,G,P,Student,roomgroupA
5825_01,Europa,False,TRAPPIST-1e,False,0.0,8808.0,0.0,580.0,0.0,5825,B,P,Adult,roomgroupA
5826_01,,True,55 Cancri e,False,0.0,0.0,0.0,0.0,0.0,5826,E,P,Adult,roomgroupA
5827_01,Earth,False,TRAPPIST-1e,False,0.0,68.0,0.0,920.0,4.0,5827,G,S,Adult,roomgroupA
5828_01,Earth,False,TRAPPIST-1e,False,621.0,0.0,0.0,0.0,0.0,5828,G,P,Student,roomgroupA
5829_01,Earth,False,TRAPPIST-1e,False,0.0,21.0,0.0,0.0,716.0,5829,F,S,Student,roomgroupA
5831_01,Earth,False,55 Cancri e,False,0.0,0.0,0.0,0.0,0.0,5831,G,S,Child,roomgroupA
5834_01,Earth,False,,False,546.0,11.0,0.0,325.0,218.0,5834,F,P,Student,roomgroupA
5835_01,Earth,True,PSO J318.5-22,False,0.0,0.0,0.0,0.0,0.0,5835,G,S,Adult,roomgroupA
5836_01,Europa,True,55 Cancri e,False,0.0,0.0,0.0,0.0,0.0,5836,B,S,Young Adult,roomgroupA
5837_01,Earth,False,TRAPPIST-1e,False,761.0,15.0,0.0,0.0,,5837,F,S,Senior,roomgroupA
5839_01,Europa,True,TRAPPIST-1e,False,0.0,0.0,0.0,0.0,0.0,5839,C,S,Young Adult,roomgroupA
5840_01,Earth,True,TRAPPIST-1e,False,0.0,0.0,0.0,0.0,0.0,5840,G,P,Student,roomgroupA
5842_01,Europa,True,55 Cancri e,False,0.0,0.0,0.0,0.0,0.0,5842,C,S,Young Adult,roomgroupA
5842_02,Europa,True,55 Cancri e,False,0.0,0.0,0.0,0.0,0.0,5842,C,S,Young Adult,roomgroupA
5843_01,Earth,True,TRAPPIST-1e,False,0.0,0.0,0.0,0.0,0.0,5843,G,S,Adult,roomgroupA
5844_01,Earth,False,55 Cancri e,,0.0,30.0,835.0,0.0,0.0,5844,E,P,Young Adult,roomgroupA
5846_01,Mars,False,TRAPPIST-1e,True,149.0,0.0,890.0,9.0,0.0,5846,E,S,Young Adult,roomgroupA
5847_01,Earth,False,TRAPPIST-1e,False,36.0,0.0,0.0,1415.0,0.0,5847,F,S,Young Adult,roomgroupA
5848_01,Earth,False,,False,229.0,761.0,0.0,0.0,6.0,5848,E,S,Young Adult,roomgroupA
5849_01,Earth,False,TRAPPIST-1e,False,0.0,0.0,0.0,0.0,1104.0,5849,F,P,Adult,roomgroupA
5852_01,Earth,False,TRAPPIST-1e,False,0.0,0.0,0.0,727.0,260.0,5852,E,P,Young Adult,roomgroupA
5854_01,Earth,False,TRAPPIST-1e,False,0.0,75.0,106.0,0.0,1903.0,5854,F,S,Adult,roomgroupA
5855_01,Earth,,TRAPPIST-1e,False,0.0,623.0,1827.0,0.0,0.0,5855,F,P,Senior,roomgroupA
5855_02,Earth,False,PSO J318.5-22,False,0.0,0.0,687.0,0.0,65.0,5855,G,P,Adult,roomgroupA
5856_01,Europa,True,55 Cancri e,False,0.0,0.0,0.0,0.0,0.0,5856,B,P,Unknown,roomgroupA
5856_02,Europa,True,TRAPPIST-1e,False,0.0,0.0,0.0,0.0,0.0,5856,B,P,Young Adult,roomgroupA
5857_01,Europa,False,TRAPPIST-1e,False,0.0,2.0,64.0,139.0,3831.0,5857,E,S,Unknown,roomgroupA
5858_01,Earth,False,55 Cancri e,False,483.0,0.0,0.0,304.0,21.0,5858,G,S,Student,roomgroupA
5859_01,Earth,False,,False,0.0,456.0,2624.0,912.0,8.0,5859,E,P,Student,roomgroupA
5860_01,Mars,False,TRAPPIST-1e,False,7.0,0.0,6.0,1206.0,88.0,5860,F,S,Adult,roomgroupA
5860_02,Mars,True,TRAPPIST-1e,False,0.0,0.0,0.0,0.0,0.0,5860,F,S,Baby,roomgroupA
5860_03,Mars,False,TRAPPIST-1e,False,0.0,0.0,0.0,0.0,0.0,5860,F,S,Baby,roomgroupA
5861_01,Earth,False,TRAPPIST-1e,False,0.0,1774.0,0.0,17.0,13.0,5861,G,S,Young Adult,roomgroupA
5863_01,Earth,False,55 Cancri e,False,0.0,0.0,0.0,0.0,0.0,5863,G,P,Baby,roomgroupA
5863_02,Earth,False,TRAPPIST-1e,False,0.0,566.0,18.0,318.0,0.0,5863,F,P,Teenager,roomgroupA
5867_01,Earth,False,TRAPPIST-1e,False,,0.0,0.0,1501.0,24.0,5867,F,P,Adult,roomgroupA
5868_01,Earth,False,TRAPPIST-1e,False,104.0,53.0,194.0,436.0,0.0,5868,E,S,Senior,roomgroupA
5869_01,Earth,True,55 Cancri e,False,0.0,0.0,0.0,0.0,0.0,5869,G,S,Teenager,roomgroupA
5871_01,Earth,False,55 Cancri e,False,0.0,1369.0,848.0,0.0,0.0,5871,F,S,Young Adult,roomgroupA
5874_01,Earth,True,PSO J318.5-22,False,0.0,0.0,0.0,0.0,0.0,5874,G,S,Adult,roomgroupA
5875_01,Earth,False,TRAPPIST-1e,False,20.0,0.0,0.0,769.0,0.0,5875,E,S,Adult,roomgroupA
5876_01,Mars,False,TRAPPIST-1e,False,1364.0,131.0,444.0,0.0,0.0,5876,D,P,Adult,roomgroupA
5876_02,Mars,True,55 Cancri e,False,0.0,0.0,0.0,0.0,0.0,5876,F,P,Adult,roomgroupA
5876_03,Mars,True,TRAPPIST-1e,False,0.0,0.0,0.0,0.0,0.0,5876,F,P,Student,roomgroupA
5877_01,Earth,False,TRAPPIST-1e,False,0.0,0.0,1552.0,0.0,,5877,F,S,Teenager,roomgroupA
5878_01,Europa,True,55 Cancri e,False,0.0,0.0,0.0,0.0,0.0,5878,B,S,Adult,roomgroupA
5879_01,Mars,True,TRAPPIST-1e,False,0.0,0.0,0.0,0.0,0.0,5879,F,S,Young Adult,roomgroupA
5880_01,Earth,True,TRAPPIST-1e,False,0.0,0.0,0.0,0.0,0.0,5880,G,P,Child,roomgroupA
5882_01,Earth,False,TRAPPIST-1e,False,18.0,10.0,73.0,0.0,1049.0,5882,F,P,Teenager,roomgroupA
5885_01,Earth,False,TRAPPIST-1e,,8.0,532.0,0.0,0.0,100.0,5885,F,S,Adult,roomgroupA
5885_02,Earth,False,TRAPPIST-1e,False,0.0,0.0,0.0,507.0,909.0,5885,F,S,Adult,roomgroupA
5885_03,Earth,False,TRAPPIST-1e,False,0.0,2395.0,7.0,20.0,6.0,5885,F,S,Young Adult,roomgroupA
5885_04,Earth,False,TRAPPIST-1e,False,0.0,0.0,0.0,888.0,0.0,5885,G,S,Student,roomgroupA
5885_05,Earth,True,55 Cancri e,False,0.0,0.0,0.0,0.0,0.0,5885,G,S,Student,roomgroupA
5885_06,Earth,False,TRAPPIST-1e,False,4518.0,914.0,0.0,93.0,0.0,5885,G,S,Young Adult,roomgroupA
5885_07,Earth,False,TRAPPIST-1e,False,0.0,0.0,0.0,0.0,1818.0,5885,G,S,Young Adult,roomgroupA
5885_08,Earth,False,TRAPPIST-1e,False,0.0,0.0,892.0,0.0,0.0,5885,G,S,Young Adult,roomgroupA
5886_01,Mars,False,TRAPPIST-1e,False,10.0,49.0,,1497.0,10.0,5886,F,P,Young Adult,roomgroupA
5886_02,Mars,True,TRAPPIST-1e,False,0.0,0.0,0.0,0.0,0.0,5886,E,P,Young Adult,roomgroupA
5887_01,Earth,False,PSO J318.5-22,False,781.0,2.0,0.0,61.0,0.0,5887,E,P,Adult,roomgroupA
5887_02,Earth,False,,False,201.0,574.0,40.0,0.0,11.0,5887,F,P,Adult,roomgroupA
5888_01,Mars,False,55 Cancri e,False,1331.0,0.0,0.0,0.0,0.0,5888,F,P,Young Adult,roomgroupA
5888_02,Mars,False,TRAPPIST-1e,False,750.0,0.0,0.0,0.0,1065.0,5888,F,P,Adult,roomgroupA
5889_01,Earth,False,TRAPPIST-1e,False,0.0,0.0,790.0,2368.0,1292.0,5889,G,P,Adult,roomgroupA
5890_01,Earth,True,TRAPPIST-1e,False,0.0,0.0,0.0,0.0,0.0,5890,G,S,Young Adult,roomgroupA
5891_01,Earth,True,PSO J318.5-22,False,0.0,0.0,0.0,0.0,0.0,5891,G,P,Student,roomgroupA
5894_01,Earth,True,PSO J318.5-22,False,0.0,0.0,0.0,0.0,0.0,5894,G,S,Student,roomgroupA
5897_01,Europa,,55 Cancri e,False,0.0,0.0,0.0,0.0,0.0,5897,C,S,Young Adult,roomgroupA
5898_01,Earth,True,55 Cancri e,False,0.0,0.0,0.0,0.0,0.0,5898,G,S,Adult,roomgroupA
5900_01,Mars,True,TRAPPIST-1e,False,0.0,,0.0,0.0,0.0,5900,F,P,Senior,roomgroupA
5900_02,Mars,True,TRAPPIST-1e,False,0.0,0.0,0.0,0.0,0.0,5900,F,P,Young Adult,roomgroupA
5900_03,Mars,True,TRAPPIST-1e,,0.0,0.0,0.0,0.0,0.0,5900,F,P,Child,roomgroupA
5901_01,Earth,False,55 Cancri e,False,0.0,40.0,0.0,0.0,839.0,5901,F,P,Teenager,roomgroupA
5902_01,Mars,False,PSO J318.5-22,False,162.0,0.0,690.0,28.0,0.0,5902,D,S,Young Adult,roomgroupA
5903_01,Earth,False,TRAPPIST-1e,False,223.0,0.0,13.0,514.0,41.0,5903,E,P,Young Adult,roomgroupA
5905_01,Earth,False,TRAPPIST-1e,False,16.0,687.0,1.0,1.0,0.0,5905,G,S,Student,roomgroupA
5906_01,Earth,False,,False,0.0,0.0,207.0,347.0,262.0,5906,G,P,Adult,roomgroupA
5907_01,Earth,True,PSO J318.5-22,False,0.0,0.0,0.0,0.0,0.0,5907,G,S,Senior,roomgroupA
5908_01,Earth,False,TRAPPIST-1e,False,84.0,392.0,300.0,0.0,0.0,5908,F,S,Adult,roomgroupA
5909_01,Earth,False,55 Cancri e,False,0.0,716.0,0.0,0.0,0.0,5909,F,S,Student,roomgroupA
5909_02,Earth,True,TRAPPIST-1e,False,0.0,0.0,0.0,0.0,0.0,5909,G,S,Child,roomgroupA
5909_03,Earth,True,55 Cancri e,False,0.0,0.0,0.0,0.0,0.0,5909,G,S,Baby,roomgroupA
5912_01,Earth,True,TRAPPIST-1e,False,0.0,0.0,0.0,0.0,0.0,5912,G,S,Teenager,roomgroupA
5913_01,Europa,False,TRAPPIST-1e,False,0.0,6.0,0.0,1.0,1407.0,5913,D,P,Adult,roomgroupA
5915_01,Earth,False,TRAPPIST-1e,False,0.0,0.0,39.0,0.0,749.0,5915,E,S,Young Adult,roomgroupA
5916_01,Earth,False,,False,2.0,3.0,450.0,204.0,0.0,5916,E,S,Student,roomgroupA
5919_01,Europa,False,55 Cancri e,False,0.0,2427.0,15.0,5.0,0.0,5919,A,P,Young Adult,roomgroupA
5920_01,Earth,False,TRAPPIST-1e,False,48.0,94.0,756.0,308.0,0.0,5920,F,P,Young Adult,roomgroupA
5921_01,Earth,True,TRAPPIST-1e,False,0.0,0.0,0.0,0.0,0.0,5921,G,P,Adult,roomgroupA
5921_02,Earth,False,TRAPPIST-1e,False,0.0,0.0,859.0,62.0,0.0,5921,F,P,Student,roomgroupA
5922_01,Earth,False,TRAPPIST-1e,False,0.0,0.0,0.0,0.0,0.0,5922,G,P,Young Adult,roomgroupA
5923_01,Mars,True,55 Cancri e,False,0.0,0.0,0.0,0.0,0.0,5923,F,S,Young Adult,roomgroupA
5924_01,Earth,False,TRAPPIST-1e,False,152.0,55.0,25.0,74.0,289.0,5924,F,P,Adult,roomgroupA
5925_01,Europa,False,TRAPPIST-1e,False,0.0,1644.0,0.0,0.0,3780.0,5925,B,S,Young Adult,roomgroupA
5925_02,Europa,False,TRAPPIST-1e,False,0.0,2002.0,0.0,96.0,69.0,5925,B,S,Teenager,roomgroupA
5925_03,Europa,False,TRAPPIST-1e,False,0.0,0.0,0.0,241.0,4757.0,5925,B,S,Young Adult,roomgroupA
5927_01,Europa,False,55 Cancri e,False,0.0,2421.0,0.0,725.0,2300.0,5927,B,P,Young Adult,roomgroupA
5927_02,Europa,False,,False,0.0,109.0,0.0,4810.0,25.0,5927,B,P,Student,roomgroupA
5927_03,Europa,True,55 Cancri e,False,0.0,0.0,0.0,0.0,0.0,5927,B,P,Adult,roomgroupA
5927_04,Europa,,55 Cancri e,False,0.0,1264.0,0.0,5474.0,104.0,5927,B,P,Adult,roomgroupA
5927_05,Europa,True,TRAPPIST-1e,False,0.0,0.0,0.0,0.0,0.0,5927,B,P,Teenager,roomgroupA
5927_06,Europa,False,55 Cancri e,False,4.0,3857.0,324.0,899.0,375.0,5927,B,P,Adult,roomgroupA
5927_07,Europa,False,55 Cancri e,False,0.0,1706.0,0.0,274.0,2056.0,5927,B,P,Adult,roomgroupA
5928_01,Earth,False,TRAPPIST-1e,False,149.0,25.0,559.0,21.0,33.0,5928,E,P,Student,roomgroupA
5930_01,Europa,True,55 Cancri e,False,0.0,0.0,0.0,0.0,0.0,5930,B,S,Young Adult,roomgroupA
5930_02,Europa,False,TRAPPIST-1e,False,0.0,1014.0,0.0,2463.0,517.0,5930,B,S,Young Adult,roomgroupA
5930_03,Europa,True,55 Cancri e,False,0.0,0.0,0.0,0.0,0.0,5930,B,S,Student,roomgroupA
5931_01,Europa,False,55 Cancri e,False,0.0,0.0,0.0,1854.0,171.0,5931,A,P,Adult,roomgroupA
5933_01,Mars,False,TRAPPIST-1e,False,1547.0,485.0,97.0,59.0,0.0,5933,F,S,Young Adult,roomgroupA
5934_01,Earth,False,TRAPPIST-1e,False,89.0,1725.0,,0.0,3.0,5934,G,P,Young Adult,roomgroupA
5938_01,Earth,False,55 Cancri e,False,0.0,0.0,52.0,0.0,,5938,E,S,Teenager,roomgroupA
5938_02,Earth,True,TRAPPIST-1e,False,0.0,0.0,0.0,0.0,0.0,5938,G,S,Unknown,roomgroupA
5939_01,,False,TRAPPIST-1e,False,628.0,0.0,544.0,0.0,126.0,5939,E,S,Young Adult,roomgroupA
5941_01,Earth,False,TRAPPIST-1e,False,72.0,914.0,0.0,0.0,7.0,5941,E,S,Unknown,roomgroupA
5944_01,Earth,True,PSO J318.5-22,False,0.0,0.0,0.0,0.0,0.0,5944,G,S,Young Adult,roomgroupA
5945_01,Earth,True,TRAPPIST-1e,False,0.0,0.0,0.0,0.0,0.0,5945,G,S,Child,roomgroupA
5945_02,Earth,True,55 Cancri e,False,0.0,0.0,0.0,0.0,0.0,5945,G,S,Young Adult,roomgroupA
5945_03,Earth,False,PSO J318.5-22,False,163.0,2.0,11.0,593.0,0.0,5945,G,S,Adult,roomgroupA
5946_01,Mars,False,TRAPPIST-1e,False,300.0,5.0,642.0,0.0,0.0,5946,E,S,Student,roomgroupA
5947_01,Europa,True,TRAPPIST-1e,False,0.0,0.0,0.0,0.0,0.0,5947,E,S,Adult,roomgroupA
5949_01,Mars,False,TRAPPIST-1e,False,758.0,425.0,0.0,0.0,0.0,5949,D,S,Student,roomgroupA
5949_02,Mars,True,TRAPPIST-1e,False,0.0,0.0,0.0,0.0,0.0,5949,F,S,Student,roomgroupA
5950_01,Earth,False,TRAPPIST-1e,False,,5.0,0.0,64.0,0.0,5950,E,P,Young Adult,roomgroupA
5951_01,Earth,False,55 Cancri e,False,423.0,0.0,172.0,0.0,,5951,F,S,Student,roomgroupA
5952_01,Mars,,55 Cancri e,False,0.0,0.0,0.0,0.0,0.0,5952,F,S,Student,roomgroupA
5953_01,Mars,False,TRAPPIST-1e,False,157.0,0.0,1199.0,0.0,14.0,5953,E,S,Teenager,roomgroupA
5954_01,Mars,False,TRAPPIST-1e,False,2093.0,0.0,6.0,0.0,0.0,5954,E,S,Young Adult,roomgroupA
5955_01,Mars,False,TRAPPIST-1e,False,836.0,0.0,155.0,31.0,0.0,5955,E,S,Young Adult,roomgroupA
5955_02,Mars,False,TRAPPIST-1e,False,1379.0,0.0,414.0,0.0,805.0,5955,F,S,Young Adult,roomgroupA
5956_01,Earth,False,TRAPPIST-1e,,12.0,0.0,0.0,1658.0,0.0,5956,E,P,Student,roomgroupA
5957_01,Europa,True,55 Cancri e,False,0.0,0.0,0.0,0.0,0.0,5957,B,P,Teenager,roomgroupA
5957_02,Europa,True,55 Cancri e,False,0.0,0.0,0.0,0.0,0.0,5957,B,P,Teenager,roomgroupA
5957_03,Europa,False,55 Cancri e,True,2.0,3862.0,0.0,1482.0,73.0,5957,B,P,Adult,roomgroupA
5959_01,Europa,False,TRAPPIST-1e,False,1.0,2809.0,97.0,61.0,1227.0,5959,D,S,Young Adult,roomgroupA
5959_02,Europa,True,TRAPPIST-1e,False,0.0,0.0,0.0,0.0,0.0,5959,D,S,Young Adult,roomgroupA
5960_01,Europa,False,TRAPPIST-1e,False,0.0,4780.0,1761.0,1.0,247.0,5960,C,S,Young Adult,roomgroupA
5960_02,Europa,False,TRAPPIST-1e,False,3215.0,1211.0,4.0,7.0,417.0,5960,C,S,Young Adult,roomgroupA
5960_03,Europa,True,55 Cancri e,False,0.0,0.0,0.0,0.0,0.0,5960,C,S,Young Adult,roomgroupA
5963_01,Mars,False,55 Cancri e,False,112.0,1184.0,143.0,2.0,585.0,5963,F,P,Student,roomgroupA
5965_01,Earth,False,TRAPPIST-1e,False,0.0,40.0,689.0,0.0,79.0,5965,G,P,Student,roomgroupA
5967_01,Earth,True,55 Cancri e,False,,0.0,0.0,0.0,0.0,5967,G,P,Adult,roomgroupA
5967_02,Earth,False,TRAPPIST-1e,False,0.0,784.0,0.0,0.0,0.0,5967,G,P,Adult,roomgroupA
5967_03,Earth,False,TRAPPIST-1e,False,0.0,0.0,0.0,0.0,0.0,5967,G,P,Baby,roomgroupA
5968_01,Earth,False,TRAPPIST-1e,False,17.0,0.0,0.0,49.0,867.0,5968,F,P,Unknown,roomgroupA
5969_01,Earth,True,TRAPPIST-1e,False,0.0,0.0,0.0,0.0,0.0,5969,G,S,Baby,roomgroupA
5969_02,Earth,False,55 Cancri e,False,0.0,698.0,0.0,,6.0,5969,F,S,Adult,roomgroupA
5969_03,Earth,False,TRAPPIST-1e,False,0.0,0.0,0.0,0.0,0.0,5969,G,S,Baby,roomgroupA
5970_01,Europa,True,55 Cancri e,False,0.0,0.0,0.0,0.0,0.0,5970,B,S,Adult,roomgroupA
5971_01,Mars,False,TRAPPIST-1e,False,448.0,0.0,891.0,0.0,235.0,5971,F,P,Adult,roomgroupA
5972_01,Earth,False,TRAPPIST-1e,False,0.0,11.0,610.0,591.0,769.0,5972,F,S,Young Adult,roomgroupA
5973_01,Mars,False,TRAPPIST-1e,False,1086.0,4.0,202.0,401.0,0.0,5973,F,S,Adult,roomgroupA
5974_01,Mars,True,55 Cancri e,False,0.0,0.0,0.0,0.0,0.0,5974,D,P,Student,roomgroupA
5975_01,Europa,True,55 Cancri e,False,0.0,0.0,0.0,0.0,0.0,5975,E,P,Adult,roomgroupA
5976_01,Mars,False,TRAPPIST-1e,False,3090.0,0.0,808.0,0.0,0.0,5976,D,S,Young Adult,roomgroupA
5977_01,Europa,False,TRAPPIST-1e,False,0.0,0.0,0.0,0.0,0.0,5977,B,S,Young Adult,roomgroupA
5977_02,Europa,False,55 Cancri e,False,200.0,9.0,0.0,,24133.0,5977,B,S,Adult,roomgroupA
5977_03,Europa,False,TRAPPIST-1e,False,0.0,0.0,0.0,0.0,0.0,5977,B,S,Unknown,roomgroupA
5977_04,Europa,False,TRAPPIST-1e,False,0.0,3259.0,761.0,4423.0,0.0,5977,B,S,Adult,roomgroupA
5980_01,Europa,False,55 Cancri e,False,0.0,,0.0,2.0,9.0,5980,C,S,Student,roomgroupA
5981_01,Mars,False,TRAPPIST-1e,False,441.0,0.0,397.0,471.0,0.0,5981,F,S,Young Adult,roomgroupA
5981_02,,False,TRAPPIST-1e,False,0.0,0.0,0.0,0.0,0.0,5981,F,S,Baby,roomgroupA
5981_03,Mars,False,TRAPPIST-1e,False,0.0,0.0,0.0,0.0,0.0,5981,F,S,Baby,roomgroupA
5983_01,Mars,False,TRAPPIST-1e,True,1442.0,0.0,0.0,0.0,13.0,5983,F,P,Young Adult,roomgroupA
5983_02,Mars,True,TRAPPIST-1e,False,0.0,0.0,0.0,0.0,0.0,5983,F,P,Adult,roomgroupA
5984_01,Mars,False,PSO J318.5-22,False,1208.0,0.0,13.0,38.0,0.0,5984,D,P,Adult,roomgroupA
5984_02,Mars,False,TRAPPIST-1e,False,555.0,0.0,618.0,0.0,0.0,5984,E,P,Young Adult,roomgroupA
5985_01,Earth,False,TRAPPIST-1e,False,276.0,0.0,0.0,0.0,489.0,5985,F,P,Young Adult,roomgroupA
5986_01,Europa,,TRAPPIST-1e,False,0.0,0.0,0.0,0.0,0.0,5986,D,P,Young Adult,roomgroupA
5987_01,Earth,False,TRAPPIST-1e,False,0.0,5.0,6.0,0.0,,5987,G,S,Young Adult,roomgroupA
5988_01,Mars,False,55 Cancri e,False,2956.0,0.0,10.0,12.0,692.0,5988,F,P,Adult,roomgroupA
5989_01,,False,TRAPPIST-1e,False,0.0,0.0,,703.0,0.0,5989,F,S,Student,roomgroupA
5990_01,Earth,True,TRAPPIST-1e,False,0.0,0.0,0.0,0.0,0.0,5990,G,S,Student,roomgroupA
5991_01,Europa,False,55 Cancri e,False,0.0,9641.0,51.0,224.0,2428.0,5991,C,S,Young Adult,roomgroupA
5992_01,Earth,True,PSO J318.5-22,False,0.0,0.0,0.0,0.0,0.0,5992,G,S,Student,roomgroupA
5993_01,Mars,True,TRAPPIST-1e,False,0.0,0.0,0.0,0.0,0.0,5993,E,S,Young Adult,roomgroupA
5994_01,Earth,False,55 Cancri e,,94.0,132.0,0.0,967.0,5.0,5994,F,P,Student,roomgroupA
5995_01,Earth,True,PSO J318.5-22,False,0.0,0.0,0.0,0.0,0.0,5995,G,P,Young Adult,roomgroupA
5998_01,Earth,False,TRAPPIST-1e,False,477.0,0.0,8.0,0.0,323.0,5998,G,S,Young Adult,roomgroupA
5999_01,Earth,False,TRAPPIST-1e,False,0.0,104.0,2.0,0.0,801.0,5999,G,P,Young Adult,roomgroupA
6000_01,Mars,False,TRAPPIST-1e,False,781.0,0.0,295.0,613.0,0.0,6000,G,S,Student,roomgroupA
6000_02,Mars,False,TRAPPIST-1e,False,1.0,0.0,808.0,0.0,0.0,6000,D,P,Adult,roomgroupA
6001_01,Earth,True,TRAPPIST-1e,,0.0,0.0,0.0,0.0,0.0,6001,G,P,Adult,roomgroupA
6003_01,Earth,False,TRAPPIST-1e,False,9.0,247.0,0.0,482.0,16.0,6003,G,P,Adult,roomgroupA
6004_01,Mars,True,TRAPPIST-1e,False,0.0,0.0,0.0,0.0,0.0,6004,F,S,Student,roomgroupA
6006_01,Europa,False,55 Cancri e,True,1017.0,3863.0,0.0,601.0,3999.0,6006,D,P,Adult,roomgroupA
6006_02,Europa,True,55 Cancri e,False,0.0,0.0,0.0,0.0,0.0,6006,D,P,Young Adult,roomgroupA
6007_01,Earth,True,,False,0.0,0.0,,0.0,0.0,6007,G,P,Adult,roomgroupA
6008_01,Earth,False,PSO J318.5-22,,0.0,73.0,617.0,0.0,0.0,6008,F,P,Young Adult,roomgroupA
6010_01,Earth,True,55 Cancri e,False,0.0,0.0,0.0,0.0,0.0,6010,G,S,Teenager,roomgroupA
6011_01,Earth,False,TRAPPIST-1e,False,0.0,0.0,0.0,1989.0,18.0,6011,F,P,Adult,roomgroupA
6014_01,Earth,False,TRAPPIST-1e,False,28.0,396.0,367.0,0.0,0.0,6014,E,S,Teenager,roomgroupA
6015_01,Europa,True,TRAPPIST-1e,False,0.0,0.0,0.0,0.0,0.0,6015,B,S,Student,roomgroupA
6015_02,Europa,False,55 Cancri e,False,140.0,4451.0,0.0,0.0,2050.0,6015,B,S,Young Adult,roomgroupA
6016_01,Earth,False,TRAPPIST-1e,False,718.0,0.0,265.0,302.0,384.0,6016,E,P,Young Adult,roomgroupA
6016_02,Earth,False,TRAPPIST-1e,False,3.0,0.0,0.0,806.0,0.0,6016,G,P,Student,roomgroupA
6017_01,Mars,True,TRAPPIST-1e,False,0.0,0.0,0.0,0.0,0.0,6017,F,S,Young Adult,roomgroupA
6017_02,Mars,True,TRAPPIST-1e,False,0.0,0.0,0.0,0.0,0.0,6017,F,S,Teenager,roomgroupA
6019_01,Earth,False,TRAPPIST-1e,False,0.0,839.0,0.0,36.0,5.0,6019,F,S,Unknown,roomgroupA
6020_01,Earth,True,55 Cancri e,False,0.0,0.0,0.0,0.0,0.0,6020,G,P,Adult,roomgroupA
6020_02,Earth,True,TRAPPIST-1e,False,0.0,0.0,0.0,0.0,0.0,6020,G,P,Baby,roomgroupA
6020_03,Earth,False,TRAPPIST-1e,False,0.0,0.0,0.0,0.0,0.0,6020,G,P,Child,roomgroupA
6020_04,Earth,True,TRAPPIST-1e,False,0.0,0.0,0.0,0.0,0.0,6020,G,P,Child,roomgroupA
6020_05,Earth,False,55 Cancri e,False,0.0,968.0,273.0,,283.0,6020,F,P,Young Adult,roomgroupA
6020_06,Earth,False,TRAPPIST-1e,False,0.0,0.0,0.0,0.0,0.0,6020,G,P,Child,roomgroupA
6020_07,Earth,True,TRAPPIST-1e,False,0.0,0.0,0.0,0.0,,6020,G,P,Baby,roomgroupA
6022_01,Earth,False,TRAPPIST-1e,False,0.0,0.0,0.0,14.0,631.0,6022,F,P,Young Adult,roomgroupA
6024_01,Earth,True,PSO J318.5-22,False,0.0,,0.0,0.0,0.0,6024,G,P,Teenager,roomgroupA
6025_01,Earth,False,TRAPPIST-1e,False,0.0,420.0,0.0,1.0,175.0,6025,F,P,Adult,roomgroupA
6026_01,Mars,False,TRAPPIST-1e,False,982.0,64.0,380.0,0.0,0.0,6026,F,P,Adult,roomgroupA
6027_01,Europa,False,TRAPPIST-1e,False,0.0,1828.0,9058.0,1.0,2.0,6027,B,S,Adult,roomgroupA
6028_01,Europa,False,55 Cancri e,False,0.0,1801.0,0.0,304.0,1393.0,6028,A,P,Young Adult,roomgroupA
6028_02,Europa,False,TRAPPIST-1e,True,0.0,792.0,0.0,1.0,1335.0,6028,A,P,Young Adult,roomgroupA
6028_03,Europa,False,55 Cancri e,False,0.0,0.0,0.0,0.0,0.0,6028,A,P,Child,roomgroupA
6028_04,Europa,False,TRAPPIST-1e,True,0.0,3638.0,0.0,1043.0,0.0,6028,G,S,Young Adult,roomgroupA
6028_05,Europa,False,TRAPPIST-1e,False,0.0,6921.0,0.0,29.0,45.0,6028,A,P,Young Adult,roomgroupA
6029_01,Earth,False,TRAPPIST-1e,False,0.0,30.0,20.0,0.0,941.0,6029,E,S,Young Adult,roomgroupA
6030_01,Earth,False,TRAPPIST-1e,False,0.0,0.0,0.0,0.0,0.0,6030,G,S,Child,roomgroupA
6030_02,Earth,True,TRAPPIST-1e,False,0.0,0.0,0.0,0.0,0.0,6030,G,S,Unknown,roomgroupA
6030_03,Earth,False,TRAPPIST-1e,False,852.0,147.0,7.0,0.0,1.0,6030,G,S,Teenager,roomgroupA
6030_04,Earth,False,TRAPPIST-1e,False,0.0,0.0,47.0,703.0,4.0,6030,G,S,Young Adult,roomgroupA
6030_05,Earth,True,TRAPPIST-1e,False,0.0,0.0,,0.0,0.0,6030,G,S,Teenager,roomgroupA
6030_06,Earth,True,TRAPPIST-1e,False,0.0,0.0,0.0,0.0,0.0,6030,G,S,Baby,roomgroupA
6030_07,Earth,False,TRAPPIST-1e,False,0.0,,0.0,0.0,0.0,6030,G,S,Adult,roomgroupA
6031_01,,False,,False,0.0,645.0,0.0,0.0,395.0,6031,F,S,Adult,roomgroupA
6032_01,Earth,True,TRAPPIST-1e,False,0.0,0.0,0.0,0.0,0.0,6032,G,S,Teenager,roomgroupA
6032_02,,False,TRAPPIST-1e,False,521.0,4.0,53.0,70.0,141.0,6032,E,S,Adult,roomgroupA
6032_03,Earth,True,55 Cancri e,False,0.0,0.0,0.0,0.0,0.0,6032,G,S,Baby,roomgroupA
6033_01,Mars,False,TRAPPIST-1e,False,158.0,0.0,139.0,752.0,0.0,6033,E,P,Young Adult,roomgroupA
6033_02,Mars,True,55 Cancri e,False,0.0,0.0,0.0,0.0,0.0,6033,F,P,Teenager,roomgroupA
6034_01,Mars,False,PSO J318.5-22,False,2042.0,0.0,2387.0,10.0,0.0,6034,E,P,Young Adult,roomgroupA
6034_02,Mars,True,PSO J318.5-22,False,0.0,0.0,0.0,0.0,0.0,6034,E,P,Young Adult,roomgroupA
6034_03,Mars,False,TRAPPIST-1e,False,0.0,0.0,0.0,0.0,0.0,6034,E,P,Child,roomgroupA
6035_01,Earth,False,TRAPPIST-1e,False,0.0,0.0,0.0,1.0,827.0,6035,E,P,Student,roomgroupA
6035_02,Earth,,TRAPPIST-1e,,0.0,0.0,0.0,0.0,0.0,6035,G,P,Baby,roomgroupA
6036_01,Europa,False,TRAPPIST-1e,False,0.0,1289.0,1224.0,514.0,1674.0,6036,C,S,Adult,roomgroupA
6036_02,,False,TRAPPIST-1e,False,0.0,677.0,0.0,179.0,3186.0,6036,C,S,Teenager,roomgroupA
6036_03,Europa,False,TRAPPIST-1e,False,0.0,1857.0,0.0,778.0,587.0,6036,C,S,Young Adult,roomgroupA
6038_01,Mars,False,TRAPPIST-1e,False,2413.0,0.0,53.0,1.0,0.0,6038,F,S,Student,roomgroupA
6039_01,Earth,,TRAPPIST-1e,False,0.0,0.0,0.0,0.0,0.0,6039,G,S,Baby,roomgroupA
6039_02,Earth,False,,False,3.0,0.0,0.0,0.0,757.0,6039,F,S,Young Adult,roomgroupA
6040_01,Earth,False,TRAPPIST-1e,False,805.0,4.0,0.0,0.0,0.0,6040,G,S,Teenager,roomgroupA
6041_01,Mars,False,TRAPPIST-1e,False,419.0,0.0,15.0,0.0,0.0,6041,F,P,Young Adult,roomgroupA
6042_01,Mars,False,TRAPPIST-1e,False,1946.0,0.0,653.0,0.0,0.0,6042,F,P,Young Adult,roomgroupA
6043_01,Earth,False,TRAPPIST-1e,False,0.0,292.0,1039.0,1.0,489.0,6043,G,P,Young Adult,roomgroupA
6045_01,Europa,False,TRAPPIST-1e,False,0.0,21.0,0.0,8126.0,4.0,6045,B,S,Young Adult,roomgroupA
6047_01,Earth,False,PSO J318.5-22,False,508.0,0.0,0.0,57.0,243.0,6047,G,S,Adult,roomgroupA
6048_01,Mars,True,,False,0.0,0.0,0.0,0.0,0.0,6048,G,S,Young Adult,roomgroupA
6049_01,Earth,False,TRAPPIST-1e,False,178.0,0.0,235.0,0.0,396.0,6049,G,S,Young Adult,roomgroupA
6052_01,Earth,True,TRAPPIST-1e,False,0.0,0.0,0.0,0.0,0.0,6052,G,P,Senior,roomgroupA
6054_01,Mars,True,TRAPPIST-1e,,0.0,0.0,0.0,0.0,0.0,6054,F,S,Young Adult,roomgroupA
6055_01,Europa,False,PSO J318.5-22,True,3.0,1849.0,0.0,3104.0,1652.0,6055,C,P,Young Adult,roomgroupA
6055_02,Europa,True,TRAPPIST-1e,False,0.0,0.0,0.0,0.0,0.0,6055,C,P,Adult,roomgroupA
6055_03,Europa,False,TRAPPIST-1e,False,1883.0,0.0,,8810.0,0.0,6055,C,P,Student,roomgroupA
6058_01,Mars,False,55 Cancri e,False,2904.0,5.0,50.0,0.0,9.0,6058,F,P,Student,roomgroupA
6059_01,Earth,False,TRAPPIST-1e,False,8.0,0.0,3949.0,0.0,9.0,6059,G,P,Young Adult,roomgroupA
6061_01,Earth,False,TRAPPIST-1e,False,33.0,0.0,455.0,167.0,48.0,6061,F,S,Student,roomgroupA
6062_01,Mars,False,TRAPPIST-1e,False,301.0,0.0,501.0,0.0,1013.0,6062,F,P,Young Adult,roomgroupA
6062_02,Mars,False,TRAPPIST-1e,False,0.0,0.0,0.0,0.0,0.0,6062,E,P,Adult,roomgroupA
6064_01,Europa,False,55 Cancri e,False,125.0,13437.0,0.0,22408.0,17.0,6064,C,P,Senior,roomgroupA
6065_01,,False,TRAPPIST-1e,False,3.0,785.0,0.0,0.0,0.0,6065,E,S,Student,roomgroupA
6066_01,Europa,False,TRAPPIST-1e,False,0.0,357.0,2366.0,1612.0,2137.0,6066,C,S,Young Adult,roomgroupA
6066_02,Europa,False,55 Cancri e,False,8142.0,8.0,0.0,1481.0,0.0,6066,C,S,Adult,roomgroupA
6066_03,Europa,,TRAPPIST-1e,False,0.0,0.0,0.0,0.0,0.0,6066,C,S,Teenager,roomgroupA
6067_01,Earth,False,TRAPPIST-1e,False,0.0,0.0,0.0,44.0,1721.0,6067,G,P,Student,roomgroupA
6068_01,Earth,False,TRAPPIST-1e,False,0.0,723.0,1.0,0.0,0.0,6068,F,S,Student,roomgroupA
6069_01,Mars,False,55 Cancri e,False,3811.0,0.0,109.0,236.0,0.0,6069,D,S,Teenager,roomgroupA
6070_01,Mars,False,TRAPPIST-1e,False,2209.0,42.0,109.0,23.0,0.0,6070,D,S,Adult,roomgroupA
6071_01,Earth,False,TRAPPIST-1e,False,41.0,417.0,0.0,42.0,308.0,6071,G,S,Young Adult,roomgroupA
6073_01,Mars,True,55 Cancri e,False,0.0,0.0,0.0,0.0,0.0,6073,F,S,Young Adult,roomgroupA
6075_01,Europa,True,TRAPPIST-1e,False,0.0,0.0,0.0,0.0,0.0,6075,B,P,Young Adult,roomgroupA
6076_01,Earth,,TRAPPIST-1e,False,14.0,2.0,144.0,610.0,0.0,6076,G,S,Student,roomgroupA
6077_01,Earth,True,TRAPPIST-1e,False,0.0,,0.0,0.0,0.0,6077,G,P,Teenager,roomgroupA
6080_01,Earth,False,TRAPPIST-1e,False,657.0,225.0,0.0,,0.0,6080,G,S,Adult,roomgroupA
6082_01,Earth,False,TRAPPIST-1e,False,0.0,0.0,0.0,0.0,0.0,6082,G,P,Child,roomgroupA
6085_01,Earth,False,TRAPPIST-1e,False,0.0,0.0,868.0,0.0,3.0,6085,F,P,Adult,roomgroupA
6086_01,Europa,False,55 Cancri e,False,0.0,4176.0,0.0,183.0,6.0,6086,A,S,Young Adult,roomgroupA
6087_01,Earth,False,TRAPPIST-1e,False,605.0,0.0,24.0,1.0,86.0,6087,F,S,Student,roomgroupA
6090_01,Mars,True,TRAPPIST-1e,False,0.0,0.0,0.0,0.0,0.0,6090,F,P,Adult,roomgroupA
6091_01,Earth,True,TRAPPIST-1e,False,0.0,0.0,0.0,0.0,0.0,6091,G,P,Young Adult,roomgroupA
6091_02,Earth,False,TRAPPIST-1e,False,0.0,29.0,291.0,13.0,527.0,6091,F,P,Adult,roomgroupA
6092_01,Earth,False,TRAPPIST-1e,,0.0,0.0,641.0,33.0,29.0,6092,F,S,Teenager,roomgroupA
6092_02,Earth,True,PSO J318.5-22,False,0.0,0.0,0.0,0.0,0.0,6092,G,S,Child,roomgroupA
6092_03,Earth,False,TRAPPIST-1e,False,0.0,0.0,0.0,0.0,0.0,6092,G,S,Baby,roomgroupA
6094_01,Europa,True,55 Cancri e,False,0.0,0.0,0.0,0.0,0.0,6094,C,S,Young Adult,roomgroupA
6094_02,Europa,True,55 Cancri e,False,0.0,0.0,0.0,0.0,0.0,6094,C,S,Adult,roomgroupA
6094_03,Europa,True,55 Cancri e,False,0.0,0.0,0.0,0.0,0.0,6094,C,S,Young Adult,roomgroupA
6095_01,Mars,False,TRAPPIST-1e,False,3564.0,0.0,802.0,0.0,0.0,6095,D,P,Young Adult,roomgroupA
6096_01,Mars,False,TRAPPIST-1e,False,239.0,1.0,1048.0,0.0,0.0,6096,F,S,Adult,roomgroupA
6096_02,Mars,False,TRAPPIST-1e,False,1119.0,11.0,1326.0,0.0,0.0,6096,F,S,Teenager,roomgroupA
6096_03,Mars,False,TRAPPIST-1e,False,4397.0,610.0,1437.0,4.0,0.0,6096,F,S,Student,roomgroupA
6098_01,Earth,False,55 Cancri e,False,0.0,0.0,0.0,2725.0,73.0,6098,F,S,Young Adult,roomgroupA
6099_01,Earth,True,TRAPPIST-1e,False,0.0,0.0,0.0,0.0,0.0,6099,G,S,Young Adult,roomgroupA
6101_01,Earth,False,55 Cancri e,False,13.0,0.0,2.0,673.0,3.0,6101,F,P,Young Adult,roomgroupA
6102_01,Earth,False,PSO J318.5-22,False,104.0,0.0,0.0,280.0,216.0,6102,F,S,Young Adult,roomgroupA
6103_01,Earth,True,PSO J318.5-22,False,0.0,0.0,0.0,0.0,0.0,6103,G,P,Young Adult,roomgroupA
6105_01,Europa,False,TRAPPIST-1e,,0.0,1012.0,0.0,1120.0,20.0,6105,E,S,Adult,roomgroupA
6106_01,Europa,True,55 Cancri e,False,0.0,0.0,0.0,0.0,0.0,6106,C,S,Adult,roomgroupA
6107_01,Earth,False,55 Cancri e,False,0.0,0.0,0.0,63.0,525.0,6107,F,P,Student,roomgroupA
6108_01,,False,TRAPPIST-1e,False,206.0,28.0,0.0,1.0,629.0,6108,F,S,Teenager,roomgroupA
6109_01,Europa,False,TRAPPIST-1e,False,0.0,9.0,0.0,,5648.0,6109,C,P,Teenager,roomgroupA
6109_02,Europa,True,TRAPPIST-1e,False,0.0,,0.0,0.0,0.0,6109,C,P,Young Adult,roomgroupA
6110_01,Earth,False,55 Cancri e,False,0.0,0.0,0.0,0.0,642.0,6110,E,P,Adult,roomgroupA
6111_01,Europa,True,TRAPPIST-1e,False,0.0,,0.0,0.0,0.0,6111,A,P,Young Adult,roomgroupA
6111_02,Europa,False,TRAPPIST-1e,False,0.0,0.0,0.0,4588.0,0.0,6111,A,P,Young Adult,roomgroupA
6111_03,Europa,True,55 Cancri e,False,0.0,0.0,0.0,0.0,0.0,6111,G,S,Student,roomgroupA
6111_04,Europa,True,55 Cancri e,False,0.0,0.0,0.0,0.0,0.0,6111,A,P,Young Adult,roomgroupA
6111_05,Europa,False,TRAPPIST-1e,False,0.0,2110.0,0.0,773.0,10.0,6111,A,P,Young Adult,roomgroupA
6112_01,Mars,True,TRAPPIST-1e,,0.0,0.0,0.0,0.0,0.0,6112,F,P,Adult,roomgroupA
6115_01,Mars,False,TRAPPIST-1e,False,513.0,0.0,0.0,764.0,21.0,6115,E,P,Adult,roomgroupA
6116_01,Mars,,TRAPPIST-1e,False,828.0,0.0,72.0,6.0,0.0,6116,F,S,Young Adult,roomgroupA
6117_01,Europa,False,TRAPPIST-1e,False,679.0,1126.0,0.0,33.0,3230.0,6117,B,S,Adult,roomgroupA
6118_01,Mars,False,55 Cancri e,False,1156.0,0.0,1.0,305.0,0.0,6118,F,P,Adult,roomgroupA
6118_02,Mars,True,TRAPPIST-1e,False,0.0,0.0,0.0,0.0,0.0,6118,E,P,Adult,roomgroupA
6120_01,Earth,False,PSO J318.5-22,False,0.0,1180.0,0.0,,0.0,6120,F,S,Teenager,roomgroupA
6121_01,Europa,False,TRAPPIST-1e,,0.0,4585.0,0.0,2.0,35.0,6121,C,S,Young Adult,roomgroupA
6121_02,Europa,False,TRAPPIST-1e,,916.0,1056.0,0.0,1677.0,593.0,6121,C,S,Adult,roomgroupA
6122_01,Earth,False,55 Cancri e,False,0.0,0.0,700.0,0.0,0.0,6122,F,P,Adult,roomgroupA
6123_01,Mars,True,TRAPPIST-1e,False,0.0,0.0,0.0,0.0,0.0,6123,F,P,Unknown,roomgroupA
6124_01,Earth,False,PSO J318.5-22,False,0.0,0.0,834.0,0.0,8.0,6124,G,P,Adult,roomgroupA
6126_01,Europa,True,55 Cancri e,False,0.0,0.0,0.0,0.0,0.0,6126,C,P,Adult,roomgroupA
6127_01,Europa,False,TRAPPIST-1e,False,551.0,1436.0,0.0,462.0,309.0,6127,E,S,Young Adult,roomgroupA
6128_01,Earth,True,TRAPPIST-1e,False,0.0,0.0,0.0,0.0,0.0,6128,G,P,Student,roomgroupA
6128_02,Earth,False,TRAPPIST-1e,False,7.0,0.0,311.0,0.0,683.0,6128,F,P,Teenager,roomgroupA
6130_01,Europa,False,55 Cancri e,True,0.0,3095.0,0.0,197.0,40.0,6130,C,P,Young Adult,roomgroupA
6132_01,Mars,True,TRAPPIST-1e,False,0.0,0.0,,0.0,0.0,6132,F,S,Adult,roomgroupA
6133_01,Earth,True,PSO J318.5-22,False,0.0,0.0,0.0,0.0,0.0,6133,G,S,Young Adult,roomgroupA
6135_01,Earth,False,TRAPPIST-1e,False,270.0,0.0,534.0,0.0,0.0,6135,F,P,Young Adult,roomgroupA
6136_01,Earth,False,TRAPPIST-1e,False,0.0,0.0,0.0,213.0,1078.0,6136,F,S,Young Adult,roomgroupA
6137_01,Earth,False,TRAPPIST-1e,False,0.0,0.0,0.0,0.0,0.0,6137,G,S,Baby,roomgroupA
6137_02,Earth,False,TRAPPIST-1e,False,457.0,0.0,0.0,0.0,445.0,6137,F,S,Young Adult,roomgroupA
6137_03,Earth,True,TRAPPIST-1e,False,0.0,0.0,0.0,0.0,0.0,6137,G,S,Young Adult,roomgroupA
6137_04,Earth,True,TRAPPIST-1e,False,0.0,0.0,0.0,0.0,0.0,6137,G,S,Baby,roomgroupA
6137_05,Earth,True,TRAPPIST-1e,False,0.0,0.0,0.0,0.0,0.0,6137,G,S,Baby,roomgroupA
6137_06,Earth,False,TRAPPIST-1e,False,0.0,0.0,0.0,0.0,0.0,6137,G,S,Child,roomgroupA
6138_01,Mars,False,TRAPPIST-1e,False,236.0,699.0,332.0,31.0,0.0,6138,E,S,Unknown,roomgroupA
6139_01,Europa,,TRAPPIST-1e,False,0.0,0.0,,0.0,0.0,6139,C,S,Baby,roomgroupA
6139_02,Europa,True,TRAPPIST-1e,False,0.0,0.0,0.0,0.0,0.0,6139,C,S,Baby,roomgroupA
6139_03,Europa,False,TRAPPIST-1e,False,0.0,1073.0,,803.0,988.0,6139,C,S,Adult,roomgroupA
6139_04,Europa,True,TRAPPIST-1e,False,0.0,0.0,0.0,0.0,0.0,6139,C,S,Student,roomgroupA
6139_05,Europa,True,55 Cancri e,False,0.0,0.0,0.0,0.0,0.0,6139,C,S,Adult,roomgroupA
6139_06,Europa,True,55 Cancri e,False,0.0,0.0,0.0,0.0,0.0,6139,C,S,Adult,roomgroupA
6141_01,Earth,False,PSO J318.5-22,False,0.0,20.0,0.0,14.0,884.0,6141,F,S,Teenager,roomgroupA
6141_02,Earth,False,,False,28.0,0.0,0.0,662.0,0.0,6141,G,S,Student,roomgroupA
6143_01,Earth,False,TRAPPIST-1e,False,3.0,791.0,0.0,362.0,0.0,6143,F,S,Unknown,roomgroupA
6145_01,Europa,,55 Cancri e,False,3478.0,10.0,0.0,105.0,2383.0,6145,C,S,Unknown,roomgroupA
6146_01,Europa,False,TRAPPIST-1e,False,0.0,0.0,0.0,0.0,0.0,6146,B,P,Young Adult,roomgroupA
6148_01,Mars,True,TRAPPIST-1e,False,0.0,0.0,0.0,0.0,0.0,6148,F,S,Adult,roomgroupA
6148_02,Mars,True,TRAPPIST-1e,False,0.0,0.0,0.0,0.0,0.0,6148,F,S,Unknown,roomgroupA
6149_01,Earth,,TRAPPIST-1e,False,1682.0,103.0,0.0,0.0,3.0,6149,G,S,Teenager,roomgroupA
6150_01,Earth,False,TRAPPIST-1e,False,0.0,784.0,8.0,11.0,0.0,6150,F,S,Student,roomgroupA
6152_01,Europa,True,TRAPPIST-1e,False,0.0,,0.0,0.0,0.0,6152,B,S,Young Adult,roomgroupA
6152_02,Europa,False,TRAPPIST-1e,False,0.0,53.0,0.0,2963.0,1017.0,6152,B,S,Young Adult,roomgroupA
6153_01,Europa,True,55 Cancri e,False,0.0,0.0,0.0,0.0,0.0,6153,B,S,Adult,roomgroupA
6155_01,Earth,False,TRAPPIST-1e,False,1.0,0.0,10.0,625.0,0.0,6155,F,S,Student,roomgroupA
6156_01,Earth,False,TRAPPIST-1e,,0.0,1.0,0.0,888.0,80.0,6156,F,S,Adult,roomgroupA
6157_01,Mars,False,TRAPPIST-1e,False,460.0,86.0,92.0,659.0,0.0,6157,E,S,Adult,roomgroupA
6158_01,Earth,True,PSO J318.5-22,False,0.0,0.0,0.0,0.0,0.0,6158,G,S,Teenager,roomgroupA
6162_01,Earth,False,55 Cancri e,False,0.0,0.0,1.0,575.0,0.0,6162,F,S,Student,roomgroupA
6163_01,Earth,False,TRAPPIST-1e,False,0.0,32.0,33.0,429.0,1174.0,6163,E,S,Student,roomgroupA
6166_01,Earth,False,TRAPPIST-1e,False,980.0,0.0,3.0,0.0,0.0,6166,E,P,Young Adult,roomgroupA
6167_01,Earth,True,PSO J318.5-22,False,0.0,0.0,0.0,0.0,0.0,6167,G,S,Adult,roomgroupA
6168_01,Earth,True,PSO J318.5-22,False,0.0,0.0,0.0,0.0,0.0,6168,G,S,Teenager,roomgroupA
6168_02,Earth,False,55 Cancri e,False,0.0,0.0,0.0,0.0,0.0,6168,G,S,Teenager,roomgroupA
6169_01,Earth,False,TRAPPIST-1e,,382.0,10.0,291.0,90.0,9.0,6169,G,S,Student,roomgroupA
6170_01,Earth,False,,False,0.0,2.0,,0.0,807.0,6170,G,P,Young Adult,roomgroupA
6171_01,Earth,False,TRAPPIST-1e,False,5.0,0.0,479.0,297.0,9.0,6171,E,S,Teenager,roomgroupA
6172_01,Earth,True,TRAPPIST-1e,False,0.0,0.0,0.0,0.0,0.0,6172,G,S,Adult,roomgroupA
6173_01,Europa,True,TRAPPIST-1e,False,0.0,0.0,,0.0,0.0,6173,B,P,Student,roomgroupA
6174_01,Earth,False,55 Cancri e,False,0.0,479.0,116.0,1.0,37.0,6174,F,P,Young Adult,roomgroupA
6174_02,Earth,True,PSO J318.5-22,False,0.0,0.0,0.0,0.0,0.0,6174,G,P,Baby,roomgroupA
6174_03,Earth,True,TRAPPIST-1e,False,0.0,0.0,0.0,0.0,0.0,6174,G,P,Unknown,roomgroupA
6175_01,Earth,False,TRAPPIST-1e,False,628.0,0.0,0.0,31.0,150.0,6175,G,P,Student,roomgroupA
6175_02,Earth,True,TRAPPIST-1e,False,0.0,0.0,0.0,0.0,0.0,6175,G,P,Student,roomgroupA
6175_03,Earth,False,TRAPPIST-1e,False,12.0,0.0,0.0,873.0,0.0,6175,G,P,Young Adult,roomgroupA
6176_01,Mars,True,TRAPPIST-1e,False,0.0,0.0,0.0,0.0,0.0,6176,F,P,Young Adult,roomgroupA
6178_01,Earth,True,PSO J318.5-22,False,0.0,0.0,0.0,0.0,0.0,6178,G,P,Young Adult,roomgroupA
6179_01,Europa,True,TRAPPIST-1e,False,0.0,,0.0,0.0,0.0,6179,B,P,Adult,roomgroupA
6180_01,Earth,True,PSO J318.5-22,False,0.0,0.0,0.0,0.0,0.0,6180,G,S,Teenager,roomgroupA
6181_01,Europa,False,TRAPPIST-1e,False,0.0,2624.0,1657.0,2799.0,1.0,6181,C,P,Adult,roomgroupA
6182_01,Earth,True,TRAPPIST-1e,False,0.0,,0.0,0.0,0.0,6182,G,P,Young Adult,roomgroupA
6184_01,Earth,True,PSO J318.5-22,False,0.0,0.0,0.0,0.0,0.0,6184,G,S,Baby,roomgroupA
6186_01,Mars,False,TRAPPIST-1e,True,61.0,783.0,110.0,0.0,0.0,6186,E,P,Student,roomgroupA
6189_01,Earth,False,TRAPPIST-1e,False,0.0,0.0,0.0,0.0,0.0,6189,G,P,Baby,roomgroupA
6191_01,Europa,True,TRAPPIST-1e,False,0.0,0.0,0.0,0.0,0.0,6191,A,P,Adult,roomgroupA
6191_02,Europa,True,TRAPPIST-1e,False,0.0,0.0,0.0,0.0,0.0,6191,A,P,Unknown,roomgroupA
6191_03,Europa,True,TRAPPIST-1e,False,0.0,0.0,0.0,0.0,0.0,6191,A,P,Adult,roomgroupA
6191_04,Europa,True,TRAPPIST-1e,False,0.0,0.0,0.0,0.0,0.0,6191,A,P,Student,roomgroupA
6192_01,Earth,False,PSO J318.5-22,False,0.0,126.0,403.0,0.0,21.0,6192,F,S,Student,roomgroupA
6194_01,Earth,False,TRAPPIST-1e,False,1042.0,0.0,36.0,0.0,0.0,6194,F,S,Teenager,roomgroupA
6199_01,Mars,True,TRAPPIST-1e,False,0.0,0.0,,0.0,0.0,6199,E,S,Young Adult,roomgroupA
6199_02,Mars,False,TRAPPIST-1e,,5.0,1027.0,0.0,24.0,0.0,6199,D,S,Adult,roomgroupA
6200_01,Europa,False,TRAPPIST-1e,False,3.0,4654.0,0.0,657.0,214.0,6200,B,S,Young Adult,roomgroupA
6200_02,Europa,False,TRAPPIST-1e,False,0.0,9.0,0.0,3.0,2047.0,6200,B,S,Young Adult,roomgroupA
6200_03,Europa,False,55 Cancri e,False,2026.0,4929.0,0.0,1179.0,10270.0,6200,B,S,Young Adult,roomgroupA
6201_01,Europa,False,55 Cancri e,True,0.0,1174.0,0.0,130.0,1141.0,6201,A,P,Young Adult,roomgroupA
6205_01,Mars,False,TRAPPIST-1e,True,55.0,0.0,50.0,1849.0,1.0,6205,D,S,Young Adult,roomgroupA
6206_01,Earth,False,TRAPPIST-1e,False,0.0,176.0,43.0,660.0,0.0,6206,F,S,Adult,roomgroupA
6207_01,Mars,False,TRAPPIST-1e,False,915.0,0.0,1313.0,370.0,0.0,6207,F,P,Young Adult,roomgroupA
6207_02,Mars,False,TRAPPIST-1e,False,,0.0,0.0,0.0,0.0,6207,F,P,Baby,roomgroupA
6207_03,Mars,False,TRAPPIST-1e,False,0.0,0.0,0.0,0.0,0.0,6207,E,P,Student,roomgroupA
6208_01,Mars,True,55 Cancri e,False,0.0,0.0,0.0,0.0,0.0,6208,F,P,Adult,roomgroupA
6211_01,Mars,False,TRAPPIST-1e,False,2006.0,0.0,,0.0,0.0,6211,D,P,Student,roomgroupA
6213_01,Earth,False,55 Cancri e,,258.0,0.0,306.0,311.0,24.0,6213,F,P,Young Adult,roomgroupA
6215_01,Europa,False,55 Cancri e,False,0.0,809.0,0.0,2043.0,72.0,6215,B,S,Young Adult,roomgroupA
6215_02,Europa,False,55 Cancri e,False,0.0,90.0,0.0,3282.0,11.0,6215,B,S,Adult,roomgroupA
6216_01,Mars,False,TRAPPIST-1e,False,24.0,1.0,1167.0,0.0,0.0,6216,F,P,Adult,roomgroupA
6218_01,Earth,False,55 Cancri e,False,425.0,779.0,0.0,0.0,74.0,6218,F,S,Student,roomgroupA
6218_02,Earth,False,TRAPPIST-1e,False,1603.0,0.0,2.0,87.0,0.0,6218,E,S,Adult,roomgroupA
6219_01,Earth,False,TRAPPIST-1e,False,71.0,0.0,0.0,0.0,,6219,F,P,Teenager,roomgroupA
6220_01,Earth,False,PSO J318.5-22,False,0.0,168.0,0.0,113.0,461.0,6220,F,P,Adult,roomgroupA
6222_01,Earth,False,PSO J318.5-22,False,25.0,0.0,2.0,0.0,657.0,6222,F,S,Young Adult,roomgroupA
6223_01,Mars,False,TRAPPIST-1e,False,1696.0,46.0,82.0,235.0,17.0,6223,E,P,Student,roomgroupA
6224_01,Earth,False,TRAPPIST-1e,False,0.0,0.0,60.0,0.0,1963.0,6224,F,S,Teenager,roomgroupA
6224_02,Earth,False,55 Cancri e,False,0.0,0.0,0.0,0.0,0.0,6224,G,S,Child,roomgroupA
6225_01,Earth,False,TRAPPIST-1e,False,1.0,0.0,0.0,32.0,875.0,6225,G,P,Student,roomgroupA
6227_01,Earth,False,PSO J318.5-22,False,199.0,0.0,182.0,0.0,,6227,F,S,Adult,roomgroupA
6228_01,Earth,False,TRAPPIST-1e,False,0.0,709.0,39.0,62.0,0.0,6228,G,S,Adult,roomgroupA
6229_01,Mars,True,TRAPPIST-1e,False,0.0,0.0,0.0,0.0,0.0,6229,F,P,Adult,roomgroupA
6230_01,Mars,False,TRAPPIST-1e,False,559.0,0.0,145.0,594.0,0.0,6230,E,S,Young Adult,roomgroupA
6232_01,Europa,True,55 Cancri e,False,0.0,0.0,0.0,0.0,0.0,6232,B,S,Young Adult,roomgroupA
6234_01,Mars,False,PSO J318.5-22,True,301.0,0.0,1310.0,4.0,,6234,F,P,Adult,roomgroupA
6236_01,Earth,False,TRAPPIST-1e,False,395.0,0.0,0.0,300.0,125.0,6236,F,S,Student,roomgroupA
6237_01,Mars,True,TRAPPIST-1e,False,0.0,0.0,0.0,0.0,0.0,6237,F,S,Adult,roomgroupA
6238_01,Mars,True,TRAPPIST-1e,False,0.0,0.0,0.0,0.0,0.0,6238,F,S,Young Adult,roomgroupA
6239_01,Earth,False,TRAPPIST-1e,False,2044.0,0.0,13.0,1.0,0.0,6239,F,S,Student,roomgroupA
6241_01,Earth,False,,False,6.0,0.0,0.0,0.0,950.0,6241,F,S,Young Adult,roomgroupA
6243_01,Earth,True,PSO J318.5-22,False,0.0,0.0,0.0,0.0,0.0,6243,G,S,Young Adult,roomgroupA
6245_01,Earth,False,TRAPPIST-1e,False,0.0,0.0,841.0,5.0,0.0,6245,G,S,Student,roomgroupA
6246_01,Mars,False,TRAPPIST-1e,False,,0.0,129.0,0.0,,6246,F,S,Young Adult,roomgroupA
6248_01,Earth,True,55 Cancri e,False,0.0,0.0,0.0,0.0,0.0,6248,G,S,Child,roomgroupA
6249_01,Earth,False,TRAPPIST-1e,False,0.0,1.0,908.0,0.0,0.0,6249,G,P,Student,roomgroupA
6250_01,Earth,False,TRAPPIST-1e,False,,0.0,887.0,0.0,0.0,6250,G,S,Young Adult,roomgroupA
6251_01,Earth,False,TRAPPIST-1e,False,2189.0,0.0,0.0,0.0,0.0,6251,F,S,Student,roomgroupA
6252_01,Mars,False,TRAPPIST-1e,False,630.0,298.0,418.0,312.0,0.0,6252,F,S,Adult,roomgroupA
6253_01,Mars,False,TRAPPIST-1e,False,368.0,0.0,636.0,1082.0,512.0,6253,F,P,Adult,roomgroupA
6253_02,Mars,False,55 Cancri e,False,737.0,293.0,301.0,0.0,0.0,6253,F,P,Young Adult,roomgroupA
6254_01,Europa,True,TRAPPIST-1e,False,0.0,0.0,0.0,0.0,0.0,6254,B,S,Adult,roomgroupA
6254_02,Europa,True,TRAPPIST-1e,False,0.0,0.0,0.0,0.0,0.0,6254,B,S,Adult,roomgroupA
6256_01,Earth,True,TRAPPIST-1e,False,0.0,0.0,0.0,0.0,0.0,6256,G,P,Adult,roomgroupA
6262_01,Mars,True,TRAPPIST-1e,False,0.0,0.0,0.0,0.0,0.0,6262,F,P,Student,roomgroupA
6262_02,,False,TRAPPIST-1e,False,102.0,3.0,186.0,2287.0,0.0,6262,D,P,Student,roomgroupA
6263_01,Europa,True,55 Cancri e,False,0.0,0.0,0.0,0.0,0.0,6263,B,P,Teenager,roomgroupA
6263_02,,False,55 Cancri e,False,0.0,1674.0,3.0,9.0,3554.0,6263,B,P,Young Adult,roomgroupA
6264_01,Earth,False,TRAPPIST-1e,False,108.0,2.0,11.0,0.0,680.0,6264,F,P,Student,roomgroupA
6265_01,Earth,False,TRAPPIST-1e,False,379.0,,29.0,39.0,91.0,6265,G,S,Student,roomgroupA
6266_01,Earth,False,TRAPPIST-1e,False,0.0,2680.0,0.0,2.0,45.0,6266,F,P,Young Adult,roomgroupA
6268_01,Mars,True,TRAPPIST-1e,False,0.0,0.0,0.0,0.0,0.0,6268,F,S,Young Adult,roomgroupA
6270_01,Earth,False,TRAPPIST-1e,False,124.0,0.0,0.0,679.0,0.0,6270,F,P,Young Adult,roomgroupA
6270_02,Earth,False,55 Cancri e,False,0.0,254.0,13.0,0.0,477.0,6270,F,P,Young Adult,roomgroupA
6271_01,Europa,False,TRAPPIST-1e,False,0.0,0.0,0.0,0.0,0.0,6271,A,P,Adult,roomgroupA
6273_01,Mars,False,TRAPPIST-1e,False,690.0,0.0,0.0,292.0,1596.0,6273,D,P,Student,roomgroupA
6273_02,Mars,False,TRAPPIST-1e,False,2031.0,0.0,28.0,519.0,0.0,6273,D,P,Young Adult,roomgroupA
6274_01,Mars,True,TRAPPIST-1e,False,0.0,0.0,0.0,0.0,0.0,6274,F,S,Teenager,roomgroupA
6276_01,Earth,True,55 Cancri e,False,0.0,0.0,0.0,0.0,0.0,6276,G,P,Student,roomgroupA
6277_01,Earth,True,TRAPPIST-1e,False,0.0,0.0,0.0,,0.0,6277,G,S,Student,roomgroupA
6279_01,Europa,False,TRAPPIST-1e,False,135.0,3103.0,9.0,424.0,629.0,6279,A,S,Young Adult,roomgroupA
6280_01,Earth,True,TRAPPIST-1e,False,0.0,0.0,0.0,0.0,0.0,6280,G,P,Adult,roomgroupA
6281_01,Earth,False,TRAPPIST-1e,False,20.0,0.0,751.0,0.0,2.0,6281,G,S,Adult,roomgroupA
6282_01,Mars,False,TRAPPIST-1e,False,158.0,0.0,0.0,465.0,0.0,6282,F,S,Young Adult,roomgroupA
6283_01,Earth,False,TRAPPIST-1e,False,0.0,296.0,2.0,0.0,1543.0,6283,F,S,Student,roomgroupA
6283_02,Earth,False,TRAPPIST-1e,False,2.0,3.0,93.0,6.0,540.0,6283,F,S,Unknown,roomgroupA
6285_01,Europa,,55 Cancri e,False,0.0,0.0,0.0,0.0,0.0,6285,B,S,Senior,roomgroupA
6285_02,Europa,False,TRAPPIST-1e,False,2.0,5329.0,0.0,7.0,0.0,6285,B,S,Adult,roomgroupA
6289_01,Earth,False,TRAPPIST-1e,False,0.0,0.0,28.0,508.0,272.0,6289,G,S,Student,roomgroupA
6290_01,Earth,False,TRAPPIST-1e,False,78.0,9.0,0.0,0.0,841.0,6290,G,P,Adult,roomgroupA
6292_01,Earth,False,PSO J318.5-22,False,0.0,0.0,0.0,48.0,653.0,6292,G,S,Student,roomgroupA
6293_01,Earth,False,TRAPPIST-1e,False,0.0,1049.0,1.0,0.0,0.0,6293,F,P,Young Adult,roomgroupA
6296_01,Europa,True,TRAPPIST-1e,False,0.0,0.0,0.0,0.0,0.0,6296,B,S,Student,roomgroupA
6297_01,Earth,False,TRAPPIST-1e,False,0.0,1409.0,29.0,0.0,0.0,6297,G,P,Adult,roomgroupA
6299_01,Europa,False,55 Cancri e,False,0.0,8943.0,0.0,0.0,159.0,6299,C,P,Adult,roomgroupA
6300_01,Mars,True,TRAPPIST-1e,False,0.0,0.0,0.0,0.0,0.0,6300,F,P,Adult,roomgroupA
6301_01,Earth,False,TRAPPIST-1e,False,17.0,,0.0,537.0,173.0,6301,F,P,Teenager,roomgroupA
6302_01,Earth,False,TRAPPIST-1e,False,0.0,175.0,0.0,11.0,537.0,6302,F,P,Adult,roomgroupA
6302_02,Earth,False,TRAPPIST-1e,False,0.0,0.0,0.0,0.0,0.0,6302,G,P,Baby,roomgroupA
6302_03,Earth,False,TRAPPIST-1e,False,0.0,0.0,,0.0,0.0,6302,G,P,Child,roomgroupA
6302_04,Earth,True,PSO J318.5-22,False,0.0,0.0,0.0,0.0,0.0,6302,G,S,Baby,roomgroupA
6302_05,Earth,False,55 Cancri e,False,1669.0,0.0,7.0,0.0,90.0,6302,G,P,Adult,roomgroupA
6302_06,Earth,False,55 Cancri e,False,0.0,0.0,0.0,0.0,,6302,G,P,Teenager,roomgroupA
6302_07,Earth,True,TRAPPIST-1e,False,0.0,0.0,0.0,0.0,0.0,6302,G,P,Unknown,roomgroupA
6304_01,Europa,False,55 Cancri e,True,0.0,2225.0,1573.0,201.0,23.0,6304,C,P,Adult,roomgroupA
6305_01,Europa,True,55 Cancri e,False,0.0,0.0,0.0,0.0,0.0,6305,B,S,Student,roomgroupA
6305_02,Europa,False,TRAPPIST-1e,False,3616.0,564.0,0.0,15.0,3303.0,6305,B,S,Adult,roomgroupA
6308_01,Earth,False,TRAPPIST-1e,False,0.0,152.0,215.0,30.0,510.0,6308,G,P,Young Adult,roomgroupA
6309_01,Earth,False,TRAPPIST-1e,False,0.0,0.0,0.0,0.0,0.0,6309,G,S,Child,roomgroupA
6309_02,Earth,,TRAPPIST-1e,False,0.0,0.0,0.0,0.0,0.0,6309,G,S,Child,roomgroupA
6309_03,Earth,True,TRAPPIST-1e,,0.0,0.0,0.0,0.0,0.0,6309,G,S,Baby,roomgroupA
6309_04,Earth,False,TRAPPIST-1e,False,0.0,0.0,0.0,0.0,0.0,6309,G,S,Baby,roomgroupA
6309_05,Earth,False,55 Cancri e,False,0.0,0.0,0.0,0.0,,6309,G,S,Child,roomgroupA
6313_01,Europa,False,TRAPPIST-1e,False,0.0,190.0,3.0,1964.0,30.0,6313,D,S,Senior,roomgroupA
6313_02,,False,TRAPPIST-1e,False,6.0,878.0,0.0,10.0,2203.0,6313,D,S,Young Adult,roomgroupA
6315_01,Europa,False,TRAPPIST-1e,False,0.0,,0.0,6.0,9837.0,6315,C,S,Young Adult,roomgroupA
6316_01,Earth,False,55 Cancri e,False,0.0,316.0,2.0,673.0,0.0,6316,E,P,Senior,roomgroupA
6317_01,Earth,False,TRAPPIST-1e,False,898.0,0.0,0.0,,24.0,6317,F,S,Teenager,roomgroupA
6318_01,Earth,True,TRAPPIST-1e,False,0.0,0.0,0.0,0.0,0.0,6318,G,P,Teenager,roomgroupA
6319_01,Earth,False,TRAPPIST-1e,False,458.0,0.0,555.0,0.0,0.0,6319,G,P,Senior,roomgroupA
6320_01,Mars,False,TRAPPIST-1e,False,78.0,85.0,859.0,0.0,0.0,6320,E,S,Adult,roomgroupA
6321_01,Europa,True,55 Cancri e,False,0.0,0.0,0.0,0.0,0.0,6321,C,P,Adult,roomgroupA
6321_02,Europa,False,TRAPPIST-1e,False,0.0,1234.0,0.0,1956.0,0.0,6321,C,P,Student,roomgroupA
6321_03,Europa,True,55 Cancri e,False,0.0,0.0,0.0,0.0,0.0,6321,C,P,Unknown,roomgroupA
6322_01,Earth,False,TRAPPIST-1e,False,0.0,68.0,1541.0,0.0,0.0,6322,E,S,Teenager,roomgroupA
6323_01,Europa,False,55 Cancri e,False,3.0,4089.0,0.0,4368.0,147.0,6323,C,S,Adult,roomgroupA
6323_02,Europa,False,TRAPPIST-1e,False,2.0,4742.0,0.0,34.0,0.0,6323,C,S,Young Adult,roomgroupA
6324_01,Earth,False,,False,19.0,509.0,0.0,0.0,177.0,6324,E,S,Young Adult,roomgroupA
6324_02,Earth,,55 Cancri e,False,0.0,0.0,0.0,0.0,0.0,6324,G,S,Adult,roomgroupA
6324_03,Earth,False,TRAPPIST-1e,False,1.0,0.0,895.0,10.0,0.0,6324,G,S,Adult,roomgroupA
6325_01,Earth,True,TRAPPIST-1e,False,0.0,0.0,0.0,0.0,0.0,6325,G,S,Young Adult,roomgroupA
6325_02,Earth,False,TRAPPIST-1e,False,0.0,541.0,0.0,143.0,0.0,6325,F,S,Student,roomgroupA
6326_01,Earth,False,TRAPPIST-1e,False,0.0,20.0,1.0,696.0,0.0,6326,F,P,Student,roomgroupA
6327_01,Mars,True,TRAPPIST-1e,False,0.0,0.0,0.0,0.0,0.0,6327,F,P,Child,roomgroupA
6328_01,Earth,True,TRAPPIST-1e,False,,0.0,0.0,0.0,0.0,6328,G,P,Young Adult,roomgroupA
6328_02,Earth,True,PSO J318.5-22,False,0.0,0.0,0.0,0.0,0.0,6328,G,P,Baby,roomgroupA
6328_03,Earth,False,TRAPPIST-1e,False,627.0,32.0,0.0,0.0,37.0,6328,F,P,Adult,roomgroupA
6328_04,Earth,False,55 Cancri e,False,0.0,0.0,0.0,0.0,0.0,6328,G,P,Baby,roomgroupA
6330_01,Earth,True,PSO J318.5-22,False,0.0,0.0,0.0,0.0,0.0,6330,G,S,Adult,roomgroupA
6331_01,Europa,True,55 Cancri e,False,0.0,0.0,0.0,0.0,0.0,6331,C,S,Student,roomgroupA
6334_01,Earth,True,TRAPPIST-1e,False,0.0,0.0,0.0,0.0,0.0,6334,G,S,Young Adult,roomgroupA
6334_02,Earth,True,PSO J318.5-22,False,0.0,0.0,0.0,0.0,0.0,6334,G,S,Child,roomgroupA
6334_03,Earth,False,55 Cancri e,False,0.0,0.0,0.0,0.0,0.0,6334,G,S,Teenager,roomgroupA
6334_04,Earth,True,PSO J318.5-22,False,0.0,0.0,0.0,0.0,0.0,6334,G,S,Baby,roomgroupA
6334_05,Earth,False,TRAPPIST-1e,False,5.0,0.0,1317.0,287.0,0.0,6334,E,S,Teenager,roomgroupA
6334_06,Earth,False,TRAPPIST-1e,False,0.0,242.0,0.0,479.0,3.0,6334,F,S,Adult,roomgroupA
6334_07,Earth,False,55 Cancri e,False,0.0,0.0,0.0,0.0,0.0,6334,G,S,Baby,roomgroupA
6335_01,Earth,False,TRAPPIST-1e,False,18.0,0.0,0.0,1382.0,0.0,6335,F,P,Young Adult,roomgroupA
6338_01,Earth,False,55 Cancri e,False,0.0,0.0,694.0,0.0,102.0,6338,F,P,Teenager,roomgroupA
6339_01,,False,TRAPPIST-1e,False,0.0,0.0,0.0,0.0,0.0,6339,G,P,Baby,roomgroupA
6340_01,Europa,False,TRAPPIST-1e,False,0.0,584.0,5468.0,7.0,661.0,6340,C,P,Young Adult,roomgroupA
6340_02,Europa,False,55 Cancri e,False,484.0,11441.0,0.0,4.0,5477.0,6340,C,P,Young Adult,roomgroupA
6341_01,Mars,False,55 Cancri e,False,1884.0,0.0,1435.0,5.0,469.0,6341,D,S,Adult,roomgroupA
6343_01,Mars,True,TRAPPIST-1e,False,0.0,0.0,0.0,0.0,0.0,6343,E,S,Adult,roomgroupA
6344_01,Earth,False,55 Cancri e,False,0.0,0.0,0.0,0.0,0.0,6344,G,P,Baby,roomgroupA
6344_02,Earth,True,TRAPPIST-1e,False,0.0,0.0,0.0,0.0,0.0,6344,G,P,Teenager,roomgroupA
6346_01,Mars,False,TRAPPIST-1e,False,2223.0,0.0,0.0,0.0,0.0,6346,F,S,Young Adult,roomgroupA
6346_02,Mars,False,TRAPPIST-1e,False,676.0,0.0,231.0,379.0,0.0,6346,F,S,Adult,roomgroupA
6347_01,Earth,True,TRAPPIST-1e,False,0.0,0.0,0.0,0.0,0.0,6347,G,S,Adult,roomgroupA
6348_01,Europa,False,55 Cancri e,False,49.0,13342.0,,1885.0,6985.0,6348,C,S,Unknown,roomgroupA
6349_01,Mars,False,TRAPPIST-1e,False,593.0,0.0,508.0,0.0,12.0,6349,F,P,Student,roomgroupA
6351_01,Earth,False,55 Cancri e,False,0.0,973.0,0.0,1.0,0.0,6351,E,P,Teenager,roomgroupA
6353_01,Europa,True,TRAPPIST-1e,False,0.0,0.0,0.0,0.0,0.0,6353,D,P,Adult,roomgroupA
6354_01,Earth,False,TRAPPIST-1e,False,410.0,2108.0,0.0,0.0,0.0,6354,F,P,Adult,roomgroupA
6355_01,Earth,False,55 Cancri e,False,0.0,641.0,0.0,0.0,0.0,6355,F,S,Student,roomgroupA
6356_01,,False,TRAPPIST-1e,False,0.0,0.0,0.0,729.0,397.0,6356,F,P,Adult,roomgroupA
6357_01,Earth,False,TRAPPIST-1e,False,106.0,0.0,0.0,0.0,925.0,6357,F,S,Young Adult,roomgroupA
6360_01,Europa,False,TRAPPIST-1e,,0.0,0.0,0.0,0.0,0.0,6360,A,S,Baby,roomgroupA
6360_02,Europa,True,TRAPPIST-1e,False,0.0,0.0,0.0,0.0,0.0,6360,A,S,Young Adult,roomgroupA
6360_03,Europa,True,TRAPPIST-1e,False,0.0,0.0,0.0,0.0,0.0,6360,A,S,Adult,roomgroupA
6361_01,Earth,False,TRAPPIST-1e,False,0.0,509.0,129.0,246.0,0.0,6361,G,S,Adult,roomgroupA
6363_01,Earth,True,TRAPPIST-1e,False,0.0,0.0,0.0,0.0,0.0,6363,G,S,Adult,roomgroupA
6363_02,,True,55 Cancri e,False,0.0,0.0,0.0,0.0,0.0,6363,G,P,Baby,roomgroupA
6363_03,Earth,True,TRAPPIST-1e,False,0.0,0.0,0.0,,0.0,6363,G,P,Child,roomgroupA
6363_04,Earth,True,TRAPPIST-1e,False,0.0,0.0,,0.0,0.0,6363,G,P,Baby,roomgroupA
6363_05,Earth,False,TRAPPIST-1e,False,0.0,,977.0,0.0,5.0,6363,E,P,Teenager,roomgroupA
6363_06,Earth,True,TRAPPIST-1e,False,0.0,0.0,0.0,0.0,0.0,6363,G,P,Adult,roomgroupA
6363_07,Earth,True,TRAPPIST-1e,False,0.0,,0.0,0.0,0.0,6363,G,P,Unknown,roomgroupA
6365_01,Europa,False,55 Cancri e,False,0.0,38.0,0.0,1.0,3167.0,6365,A,P,Young Adult,roomgroupA
6366_01,Earth,False,PSO J318.5-22,False,0.0,0.0,99.0,,774.0,6366,E,S,Teenager,roomgroupA
6367_01,Mars,False,TRAPPIST-1e,True,1960.0,0.0,638.0,0.0,0.0,6367,F,S,Young Adult,roomgroupA
6367_02,Mars,False,55 Cancri e,False,114.0,131.0,927.0,0.0,0.0,6367,F,S,Student,roomgroupA
6368_01,Earth,False,TRAPPIST-1e,False,360.0,8.0,1.0,329.0,185.0,6368,G,S,Young Adult,roomgroupA
6369_01,Earth,False,PSO J318.5-22,False,577.0,169.0,0.0,7.0,0.0,6369,F,P,Student,roomgroupA
6370_01,Mars,True,TRAPPIST-1e,False,0.0,0.0,0.0,0.0,0.0,6370,F,S,Young Adult,roomgroupA
6371_01,Earth,False,TRAPPIST-1e,False,858.0,10.0,16.0,0.0,0.0,6371,G,P,Adult,roomgroupA
6372_01,Europa,False,TRAPPIST-1e,False,773.0,3729.0,43.0,10.0,0.0,6372,B,P,Adult,roomgroupA
6372_02,Europa,False,TRAPPIST-1e,True,0.0,2199.0,0.0,328.0,329.0,6372,B,P,Young Adult,roomgroupA
6372_03,Europa,False,55 Cancri e,False,0.0,3200.0,0.0,415.0,161.0,6372,B,P,Adult,roomgroupA
6372_04,Europa,True,55 Cancri e,False,,0.0,0.0,0.0,0.0,6372,B,P,Student,roomgroupA
6373_01,Earth,False,55 Cancri e,False,801.0,5.0,0.0,0.0,0.0,6373,F,P,Adult,roomgroupA
6374_01,,False,TRAPPIST-1e,False,1144.0,0.0,6.0,0.0,0.0,6374,F,P,Teenager,roomgroupA
6376_01,Mars,True,55 Cancri e,False,0.0,0.0,0.0,0.0,0.0,6376,F,S,Young Adult,roomgroupA
6378_01,Earth,True,PSO J318.5-22,False,0.0,0.0,0.0,0.0,0.0,6378,G,S,Teenager,roomgroupA
6380_01,Earth,False,TRAPPIST-1e,False,0.0,959.0,8.0,20.0,169.0,6380,F,P,Adult,roomgroupA
6380_02,Earth,True,TRAPPIST-1e,False,0.0,0.0,0.0,0.0,0.0,6380,G,P,Teenager,roomgroupA
6380_03,Earth,False,55 Cancri e,False,2.0,511.0,0.0,0.0,1578.0,6380,F,P,Teenager,roomgroupA
6381_01,Earth,False,TRAPPIST-1e,False,358.0,336.0,0.0,0.0,0.0,6381,F,P,Student,roomgroupA
6385_01,Mars,False,PSO J318.5-22,False,435.0,0.0,422.0,16.0,0.0,6385,G,S,Student,roomgroupA
6388_01,Earth,False,TRAPPIST-1e,False,0.0,0.0,0.0,0.0,826.0,6388,G,P,Young Adult,roomgroupA
6390_01,Earth,True,TRAPPIST-1e,False,,0.0,0.0,0.0,0.0,6390,G,S,Student,roomgroupA
6394_01,Earth,True,TRAPPIST-1e,False,0.0,0.0,0.0,0.0,0.0,6394,G,S,Adult,roomgroupA
6394_02,Earth,True,TRAPPIST-1e,False,0.0,0.0,0.0,0.0,0.0,6394,G,S,Teenager,roomgroupA
6394_03,Earth,True,TRAPPIST-1e,False,0.0,0.0,0.0,0.0,0.0,6394,G,S,Adult,roomgroupA
6394_04,Earth,False,55 Cancri e,False,0.0,0.0,478.0,4560.0,0.0,6394,G,S,Student,roomgroupA
6396_01,Earth,False,TRAPPIST-1e,False,0.0,243.0,0.0,,0.0,6396,E,S,Young Adult,roomgroupA
6397_01,Earth,False,TRAPPIST-1e,False,114.0,3.0,622.0,0.0,0.0,6397,F,S,Student,roomgroupA
6398_01,Earth,True,55 Cancri e,False,0.0,0.0,0.0,0.0,0.0,6398,G,P,Student,roomgroupA
6399_01,Earth,False,TRAPPIST-1e,False,0.0,106.0,2915.0,0.0,1200.0,6399,G,P,Adult,roomgroupA
6400_01,Europa,False,55 Cancri e,False,0.0,1677.0,0.0,109.0,320.0,6400,A,S,Adult,roomgroupA
6400_02,Europa,False,55 Cancri e,True,0.0,618.0,0.0,0.0,10888.0,6400,A,S,Young Adult,roomgroupA
6402_01,Earth,False,TRAPPIST-1e,False,0.0,0.0,0.0,0.0,0.0,6402,G,P,Baby,roomgroupA
6402_02,Earth,True,TRAPPIST-1e,False,0.0,0.0,0.0,0.0,0.0,6402,G,P,Child,roomgroupA
6402_03,Earth,True,TRAPPIST-1e,False,0.0,0.0,0.0,0.0,0.0,6402,G,P,Baby,roomgroupA
6402_04,Earth,False,PSO J318.5-22,False,0.0,0.0,1720.0,1.0,0.0,6402,G,P,Student,roomgroupA
6402_05,,False,TRAPPIST-1e,False,0.0,0.0,0.0,0.0,0.0,6402,G,P,Child,roomgroupA
6404_01,Earth,False,TRAPPIST-1e,False,0.0,20.0,790.0,,0.0,6404,G,S,Student,roomgroupA
6405_01,,False,PSO J318.5-22,False,54.0,0.0,0.0,42.0,986.0,6405,F,S,Student,roomgroupA
6405_02,Earth,,,False,0.0,0.0,0.0,0.0,0.0,6405,G,S,Baby,roomgroupA
6405_03,Earth,True,TRAPPIST-1e,False,0.0,0.0,0.0,0.0,0.0,6405,G,S,Young Adult,roomgroupA
6405_04,Earth,False,55 Cancri e,False,0.0,0.0,0.0,0.0,0.0,6405,G,S,Baby,roomgroupA
6406_01,Europa,True,55 Cancri e,False,0.0,0.0,0.0,0.0,0.0,6406,G,S,Young Adult,roomgroupA
6406_02,Europa,True,55 Cancri e,False,0.0,0.0,0.0,0.0,0.0,6406,B,S,Young Adult,roomgroupA
6407_01,Earth,True,TRAPPIST-1e,False,0.0,0.0,0.0,0.0,0.0,6407,G,P,Student,roomgroupA
6408_01,Earth,False,PSO J318.5-22,False,431.0,40.0,0.0,10.0,0.0,6408,G,P,Student,roomgroupA
6409_01,Earth,False,TRAPPIST-1e,False,0.0,0.0,165.0,14.0,629.0,6409,G,P,Student,roomgroupA
6411_01,Earth,False,PSO J318.5-22,False,0.0,652.0,9.0,0.0,0.0,6411,F,P,Adult,roomgroupA
6412_01,Earth,False,TRAPPIST-1e,False,59.0,0.0,0.0,0.0,1611.0,6412,E,P,Young Adult,roomgroupA
6413_01,Europa,False,TRAPPIST-1e,,0.0,1420.0,,85.0,827.0,6413,A,S,Senior,roomgroupA
6414_01,Earth,False,TRAPPIST-1e,False,294.0,480.0,31.0,3.0,0.0,6414,G,S,Young Adult,roomgroupA
6415_01,Mars,True,TRAPPIST-1e,False,0.0,0.0,0.0,0.0,0.0,6415,F,S,Adult,roomgroupA
6416_01,Earth,False,TRAPPIST-1e,False,365.0,52.0,0.0,0.0,288.0,6416,G,S,Student,roomgroupA
6418_01,Earth,False,TRAPPIST-1e,False,93.0,0.0,0.0,0.0,772.0,6418,F,P,Young Adult,roomgroupA
6419_01,Earth,,TRAPPIST-1e,False,,0.0,873.0,0.0,0.0,6419,E,S,Young Adult,roomgroupA
6421_01,Europa,True,55 Cancri e,False,0.0,0.0,0.0,0.0,0.0,6421,C,P,Young Adult,roomgroupA
6421_02,Europa,False,TRAPPIST-1e,False,0.0,577.0,0.0,5568.0,432.0,6421,G,S,Young Adult,roomgroupA
6422_01,Mars,False,TRAPPIST-1e,False,1533.0,0.0,858.0,297.0,0.0,6422,F,P,Student,roomgroupA
6422_02,Mars,True,TRAPPIST-1e,False,0.0,0.0,0.0,0.0,0.0,6422,F,P,Child,roomgroupA
6422_03,Mars,False,TRAPPIST-1e,False,1233.0,0.0,527.0,0.0,0.0,6422,F,P,Student,roomgroupA
6422_04,Mars,False,TRAPPIST-1e,False,801.0,0.0,246.0,1.0,0.0,6422,E,P,Young Adult,roomgroupA
6424_01,Earth,False,TRAPPIST-1e,False,,0.0,151.0,508.0,0.0,6424,F,P,Student,roomgroupA
6428_01,Europa,True,55 Cancri e,False,,0.0,0.0,0.0,0.0,6428,C,P,Student,roomgroupA
6428_02,Europa,True,TRAPPIST-1e,False,0.0,0.0,0.0,0.0,0.0,6428,C,P,Teenager,roomgroupA
6430_01,Earth,True,TRAPPIST-1e,False,0.0,0.0,0.0,0.0,0.0,6430,G,P,Student,roomgroupA
6431_01,Earth,False,55 Cancri e,False,24.0,56.0,1.0,,468.0,6431,F,P,Student,roomgroupA
6431_02,Earth,True,PSO J318.5-22,False,0.0,0.0,0.0,0.0,0.0,6431,G,P,Student,roomgroupA
6431_03,Earth,False,55 Cancri e,False,30.0,0.0,763.0,0.0,57.0,6431,G,P,Young Adult,roomgroupA
6432_01,Europa,False,55 Cancri e,False,114.0,222.0,0.0,2575.0,2919.0,6432,D,P,Adult,roomgroupA
6433_01,Mars,False,55 Cancri e,False,83.0,0.0,1590.0,60.0,0.0,6433,D,S,Adult,roomgroupA
6433_02,Mars,True,TRAPPIST-1e,False,0.0,0.0,0.0,0.0,0.0,6433,D,S,Adult,roomgroupA
6434_01,Earth,True,PSO J318.5-22,False,0.0,0.0,0.0,0.0,0.0,6434,G,P,Adult,roomgroupA
6436_01,Earth,False,TRAPPIST-1e,False,552.0,1.0,0.0,231.0,0.0,6436,G,S,Young Adult,roomgroupA
6437_01,Earth,False,55 Cancri e,False,14.0,0.0,1.0,528.0,109.0,6437,F,S,Young Adult,roomgroupA
6439_01,Earth,True,PSO J318.5-22,False,0.0,0.0,0.0,0.0,0.0,6439,G,S,Adult,roomgroupA
6442_01,Earth,False,TRAPPIST-1e,False,0.0,0.0,0.0,1806.0,0.0,6442,G,S,Teenager,roomgroupA
6443_01,Earth,False,TRAPPIST-1e,False,0.0,0.0,710.0,56.0,1.0,6443,G,S,Adult,roomgroupA
6443_02,Earth,True,55 Cancri e,False,0.0,0.0,0.0,0.0,0.0,6443,G,S,Child,roomgroupA
6443_03,Earth,False,TRAPPIST-1e,False,0.0,0.0,0.0,0.0,0.0,6443,G,S,Child,roomgroupA
6443_04,Earth,True,TRAPPIST-1e,False,0.0,0.0,0.0,0.0,0.0,6443,G,S,Baby,roomgroupA
6443_05,Earth,False,TRAPPIST-1e,False,45.0,0.0,622.0,0.0,564.0,6443,F,S,Teenager,roomgroupA
6443_06,Earth,False,TRAPPIST-1e,False,0.0,10.0,388.0,1380.0,0.0,6443,G,S,Adult,roomgroupA
6443_07,Earth,True,TRAPPIST-1e,False,0.0,0.0,0.0,0.0,0.0,6443,G,S,Child,roomgroupA
6444_01,Earth,,TRAPPIST-1e,False,0.0,0.0,0.0,0.0,0.0,6444,G,P,Student,roomgroupA
6444_02,Earth,True,TRAPPIST-1e,False,0.0,0.0,0.0,0.0,0.0,6444,G,P,Baby,roomgroupA
6446_01,Earth,False,TRAPPIST-1e,False,810.0,0.0,0.0,0.0,0.0,6446,G,S,Student,roomgroupA
6446_02,Earth,True,TRAPPIST-1e,False,0.0,0.0,0.0,0.0,0.0,6446,G,S,Baby,roomgroupA
6446_03,Earth,True,TRAPPIST-1e,False,0.0,0.0,0.0,0.0,0.0,6446,G,S,Baby,roomgroupA
6447_01,Earth,True,PSO J318.5-22,False,0.0,0.0,0.0,0.0,0.0,6447,G,P,Adult,roomgroupA
6448_01,Earth,False,TRAPPIST-1e,False,0.0,0.0,433.0,343.0,0.0,6448,F,S,Adult,roomgroupA
6449_01,Mars,False,TRAPPIST-1e,False,0.0,0.0,0.0,0.0,0.0,6449,E,S,Student,roomgroupA
6449_02,Mars,False,TRAPPIST-1e,False,636.0,0.0,168.0,1795.0,0.0,6449,F,S,Adult,roomgroupA
6450_01,Europa,False,TRAPPIST-1e,False,0.0,596.0,57.0,259.0,4666.0,6450,C,P,Student,roomgroupA
6450_02,Europa,True,55 Cancri e,False,0.0,0.0,0.0,0.0,0.0,6450,C,P,Adult,roomgroupA
6451_01,Mars,False,,False,610.0,,410.0,148.0,14.0,6451,G,S,Adult,roomgroupA
6452_01,Earth,False,TRAPPIST-1e,False,0.0,854.0,11.0,0.0,0.0,6452,F,P,Young Adult,roomgroupA
6452_02,Earth,False,TRAPPIST-1e,False,,0.0,0.0,0.0,0.0,6452,G,P,Teenager,roomgroupA
6452_03,Earth,True,TRAPPIST-1e,False,0.0,0.0,0.0,0.0,0.0,6452,G,P,Baby,roomgroupA
6453_01,Earth,False,PSO J318.5-22,False,0.0,7.0,17.0,0.0,1724.0,6453,G,P,Young Adult,roomgroupA
6454_01,Earth,True,TRAPPIST-1e,False,0.0,0.0,0.0,0.0,,6454,G,P,Adult,roomgroupA
6455_01,Europa,False,TRAPPIST-1e,False,0.0,3818.0,0.0,1877.0,136.0,6455,D,P,Young Adult,roomgroupA
6456_01,Earth,,TRAPPIST-1e,False,32.0,3.0,657.0,58.0,41.0,6456,E,P,Adult,roomgroupA
6457_01,Earth,False,55 Cancri e,False,,728.0,0.0,0.0,82.0,6457,F,P,Young Adult,roomgroupA
6458_01,Mars,False,TRAPPIST-1e,False,0.0,0.0,0.0,0.0,0.0,6458,E,S,Teenager,roomgroupA
6459_01,Earth,True,TRAPPIST-1e,False,0.0,0.0,0.0,0.0,0.0,6459,G,P,Teenager,roomgroupA
6461_01,Earth,False,TRAPPIST-1e,False,0.0,602.0,0.0,115.0,0.0,6461,F,S,Young Adult,roomgroupA
6462_01,Mars,True,TRAPPIST-1e,False,0.0,0.0,0.0,0.0,0.0,6462,F,S,Young Adult,roomgroupA
6462_02,Mars,False,TRAPPIST-1e,False,899.0,1.0,1686.0,13.0,0.0,6462,F,S,Student,roomgroupA
6463_01,Earth,False,TRAPPIST-1e,False,1256.0,2.0,8.0,1530.0,0.0,6463,F,S,Young Adult,roomgroupA
6464_01,Earth,False,PSO J318.5-22,False,22.0,0.0,20.0,596.0,5.0,6464,F,P,Student,roomgroupA
6468_01,Mars,True,TRAPPIST-1e,False,0.0,0.0,0.0,0.0,0.0,6468,F,P,Young Adult,roomgroupA
6468_02,Mars,True,TRAPPIST-1e,False,0.0,0.0,0.0,0.0,0.0,6468,F,P,Child,roomgroupA
6468_03,Mars,True,TRAPPIST-1e,False,0.0,0.0,0.0,0.0,0.0,6468,E,P,Adult,roomgroupA
6468_04,Mars,False,TRAPPIST-1e,True,1179.0,0.0,4.0,0.0,0.0,6468,D,P,Young Adult,roomgroupA
6470_01,Earth,False,TRAPPIST-1e,False,14.0,614.0,0.0,160.0,0.0,6470,E,S,Student,roomgroupA
6471_01,Earth,False,TRAPPIST-1e,False,0.0,0.0,0.0,0.0,0.0,6471,G,S,Teenager,roomgroupA
6472_01,Europa,True,TRAPPIST-1e,False,0.0,0.0,0.0,0.0,0.0,6472,B,S,Student,roomgroupA
6472_02,Europa,True,55 Cancri e,False,0.0,0.0,0.0,0.0,0.0,6472,B,S,Teenager,roomgroupA
6473_01,Mars,True,TRAPPIST-1e,False,0.0,0.0,0.0,0.0,0.0,6473,F,S,Student,roomgroupA
6475_01,Mars,True,TRAPPIST-1e,False,0.0,0.0,0.0,0.0,,6475,F,P,Adult,roomgroupA
6477_01,Europa,False,55 Cancri e,False,0.0,44.0,0.0,3452.0,83.0,6477,D,S,Student,roomgroupA
6477_02,Europa,False,55 Cancri e,False,0.0,311.0,6.0,4236.0,557.0,6477,D,S,Teenager,roomgroupA
6478_01,Mars,False,TRAPPIST-1e,False,1290.0,0.0,6.0,1.0,0.0,6478,E,P,Young Adult,roomgroupA
6480_01,Earth,False,TRAPPIST-1e,False,352.0,14.0,1.0,407.0,15.0,6480,E,S,Young Adult,roomgroupA
6481_01,Earth,False,TRAPPIST-1e,False,89.0,0.0,795.0,0.0,3.0,6481,G,S,Student,roomgroupA
6482_01,Mars,False,55 Cancri e,False,414.0,239.0,681.0,352.0,0.0,6482,F,S,Young Adult,roomgroupA
6482_02,Mars,True,TRAPPIST-1e,False,0.0,0.0,0.0,0.0,0.0,6482,F,S,Baby,roomgroupA
6482_03,Mars,True,TRAPPIST-1e,False,0.0,0.0,0.0,0.0,0.0,6482,F,S,Child,roomgroupA
6485_01,Earth,False,55 Cancri e,False,0.0,213.0,202.0,288.0,0.0,6485,F,S,Senior,roomgroupA
6485_02,Earth,False,TRAPPIST-1e,False,0.0,0.0,53.0,652.0,0.0,6485,G,S,Young Adult,roomgroupA
6487_01,Earth,False,TRAPPIST-1e,False,0.0,0.0,0.0,22.0,1030.0,6487,F,P,Young Adult,roomgroupA
6488_01,Europa,False,TRAPPIST-1e,False,0.0,1663.0,336.0,1855.0,4.0,6488,A,S,Adult,roomgroupA
6489_01,Earth,True,TRAPPIST-1e,False,0.0,0.0,0.0,0.0,0.0,6489,G,P,Teenager,roomgroupA
6490_01,Europa,True,55 Cancri e,False,0.0,0.0,0.0,0.0,0.0,6490,C,P,Adult,roomgroupA
6490_02,Europa,False,55 Cancri e,False,0.0,889.0,0.0,4921.0,290.0,6490,C,P,Young Adult,roomgroupA
6490_03,Europa,False,55 Cancri e,False,0.0,6924.0,849.0,149.0,1166.0,6490,C,P,Young Adult,roomgroupA
6490_04,,False,TRAPPIST-1e,False,0.0,1972.0,0.0,108.0,5.0,6490,C,P,Adult,roomgroupA
6492_01,Earth,True,PSO J318.5-22,False,0.0,0.0,0.0,0.0,0.0,6492,G,S,Young Adult,roomgroupA
6493_01,Earth,True,PSO J318.5-22,False,0.0,0.0,0.0,0.0,0.0,6493,G,P,Student,roomgroupA
6494_01,Mars,False,TRAPPIST-1e,False,1192.0,5.0,1864.0,4287.0,0.0,6494,F,P,Adult,roomgroupA
6500_01,Earth,False,TRAPPIST-1e,False,1.0,0.0,0.0,1.0,785.0,6500,E,P,Young Adult,roomgroupA
6501_01,Earth,False,TRAPPIST-1e,False,0.0,31.0,2076.0,77.0,0.0,6501,F,S,Student,roomgroupA
6502_01,Earth,False,TRAPPIST-1e,,0.0,0.0,0.0,0.0,0.0,6502,G,S,Child,roomgroupA
6503_01,Earth,False,TRAPPIST-1e,False,0.0,1.0,20.0,0.0,1363.0,6503,F,P,Young Adult,roomgroupA
6508_01,Earth,False,PSO J318.5-22,False,397.0,0.0,7.0,182.0,5.0,6508,F,S,Young Adult,roomgroupA
6509_01,Earth,False,PSO J318.5-22,False,601.0,0.0,113.0,0.0,39.0,6509,F,S,Student,roomgroupA
6510_01,Europa,False,TRAPPIST-1e,False,0.0,6.0,0.0,0.0,5531.0,6510,D,P,Young Adult,roomgroupA
6511_01,Earth,False,TRAPPIST-1e,False,151.0,6.0,26.0,0.0,533.0,6511,F,P,Student,roomgroupA
6511_02,Earth,True,TRAPPIST-1e,False,0.0,0.0,0.0,0.0,0.0,6511,G,P,Young Adult,roomgroupA
6511_03,Earth,True,55 Cancri e,False,0.0,0.0,0.0,0.0,0.0,6511,G,P,Baby,roomgroupA
6512_01,Europa,False,TRAPPIST-1e,False,0.0,0.0,0.0,0.0,0.0,6512,A,S,Baby,roomgroupA
6512_02,,True,TRAPPIST-1e,False,0.0,0.0,0.0,0.0,0.0,6512,A,S,Unknown,roomgroupA
6512_03,Europa,False,TRAPPIST-1e,False,0.0,3527.0,1.0,2929.0,2236.0,6512,A,S,Young Adult,roomgroupA
6513_01,Mars,False,TRAPPIST-1e,False,57.0,0.0,1185.0,0.0,0.0,6513,F,S,Student,roomgroupA
6514_01,Europa,False,55 Cancri e,True,19.0,22.0,2974.0,3603.0,158.0,6514,B,S,Young Adult,roomgroupA
6514_02,Europa,False,TRAPPIST-1e,False,0.0,6244.0,0.0,10912.0,4.0,6514,B,S,Adult,roomgroupA
6517_01,Earth,False,PSO J318.5-22,False,388.0,0.0,0.0,439.0,0.0,6517,F,P,Young Adult,roomgroupA
6520_01,Earth,False,,False,0.0,4.0,0.0,1785.0,3.0,6520,G,S,Student,roomgroupA
6522_01,Earth,False,55 Cancri e,False,0.0,0.0,715.0,2.0,0.0,6522,F,S,Student,roomgroupA
6523_01,Earth,True,PSO J318.5-22,False,0.0,0.0,0.0,0.0,0.0,6523,F,S,Student,roomgroupA
6525_01,Earth,,TRAPPIST-1e,False,0.0,20.0,1540.0,80.0,512.0,6525,F,S,Student,roomgroupA
6525_02,Earth,True,PSO J318.5-22,False,0.0,0.0,0.0,0.0,0.0,6525,G,S,Young Adult,roomgroupA
6525_03,Earth,True,TRAPPIST-1e,False,0.0,0.0,0.0,0.0,0.0,6525,G,S,Teenager,roomgroupA
6526_01,Earth,True,TRAPPIST-1e,False,0.0,0.0,0.0,0.0,0.0,6526,G,P,Student,roomgroupA
6526_02,Earth,False,55 Cancri e,False,0.0,0.0,0.0,0.0,0.0,6526,G,P,Teenager,roomgroupA
6529_01,Earth,True,PSO J318.5-22,False,0.0,0.0,0.0,0.0,0.0,6529,G,S,Student,roomgroupA
6530_01,Mars,False,TRAPPIST-1e,False,127.0,76.0,976.0,118.0,0.0,6530,E,S,Young Adult,roomgroupA
6531_01,Earth,True,55 Cancri e,False,0.0,0.0,0.0,0.0,,6531,G,S,Student,roomgroupA
6535_01,Mars,False,TRAPPIST-1e,False,771.0,0.0,183.0,0.0,0.0,6535,E,P,Adult,roomgroupA
6539_01,Europa,False,TRAPPIST-1e,False,0.0,819.0,835.0,266.0,4056.0,6539,C,S,Adult,roomgroupA
6540_01,Earth,False,TRAPPIST-1e,False,0.0,671.0,0.0,8.0,0.0,6540,G,P,Teenager,roomgroupA
6541_01,Earth,False,TRAPPIST-1e,False,0.0,717.0,0.0,0.0,0.0,6541,F,P,Student,roomgroupA
6544_01,Europa,False,TRAPPIST-1e,False,0.0,4616.0,339.0,2008.0,175.0,6544,C,S,Adult,roomgroupA
6545_01,Earth,False,TRAPPIST-1e,False,0.0,1362.0,0.0,1267.0,0.0,6545,F,S,Unknown,roomgroupA
6546_01,Earth,False,TRAPPIST-1e,False,228.0,0.0,150.0,15.0,1.0,6546,G,P,Young Adult,roomgroupA
6547_01,Mars,False,55 Cancri e,False,861.0,0.0,310.0,0.0,0.0,6547,F,P,Student,roomgroupA
6548_01,Earth,False,TRAPPIST-1e,False,395.0,1035.0,0.0,0.0,4.0,6548,G,S,Adult,roomgroupA
6549_01,Mars,False,TRAPPIST-1e,False,1979.0,0.0,2.0,112.0,0.0,6549,F,S,Young Adult,roomgroupA
6549_02,Mars,False,TRAPPIST-1e,,1143.0,0.0,580.0,0.0,0.0,6549,D,S,Senior,roomgroupA
6552_01,,False,TRAPPIST-1e,False,0.0,564.0,25.0,158.0,62.0,6552,G,P,Student,roomgroupA
6553_01,Earth,False,PSO J318.5-22,False,0.0,0.0,0.0,0.0,744.0,6553,F,P,Adult,roomgroupA
6556_01,Mars,True,TRAPPIST-1e,False,0.0,0.0,0.0,0.0,0.0,6556,F,P,Young Adult,roomgroupA
6556_02,Mars,True,55 Cancri e,False,0.0,0.0,0.0,0.0,0.0,6556,F,P,Senior,roomgroupA
6557_01,Europa,False,55 Cancri e,False,0.0,201.0,0.0,1308.0,4085.0,6557,E,P,Adult,roomgroupA
6558_01,Earth,False,TRAPPIST-1e,False,3.0,0.0,0.0,747.0,43.0,6558,F,P,Young Adult,roomgroupA
6560_01,Earth,False,TRAPPIST-1e,False,699.0,0.0,0.0,2.0,31.0,6560,F,S,Adult,roomgroupA
6561_01,Europa,False,TRAPPIST-1e,False,19.0,4900.0,6.0,6324.0,2056.0,6561,B,S,Young Adult,roomgroupA
6561_02,,False,TRAPPIST-1e,False,0.0,0.0,0.0,0.0,0.0,6561,B,S,Young Adult,roomgroupA
6562_01,Earth,False,TRAPPIST-1e,False,0.0,0.0,23.0,30.0,815.0,6562,F,P,Young Adult,roomgroupA
6563_01,Earth,False,TRAPPIST-1e,False,0.0,0.0,845.0,4.0,470.0,6563,F,S,Student,roomgroupA
6563_02,Earth,False,TRAPPIST-1e,False,0.0,123.0,0.0,1.0,784.0,6563,G,S,Young Adult,roomgroupA
6565_01,Mars,False,TRAPPIST-1e,False,2081.0,1.0,0.0,0.0,25.0,6565,E,S,Adult,roomgroupA
6565_02,Mars,False,TRAPPIST-1e,False,126.0,0.0,127.0,11.0,1393.0,6565,F,S,Adult,roomgroupA
6567_01,Earth,True,TRAPPIST-1e,False,0.0,0.0,0.0,0.0,0.0,6567,G,P,Adult,roomgroupA
6567_02,Earth,False,TRAPPIST-1e,False,18.0,,35.0,0.0,845.0,6567,F,P,Adult,roomgroupA
6568_01,Earth,False,55 Cancri e,False,695.0,,0.0,0.0,0.0,6568,F,P,Adult,roomgroupA
6569_01,Earth,True,55 Cancri e,False,0.0,,0.0,0.0,0.0,6569,G,P,Adult,roomgroupA
6570_01,Earth,False,TRAPPIST-1e,False,0.0,0.0,0.0,908.0,0.0,6570,G,S,Young Adult,roomgroupA
6572_01,Earth,False,TRAPPIST-1e,False,0.0,4.0,336.0,304.0,0.0,6572,F,S,Young Adult,roomgroupA
6573_01,Earth,False,TRAPPIST-1e,False,0.0,896.0,1.0,0.0,5.0,6573,F,S,Adult,roomgroupA
6574_01,Europa,False,TRAPPIST-1e,False,0.0,335.0,0.0,818.0,3014.0,6574,A,P,Student,roomgroupA
6578_01,Mars,True,TRAPPIST-1e,False,0.0,0.0,0.0,0.0,0.0,6578,E,S,Young Adult,roomgroupA
6578_02,Mars,True,TRAPPIST-1e,False,0.0,0.0,0.0,0.0,0.0,6578,F,S,Teenager,roomgroupA
6580_01,Earth,False,TRAPPIST-1e,False,0.0,605.0,0.0,179.0,0.0,6580,G,P,Adult,roomgroupA
6582_01,Europa,False,55 Cancri e,False,0.0,1538.0,97.0,530.0,35.0,6582,A,P,Young Adult,roomgroupA
6583_01,Europa,False,TRAPPIST-1e,False,0.0,100.0,12253.0,6.0,80.0,6583,B,S,Teenager,roomgroupA
6583_02,Europa,False,55 Cancri e,False,0.0,2606.0,0.0,1170.0,0.0,6583,B,S,Adult,roomgroupA
6585_01,Earth,True,TRAPPIST-1e,False,0.0,0.0,0.0,0.0,0.0,6585,G,S,Student,roomgroupA
6585_02,Earth,,TRAPPIST-1e,False,289.0,1809.0,3.0,2.0,2.0,6585,F,S,Student,roomgroupA
6588_01,Earth,False,TRAPPIST-1e,False,115.0,125.0,0.0,202.0,0.0,6588,G,S,Adult,roomgroupA
6588_02,Earth,True,TRAPPIST-1e,False,0.0,0.0,0.0,0.0,0.0,6588,G,S,Student,roomgroupA
6590_01,Europa,True,TRAPPIST-1e,False,0.0,0.0,0.0,0.0,0.0,6590,B,P,Young Adult,roomgroupA
6590_02,Europa,False,TRAPPIST-1e,False,0.0,13561.0,0.0,2.0,4088.0,6590,B,P,Adult,roomgroupA
6591_01,Earth,False,TRAPPIST-1e,False,285.0,600.0,3.0,0.0,640.0,6591,F,S,Adult,roomgroupA
6592_01,Mars,True,TRAPPIST-1e,False,0.0,0.0,0.0,0.0,0.0,6592,F,S,Student,roomgroupA
6593_01,Earth,False,PSO J318.5-22,False,0.0,67.0,661.0,0.0,0.0,6593,F,P,Unknown,roomgroupA
6593_02,Earth,False,TRAPPIST-1e,False,0.0,666.0,0.0,0.0,58.0,6593,F,P,Young Adult,roomgroupA
6594_01,Earth,True,55 Cancri e,False,0.0,0.0,0.0,0.0,0.0,6594,G,P,Young Adult,roomgroupA
6595_01,Earth,False,TRAPPIST-1e,False,102.0,780.0,6.0,0.0,0.0,6595,G,S,Adult,roomgroupA
6598_01,Mars,True,TRAPPIST-1e,False,0.0,0.0,0.0,0.0,0.0,6598,F,S,Adult,roomgroupA
6599_01,Europa,True,TRAPPIST-1e,False,0.0,,0.0,0.0,0.0,6599,C,S,Adult,roomgroupA
6601_01,Earth,False,TRAPPIST-1e,False,2.0,0.0,0.0,52.0,638.0,6601,F,P,Young Adult,roomgroupA
6602_01,Earth,False,TRAPPIST-1e,False,94.0,267.0,2341.0,94.0,0.0,6602,F,S,Senior,roomgroupA
6603_01,Mars,False,TRAPPIST-1e,False,68.0,0.0,3700.0,0.0,0.0,6603,D,P,Young Adult,roomgroupA
6604_01,Europa,True,55 Cancri e,False,0.0,0.0,0.0,0.0,0.0,6604,C,P,Adult,roomgroupA
6606_01,Earth,False,PSO J318.5-22,False,166.0,0.0,520.0,0.0,0.0,6606,F,S,Young Adult,roomgroupA
6608_01,Earth,False,TRAPPIST-1e,False,588.0,0.0,17.0,0.0,1548.0,6608,F,P,Student,roomgroupA
6609_01,Mars,True,TRAPPIST-1e,False,0.0,0.0,0.0,0.0,0.0,6609,E,P,Teenager,roomgroupA
6611_01,Earth,False,55 Cancri e,False,635.0,0.0,7.0,0.0,0.0,6611,E,P,Adult,roomgroupA
6611_02,Earth,True,TRAPPIST-1e,False,0.0,0.0,0.0,0.0,0.0,6611,G,P,Adult,roomgroupA
6611_03,Earth,False,PSO J318.5-22,False,0.0,90.0,561.0,2.0,0.0,6611,F,P,Student,roomgroupA
6613_01,Earth,True,TRAPPIST-1e,False,0.0,0.0,0.0,0.0,0.0,6613,G,S,Teenager,roomgroupA
6614_01,Mars,True,TRAPPIST-1e,False,0.0,0.0,0.0,0.0,0.0,6614,F,S,Young Adult,roomgroupA
6616_01,Earth,False,TRAPPIST-1e,False,2532.0,1.0,0.0,59.0,10.0,6616,F,P,Student,roomgroupA
6618_01,Europa,False,TRAPPIST-1e,False,345.0,4514.0,0.0,0.0,421.0,6618,C,S,Adult,roomgroupA
6620_01,Earth,False,PSO J318.5-22,False,0.0,115.0,273.0,,218.0,6620,G,S,Student,roomgroupA
6621_01,Earth,False,55 Cancri e,False,0.0,0.0,642.0,0.0,8.0,6621,F,P,Adult,roomgroupA
6622_01,Earth,False,55 Cancri e,False,752.0,0.0,44.0,14.0,0.0,6622,G,P,Adult,roomgroupA
6622_02,Earth,True,TRAPPIST-1e,False,0.0,0.0,0.0,0.0,,6622,G,P,Teenager,roomgroupA
6623_01,,True,55 Cancri e,False,,0.0,0.0,0.0,0.0,6623,B,P,Adult,roomgroupA
6624_01,Earth,False,TRAPPIST-1e,False,1175.0,0.0,13.0,642.0,498.0,6624,G,P,Adult,roomgroupA
6625_01,Earth,True,PSO J318.5-22,False,0.0,0.0,0.0,0.0,0.0,6625,G,P,Young Adult,roomgroupA
6625_02,Earth,False,55 Cancri e,False,3.0,854.0,23.0,0.0,0.0,6625,F,P,Teenager,roomgroupA
6626_01,Earth,True,TRAPPIST-1e,False,0.0,0.0,0.0,0.0,0.0,6626,G,P,Young Adult,roomgroupA
6628_01,Earth,False,TRAPPIST-1e,False,0.0,0.0,272.0,394.0,50.0,6628,F,P,Young Adult,roomgroupA
6630_01,Earth,False,TRAPPIST-1e,False,0.0,1044.0,0.0,2.0,4.0,6630,F,S,Student,roomgroupA
6631_01,Europa,,TRAPPIST-1e,False,0.0,1891.0,0.0,2167.0,0.0,6631,C,P,Young Adult,roomgroupA
6633_01,Europa,False,TRAPPIST-1e,False,0.0,0.0,0.0,0.0,0.0,6633,B,S,Young Adult,roomgroupA
6634_01,Europa,True,55 Cancri e,False,0.0,0.0,0.0,0.0,0.0,6634,B,P,Adult,roomgroupA
6634_02,,True,TRAPPIST-1e,False,0.0,0.0,0.0,0.0,0.0,6634,G,S,Senior,roomgroupA
6635_01,Europa,False,TRAPPIST-1e,False,0.0,1339.0,26.0,244.0,15.0,6635,C,P,Teenager,roomgroupA
6635_02,Europa,False,55 Cancri e,False,0.0,313.0,1791.0,414.0,1675.0,6635,C,P,Adult,roomgroupA
6637_01,Mars,False,TRAPPIST-1e,False,1228.0,0.0,0.0,0.0,0.0,6637,F,S,Young Adult,roomgroupA
6638_01,Earth,True,TRAPPIST-1e,False,0.0,0.0,0.0,0.0,0.0,6638,G,P,Young Adult,roomgroupA
6639_01,Earth,True,PSO J318.5-22,False,0.0,0.0,0.0,0.0,0.0,6639,G,P,Student,roomgroupA
6641_01,Europa,True,TRAPPIST-1e,False,0.0,0.0,0.0,0.0,0.0,6641,C,S,Young Adult,roomgroupA
6641_02,Europa,True,55 Cancri e,False,0.0,0.0,0.0,0.0,0.0,6641,C,S,Adult,roomgroupA
6642_01,Earth,True,TRAPPIST-1e,False,0.0,0.0,0.0,0.0,0.0,6642,G,S,Adult,roomgroupA
6643_01,Earth,False,TRAPPIST-1e,False,0.0,6.0,24.0,0.0,672.0,6643,F,S,Student,roomgroupA
6645_01,Earth,True,55 Cancri e,False,0.0,0.0,0.0,0.0,0.0,6645,G,S,Teenager,roomgroupA
6646_01,Earth,True,TRAPPIST-1e,False,0.0,0.0,0.0,0.0,0.0,6646,G,S,Adult,roomgroupA
6647_01,Earth,False,PSO J318.5-22,False,2.0,3.0,1501.0,26.0,0.0,6647,F,S,Young Adult,roomgroupA
6649_01,Earth,False,TRAPPIST-1e,False,,0.0,265.0,0.0,0.0,6649,F,S,Teenager,roomgroupA
6650_01,Earth,False,TRAPPIST-1e,False,12.0,0.0,0.0,0.0,796.0,6650,G,P,Adult,roomgroupA
6652_01,Earth,False,PSO J318.5-22,False,0.0,69.0,29.0,424.0,18.0,6652,G,S,Adult,roomgroupA
6654_01,Earth,True,55 Cancri e,False,0.0,0.0,0.0,0.0,0.0,6654,G,S,Young Adult,roomgroupA
6654_02,Earth,True,55 Cancri e,False,0.0,0.0,0.0,0.0,0.0,6654,G,S,Teenager,roomgroupA
6654_03,Earth,True,TRAPPIST-1e,False,0.0,0.0,,0.0,0.0,6654,G,S,Young Adult,roomgroupA
6655_01,Mars,True,TRAPPIST-1e,False,0.0,0.0,0.0,0.0,0.0,6655,E,P,Young Adult,roomgroupA
6656_01,Europa,True,TRAPPIST-1e,False,0.0,0.0,0.0,0.0,,6656,B,P,Young Adult,roomgroupA
6659_01,Mars,,TRAPPIST-1e,False,0.0,0.0,0.0,0.0,0.0,6659,F,P,Adult,roomgroupA
6660_01,Earth,False,TRAPPIST-1e,False,590.0,0.0,47.0,3.0,53.0,6660,F,P,Adult,roomgroupA
6662_01,Earth,False,TRAPPIST-1e,False,0.0,0.0,0.0,0.0,0.0,6662,G,S,Baby,roomgroupA
6662_02,Earth,,TRAPPIST-1e,False,0.0,0.0,0.0,0.0,0.0,6662,G,S,Student,roomgroupA
6662_03,Earth,True,55 Cancri e,False,0.0,0.0,0.0,0.0,0.0,6662,G,S,Baby,roomgroupA
6663_01,Earth,False,TRAPPIST-1e,False,402.0,25.0,9.0,373.0,0.0,6663,G,P,Student,roomgroupA
6663_02,Earth,False,TRAPPIST-1e,False,90.0,0.0,655.0,43.0,16.0,6663,F,P,Adult,roomgroupA
6664_01,Earth,False,TRAPPIST-1e,False,0.0,0.0,827.0,0.0,0.0,6664,G,S,Student,roomgroupA
6665_01,Europa,True,55 Cancri e,False,0.0,0.0,0.0,0.0,0.0,6665,B,P,Teenager,roomgroupA
6665_02,Europa,False,TRAPPIST-1e,False,4.0,1337.0,0.0,0.0,182.0,6665,B,P,Student,roomgroupA
6665_03,Europa,False,TRAPPIST-1e,False,0.0,0.0,0.0,0.0,0.0,6665,B,P,Adult,roomgroupA
6665_04,Europa,False,55 Cancri e,False,0.0,2504.0,0.0,0.0,5496.0,6665,B,P,Adult,roomgroupA
6667_01,Europa,True,TRAPPIST-1e,False,0.0,0.0,0.0,0.0,0.0,6667,C,S,Adult,roomgroupA
6668_01,Earth,False,TRAPPIST-1e,False,0.0,0.0,649.0,0.0,239.0,6668,G,S,Senior,roomgroupA
6668_02,Earth,False,TRAPPIST-1e,False,17.0,65.0,74.0,1548.0,18.0,6668,G,S,Young Adult,roomgroupA
6669_01,Earth,False,55 Cancri e,False,32.0,0.0,304.0,291.0,2.0,6669,E,P,Young Adult,roomgroupA
6670_01,Earth,False,TRAPPIST-1e,False,864.0,35.0,0.0,0.0,0.0,6670,F,S,Adult,roomgroupA
6671_01,Mars,True,TRAPPIST-1e,False,0.0,0.0,,0.0,0.0,6671,F,S,Adult,roomgroupA
6671_02,Mars,False,TRAPPIST-1e,False,1002.0,0.0,,0.0,0.0,6671,F,S,Young Adult,roomgroupA
6671_03,Mars,False,55 Cancri e,False,1880.0,0.0,15.0,0.0,0.0,6671,E,S,Teenager,roomgroupA
6672_01,Mars,False,TRAPPIST-1e,False,0.0,0.0,0.0,0.0,0.0,6672,F,P,Baby,roomgroupA
6672_02,Mars,False,55 Cancri e,False,0.0,0.0,0.0,0.0,0.0,6672,F,P,Baby,roomgroupA
6672_03,Mars,False,PSO J318.5-22,False,77.0,71.0,1147.0,0.0,0.0,6672,E,P,Young Adult,roomgroupA
6672_04,Mars,True,TRAPPIST-1e,False,0.0,0.0,0.0,0.0,0.0,6672,F,P,Child,roomgroupA
6673_01,Earth,False,TRAPPIST-1e,False,1595.0,0.0,0.0,0.0,13.0,6673,E,P,Adult,roomgroupA
6674_01,Europa,False,TRAPPIST-1e,False,0.0,841.0,0.0,1733.0,11.0,6674,E,P,Young Adult,roomgroupA
6674_02,Europa,True,TRAPPIST-1e,False,,0.0,0.0,0.0,0.0,6674,E,P,Young Adult,roomgroupA
6674_03,Europa,,55 Cancri e,False,0.0,0.0,0.0,0.0,0.0,6674,E,P,Teenager,roomgroupA
6674_04,Europa,True,TRAPPIST-1e,False,0.0,0.0,0.0,0.0,0.0,6674,E,P,Young Adult,roomgroupA
6674_05,Europa,False,TRAPPIST-1e,False,0.0,4.0,0.0,1525.0,475.0,6674,E,P,Young Adult,roomgroupA
6675_01,Earth,,TRAPPIST-1e,False,707.0,24.0,0.0,0.0,170.0,6675,F,P,Senior,roomgroupA
6675_02,Earth,False,PSO J318.5-22,False,61.0,0.0,0.0,0.0,1495.0,6675,E,P,Young Adult,roomgroupA
6676_01,Europa,True,TRAPPIST-1e,False,0.0,0.0,0.0,0.0,0.0,6676,D,S,Adult,roomgroupA
6680_01,Earth,False,TRAPPIST-1e,False,,361.0,512.0,34.0,0.0,6680,G,P,Adult,roomgroupA
6681_01,Earth,False,55 Cancri e,False,0.0,833.0,381.0,0.0,12.0,6681,F,S,Student,roomgroupA
6683_01,Earth,True,PSO J318.5-22,False,0.0,0.0,0.0,0.0,0.0,6683,G,P,Young Adult,roomgroupA
6684_01,Europa,False,TRAPPIST-1e,False,0.0,218.0,0.0,8522.0,0.0,6684,C,P,Adult,roomgroupA
6684_02,Europa,False,TRAPPIST-1e,,0.0,,335.0,143.0,764.0,6684,C,P,Young Adult,roomgroupA
6684_03,Europa,False,TRAPPIST-1e,False,0.0,370.0,0.0,2395.0,1638.0,6684,C,P,Adult,roomgroupA
6691_01,Earth,False,TRAPPIST-1e,False,62.0,202.0,542.0,0.0,,6691,F,P,Young Adult,roomgroupA
6692_01,Europa,True,55 Cancri e,False,0.0,0.0,0.0,0.0,0.0,6692,B,S,Young Adult,roomgroupA
6693_01,Earth,False,TRAPPIST-1e,False,0.0,0.0,719.0,274.0,0.0,6693,E,P,Adult,roomgroupA
6694_01,Earth,True,TRAPPIST-1e,False,0.0,0.0,,0.0,0.0,6694,G,P,Senior,roomgroupA
6697_01,Earth,False,,False,0.0,1.0,34.0,0.0,774.0,6697,G,P,Student,roomgroupA
6698_01,Earth,False,PSO J318.5-22,False,239.0,321.0,0.0,0.0,124.0,6698,F,P,Young Adult,roomgroupA
6699_01,Mars,False,TRAPPIST-1e,False,0.0,0.0,0.0,0.0,0.0,6699,E,P,Teenager,roomgroupA
6702_01,Earth,True,TRAPPIST-1e,False,0.0,0.0,0.0,0.0,0.0,6702,G,P,Adult,roomgroupA
6706_01,Europa,True,TRAPPIST-1e,False,0.0,0.0,0.0,0.0,0.0,6706,B,P,Student,roomgroupA
6706_02,Europa,True,TRAPPIST-1e,False,0.0,0.0,0.0,0.0,0.0,6706,B,P,Young Adult,roomgroupA
6707_01,Earth,True,TRAPPIST-1e,False,0.0,0.0,0.0,0.0,0.0,6707,G,S,Adult,roomgroupA
6708_01,Europa,False,TRAPPIST-1e,False,0.0,0.0,0.0,0.0,0.0,6708,A,P,Baby,roomgroupA
6708_02,Europa,False,TRAPPIST-1e,False,0.0,0.0,0.0,0.0,,6708,A,P,Baby,roomgroupA
6708_03,Europa,False,TRAPPIST-1e,False,994.0,526.0,0.0,7.0,1279.0,6708,A,P,Adult,roomgroupA
6708_04,Europa,True,55 Cancri e,False,0.0,0.0,0.0,0.0,0.0,6708,A,P,Student,roomgroupA
6708_05,Europa,True,55 Cancri e,False,0.0,0.0,0.0,0.0,0.0,6708,A,P,Adult,roomgroupA
6708_06,Europa,True,55 Cancri e,True,0.0,0.0,0.0,0.0,,6708,A,P,Adult,roomgroupA
6709_01,Earth,True,TRAPPIST-1e,False,0.0,0.0,0.0,0.0,,6709,G,S,Student,roomgroupA
6711_01,Mars,False,TRAPPIST-1e,True,,280.0,714.0,0.0,0.0,6711,D,P,Young Adult,roomgroupA
6713_01,Earth,False,55 Cancri e,False,700.0,0.0,0.0,0.0,0.0,6713,F,P,Young Adult,roomgroupA
6718_01,Earth,False,TRAPPIST-1e,False,18.0,238.0,0.0,528.0,0.0,6718,G,P,Adult,roomgroupA
6718_02,Earth,True,TRAPPIST-1e,False,0.0,0.0,0.0,0.0,0.0,6718,G,P,Child,roomgroupA
6718_03,Earth,True,TRAPPIST-1e,False,0.0,0.0,0.0,0.0,0.0,6718,G,P,Unknown,roomgroupA
6719_01,Mars,True,TRAPPIST-1e,False,0.0,0.0,0.0,0.0,0.0,6719,F,P,Adult,roomgroupA
6720_01,Europa,False,TRAPPIST-1e,False,0.0,0.0,0.0,0.0,0.0,6720,A,S,Adult,roomgroupA
6721_01,Earth,,TRAPPIST-1e,False,0.0,0.0,0.0,0.0,0.0,6721,G,S,Student,roomgroupA
6722_01,Europa,True,55 Cancri e,False,0.0,0.0,0.0,0.0,0.0,6722,E,S,Young Adult,roomgroupA
6722_02,Europa,False,55 Cancri e,False,0.0,33.0,9.0,1847.0,2035.0,6722,E,S,Young Adult,roomgroupA
6722_03,Europa,True,55 Cancri e,False,0.0,0.0,0.0,0.0,0.0,6722,E,S,Adult,roomgroupA
6724_01,Europa,True,55 Cancri e,False,0.0,0.0,0.0,0.0,0.0,6724,C,P,Young Adult,roomgroupA
6724_02,Europa,True,55 Cancri e,False,0.0,0.0,0.0,0.0,0.0,6724,C,P,Teenager,roomgroupA
6725_01,Europa,False,TRAPPIST-1e,False,0.0,390.0,60.0,5015.0,211.0,6725,C,P,Young Adult,roomgroupA
6726_01,Earth,False,TRAPPIST-1e,False,68.0,74.0,713.0,37.0,15.0,6726,G,P,Young Adult,roomgroupA
6727_01,Earth,False,TRAPPIST-1e,False,0.0,316.0,0.0,,338.0,6727,G,P,Young Adult,roomgroupA
6729_01,Europa,False,TRAPPIST-1e,False,0.0,371.0,0.0,1701.0,21.0,6729,A,S,Adult,roomgroupA
6729_02,Europa,True,55 Cancri e,False,0.0,0.0,0.0,0.0,0.0,6729,A,S,Adult,roomgroupA
6729_03,Europa,False,TRAPPIST-1e,False,2664.0,15.0,0.0,109.0,2.0,6729,A,S,Young Adult,roomgroupA
6730_01,Earth,False,TRAPPIST-1e,False,0.0,6.0,791.0,49.0,0.0,6730,G,S,Teenager,roomgroupA
6731_01,Earth,False,TRAPPIST-1e,False,3135.0,2.0,0.0,0.0,0.0,6731,F,P,Young Adult,roomgroupA
6734_01,Europa,False,55 Cancri e,False,0.0,2699.0,0.0,671.0,8.0,6734,C,S,Adult,roomgroupA
6734_02,Europa,True,55 Cancri e,False,0.0,0.0,0.0,0.0,0.0,6734,C,S,Teenager,roomgroupA
6734_03,Europa,True,55 Cancri e,True,0.0,0.0,0.0,0.0,0.0,6734,C,S,Adult,roomgroupA
6734_04,Europa,True,55 Cancri e,False,0.0,0.0,0.0,0.0,0.0,6734,C,S,Young Adult,roomgroupA
6736_01,Mars,False,,False,1373.0,0.0,23.0,920.0,6.0,6736,D,S,Young Adult,roomgroupA
6739_01,Earth,False,TRAPPIST-1e,False,0.0,714.0,174.0,0.0,0.0,6739,G,S,Adult,roomgroupA
6741_01,Earth,False,TRAPPIST-1e,False,0.0,1190.0,4.0,455.0,71.0,6741,G,S,Adult,roomgroupA
6741_02,Earth,,PSO J318.5-22,,103.0,0.0,181.0,1611.0,22.0,6741,F,S,Student,roomgroupA
6742_01,Earth,False,TRAPPIST-1e,False,1288.0,2.0,0.0,0.0,1.0,6742,F,S,Young Adult,roomgroupA
6744_01,Mars,False,TRAPPIST-1e,False,1244.0,0.0,1119.0,0.0,3.0,6744,F,P,Student,roomgroupA
6744_02,Mars,False,TRAPPIST-1e,False,1717.0,16.0,39.0,0.0,48.0,6744,F,P,Adult,roomgroupA
6744_03,Mars,False,55 Cancri e,False,1337.0,0.0,2614.0,0.0,0.0,6744,D,P,Teenager,roomgroupA
6744_04,Mars,True,TRAPPIST-1e,False,0.0,,0.0,0.0,0.0,6744,E,P,Adult,roomgroupA
6744_05,Mars,False,TRAPPIST-1e,False,1203.0,756.0,140.0,0.0,0.0,6744,E,P,Adult,roomgroupA
6745_01,Earth,False,PSO J318.5-22,False,545.0,0.0,501.0,0.0,0.0,6745,F,P,Young Adult,roomgroupA
6746_01,Earth,True,TRAPPIST-1e,False,0.0,0.0,0.0,0.0,0.0,6746,G,P,Young Adult,roomgroupA
6747_01,Europa,True,TRAPPIST-1e,False,,0.0,0.0,0.0,0.0,6747,C,P,Young Adult,roomgroupA
6748_01,Mars,True,TRAPPIST-1e,False,0.0,0.0,0.0,,0.0,6748,F,S,Young Adult,roomgroupA
6748_02,Mars,False,TRAPPIST-1e,False,0.0,0.0,0.0,0.0,,6748,F,S,Child,roomgroupA
6748_03,Mars,False,TRAPPIST-1e,False,1610.0,29.0,6.0,0.0,0.0,6748,F,S,Young Adult,roomgroupA
6748_04,Mars,False,TRAPPIST-1e,False,470.0,0.0,,45.0,539.0,6748,D,S,Young Adult,roomgroupA
6749_01,Earth,False,TRAPPIST-1e,False,0.0,13.0,813.0,0.0,0.0,6749,G,P,Student,roomgroupA
6750_01,Earth,False,TRAPPIST-1e,False,0.0,95.0,424.0,1.0,364.0,6750,G,P,Young Adult,roomgroupA
6751_01,Mars,True,TRAPPIST-1e,False,0.0,0.0,0.0,0.0,0.0,6751,F,S,Student,roomgroupA
6751_02,Mars,True,TRAPPIST-1e,False,0.0,0.0,0.0,0.0,0.0,6751,E,S,Young Adult,roomgroupA
6753_01,Europa,True,TRAPPIST-1e,False,0.0,0.0,0.0,0.0,0.0,6753,B,P,Adult,roomgroupA
6753_02,Europa,False,TRAPPIST-1e,False,0.0,0.0,0.0,0.0,0.0,6753,B,P,Young Adult,roomgroupA
6754_01,Europa,False,TRAPPIST-1e,True,0.0,4209.0,0.0,2.0,896.0,6754,C,S,Young Adult,roomgroupA
6756_01,Earth,False,TRAPPIST-1e,False,0.0,0.0,12.0,726.0,19.0,6756,F,P,Student,roomgroupA
6756_02,Earth,False,PSO J318.5-22,False,0.0,0.0,743.0,4.0,6.0,6756,G,P,Adult,roomgroupA
6756_03,Earth,False,TRAPPIST-1e,False,0.0,0.0,0.0,0.0,0.0,6756,G,P,Baby,roomgroupA
6757_01,Mars,False,TRAPPIST-1e,False,1964.0,0.0,635.0,0.0,0.0,6757,F,S,Adult,roomgroupA
6758_01,Earth,False,55 Cancri e,False,76.0,600.0,0.0,0.0,25.0,6758,F,P,Young Adult,roomgroupA
6760_01,Mars,False,PSO J318.5-22,False,51.0,0.0,1373.0,0.0,5.0,6760,F,P,Young Adult,roomgroupA
6761_01,Mars,True,TRAPPIST-1e,False,0.0,0.0,0.0,0.0,0.0,6761,F,P,Student,roomgroupA
6761_02,Mars,False,TRAPPIST-1e,False,0.0,0.0,0.0,0.0,0.0,6761,E,P,Student,roomgroupA
6762_01,Earth,False,55 Cancri e,False,0.0,704.0,0.0,0.0,0.0,6762,F,S,Adult,roomgroupA
6763_01,Earth,False,TRAPPIST-1e,False,0.0,97.0,725.0,26.0,104.0,6763,G,P,Student,roomgroupA
6764_01,Mars,False,TRAPPIST-1e,False,2937.0,60.0,696.0,0.0,0.0,6764,F,S,Young Adult,roomgroupA
6764_02,Mars,False,TRAPPIST-1e,False,76.0,0.0,2398.0,102.0,23.0,6764,F,S,Young Adult,roomgroupA
6765_01,Mars,True,TRAPPIST-1e,False,0.0,0.0,0.0,0.0,0.0,6765,F,S,Adult,roomgroupA
6766_01,Earth,False,PSO J318.5-22,False,399.0,0.0,3.0,0.0,137.0,6766,G,P,Teenager,roomgroupA
6766_02,Earth,True,TRAPPIST-1e,,0.0,0.0,0.0,0.0,0.0,6766,G,P,Baby,roomgroupA
6766_03,Earth,True,TRAPPIST-1e,False,0.0,0.0,0.0,0.0,0.0,6766,G,P,Baby,roomgroupA
6773_01,Earth,False,TRAPPIST-1e,False,47.0,0.0,0.0,,3047.0,6773,F,P,Young Adult,roomgroupA
6774_01,Earth,True,TRAPPIST-1e,False,0.0,0.0,,0.0,0.0,6774,G,P,Adult,roomgroupA
6774_02,Earth,True,TRAPPIST-1e,False,0.0,0.0,0.0,0.0,0.0,6774,G,P,Child,roomgroupA
6774_03,Earth,False,TRAPPIST-1e,False,0.0,0.0,704.0,0.0,0.0,6774,F,P,Young Adult,roomgroupA
6775_01,Earth,True,55 Cancri e,False,0.0,0.0,0.0,0.0,0.0,6775,G,S,Teenager,roomgroupA
6776_01,Earth,False,55 Cancri e,False,1.0,0.0,0.0,691.0,0.0,6776,F,P,Young Adult,roomgroupA
6778_01,Earth,False,TRAPPIST-1e,False,0.0,758.0,0.0,0.0,1417.0,6778,F,S,Adult,roomgroupA
6779_01,Europa,False,TRAPPIST-1e,False,0.0,7920.0,270.0,1.0,322.0,6779,B,S,Adult,roomgroupA
6779_02,Europa,True,55 Cancri e,False,,0.0,0.0,0.0,0.0,6779,B,S,Teenager,roomgroupA
6779_03,Europa,True,TRAPPIST-1e,False,0.0,0.0,0.0,0.0,0.0,6779,B,S,Adult,roomgroupA
6779_04,Europa,False,TRAPPIST-1e,False,0.0,0.0,0.0,0.0,0.0,6779,B,S,Child,roomgroupA
6780_01,Europa,True,55 Cancri e,False,0.0,0.0,0.0,0.0,0.0,6780,C,S,Teenager,roomgroupA
6780_02,Europa,False,TRAPPIST-1e,False,2167.0,30.0,1472.0,,0.0,6780,C,S,Adult,roomgroupA
6782_01,Earth,False,PSO J318.5-22,False,,0.0,533.0,72.0,0.0,6782,F,S,Teenager,roomgroupA
6784_01,Earth,False,55 Cancri e,False,0.0,0.0,0.0,8.0,698.0,6784,G,S,Senior,roomgroupA
6784_02,Earth,False,TRAPPIST-1e,False,0.0,366.0,0.0,0.0,401.0,6784,G,S,Adult,roomgroupA
6786_01,Earth,False,PSO J318.5-22,False,8.0,173.0,0.0,1052.0,0.0,6786,F,P,Student,roomgroupA
6787_01,Earth,False,TRAPPIST-1e,False,0.0,0.0,0.0,0.0,0.0,6787,F,P,Child,roomgroupA
6787_02,Earth,,TRAPPIST-1e,False,0.0,0.0,0.0,0.0,0.0,6787,F,P,Baby,roomgroupA
6787_03,Earth,False,TRAPPIST-1e,False,108.0,4.0,1898.0,13.0,0.0,6787,F,P,Teenager,roomgroupA
6787_04,Earth,True,PSO J318.5-22,False,0.0,0.0,0.0,0.0,0.0,6787,F,P,Adult,roomgroupA
6787_05,Earth,True,TRAPPIST-1e,False,0.0,0.0,,0.0,,6787,F,P,Teenager,roomgroupA
6787_06,Earth,False,55 Cancri e,False,0.0,0.0,0.0,0.0,0.0,6787,F,P,Baby,roomgroupA
6787_07,Earth,False,TRAPPIST-1e,False,113.0,38.0,0.0,0.0,630.0,6787,F,P,Young Adult,roomgroupA
6788_01,Earth,False,TRAPPIST-1e,False,2.0,736.0,0.0,71.0,0.0,6788,G,P,Adult,roomgroupA
6789_01,Mars,False,55 Cancri e,False,866.0,0.0,0.0,0.0,0.0,6789,D,P,Young Adult,roomgroupA
6792_01,Mars,False,TRAPPIST-1e,False,145.0,0.0,2383.0,30.0,40.0,6792,F,P,Adult,roomgroupA
6794_01,Mars,False,TRAPPIST-1e,False,20.0,0.0,1000.0,36.0,0.0,6794,D,S,Young Adult,roomgroupA
6796_01,Earth,False,TRAPPIST-1e,False,470.0,0.0,0.0,182.0,52.0,6796,G,P,Young Adult,roomgroupA
6798_01,Earth,False,TRAPPIST-1e,False,3.0,0.0,61.0,0.0,742.0,6798,F,P,Adult,roomgroupA
6799_01,Europa,True,55 Cancri e,False,0.0,0.0,0.0,0.0,0.0,6799,C,S,Adult,roomgroupA
6800_01,Earth,True,TRAPPIST-1e,False,0.0,0.0,0.0,0.0,0.0,6800,G,P,Teenager,roomgroupA
6801_01,Europa,False,TRAPPIST-1e,True,0.0,7293.0,136.0,97.0,440.0,6801,B,S,Adult,roomgroupA
6802_01,Europa,False,55 Cancri e,False,1751.0,516.0,0.0,12.0,672.0,6802,A,P,Adult,roomgroupA
6805_01,Europa,False,TRAPPIST-1e,False,52.0,996.0,0.0,700.0,1.0,6805,E,S,Adult,roomgroupA
6806_01,Earth,False,TRAPPIST-1e,False,14.0,583.0,310.0,0.0,0.0,6806,G,S,Adult,roomgroupA
6808_01,Earth,False,TRAPPIST-1e,False,0.0,,192.0,38.0,599.0,6808,F,P,Young Adult,roomgroupA
6810_01,Mars,True,TRAPPIST-1e,False,0.0,0.0,0.0,0.0,0.0,6810,E,S,Student,roomgroupA
6810_02,Mars,False,TRAPPIST-1e,False,768.0,11.0,2010.0,0.0,0.0,6810,E,S,Young Adult,roomgroupA
6810_03,Mars,True,TRAPPIST-1e,False,,0.0,0.0,0.0,0.0,6810,G,S,Teenager,roomgroupA
6810_04,,True,TRAPPIST-1e,False,0.0,0.0,0.0,0.0,0.0,6810,E,S,Adult,roomgroupA
6810_05,Mars,True,55 Cancri e,False,0.0,0.0,0.0,0.0,0.0,6810,E,S,Senior,roomgroupA
6813_01,Earth,False,55 Cancri e,False,38.0,19.0,348.0,217.0,115.0,6813,F,P,Student,roomgroupA
6814_01,Mars,False,55 Cancri e,False,1339.0,6.0,7810.0,0.0,0.0,6814,E,S,Adult,roomgroupA
6816_01,Earth,True,55 Cancri e,False,0.0,0.0,0.0,0.0,0.0,6816,G,P,Baby,roomgroupA
6816_02,Earth,False,TRAPPIST-1e,,944.0,0.0,0.0,0.0,75.0,6816,G,P,Young Adult,roomgroupA
6816_03,Earth,True,PSO J318.5-22,False,0.0,0.0,0.0,0.0,0.0,6816,G,P,Young Adult,roomgroupA
6816_04,Earth,False,TRAPPIST-1e,False,0.0,0.0,0.0,0.0,0.0,6816,G,P,Child,roomgroupA
6816_05,Earth,True,55 Cancri e,False,0.0,0.0,0.0,0.0,0.0,6816,G,P,Baby,roomgroupA
6816_06,Earth,True,TRAPPIST-1e,False,0.0,0.0,0.0,0.0,0.0,6816,G,P,Child,roomgroupA
6817_01,Earth,False,TRAPPIST-1e,False,21.0,54.0,5.0,178.0,431.0,6817,F,S,Adult,roomgroupA
6818_01,Earth,False,TRAPPIST-1e,False,32.0,2667.0,0.0,0.0,9.0,6818,F,P,Young Adult,roomgroupA
6820_01,Earth,False,TRAPPIST-1e,False,,0.0,0.0,1490.0,0.0,6820,F,P,Young Adult,roomgroupA
6821_01,Earth,False,TRAPPIST-1e,False,142.0,1208.0,0.0,0.0,204.0,6821,F,P,Adult,roomgroupA
6822_01,Earth,False,TRAPPIST-1e,False,0.0,532.0,29.0,0.0,163.0,6822,F,S,Teenager,roomgroupA
6824_01,Earth,False,TRAPPIST-1e,False,,0.0,0.0,444.0,0.0,6824,G,S,Adult,roomgroupA
6825_01,Mars,True,,False,0.0,0.0,0.0,0.0,0.0,6825,F,S,Young Adult,roomgroupA
6825_02,Mars,False,TRAPPIST-1e,False,3481.0,0.0,1236.0,2.0,256.0,6825,F,S,Young Adult,roomgroupA
6826_01,Earth,False,TRAPPIST-1e,False,0.0,69.0,92.0,1600.0,15.0,6826,G,S,Adult,roomgroupA
6827_01,Europa,False,55 Cancri e,False,181.0,1.0,840.0,2618.0,1949.0,6827,A,S,Senior,roomgroupA
6827_02,Europa,True,TRAPPIST-1e,False,0.0,0.0,0.0,0.0,0.0,6827,A,S,Teenager,roomgroupA
6827_03,Europa,True,TRAPPIST-1e,False,0.0,0.0,0.0,0.0,0.0,6827,A,S,Adult,roomgroupA
6827_04,Europa,,TRAPPIST-1e,False,0.0,0.0,0.0,0.0,0.0,6827,A,S,Teenager,roomgroupA
6829_01,Earth,True,TRAPPIST-1e,False,0.0,0.0,0.0,0.0,0.0,6829,G,P,Baby,roomgroupA
6829_02,Earth,False,TRAPPIST-1e,False,355.0,449.0,8.0,0.0,0.0,6829,G,P,Adult,roomgroupA
6829_03,Earth,True,TRAPPIST-1e,False,0.0,0.0,0.0,0.0,0.0,6829,G,P,Young Adult,roomgroupA
6831_01,Earth,True,TRAPPIST-1e,False,0.0,0.0,0.0,0.0,0.0,6831,G,P,Unknown,roomgroupA
6832_01,Mars,True,TRAPPIST-1e,False,0.0,0.0,0.0,0.0,0.0,6832,F,P,Young Adult,roomgroupA
6833_01,Earth,False,,False,7.0,0.0,0.0,716.0,800.0,6833,E,S,Student,roomgroupA
6834_01,Earth,True,TRAPPIST-1e,False,0.0,0.0,0.0,0.0,,6834,G,S,Student,roomgroupA
6837_01,Mars,True,TRAPPIST-1e,False,0.0,0.0,0.0,0.0,0.0,6837,E,P,Adult,roomgroupA
6839_01,Earth,False,TRAPPIST-1e,False,1912.0,0.0,0.0,2.0,0.0,6839,F,S,Adult,roomgroupA
6840_01,Mars,True,TRAPPIST-1e,False,0.0,0.0,0.0,0.0,0.0,6840,F,P,Young Adult,roomgroupA
6841_01,Mars,True,55 Cancri e,False,,0.0,0.0,0.0,0.0,6841,E,S,Young Adult,roomgroupA
6843_01,Europa,True,TRAPPIST-1e,False,0.0,,0.0,0.0,0.0,6843,B,S,Student,roomgroupA
6843_02,Europa,True,55 Cancri e,False,0.0,0.0,0.0,0.0,0.0,6843,B,S,Young Adult,roomgroupA
6844_01,Mars,False,55 Cancri e,False,71.0,0.0,1376.0,0.0,890.0,6844,E,S,Student,roomgroupA
6848_01,Europa,True,TRAPPIST-1e,False,0.0,0.0,0.0,0.0,0.0,6848,D,P,Teenager,roomgroupA
6850_01,Earth,False,TRAPPIST-1e,,735.0,138.0,,0.0,0.0,6850,F,P,Student,roomgroupA
6850_02,Earth,True,PSO J318.5-22,False,0.0,0.0,0.0,0.0,0.0,6850,G,P,Young Adult,roomgroupA
6850_03,Earth,False,TRAPPIST-1e,False,2.0,46.0,800.0,0.0,773.0,6850,E,P,Adult,roomgroupA
6851_01,Earth,False,TRAPPIST-1e,False,0.0,752.0,18.0,0.0,18.0,6851,E,S,Student,roomgroupA
6853_01,Europa,False,55 Cancri e,False,0.0,1604.0,4058.0,4094.0,124.0,6853,C,P,Young Adult,roomgroupA
6854_01,Mars,False,TRAPPIST-1e,False,3211.0,4.0,243.0,0.0,0.0,6854,E,P,Student,roomgroupA
6857_01,Earth,False,PSO J318.5-22,False,22.0,0.0,1179.0,0.0,33.0,6857,F,S,Adult,roomgroupA
6858_01,Europa,True,TRAPPIST-1e,False,0.0,0.0,0.0,0.0,0.0,6858,B,P,Young Adult,roomgroupA
6858_02,Europa,True,TRAPPIST-1e,False,0.0,0.0,0.0,0.0,0.0,6858,B,P,Teenager,roomgroupA
6858_03,Europa,False,55 Cancri e,False,0.0,60.0,0.0,310.0,4674.0,6858,B,P,Adult,roomgroupA
6858_04,Europa,False,,False,0.0,0.0,0.0,0.0,0.0,6858,B,P,Child,roomgroupA
6859_01,Earth,True,PSO J318.5-22,False,0.0,0.0,0.0,0.0,0.0,6859,G,S,Young Adult,roomgroupA
6861_01,Earth,True,PSO J318.5-22,False,0.0,0.0,0.0,0.0,0.0,6861,G,S,Teenager,roomgroupA
6862_01,Earth,True,TRAPPIST-1e,False,0.0,0.0,0.0,0.0,0.0,6862,G,S,Adult,roomgroupA
6862_02,Earth,False,TRAPPIST-1e,False,0.0,0.0,0.0,0.0,0.0,6862,G,S,Child,roomgroupA
6863_01,Earth,False,TRAPPIST-1e,False,0.0,10.0,909.0,0.0,17.0,6863,F,S,Young Adult,roomgroupA
6864_01,Europa,True,TRAPPIST-1e,False,0.0,0.0,0.0,0.0,0.0,6864,A,P,Teenager,roomgroupA
6864_02,Europa,True,55 Cancri e,,0.0,0.0,0.0,0.0,0.0,6864,A,P,Young Adult,roomgroupA
6865_01,Europa,False,TRAPPIST-1e,,69.0,2878.0,0.0,4232.0,3798.0,6865,D,S,Young Adult,roomgroupA
6865_02,Europa,True,TRAPPIST-1e,False,0.0,0.0,0.0,0.0,0.0,6865,D,S,Young Adult,roomgroupA
6866_01,Europa,False,55 Cancri e,False,0.0,17958.0,99.0,14.0,57.0,6866,C,S,Student,roomgroupA
6866_02,Europa,False,55 Cancri e,False,6103.0,7570.0,860.0,13117.0,192.0,6866,C,S,Adult,roomgroupA
6868_01,Earth,False,TRAPPIST-1e,False,0.0,18.0,73.0,2134.0,25.0,6868,F,P,Student,roomgroupA
6869_01,Earth,False,TRAPPIST-1e,False,0.0,0.0,901.0,3.0,0.0,6869,F,P,Student,roomgroupA
6871_01,Earth,False,TRAPPIST-1e,False,190.0,1.0,616.0,0.0,,6871,G,S,Adult,roomgroupA
6873_01,Europa,False,55 Cancri e,False,362.0,1049.0,46.0,104.0,829.0,6873,A,P,Senior,roomgroupA
6879_01,Earth,True,TRAPPIST-1e,False,0.0,0.0,0.0,0.0,0.0,6879,G,S,Student,roomgroupA
6880_01,Mars,False,TRAPPIST-1e,True,2191.0,0.0,172.0,1.0,0.0,6880,F,S,Adult,roomgroupA
6880_02,Mars,True,TRAPPIST-1e,False,0.0,0.0,0.0,0.0,0.0,6880,E,S,Young Adult,roomgroupA
6882_01,Mars,True,55 Cancri e,False,0.0,0.0,0.0,0.0,0.0,6882,F,P,Young Adult,roomgroupA
6882_02,Mars,False,TRAPPIST-1e,False,0.0,0.0,0.0,0.0,0.0,6882,E,P,Adult,roomgroupA
6883_01,Earth,False,TRAPPIST-1e,False,0.0,0.0,1.0,0.0,398.0,6883,G,S,Young Adult,roomgroupA
6885_01,Mars,True,TRAPPIST-1e,False,,0.0,0.0,0.0,0.0,6885,F,S,Adult,roomgroupA
6887_01,Earth,False,TRAPPIST-1e,False,0.0,326.0,31.0,5.0,545.0,6887,G,S,Young Adult,roomgroupA
6889_01,Earth,False,,False,862.0,0.0,0.0,0.0,59.0,6889,F,S,Adult,roomgroupA
6891_01,Mars,False,TRAPPIST-1e,False,725.0,0.0,1660.0,0.0,0.0,6891,D,P,Young Adult,roomgroupA
6892_01,Earth,,TRAPPIST-1e,False,0.0,669.0,0.0,1.0,2.0,6892,F,S,Young Adult,roomgroupA
6893_01,Europa,True,TRAPPIST-1e,False,0.0,0.0,0.0,0.0,0.0,6893,B,S,Young Adult,roomgroupA
6894_01,Mars,True,TRAPPIST-1e,False,0.0,0.0,0.0,0.0,0.0,6894,F,S,Adult,roomgroupA
6894_02,Mars,False,TRAPPIST-1e,False,0.0,0.0,0.0,0.0,0.0,6894,F,S,Baby,roomgroupA
6894_03,Mars,False,TRAPPIST-1e,,0.0,0.0,0.0,0.0,0.0,6894,F,S,Teenager,roomgroupA
6895_01,Europa,False,TRAPPIST-1e,False,0.0,4612.0,0.0,2585.0,1919.0,6895,C,P,Young Adult,roomgroupA
6896_01,Mars,False,TRAPPIST-1e,False,473.0,0.0,575.0,0.0,0.0,6896,E,S,Unknown,roomgroupA
6896_02,Mars,False,TRAPPIST-1e,False,0.0,0.0,0.0,0.0,0.0,6896,F,S,Baby,roomgroupA
6896_03,Mars,False,TRAPPIST-1e,False,0.0,0.0,0.0,0.0,0.0,6896,F,S,Child,roomgroupA
6898_01,Europa,False,55 Cancri e,False,146.0,3786.0,490.0,0.0,18.0,6898,G,S,Young Adult,roomgroupA
6899_01,Europa,False,TRAPPIST-1e,False,0.0,0.0,0.0,0.0,0.0,6899,A,P,Adult,roomgroupA
6899_02,Europa,,TRAPPIST-1e,False,0.0,0.0,0.0,0.0,0.0,6899,A,P,Young Adult,roomgroupA
6900_01,Earth,True,TRAPPIST-1e,False,0.0,0.0,0.0,0.0,0.0,6900,G,S,Teenager,roomgroupA
6901_01,Mars,False,TRAPPIST-1e,False,501.0,974.0,1164.0,0.0,0.0,6901,F,S,Teenager,roomgroupA
6902_01,Europa,True,TRAPPIST-1e,False,0.0,0.0,0.0,0.0,0.0,6902,D,P,Adult,roomgroupA
6903_01,Earth,False,PSO J318.5-22,False,0.0,1428.0,0.0,1483.0,0.0,6903,F,P,Young Adult,roomgroupA
6905_01,Earth,False,TRAPPIST-1e,False,130.0,741.0,0.0,0.0,0.0,6905,F,S,Adult,roomgroupA
6905_02,Earth,False,TRAPPIST-1e,False,0.0,0.0,0.0,938.0,44.0,6905,E,S,Teenager,roomgroupA
6905_03,Earth,False,55 Cancri e,False,43.0,3.0,750.0,0.0,0.0,6905,F,S,Teenager,roomgroupA
6906_01,Mars,False,TRAPPIST-1e,False,1719.0,4389.0,1015.0,0.0,14.0,6906,F,P,Adult,roomgroupA
6906_02,Mars,False,55 Cancri e,False,528.0,13.0,1583.0,11.0,0.0,6906,E,P,Adult,roomgroupA
6906_03,Mars,True,TRAPPIST-1e,False,0.0,0.0,0.0,0.0,0.0,6906,F,P,Child,roomgroupA
6907_01,Earth,True,TRAPPIST-1e,False,0.0,0.0,0.0,0.0,0.0,6907,G,P,Young Adult,roomgroupA
6908_01,Europa,False,TRAPPIST-1e,False,0.0,960.0,46.0,854.0,17074.0,6908,C,S,Senior,roomgroupA
6910_01,Earth,False,TRAPPIST-1e,False,173.0,0.0,18.0,580.0,1.0,6910,G,S,Adult,roomgroupA
6911_01,Mars,False,TRAPPIST-1e,False,118.0,0.0,1041.0,0.0,0.0,6911,F,S,Adult,roomgroupA
6912_01,Europa,False,TRAPPIST-1e,False,0.0,120.0,0.0,2814.0,318.0,6912,C,P,Adult,roomgroupA
6913_01,Mars,True,TRAPPIST-1e,False,0.0,0.0,0.0,0.0,0.0,6913,F,S,Adult,roomgroupA
6913_02,Mars,False,,False,1988.0,0.0,95.0,0.0,0.0,6913,E,S,Student,roomgroupA
6915_01,Mars,True,TRAPPIST-1e,False,0.0,0.0,0.0,0.0,0.0,6915,F,S,Young Adult,roomgroupA
6917_01,Mars,False,TRAPPIST-1e,True,995.0,0.0,177.0,0.0,739.0,6917,F,P,Adult,roomgroupA
6918_01,Earth,True,PSO J318.5-22,False,0.0,0.0,0.0,0.0,0.0,6918,G,S,Young Adult,roomgroupA
6920_01,Earth,False,TRAPPIST-1e,False,0.0,10.0,0.0,5.0,975.0,6920,E,S,Young Adult,roomgroupA
6921_01,Europa,False,TRAPPIST-1e,False,0.0,1914.0,2090.0,100.0,0.0,6921,C,S,Student,roomgroupA
6921_02,Europa,True,55 Cancri e,False,0.0,0.0,0.0,,0.0,6921,C,S,Young Adult,roomgroupA
6921_03,Europa,False,TRAPPIST-1e,False,69.0,6101.0,0.0,0.0,214.0,6921,C,S,Student,roomgroupA
6921_04,Europa,False,TRAPPIST-1e,True,0.0,14076.0,0.0,928.0,372.0,6921,C,S,Young Adult,roomgroupA
6921_05,Europa,True,55 Cancri e,False,0.0,0.0,0.0,0.0,0.0,6921,C,S,Student,roomgroupA
6921_06,Europa,False,TRAPPIST-1e,False,0.0,89.0,0.0,8330.0,1.0,6921,C,S,Young Adult,roomgroupA
6924_01,Earth,False,TRAPPIST-1e,False,0.0,0.0,0.0,0.0,0.0,6924,G,S,Adult,roomgroupA
6925_01,Earth,False,TRAPPIST-1e,False,0.0,0.0,677.0,1.0,108.0,6925,G,P,Young Adult,roomgroupA
6926_01,,False,TRAPPIST-1e,False,1944.0,17.0,657.0,0.0,0.0,6926,F,P,Adult,roomgroupA
6928_01,Earth,False,TRAPPIST-1e,False,439.0,0.0,0.0,557.0,0.0,6928,E,S,Young Adult,roomgroupA
6928_02,Earth,False,TRAPPIST-1e,False,0.0,0.0,0.0,0.0,0.0,6928,G,S,Child,roomgroupA
6929_01,Earth,False,TRAPPIST-1e,False,0.0,0.0,0.0,0.0,0.0,6929,G,P,Baby,roomgroupA
6929_02,Earth,True,TRAPPIST-1e,False,0.0,0.0,0.0,0.0,0.0,6929,G,P,Young Adult,roomgroupA
6929_03,Earth,False,TRAPPIST-1e,False,9.0,776.0,4.0,0.0,2.0,6929,E,P,Teenager,roomgroupA
6930_01,Earth,True,TRAPPIST-1e,False,0.0,0.0,0.0,0.0,0.0,6930,G,S,Teenager,roomgroupA
6931_01,Europa,True,55 Cancri e,False,0.0,0.0,0.0,0.0,0.0,6931,C,P,Adult,roomgroupA
6932_01,Earth,False,TRAPPIST-1e,False,559.0,0.0,83.0,112.0,0.0,6932,G,S,Student,roomgroupA
6934_01,Mars,False,TRAPPIST-1e,False,160.0,0.0,1232.0,36.0,0.0,6934,F,P,Adult,roomgroupA
6934_02,Mars,False,55 Cancri e,False,1228.0,0.0,450.0,446.0,,6934,E,P,Teenager,roomgroupA
6937_01,Earth,True,TRAPPIST-1e,False,0.0,0.0,0.0,0.0,0.0,6937,G,S,Child,roomgroupA
6939_01,Earth,False,TRAPPIST-1e,False,245.0,0.0,0.0,661.0,1.0,6939,G,P,Student,roomgroupA
6940_01,Mars,False,TRAPPIST-1e,False,9.0,0.0,687.0,0.0,0.0,6940,F,S,Adult,roomgroupA
6943_01,Europa,True,55 Cancri e,False,0.0,0.0,0.0,0.0,0.0,6943,B,S,Adult,roomgroupA
6944_01,Europa,True,TRAPPIST-1e,False,0.0,0.0,0.0,0.0,0.0,6944,C,P,Young Adult,roomgroupA
6945_01,Europa,True,55 Cancri e,False,0.0,0.0,0.0,0.0,0.0,6945,B,S,Unknown,roomgroupA
6946_01,Earth,False,TRAPPIST-1e,False,28.0,0.0,0.0,672.0,104.0,6946,F,P,Senior,roomgroupA
6947_01,Europa,True,TRAPPIST-1e,False,0.0,0.0,0.0,0.0,0.0,6947,B,S,Teenager,roomgroupA
6947_02,Europa,False,TRAPPIST-1e,False,0.0,1757.0,0.0,797.0,567.0,6947,B,S,Adult,roomgroupA
6949_01,Earth,False,55 Cancri e,False,0.0,12.0,851.0,19.0,103.0,6949,E,S,Young Adult,roomgroupA
6950_01,Europa,True,55 Cancri e,False,0.0,0.0,0.0,0.0,0.0,6950,B,S,Student,roomgroupA
6950_02,Europa,True,55 Cancri e,False,0.0,0.0,0.0,0.0,0.0,6950,B,S,Teenager,roomgroupA
6951_01,Europa,False,TRAPPIST-1e,False,26.0,2898.0,9.0,0.0,40.0,6951,D,P,Adult,roomgroupA
6951_02,Europa,True,TRAPPIST-1e,False,0.0,0.0,0.0,0.0,0.0,6951,D,P,Unknown,roomgroupA
6954_01,Mars,False,TRAPPIST-1e,,1998.0,0.0,13.0,87.0,0.0,6954,E,P,Young Adult,roomgroupA
6954_02,,False,TRAPPIST-1e,False,969.0,47.0,23.0,134.0,0.0,6954,E,P,Student,roomgroupA
6957_01,Europa,False,TRAPPIST-1e,False,135.0,2080.0,7.0,34.0,84.0,6957,B,S,Young Adult,roomgroupA
6960_01,Earth,False,PSO J318.5-22,False,60.0,0.0,0.0,0.0,777.0,6960,G,S,Young Adult,roomgroupA
6962_01,Earth,False,TRAPPIST-1e,False,0.0,0.0,0.0,804.0,5.0,6962,G,S,Student,roomgroupA
6963_01,Mars,False,TRAPPIST-1e,False,3839.0,57.0,1967.0,4.0,2.0,6963,F,S,Student,roomgroupA
6964_01,Earth,False,55 Cancri e,False,0.0,71.0,631.0,0.0,0.0,6964,F,P,Adult,roomgroupA
6966_01,Earth,False,TRAPPIST-1e,False,951.0,0.0,0.0,80.0,0.0,6966,F,P,Adult,roomgroupA
6967_01,Europa,False,55 Cancri e,False,0.0,9965.0,0.0,5697.0,676.0,6967,C,S,Adult,roomgroupA
6968_01,Earth,False,TRAPPIST-1e,False,0.0,114.0,682.0,0.0,7.0,6968,F,P,Teenager,roomgroupA
6968_02,Earth,False,PSO J318.5-22,False,0.0,,0.0,0.0,1318.0,6968,F,P,Student,roomgroupA
6970_01,Mars,False,TRAPPIST-1e,,3358.0,1.0,12.0,0.0,0.0,6970,G,S,Senior,roomgroupA
6970_02,Mars,False,,False,456.0,230.0,363.0,0.0,0.0,6970,E,S,Young Adult,roomgroupA
6971_01,Europa,False,TRAPPIST-1e,False,0.0,0.0,0.0,0.0,,6971,C,P,Baby,roomgroupA
6971_02,Europa,False,TRAPPIST-1e,False,0.0,0.0,0.0,0.0,0.0,6971,C,P,Baby,roomgroupA
6971_03,Europa,True,TRAPPIST-1e,False,0.0,0.0,0.0,0.0,0.0,6971,C,P,Student,roomgroupA
6971_04,Europa,True,55 Cancri e,False,0.0,0.0,0.0,0.0,0.0,6971,C,P,Teenager,roomgroupA
6971_05,Europa,False,55 Cancri e,False,0.0,4173.0,0.0,33.0,420.0,6971,C,P,Young Adult,roomgroupA
6971_06,Europa,False,55 Cancri e,False,0.0,160.0,0.0,1538.0,1426.0,6971,C,P,Young Adult,roomgroupA
6972_01,,False,TRAPPIST-1e,False,0.0,0.0,0.0,43.0,667.0,6972,G,P,Student,roomgroupA
6973_01,Earth,False,PSO J318.5-22,False,1.0,15.0,44.0,0.0,1541.0,6973,E,S,Adult,roomgroupA
6976_01,Earth,False,TRAPPIST-1e,False,27.0,,782.0,0.0,0.0,6976,G,P,Student,roomgroupA
6977_01,Earth,True,PSO J318.5-22,False,0.0,0.0,0.0,0.0,0.0,6977,G,S,Student,roomgroupA
6977_02,Earth,False,TRAPPIST-1e,False,0.0,806.0,3.0,0.0,0.0,6977,G,S,Adult,roomgroupA
6978_01,Earth,False,55 Cancri e,False,0.0,893.0,0.0,4.0,8.0,6978,E,P,Young Adult,roomgroupA
6979_01,Earth,False,TRAPPIST-1e,False,712.0,6.0,70.0,0.0,0.0,6979,E,P,Student,roomgroupA
6980_01,,False,TRAPPIST-1e,False,3.0,0.0,33.0,769.0,0.0,6980,F,S,Adult,roomgroupA
6981_01,Earth,False,PSO J318.5-22,False,0.0,0.0,0.0,0.0,628.0,6981,F,S,Adult,roomgroupA
6982_01,Earth,True,TRAPPIST-1e,False,0.0,0.0,0.0,0.0,0.0,6982,G,P,Student,roomgroupA
6984_01,Mars,False,TRAPPIST-1e,False,1967.0,0.0,116.0,,0.0,6984,F,P,Young Adult,roomgroupA
6984_02,Mars,True,TRAPPIST-1e,False,0.0,0.0,0.0,0.0,0.0,6984,F,P,Adult,roomgroupA
6984_03,Mars,False,TRAPPIST-1e,False,1962.0,0.0,1.0,641.0,0.0,6984,F,P,Student,roomgroupA
6985_01,,False,TRAPPIST-1e,False,0.0,243.0,0.0,0.0,776.0,6985,G,S,Young Adult,roomgroupA
6987_01,Earth,True,TRAPPIST-1e,False,0.0,0.0,0.0,0.0,0.0,6987,G,S,Unknown,roomgroupA
6988_01,Europa,False,TRAPPIST-1e,,554.0,1307.0,32.0,93.0,1553.0,6988,C,P,Young Adult,roomgroupA
6988_02,Europa,False,TRAPPIST-1e,False,0.0,4340.0,0.0,186.0,0.0,6988,C,P,Young Adult,roomgroupA
6990_01,Earth,False,PSO J318.5-22,False,1.0,22.0,0.0,649.0,2.0,6990,G,S,Student,roomgroupA
6991_01,Europa,False,55 Cancri e,False,0.0,692.0,0.0,3587.0,0.0,6991,B,P,Adult,roomgroupA
6991_02,Europa,True,TRAPPIST-1e,False,0.0,0.0,0.0,0.0,,6991,B,P,Adult,roomgroupA
6992_01,,False,,False,0.0,0.0,0.0,0.0,0.0,6992,G,P,Teenager,roomgroupA
6992_02,Earth,True,TRAPPIST-1e,,0.0,0.0,0.0,0.0,0.0,6992,G,P,Young Adult,roomgroupA
6992_03,Earth,True,TRAPPIST-1e,False,0.0,0.0,0.0,0.0,0.0,6992,G,P,Young Adult,roomgroupA
6994_01,Europa,True,TRAPPIST-1e,False,0.0,0.0,0.0,0.0,0.0,6994,B,S,Student,roomgroupA
6994_02,Europa,False,TRAPPIST-1e,False,0.0,275.0,1690.0,580.0,5499.0,6994,B,S,Student,roomgroupA
6995_01,Earth,False,55 Cancri e,False,0.0,58.0,618.0,0.0,41.0,6995,F,S,Young Adult,roomgroupA
6996_01,Earth,False,55 Cancri e,False,0.0,442.0,175.0,79.0,3.0,6996,F,P,Young Adult,roomgroupA
6997_01,Mars,False,TRAPPIST-1e,False,1058.0,0.0,0.0,0.0,0.0,6997,D,P,Adult,roomgroupA
6997_02,Mars,False,TRAPPIST-1e,False,2261.0,0.0,95.0,10.0,0.0,6997,F,P,Young Adult,roomgroupA
6998_01,Earth,False,TRAPPIST-1e,False,0.0,0.0,285.0,136.0,337.0,6998,F,P,Young Adult,roomgroupA
6999_01,Mars,False,TRAPPIST-1e,False,907.0,0.0,0.0,142.0,0.0,6999,E,P,Young Adult,roomgroupA
7001_01,Europa,True,TRAPPIST-1e,False,0.0,0.0,0.0,0.0,0.0,7001,D,S,Young Adult,roomgroupA
7002_01,Earth,False,TRAPPIST-1e,False,888.0,0.0,1.0,0.0,0.0,7002,G,S,Young Adult,roomgroupA
7004_01,Earth,False,55 Cancri e,False,,1.0,400.0,297.0,0.0,7004,F,S,Teenager,roomgroupA
7005_01,Earth,False,55 Cancri e,False,0.0,17.0,1211.0,0.0,25.0,7005,F,S,Teenager,roomgroupA
7006_01,,True,PSO J318.5-22,False,0.0,0.0,0.0,0.0,0.0,7006,G,S,Teenager,roomgroupA
7007_01,Europa,False,TRAPPIST-1e,False,0.0,2897.0,659.0,485.0,11.0,7007,E,P,Young Adult,roomgroupA
7007_02,Europa,False,TRAPPIST-1e,False,0.0,996.0,0.0,726.0,813.0,7007,E,P,Unknown,roomgroupA
7008_01,Earth,False,TRAPPIST-1e,False,779.0,7.0,9.0,9.0,0.0,7008,F,S,Student,roomgroupA
7010_01,Earth,False,,False,418.0,195.0,100.0,88.0,90.0,7010,G,S,Teenager,roomgroupA
7010_02,Earth,False,TRAPPIST-1e,False,0.0,6.0,0.0,0.0,1435.0,7010,F,S,Young Adult,roomgroupA
7011_01,Earth,False,TRAPPIST-1e,False,468.0,0.0,163.0,0.0,0.0,7011,F,P,Young Adult,roomgroupA
7013_01,Earth,True,TRAPPIST-1e,False,0.0,0.0,0.0,0.0,0.0,7013,G,S,Adult,roomgroupA
7014_01,Europa,False,55 Cancri e,False,0.0,3512.0,20.0,24.0,1459.0,7014,C,S,Young Adult,roomgroupA
7015_01,Europa,True,TRAPPIST-1e,False,0.0,0.0,0.0,0.0,0.0,7015,C,P,Young Adult,roomgroupA
7016_01,Earth,True,PSO J318.5-22,False,0.0,0.0,0.0,0.0,0.0,7016,G,P,Student,roomgroupA
7017_01,Earth,True,TRAPPIST-1e,False,0.0,0.0,0.0,0.0,0.0,7017,G,P,Young Adult,roomgroupA
7018_01,Mars,False,TRAPPIST-1e,False,0.0,0.0,0.0,0.0,0.0,7018,E,S,Young Adult,roomgroupA
7019_01,Earth,False,TRAPPIST-1e,False,0.0,0.0,717.0,0.0,0.0,7019,F,P,Young Adult,roomgroupA
7019_02,Earth,False,TRAPPIST-1e,False,0.0,750.0,957.0,0.0,722.0,7019,F,P,Student,roomgroupA
7020_01,Earth,True,TRAPPIST-1e,False,0.0,0.0,0.0,0.0,0.0,7020,G,S,Unknown,roomgroupA
7021_01,Earth,True,55 Cancri e,False,0.0,0.0,0.0,0.0,0.0,7021,G,S,Young Adult,roomgroupA
7022_01,Europa,False,TRAPPIST-1e,False,0.0,5552.0,6.0,8.0,226.0,7022,D,S,Adult,roomgroupA
7022_02,Europa,False,TRAPPIST-1e,False,0.0,664.0,0.0,2.0,2177.0,7022,D,S,Adult,roomgroupA
7025_01,Earth,True,TRAPPIST-1e,False,0.0,0.0,0.0,0.0,0.0,7025,G,S,Senior,roomgroupA
7026_01,Europa,False,55 Cancri e,False,0.0,1678.0,0.0,36.0,3128.0,7026,A,S,Adult,roomgroupA
7027_01,Earth,False,TRAPPIST-1e,,26.0,266.0,404.0,0.0,0.0,7027,E,P,Student,roomgroupA
7028_01,Earth,False,55 Cancri e,False,0.0,0.0,0.0,0.0,0.0,7028,G,S,Child,roomgroupA
7028_02,Earth,True,TRAPPIST-1e,False,0.0,,0.0,0.0,0.0,7028,G,S,Teenager,roomgroupA
7029_01,Earth,False,TRAPPIST-1e,False,0.0,0.0,2330.0,120.0,0.0,7029,F,P,Student,roomgroupA
7029_02,Earth,True,PSO J318.5-22,False,0.0,0.0,0.0,0.0,0.0,7029,F,P,Adult,roomgroupA
7031_01,Earth,False,TRAPPIST-1e,False,0.0,0.0,0.0,0.0,0.0,7031,G,P,Baby,roomgroupA
7032_01,Earth,False,TRAPPIST-1e,,0.0,176.0,414.0,133.0,0.0,7032,F,P,Adult,roomgroupA
7034_01,Mars,False,TRAPPIST-1e,False,1216.0,0.0,30.0,43.0,0.0,7034,F,S,Unknown,roomgroupA
7036_01,Earth,True,TRAPPIST-1e,False,0.0,0.0,0.0,0.0,0.0,7036,G,P,Teenager,roomgroupA
7037_01,Mars,False,TRAPPIST-1e,False,782.0,0.0,0.0,2503.0,1.0,7037,D,S,Young Adult,roomgroupA
7038_01,Earth,True,TRAPPIST-1e,False,0.0,0.0,0.0,0.0,0.0,7038,G,P,Adult,roomgroupA
7039_01,Earth,False,PSO J318.5-22,False,56.0,,81.0,0.0,468.0,7039,F,P,Adult,roomgroupA
7040_01,Earth,True,TRAPPIST-1e,False,0.0,0.0,0.0,0.0,0.0,7040,G,S,Teenager,roomgroupA
7041_01,Mars,True,TRAPPIST-1e,False,0.0,0.0,0.0,0.0,0.0,7041,F,S,Student,roomgroupA
7042_01,Earth,True,PSO J318.5-22,False,0.0,0.0,,0.0,0.0,7042,G,P,Adult,roomgroupA
7044_01,Mars,False,TRAPPIST-1e,False,235.0,0.0,1642.0,1042.0,229.0,7044,D,P,Young Adult,roomgroupA
7045_01,Mars,False,55 Cancri e,False,1043.0,0.0,138.0,0.0,0.0,7045,D,P,Student,roomgroupA
7047_01,Earth,True,55 Cancri e,False,0.0,0.0,0.0,0.0,0.0,7047,G,S,Student,roomgroupA
7048_01,Earth,False,TRAPPIST-1e,False,332.0,9.0,356.0,0.0,0.0,7048,F,P,Young Adult,roomgroupA
7049_01,Earth,True,TRAPPIST-1e,False,0.0,0.0,0.0,0.0,0.0,7049,G,S,Student,roomgroupA
7050_01,Earth,False,TRAPPIST-1e,False,0.0,999.0,0.0,0.0,4.0,7050,F,S,Teenager,roomgroupA
7051_01,Mars,False,TRAPPIST-1e,False,42.0,0.0,352.0,1.0,369.0,7051,D,P,Adult,roomgroupA
7052_01,Europa,,55 Cancri e,False,0.0,0.0,0.0,0.0,0.0,7052,E,S,Young Adult,roomgroupA
7053_01,Earth,,PSO J318.5-22,False,64.0,4.0,0.0,1125.0,,7053,F,P,Student,roomgroupA
7056_01,Europa,False,55 Cancri e,False,0.0,2093.0,0.0,3409.0,30.0,7056,D,S,Adult,roomgroupA
7057_01,Mars,False,TRAPPIST-1e,False,3332.0,878.0,926.0,781.0,0.0,7057,F,S,Student,roomgroupA
7058_01,Mars,True,55 Cancri e,False,0.0,0.0,,0.0,0.0,7058,F,S,Young Adult,roomgroupA
7059_01,Earth,True,TRAPPIST-1e,False,0.0,0.0,0.0,0.0,0.0,7059,G,S,Adult,roomgroupA
7060_01,Earth,False,TRAPPIST-1e,False,2224.0,,105.0,1.0,0.0,7060,G,S,Adult,roomgroupA
7061_01,Earth,False,TRAPPIST-1e,False,4.0,1666.0,0.0,35.0,40.0,7061,G,S,Teenager,roomgroupA
7062_01,Earth,False,TRAPPIST-1e,False,0.0,13.0,0.0,720.0,170.0,7062,F,P,Student,roomgroupA
7068_01,Earth,False,PSO J318.5-22,False,0.0,0.0,0.0,0.0,595.0,7068,F,S,Adult,roomgroupA
7069_01,Earth,False,TRAPPIST-1e,False,0.0,125.0,0.0,663.0,0.0,7069,E,S,Student,roomgroupA
7069_02,Earth,True,55 Cancri e,False,0.0,0.0,0.0,0.0,0.0,7069,G,S,Unknown,roomgroupA
7069_03,Earth,False,TRAPPIST-1e,False,0.0,0.0,0.0,0.0,0.0,7069,G,S,Baby,roomgroupA
7071_01,Earth,False,PSO J318.5-22,False,526.0,2.0,0.0,0.0,0.0,7071,G,S,Senior,roomgroupA
7072_01,Earth,False,PSO J318.5-22,False,1.0,2.0,0.0,102.0,,7072,F,S,Adult,roomgroupA
7073_01,Earth,True,TRAPPIST-1e,False,0.0,0.0,0.0,0.0,,7073,G,S,Adult,roomgroupA
7074_01,Earth,True,TRAPPIST-1e,False,0.0,0.0,0.0,0.0,0.0,7074,G,S,Baby,roomgroupA
7074_02,Earth,False,TRAPPIST-1e,False,0.0,,3.0,797.0,5.0,7074,F,S,Young Adult,roomgroupA
7077_01,Earth,False,TRAPPIST-1e,False,21.0,0.0,844.0,0.0,0.0,7077,F,S,Adult,roomgroupA
7078_01,Earth,False,TRAPPIST-1e,False,244.0,0.0,100.0,423.0,14.0,7078,G,S,Teenager,roomgroupA
7079_01,Earth,False,55 Cancri e,False,0.0,722.0,0.0,37.0,8.0,7079,F,S,Teenager,roomgroupA
7080_01,Earth,True,55 Cancri e,False,0.0,0.0,0.0,0.0,0.0,7080,G,P,Adult,roomgroupA
7082_01,Earth,False,TRAPPIST-1e,False,143.0,47.0,0.0,717.0,87.0,7082,E,S,Adult,roomgroupA
7083_01,Europa,True,TRAPPIST-1e,False,0.0,0.0,0.0,0.0,0.0,7083,C,S,Young Adult,roomgroupA
7083_02,Europa,,55 Cancri e,False,0.0,0.0,0.0,0.0,0.0,7083,C,S,Adult,roomgroupA
7084_01,Earth,False,55 Cancri e,False,0.0,158.0,0.0,0.0,912.0,7084,F,S,Young Adult,roomgroupA
7085_01,Mars,False,TRAPPIST-1e,False,453.0,1.0,1911.0,0.0,0.0,7085,F,P,Senior,roomgroupA
7085_02,Mars,True,55 Cancri e,False,0.0,0.0,0.0,0.0,0.0,7085,F,P,Baby,roomgroupA
7085_03,Mars,True,TRAPPIST-1e,False,0.0,0.0,0.0,0.0,0.0,7085,F,P,Baby,roomgroupA
7086_01,Earth,False,TRAPPIST-1e,False,590.0,0.0,1.0,168.0,16.0,7086,F,P,Young Adult,roomgroupA
7087_01,Earth,True,TRAPPIST-1e,False,0.0,0.0,0.0,0.0,0.0,7087,G,P,Baby,roomgroupA
7088_01,Earth,False,TRAPPIST-1e,False,0.0,742.0,0.0,125.0,3.0,7088,F,P,Senior,roomgroupA
7089_01,Europa,False,TRAPPIST-1e,False,1040.0,2487.0,0.0,174.0,182.0,7089,D,S,Student,roomgroupA
7090_01,Earth,False,TRAPPIST-1e,False,0.0,610.0,267.0,,0.0,7090,F,P,Teenager,roomgroupA
7091_01,Earth,True,TRAPPIST-1e,False,0.0,0.0,0.0,0.0,0.0,7091,G,P,Young Adult,roomgroupA
7092_01,Earth,False,TRAPPIST-1e,False,61.0,397.0,185.0,1.0,0.0,7092,F,P,Young Adult,roomgroupA
7093_01,Earth,True,TRAPPIST-1e,False,0.0,0.0,0.0,0.0,0.0,7093,G,P,Young Adult,roomgroupA
7094_01,Europa,False,TRAPPIST-1e,False,10.0,2478.0,2080.0,19.0,328.0,7094,E,P,Adult,roomgroupA
7095_01,Earth,True,PSO J318.5-22,False,0.0,0.0,0.0,0.0,0.0,7095,G,P,Teenager,roomgroupA
7096_01,Europa,True,TRAPPIST-1e,False,0.0,0.0,0.0,0.0,0.0,7096,C,S,Young Adult,roomgroupA
7096_02,Europa,False,TRAPPIST-1e,False,0.0,14.0,0.0,0.0,2325.0,7096,C,S,Young Adult,roomgroupA
7096_03,Europa,True,TRAPPIST-1e,False,0.0,0.0,0.0,0.0,0.0,7096,C,S,Young Adult,roomgroupA
7097_01,Europa,False,55 Cancri e,False,0.0,44.0,4761.0,5.0,41.0,7097,A,P,Young Adult,roomgroupA
7097_02,Europa,False,TRAPPIST-1e,False,0.0,3124.0,40.0,219.0,189.0,7097,A,P,Teenager,roomgroupA
7097_03,Europa,False,TRAPPIST-1e,True,527.0,1863.0,0.0,417.0,2905.0,7097,A,P,Young Adult,roomgroupA
7097_04,Europa,False,55 Cancri e,True,0.0,16.0,12.0,2349.0,12.0,7097,A,P,Young Adult,roomgroupA
7098_01,Earth,False,TRAPPIST-1e,False,3.0,0.0,651.0,0.0,78.0,7098,F,S,Adult,roomgroupA
7099_01,Earth,False,55 Cancri e,False,301.0,,19.0,0.0,0.0,7099,F,P,Student,roomgroupA
7104_01,,False,TRAPPIST-1e,False,906.0,22.0,0.0,8293.0,391.0,7104,C,P,Adult,roomgroupA
7104_02,Europa,False,TRAPPIST-1e,,159.0,4387.0,2.0,3.0,485.0,7104,C,P,Adult,roomgroupA
7105_01,,False,55 Cancri e,False,0.0,6.0,552.0,20.0,0.0,7105,F,P,Student,roomgroupA
7106_01,Mars,True,TRAPPIST-1e,False,0.0,0.0,0.0,0.0,0.0,7106,F,S,Student,roomgroupA
7109_01,Europa,False,55 Cancri e,False,0.0,7683.0,0.0,13016.0,0.0,7109,B,S,Adult,roomgroupA
7110_01,Earth,False,PSO J318.5-22,False,0.0,3.0,0.0,0.0,546.0,7110,F,S,Student,roomgroupA
7111_01,Mars,False,TRAPPIST-1e,False,1058.0,0.0,0.0,280.0,0.0,7111,F,S,Young Adult,roomgroupA
7113_01,Earth,False,TRAPPIST-1e,False,0.0,0.0,0.0,0.0,757.0,7113,F,S,Young Adult,roomgroupA
7113_02,Earth,False,55 Cancri e,False,9.0,1.0,0.0,492.0,109.0,7113,F,S,Student,roomgroupA
7114_01,Earth,False,TRAPPIST-1e,False,0.0,489.0,21.0,0.0,184.0,7114,F,S,Young Adult,roomgroupA
7116_01,Earth,True,PSO J318.5-22,False,0.0,0.0,0.0,0.0,0.0,7116,G,P,Young Adult,roomgroupA
7117_01,Europa,True,55 Cancri e,False,0.0,0.0,0.0,0.0,0.0,7117,B,P,Young Adult,roomgroupA
7118_01,Earth,False,PSO J318.5-22,False,0.0,1381.0,2.0,0.0,0.0,7118,F,P,Teenager,roomgroupA
7119_01,Earth,False,TRAPPIST-1e,False,415.0,479.0,0.0,1019.0,239.0,7119,F,P,Student,roomgroupA
7120_01,Earth,False,TRAPPIST-1e,False,0.0,0.0,0.0,0.0,1201.0,7120,F,S,Student,roomgroupA
7121_01,Europa,True,55 Cancri e,False,0.0,0.0,0.0,0.0,0.0,7121,B,S,Student,roomgroupA
7121_02,Europa,True,55 Cancri e,False,0.0,0.0,0.0,0.0,0.0,7121,B,S,Student,roomgroupA
7126_01,Earth,False,,False,3.0,0.0,664.0,683.0,34.0,7126,F,S,Young Adult,roomgroupA
7127_01,Europa,False,TRAPPIST-1e,False,0.0,4155.0,0.0,1368.0,42.0,7127,B,P,Unknown,roomgroupA
7127_02,Europa,True,TRAPPIST-1e,False,0.0,0.0,,0.0,0.0,7127,B,P,Young Adult,roomgroupA
7128_01,Europa,False,55 Cancri e,False,1.0,4462.0,1.0,9206.0,3.0,7128,B,P,Adult,roomgroupA
7128_02,Europa,False,55 Cancri e,False,0.0,4322.0,3.0,153.0,52.0,7128,B,P,Adult,roomgroupA
7128_03,Europa,False,55 Cancri e,False,0.0,2612.0,1.0,131.0,2714.0,7128,B,P,Young Adult,roomgroupA
7132_01,Earth,False,55 Cancri e,False,602.0,0.0,0.0,0.0,24.0,7132,G,S,Student,roomgroupA
7133_01,Earth,False,TRAPPIST-1e,False,457.0,0.0,11.0,335.0,0.0,7133,F,S,Student,roomgroupA
7134_01,Earth,True,PSO J318.5-22,False,0.0,0.0,0.0,0.0,0.0,7134,G,P,Student,roomgroupA
7137_01,Earth,False,TRAPPIST-1e,False,,134.0,482.0,,27.0,7137,F,P,Student,roomgroupA
7140_01,Earth,False,TRAPPIST-1e,False,0.0,10.0,0.0,0.0,738.0,7140,F,S,Student,roomgroupA
7142_01,Mars,False,TRAPPIST-1e,False,0.0,0.0,1128.0,0.0,45.0,7142,E,S,Student,roomgroupA
7142_02,Mars,False,TRAPPIST-1e,False,0.0,0.0,0.0,0.0,0.0,7142,E,S,Child,roomgroupA
7142_03,Mars,True,TRAPPIST-1e,False,0.0,0.0,0.0,0.0,0.0,7142,E,S,Unknown,roomgroupA
7143_01,Mars,False,TRAPPIST-1e,False,907.0,0.0,437.0,2.0,0.0,7143,F,S,Young Adult,roomgroupA
7144_01,Earth,True,TRAPPIST-1e,False,0.0,0.0,0.0,0.0,0.0,7144,G,P,Adult,roomgroupA
7148_01,Europa,False,55 Cancri e,True,0.0,287.0,0.0,1442.0,66.0,7148,A,S,Adult,roomgroupA
7149_01,Mars,True,PSO J318.5-22,False,0.0,0.0,0.0,0.0,0.0,7149,F,P,Young Adult,roomgroupA
7151_01,Mars,False,TRAPPIST-1e,False,288.0,0.0,592.0,670.0,40.0,7151,E,P,Young Adult,roomgroupA
7152_01,Earth,False,TRAPPIST-1e,False,0.0,0.0,0.0,0.0,0.0,7152,G,S,Child,roomgroupA
7152_02,Earth,True,PSO J318.5-22,False,0.0,0.0,0.0,0.0,0.0,7152,G,S,Adult,roomgroupA
7155_01,Earth,False,PSO J318.5-22,False,0.0,0.0,0.0,669.0,16.0,7155,F,S,Young Adult,roomgroupA
7156_01,Mars,False,TRAPPIST-1e,False,0.0,0.0,0.0,0.0,0.0,7156,E,S,Baby,roomgroupA
7156_02,Mars,False,TRAPPIST-1e,False,0.0,0.0,0.0,0.0,0.0,7156,E,S,Unknown,roomgroupA
7156_03,Mars,True,TRAPPIST-1e,False,0.0,0.0,0.0,0.0,0.0,7156,E,S,Young Adult,roomgroupA
7156_04,Mars,False,TRAPPIST-1e,False,0.0,0.0,0.0,0.0,0.0,7156,E,S,Child,roomgroupA
7157_01,Mars,True,TRAPPIST-1e,False,0.0,0.0,0.0,0.0,0.0,7157,G,S,Young Adult,roomgroupA
7157_02,Mars,False,TRAPPIST-1e,False,1631.0,0.0,754.0,0.0,0.0,7157,D,S,Young Adult,roomgroupA
7159_01,Europa,True,PSO J318.5-22,False,0.0,0.0,0.0,0.0,0.0,7159,C,S,Young Adult,roomgroupA
7160_01,Earth,True,TRAPPIST-1e,False,0.0,0.0,0.0,0.0,0.0,7160,G,P,Student,roomgroupA
7161_01,Europa,False,TRAPPIST-1e,False,0.0,3624.0,0.0,1537.0,498.0,7161,E,S,Young Adult,roomgroupA
7162_01,Earth,,TRAPPIST-1e,False,43.0,21.0,22.0,50.0,731.0,7162,F,P,Senior,roomgroupA
7165_01,Mars,True,TRAPPIST-1e,False,0.0,0.0,0.0,0.0,0.0,7165,F,S,Student,roomgroupA
7166_01,Mars,False,TRAPPIST-1e,False,862.0,0.0,5.0,2032.0,0.0,7166,F,S,Student,roomgroupA
7167_01,Europa,False,55 Cancri e,False,0.0,3676.0,0.0,1743.0,1.0,7167,B,S,Young Adult,roomgroupA
7168_01,Earth,False,TRAPPIST-1e,False,0.0,11.0,793.0,0.0,84.0,7168,G,S,Unknown,roomgroupA
7170_01,Earth,True,PSO J318.5-22,False,0.0,0.0,0.0,0.0,0.0,7170,G,P,Young Adult,roomgroupA
7171_01,Earth,True,TRAPPIST-1e,False,0.0,0.0,0.0,0.0,0.0,7171,G,P,Adult,roomgroupA
7173_01,Earth,True,PSO J318.5-22,False,0.0,0.0,0.0,0.0,0.0,7173,G,P,Student,roomgroupA
7175_01,Earth,False,TRAPPIST-1e,False,0.0,0.0,773.0,0.0,4.0,7175,F,P,Student,roomgroupA
7176_01,Europa,True,55 Cancri e,False,0.0,0.0,0.0,0.0,0.0,7176,C,P,Adult,roomgroupA
7176_02,Europa,False,TRAPPIST-1e,False,0.0,6050.0,0.0,662.0,920.0,7176,C,P,Young Adult,roomgroupA
7176_03,Europa,False,TRAPPIST-1e,False,0.0,3590.0,0.0,27.0,0.0,7176,C,P,Young Adult,roomgroupA
7177_01,Earth,False,TRAPPIST-1e,,102.0,12.0,14.0,669.0,0.0,7177,F,S,Adult,roomgroupA
7179_01,Earth,False,TRAPPIST-1e,False,3.0,2251.0,0.0,95.0,12.0,7179,E,P,Adult,roomgroupA
7180_01,Earth,False,TRAPPIST-1e,False,0.0,338.0,0.0,453.0,0.0,7180,E,S,Adult,roomgroupA
7181_01,Mars,True,TRAPPIST-1e,False,0.0,0.0,,0.0,0.0,7181,F,P,Young Adult,roomgroupA
7182_01,Earth,False,TRAPPIST-1e,False,438.0,283.0,944.0,0.0,355.0,7182,G,S,Adult,roomgroupA
7184_01,Earth,False,TRAPPIST-1e,False,3.0,688.0,0.0,0.0,23.0,7184,G,S,Student,roomgroupA
7186_01,Europa,True,TRAPPIST-1e,False,0.0,0.0,0.0,0.0,0.0,7186,E,P,Teenager,roomgroupA
7186_02,Europa,,TRAPPIST-1e,False,0.0,1369.0,29.0,662.0,22.0,7186,E,P,Young Adult,roomgroupA
7186_03,Europa,False,TRAPPIST-1e,False,0.0,0.0,16.0,72.0,4304.0,7186,E,P,Adult,roomgroupA
7187_01,Earth,True,PSO J318.5-22,False,0.0,0.0,0.0,0.0,0.0,7187,G,P,Young Adult,roomgroupA
7188_01,Europa,False,TRAPPIST-1e,False,0.0,0.0,0.0,0.0,0.0,7188,C,P,Baby,roomgroupA
7188_02,Europa,False,TRAPPIST-1e,False,0.0,2896.0,46.0,5248.0,8169.0,7188,C,P,Young Adult,roomgroupA
7188_03,Europa,True,TRAPPIST-1e,True,0.0,0.0,0.0,0.0,0.0,7188,C,P,Young Adult,roomgroupA
7189_01,Europa,True,TRAPPIST-1e,False,0.0,0.0,0.0,0.0,0.0,7189,C,P,Young Adult,roomgroupA
7190_01,Earth,True,55 Cancri e,False,0.0,0.0,0.0,,0.0,7190,G,S,Teenager,roomgroupA
7191_01,Earth,False,TRAPPIST-1e,False,0.0,0.0,766.0,0.0,0.0,7191,F,P,Teenager,roomgroupA
7192_01,Earth,True,TRAPPIST-1e,False,0.0,0.0,0.0,0.0,0.0,7192,G,S,Teenager,roomgroupA
7193_01,Earth,False,TRAPPIST-1e,False,150.0,0.0,96.0,638.0,0.0,7193,F,S,Adult,roomgroupA
7194_01,Earth,False,,False,0.0,129.0,0.0,177.0,444.0,7194,F,S,Adult,roomgroupA
7197_01,Mars,False,TRAPPIST-1e,False,106.0,1942.0,115.0,,0.0,7197,F,S,Adult,roomgroupA
7199_01,Earth,False,TRAPPIST-1e,False,1.0,0.0,109.0,,1.0,7199,G,S,Adult,roomgroupA
7200_01,Europa,False,TRAPPIST-1e,False,300.0,3434.0,0.0,1.0,171.0,7200,C,S,Adult,roomgroupA
7202_01,Earth,False,TRAPPIST-1e,False,541.0,38.0,713.0,316.0,0.0,7202,E,P,Adult,roomgroupA
7203_01,Earth,False,TRAPPIST-1e,False,1.0,194.0,0.0,0.0,632.0,7203,E,P,Young Adult,roomgroupA
7205_01,Mars,False,TRAPPIST-1e,False,1030.0,0.0,158.0,0.0,28.0,7205,F,S,Unknown,roomgroupA
7206_01,Earth,False,TRAPPIST-1e,False,622.0,1319.0,42.0,1.0,444.0,7206,F,S,Adult,roomgroupA
7207_01,Earth,True,TRAPPIST-1e,False,0.0,0.0,0.0,0.0,0.0,7207,G,P,Young Adult,roomgroupA
7208_01,Earth,False,TRAPPIST-1e,False,0.0,0.0,0.0,0.0,0.0,7208,G,P,Baby,roomgroupA
7208_02,Earth,False,TRAPPIST-1e,False,23.0,479.0,0.0,0.0,373.0,7208,F,P,Teenager,roomgroupA
7210_01,Earth,False,TRAPPIST-1e,False,0.0,0.0,879.0,0.0,0.0,7210,F,P,Young Adult,roomgroupA
7214_01,Earth,,55 Cancri e,False,30.0,0.0,690.0,41.0,0.0,7214,F,S,Student,roomgroupA
7215_01,Mars,True,TRAPPIST-1e,False,0.0,0.0,0.0,0.0,0.0,7215,F,P,Young Adult,roomgroupA
7216_01,Earth,False,PSO J318.5-22,False,501.0,0.0,179.0,1.0,0.0,7216,E,P,Adult,roomgroupA
7217_01,Mars,False,TRAPPIST-1e,False,21.0,0.0,874.0,226.0,0.0,7217,F,P,Student,roomgroupA
7218_01,Europa,False,,False,0.0,0.0,0.0,0.0,0.0,7218,B,S,Adult,roomgroupA
7219_01,Europa,False,TRAPPIST-1e,False,0.0,0.0,0.0,0.0,0.0,7219,C,P,Baby,roomgroupA
7219_02,Europa,True,TRAPPIST-1e,False,0.0,0.0,0.0,0.0,0.0,7219,C,P,Baby,roomgroupA
7219_03,Europa,True,TRAPPIST-1e,False,0.0,0.0,0.0,0.0,0.0,7219,C,P,Senior,roomgroupA
7219_04,Europa,False,TRAPPIST-1e,False,0.0,2921.0,5.0,795.0,3155.0,7219,G,S,Young Adult,roomgroupA
7219_05,Europa,True,TRAPPIST-1e,False,0.0,0.0,0.0,0.0,0.0,7219,C,P,Adult,roomgroupA
7219_06,Europa,False,TRAPPIST-1e,False,0.0,163.0,0.0,6953.0,50.0,7219,C,P,Young Adult,roomgroupA
7221_01,Europa,False,55 Cancri e,True,0.0,316.0,1.0,2038.0,388.0,7221,B,P,Adult,roomgroupA
7224_01,Earth,True,TRAPPIST-1e,,0.0,0.0,0.0,0.0,0.0,7224,G,S,Young Adult,roomgroupA
7225_01,Europa,False,55 Cancri e,False,0.0,1379.0,130.0,1488.0,75.0,7225,A,P,Adult,roomgroupA
7226_01,Mars,False,TRAPPIST-1e,False,3191.0,0.0,211.0,21.0,117.0,7226,E,S,Student,roomgroupA
7227_01,Mars,False,TRAPPIST-1e,False,741.0,0.0,1028.0,0.0,0.0,7227,F,P,Student,roomgroupA
7229_01,Earth,False,PSO J318.5-22,False,0.0,1.0,0.0,664.0,19.0,7229,F,S,Adult,roomgroupA
7230_01,Earth,True,TRAPPIST-1e,False,0.0,0.0,0.0,0.0,0.0,7230,G,S,Young Adult,roomgroupA
7232_01,Europa,False,TRAPPIST-1e,False,0.0,980.0,273.0,2775.0,419.0,7232,B,P,Adult,roomgroupA
7233_01,Mars,True,TRAPPIST-1e,False,0.0,0.0,0.0,0.0,0.0,7233,E,P,Adult,roomgroupA
7234_01,Earth,False,TRAPPIST-1e,False,593.0,34.0,0.0,0.0,0.0,7234,G,P,Student,roomgroupA
7235_01,Europa,False,,False,0.0,1606.0,511.0,89.0,2220.0,7235,B,P,Adult,roomgroupA
7236_01,Earth,True,TRAPPIST-1e,False,0.0,0.0,0.0,0.0,0.0,7236,G,S,Teenager,roomgroupA
7238_01,Mars,False,,False,180.0,0.0,414.0,1181.0,0.0,7238,F,P,Senior,roomgroupA
7240_01,Mars,False,TRAPPIST-1e,False,197.0,0.0,2401.0,0.0,0.0,7240,F,S,Adult,roomgroupA
7240_02,Mars,False,TRAPPIST-1e,False,49.0,0.0,2885.0,1.0,0.0,7240,F,S,Student,roomgroupA
7242_01,Europa,True,55 Cancri e,False,0.0,0.0,0.0,0.0,0.0,7242,B,S,Young Adult,roomgroupA
7246_01,Mars,False,TRAPPIST-1e,False,1781.0,0.0,17.0,0.0,23.0,7246,F,S,Adult,roomgroupA
7247_01,Earth,False,TRAPPIST-1e,False,0.0,0.0,0.0,0.0,1150.0,7247,F,S,Young Adult,roomgroupA
7249_01,,False,TRAPPIST-1e,False,1046.0,1.0,0.0,1.0,0.0,7249,E,S,Student,roomgroupA
7249_02,Mars,False,TRAPPIST-1e,False,0.0,0.0,0.0,0.0,0.0,7249,F,S,Baby,roomgroupA
7250_01,Mars,False,55 Cancri e,False,40.0,716.0,1907.0,0.0,0.0,7250,F,P,Adult,roomgroupA
7252_01,Mars,False,TRAPPIST-1e,False,100.0,0.0,1050.0,0.0,23.0,7252,E,P,Student,roomgroupA
7253_01,Europa,False,TRAPPIST-1e,False,0.0,896.0,0.0,690.0,1.0,7253,D,P,Young Adult,roomgroupA
7255_01,Earth,False,TRAPPIST-1e,False,0.0,0.0,0.0,0.0,0.0,7255,G,P,Child,roomgroupA
7256_01,Earth,False,TRAPPIST-1e,False,42.0,606.0,1.0,38.0,100.0,7256,E,S,Student,roomgroupA
7257_01,Earth,True,55 Cancri e,False,0.0,0.0,0.0,0.0,0.0,7257,G,P,Teenager,roomgroupA
7257_02,Earth,False,TRAPPIST-1e,False,0.0,1.0,12.0,0.0,779.0,7257,E,P,Unknown,roomgroupA
7258_01,Earth,False,TRAPPIST-1e,False,473.0,1390.0,0.0,0.0,0.0,7258,F,P,Adult,roomgroupA
7259_01,Earth,False,PSO J318.5-22,False,28.0,194.0,2.0,0.0,370.0,7259,F,P,Student,roomgroupA
7260_01,Earth,False,TRAPPIST-1e,False,401.0,0.0,196.0,0.0,126.0,7260,F,S,Student,roomgroupA
7261_01,Earth,True,PSO J318.5-22,False,0.0,0.0,0.0,0.0,0.0,7261,G,P,Student,roomgroupA
7267_01,Europa,True,TRAPPIST-1e,False,0.0,0.0,0.0,0.0,0.0,7267,C,S,Young Adult,roomgroupA
7267_02,Europa,False,TRAPPIST-1e,False,0.0,0.0,0.0,0.0,0.0,7267,C,S,Adult,roomgroupA
7268_01,Earth,False,TRAPPIST-1e,False,0.0,0.0,0.0,27.0,764.0,7268,E,P,Young Adult,roomgroupA
7270_01,Earth,True,TRAPPIST-1e,False,0.0,0.0,0.0,0.0,0.0,7270,G,P,Adult,roomgroupA
7271_01,Earth,False,55 Cancri e,False,61.0,201.0,222.0,161.0,60.0,7271,G,P,Student,roomgroupA
7273_01,Earth,False,55 Cancri e,False,207.0,0.0,450.0,94.0,0.0,7273,G,S,Adult,roomgroupA
7274_01,Earth,False,TRAPPIST-1e,False,305.0,582.0,12.0,19.0,0.0,7274,F,P,Teenager,roomgroupA
7276_01,Earth,False,55 Cancri e,False,0.0,642.0,0.0,52.0,0.0,7276,F,P,Student,roomgroupA
7277_01,Earth,True,TRAPPIST-1e,False,0.0,0.0,,0.0,0.0,7277,G,S,Adult,roomgroupA
7278_01,Earth,False,TRAPPIST-1e,False,,188.0,795.0,0.0,0.0,7278,E,S,Teenager,roomgroupA
7279_01,Europa,True,55 Cancri e,False,0.0,0.0,0.0,0.0,0.0,7279,C,P,Adult,roomgroupA
7280_01,Mars,False,TRAPPIST-1e,False,5959.0,0.0,3.0,0.0,0.0,7280,F,P,Young Adult,roomgroupA
7283_01,Mars,,TRAPPIST-1e,False,0.0,0.0,0.0,0.0,0.0,7283,F,P,Student,roomgroupA
7284_01,Earth,False,TRAPPIST-1e,False,,647.0,49.0,74.0,0.0,7284,G,P,Teenager,roomgroupA
7285_01,Earth,True,PSO J318.5-22,False,0.0,0.0,0.0,0.0,0.0,7285,G,S,Adult,roomgroupA
7289_01,Europa,False,55 Cancri e,False,360.0,1314.0,8.0,641.0,66.0,7289,A,P,Adult,roomgroupA
7290_01,Europa,True,55 Cancri e,False,0.0,0.0,0.0,0.0,0.0,7290,D,P,Young Adult,roomgroupA
7290_02,Europa,True,55 Cancri e,False,0.0,0.0,0.0,0.0,0.0,7290,D,P,Adult,roomgroupA
7290_03,Europa,True,55 Cancri e,False,0.0,0.0,0.0,0.0,0.0,7290,D,P,Unknown,roomgroupA
7290_04,Europa,False,TRAPPIST-1e,False,83.0,1186.0,0.0,2160.0,736.0,7290,D,P,Adult,roomgroupA
7290_05,Europa,False,TRAPPIST-1e,False,31.0,3585.0,31.0,1400.0,0.0,7290,D,P,Adult,roomgroupA
7292_01,Mars,False,55 Cancri e,False,,0.0,0.0,1.0,378.0,7292,D,S,Student,roomgroupA
7296_01,Mars,False,TRAPPIST-1e,False,627.0,0.0,171.0,254.0,130.0,7296,D,P,Young Adult,roomgroupA
7297_01,Earth,False,TRAPPIST-1e,False,678.0,0.0,229.0,0.0,0.0,7297,G,S,Adult,roomgroupA
7298_01,Earth,,TRAPPIST-1e,False,185.0,0.0,478.0,29.0,0.0,7298,F,P,Young Adult,roomgroupA
7300_01,Earth,False,TRAPPIST-1e,False,0.0,0.0,885.0,0.0,0.0,7300,G,S,Adult,roomgroupA
7301_01,Mars,True,TRAPPIST-1e,False,0.0,0.0,0.0,0.0,0.0,7301,F,P,Young Adult,roomgroupA
7302_01,Mars,False,TRAPPIST-1e,False,728.0,0.0,285.0,0.0,0.0,7302,E,S,Young Adult,roomgroupA
7303_01,Earth,False,TRAPPIST-1e,False,3.0,33.0,12.0,38.0,896.0,7303,E,S,Adult,roomgroupA
7304_01,Mars,True,TRAPPIST-1e,,0.0,0.0,0.0,0.0,0.0,7304,F,P,Child,roomgroupA
7305_01,Earth,True,TRAPPIST-1e,False,0.0,0.0,0.0,0.0,0.0,7305,G,S,Adult,roomgroupA
7306_01,Earth,False,55 Cancri e,False,1.0,0.0,0.0,0.0,718.0,7306,E,P,Young Adult,roomgroupA
7307_01,Earth,False,TRAPPIST-1e,False,19.0,102.0,0.0,678.0,0.0,7307,F,S,Adult,roomgroupA
7309_01,Mars,False,TRAPPIST-1e,False,738.0,5.0,297.0,0.0,0.0,7309,F,P,Teenager,roomgroupA
7310_01,Mars,,TRAPPIST-1e,False,1059.0,0.0,6.0,117.0,0.0,7310,D,P,Young Adult,roomgroupA
7311_01,Earth,False,TRAPPIST-1e,False,0.0,949.0,0.0,0.0,0.0,7311,F,P,Student,roomgroupA
7313_01,Mars,False,TRAPPIST-1e,False,2754.0,398.0,21.0,0.0,0.0,7313,D,P,Adult,roomgroupA
7314_01,Europa,,,False,0.0,0.0,0.0,,0.0,7314,C,P,Young Adult,roomgroupA
7320_01,Earth,False,TRAPPIST-1e,False,814.0,0.0,29.0,16.0,181.0,7320,F,P,Young Adult,roomgroupA
7321_01,Mars,True,TRAPPIST-1e,False,0.0,,0.0,0.0,0.0,7321,F,P,Young Adult,roomgroupA
7322_01,Earth,False,TRAPPIST-1e,,0.0,0.0,424.0,0.0,2027.0,7322,F,S,Senior,roomgroupA
7323_01,Earth,False,TRAPPIST-1e,False,0.0,0.0,547.0,,423.0,7323,F,S,Young Adult,roomgroupA
7324_01,Europa,False,TRAPPIST-1e,False,15.0,2886.0,0.0,249.0,71.0,7324,C,P,Young Adult,roomgroupA
7326_01,Earth,False,TRAPPIST-1e,False,2916.0,0.0,14.0,63.0,0.0,7326,F,P,Adult,roomgroupA
7327_01,Mars,False,TRAPPIST-1e,False,1413.0,0.0,584.0,3.0,0.0,7327,F,P,Adult,roomgroupA
7328_01,Earth,False,TRAPPIST-1e,False,399.0,22.0,458.0,506.0,187.0,7328,F,S,Teenager,roomgroupA
7330_01,,False,TRAPPIST-1e,False,0.0,63.0,8.0,129.0,2960.0,7330,C,S,Young Adult,roomgroupA
7331_01,Mars,False,TRAPPIST-1e,False,1711.0,0.0,0.0,0.0,8.0,7331,D,P,Senior,roomgroupA
7332_01,Earth,False,TRAPPIST-1e,False,2.0,0.0,0.0,2.0,787.0,7332,E,S,Adult,roomgroupA
7334_01,Earth,False,TRAPPIST-1e,False,0.0,0.0,787.0,1.0,,7334,E,S,Student,roomgroupA
7336_01,,False,TRAPPIST-1e,False,2.0,0.0,5.0,1.0,962.0,7336,F,S,Young Adult,roomgroupA
7336_02,,False,TRAPPIST-1e,False,0.0,0.0,902.0,0.0,0.0,7336,F,S,Young Adult,roomgroupA
7337_01,Europa,False,TRAPPIST-1e,False,0.0,115.0,0.0,1823.0,4041.0,7337,A,S,Young Adult,roomgroupA
7338_01,Mars,False,TRAPPIST-1e,False,1318.0,0.0,1386.0,,,7338,D,P,Adult,roomgroupA
7339_01,Europa,False,,False,0.0,2107.0,0.0,15586.0,473.0,7339,E,P,Young Adult,roomgroupA
7340_01,Europa,False,TRAPPIST-1e,False,0.0,307.0,0.0,484.0,1967.0,7340,E,P,Senior,roomgroupA
7341_01,Earth,True,55 Cancri e,False,0.0,0.0,0.0,0.0,0.0,7341,G,S,Teenager,roomgroupA
7342_01,Earth,False,TRAPPIST-1e,False,0.0,185.0,0.0,1.0,558.0,7342,G,P,Adult,roomgroupA
7343_01,Earth,False,TRAPPIST-1e,False,0.0,0.0,1.0,95.0,605.0,7343,F,S,Student,roomgroupA
7344_01,Earth,False,PSO J318.5-22,False,0.0,0.0,9.0,0.0,952.0,7344,F,S,Teenager,roomgroupA
7346_01,Mars,False,TRAPPIST-1e,False,0.0,0.0,0.0,0.0,,7346,E,P,Young Adult,roomgroupA
7347_01,Earth,False,55 Cancri e,False,0.0,435.0,2.0,0.0,239.0,7347,G,P,Adult,roomgroupA
7350_01,Earth,True,TRAPPIST-1e,False,0.0,,0.0,0.0,0.0,7350,G,S,Adult,roomgroupA
7351_01,Europa,True,55 Cancri e,False,0.0,0.0,0.0,,0.0,7351,D,S,Adult,roomgroupA
7353_01,Europa,False,TRAPPIST-1e,False,0.0,3435.0,0.0,5458.0,10.0,7353,C,S,Senior,roomgroupA
7353_02,Europa,True,TRAPPIST-1e,False,0.0,0.0,0.0,0.0,0.0,7353,C,S,Adult,roomgroupA
7353_03,Europa,False,TRAPPIST-1e,False,0.0,1386.0,2.0,128.0,2577.0,7353,G,S,Adult,roomgroupA
7356_01,Earth,True,TRAPPIST-1e,False,0.0,0.0,0.0,0.0,0.0,7356,G,P,Adult,roomgroupA
7356_02,Earth,True,TRAPPIST-1e,False,0.0,0.0,0.0,,0.0,7356,G,P,Baby,roomgroupA
7358_01,Earth,False,55 Cancri e,False,3.0,0.0,2.0,61.0,634.0,7358,F,P,Student,roomgroupA
7359_01,Earth,False,PSO J318.5-22,False,0.0,434.0,0.0,75.0,135.0,7359,E,S,Student,roomgroupA
7360_01,Earth,True,55 Cancri e,False,0.0,0.0,0.0,0.0,0.0,7360,G,S,Young Adult,roomgroupA
7361_01,Europa,True,55 Cancri e,,0.0,0.0,0.0,0.0,0.0,7361,C,P,Student,roomgroupA
7361_02,Europa,True,55 Cancri e,False,0.0,0.0,0.0,0.0,0.0,7361,C,P,Adult,roomgroupA
7365_01,Earth,False,TRAPPIST-1e,False,0.0,802.0,0.0,16.0,0.0,7365,G,P,Student,roomgroupA
7366_01,Earth,False,TRAPPIST-1e,False,821.0,0.0,0.0,68.0,0.0,7366,G,P,Young Adult,roomgroupA
7367_01,Mars,False,TRAPPIST-1e,False,2611.0,0.0,103.0,4.0,0.0,7367,D,P,Student,roomgroupA
7367_02,Mars,False,TRAPPIST-1e,False,1236.0,0.0,52.0,0.0,0.0,7367,F,P,Adult,roomgroupA
7370_01,Earth,False,TRAPPIST-1e,False,0.0,70.0,2.0,0.0,486.0,7370,F,P,Student,roomgroupA
7371_01,Earth,True,55 Cancri e,False,0.0,0.0,0.0,0.0,0.0,7371,G,P,Adult,roomgroupA
7372_01,Earth,False,TRAPPIST-1e,False,2.0,147.0,0.0,1695.0,1147.0,7372,F,P,Adult,roomgroupA
7374_01,Mars,True,TRAPPIST-1e,False,0.0,,0.0,0.0,0.0,7374,F,P,Young Adult,roomgroupA
7376_01,Europa,True,TRAPPIST-1e,False,0.0,0.0,0.0,0.0,0.0,7376,E,P,Young Adult,roomgroupA
7377_01,Earth,True,PSO J318.5-22,False,0.0,0.0,0.0,0.0,0.0,7377,G,P,Adult,roomgroupA
7379_01,Earth,False,TRAPPIST-1e,False,9.0,0.0,1540.0,0.0,0.0,7379,F,S,Student,roomgroupA
7385_01,Earth,False,PSO J318.5-22,False,40.0,0.0,77.0,572.0,0.0,7385,F,S,Student,roomgroupA
7387_01,Europa,False,TRAPPIST-1e,False,0.0,3508.0,761.0,12.0,32.0,7387,C,P,Adult,roomgroupA
7388_01,Earth,True,PSO J318.5-22,False,0.0,0.0,0.0,0.0,0.0,7388,G,S,Teenager,roomgroupA
7390_01,Earth,False,TRAPPIST-1e,False,240.0,0.0,0.0,586.0,10.0,7390,G,P,Senior,roomgroupA
7391_01,Earth,True,TRAPPIST-1e,False,0.0,0.0,0.0,,0.0,7391,G,P,Young Adult,roomgroupA
7392_01,Earth,True,TRAPPIST-1e,False,0.0,0.0,0.0,0.0,0.0,7392,G,P,Adult,roomgroupA
7393_01,Earth,False,,False,0.0,0.0,0.0,7.0,782.0,7393,E,P,Adult,roomgroupA
7394_01,Earth,False,55 Cancri e,False,0.0,653.0,21.0,0.0,0.0,7394,G,P,Young Adult,roomgroupA
7395_01,Europa,True,55 Cancri e,False,0.0,0.0,0.0,0.0,0.0,7395,B,S,Teenager,roomgroupA
7395_02,Europa,True,TRAPPIST-1e,False,0.0,0.0,0.0,0.0,0.0,7395,B,S,Adult,roomgroupA
7395_03,Europa,False,TRAPPIST-1e,False,4.0,5974.0,0.0,3682.0,197.0,7395,B,S,Adult,roomgroupA
7395_04,Europa,False,55 Cancri e,True,0.0,486.0,0.0,0.0,2470.0,7395,B,S,Adult,roomgroupA
7396_01,Europa,False,55 Cancri e,False,6.0,3392.0,3944.0,987.0,0.0,7396,C,S,Young Adult,roomgroupA
7396_02,Europa,True,TRAPPIST-1e,True,0.0,0.0,0.0,0.0,0.0,7396,C,S,Young Adult,roomgroupA
7396_03,Europa,True,PSO J318.5-22,False,0.0,0.0,0.0,0.0,0.0,7396,C,S,Adult,roomgroupA
7398_01,Earth,False,TRAPPIST-1e,,105.0,271.0,1.0,377.0,17.0,7398,F,P,Student,roomgroupA
7399_01,Earth,False,TRAPPIST-1e,False,0.0,0.0,217.0,0.0,544.0,7399,F,S,Young Adult,roomgroupA
7401_01,Mars,,55 Cancri e,False,0.0,0.0,,0.0,0.0,7401,E,P,Student,roomgroupA
7402_01,Europa,,TRAPPIST-1e,False,0.0,1417.0,3.0,27.0,186.0,7402,C,S,Teenager,roomgroupA
7402_02,Europa,True,55 Cancri e,False,0.0,0.0,0.0,0.0,0.0,7402,C,S,Adult,roomgroupA
7403_01,Earth,False,TRAPPIST-1e,False,294.0,79.0,536.0,0.0,0.0,7403,G,P,Student,roomgroupA
7405_01,Earth,False,TRAPPIST-1e,False,0.0,1089.0,311.0,0.0,0.0,7405,F,S,Student,roomgroupA
7406_01,Earth,False,TRAPPIST-1e,False,0.0,78.0,801.0,0.0,7.0,7406,G,P,Student,roomgroupA
7408_01,Mars,False,TRAPPIST-1e,False,193.0,,1116.0,0.0,0.0,7408,F,S,Young Adult,roomgroupA
7410_01,Earth,False,TRAPPIST-1e,False,85.0,804.0,0.0,0.0,0.0,7410,G,S,Adult,roomgroupA
7411_01,Earth,False,TRAPPIST-1e,False,1110.0,0.0,439.0,5.0,0.0,7411,F,P,Young Adult,roomgroupA
7416_01,Europa,False,55 Cancri e,,0.0,10049.0,214.0,5287.0,1845.0,7416,B,S,Adult,roomgroupA
7418_01,Mars,False,TRAPPIST-1e,False,0.0,0.0,0.0,0.0,0.0,7418,F,P,Child,roomgroupA
7419_01,Earth,False,,False,1.0,875.0,0.0,6.0,0.0,7419,G,P,Adult,roomgroupA
7419_02,Earth,False,TRAPPIST-1e,False,0.0,61.0,805.0,0.0,6.0,7419,F,P,Adult,roomgroupA
7422_01,Earth,False,TRAPPIST-1e,False,550.0,0.0,61.0,4.0,5.0,7422,G,S,Student,roomgroupA
7425_01,Earth,True,TRAPPIST-1e,False,0.0,0.0,0.0,0.0,,7425,G,P,Young Adult,roomgroupA
7425_02,Earth,False,TRAPPIST-1e,False,879.0,0.0,0.0,10.0,0.0,7425,G,P,Student,roomgroupA
7427_01,Mars,,TRAPPIST-1e,False,0.0,0.0,0.0,0.0,0.0,7427,F,S,Adult,roomgroupA
7428_01,Europa,False,TRAPPIST-1e,False,0.0,132.0,4.0,1915.0,0.0,7428,A,P,Young Adult,roomgroupA
7429_01,Mars,False,TRAPPIST-1e,False,1126.0,0.0,23.0,34.0,0.0,7429,G,S,Adult,roomgroupA
7430_01,Earth,False,PSO J318.5-22,False,549.0,3.0,201.0,0.0,0.0,7430,G,S,Young Adult,roomgroupA
7431_01,Europa,False,55 Cancri e,False,,2954.0,0.0,170.0,756.0,7431,A,S,Young Adult,roomgroupA
7432_01,Europa,True,TRAPPIST-1e,False,0.0,0.0,0.0,0.0,0.0,7432,E,P,Adult,roomgroupA
7435_01,Europa,True,55 Cancri e,False,0.0,0.0,0.0,0.0,0.0,7435,B,P,Young Adult,roomgroupA
7436_01,Earth,,TRAPPIST-1e,False,0.0,0.0,0.0,0.0,0.0,7436,G,P,Young Adult,roomgroupA
7437_01,Europa,True,55 Cancri e,False,0.0,0.0,0.0,0.0,0.0,7437,B,S,Adult,roomgroupA
7437_02,Europa,True,TRAPPIST-1e,False,0.0,0.0,0.0,0.0,0.0,7437,B,S,Adult,roomgroupA
7437_03,Europa,True,TRAPPIST-1e,False,0.0,0.0,0.0,0.0,0.0,7437,B,S,Senior,roomgroupA
7438_01,Earth,False,55 Cancri e,False,0.0,279.0,30.0,409.0,0.0,7438,E,P,Adult,roomgroupA
7442_01,Earth,False,TRAPPIST-1e,False,20.0,0.0,726.0,,0.0,7442,E,S,Adult,roomgroupA
7442_02,Earth,True,PSO J318.5-22,False,0.0,0.0,0.0,0.0,0.0,7442,G,S,Teenager,roomgroupA
7444_01,Earth,True,TRAPPIST-1e,False,0.0,0.0,,0.0,0.0,7444,G,P,Teenager,roomgroupA
7445_01,Earth,True,TRAPPIST-1e,False,0.0,0.0,0.0,0.0,0.0,7445,G,S,Student,roomgroupA
7446_01,Earth,False,TRAPPIST-1e,False,960.0,672.0,0.0,0.0,168.0,7446,G,P,Student,roomgroupA
7447_01,Mars,False,TRAPPIST-1e,False,,0.0,299.0,814.0,0.0,7447,F,P,Young Adult,roomgroupA
7448_01,Earth,False,55 Cancri e,False,244.0,0.0,40.0,294.0,124.0,7448,F,P,Young Adult,roomgroupA
7449_01,Earth,False,PSO J318.5-22,False,120.0,321.0,0.0,932.0,175.0,7449,F,P,Student,roomgroupA
7450_01,Earth,False,TRAPPIST-1e,False,509.0,0.0,193.0,0.0,2.0,7450,G,P,Student,roomgroupA
7452_01,Europa,True,TRAPPIST-1e,False,0.0,0.0,0.0,0.0,0.0,7452,B,S,Adult,roomgroupA
7452_02,Europa,False,55 Cancri e,False,286.0,3387.0,575.0,213.0,548.0,7452,B,S,Young Adult,roomgroupA
7452_03,Europa,True,55 Cancri e,False,0.0,0.0,0.0,,0.0,7452,B,S,Adult,roomgroupA
7453_01,Europa,True,55 Cancri e,False,0.0,0.0,0.0,0.0,0.0,7453,C,S,Young Adult,roomgroupA
7455_01,Europa,False,55 Cancri e,False,0.0,1616.0,0.0,758.0,400.0,7455,A,P,Adult,roomgroupA
7456_01,Earth,True,TRAPPIST-1e,False,0.0,0.0,0.0,0.0,0.0,7456,G,S,Student,roomgroupA
7457_01,Mars,False,TRAPPIST-1e,False,1243.0,0.0,5.0,16.0,34.0,7457,E,S,Senior,roomgroupA
7458_01,Earth,True,TRAPPIST-1e,False,0.0,0.0,0.0,0.0,0.0,7458,G,S,Senior,roomgroupA
7459_01,Europa,False,TRAPPIST-1e,False,0.0,397.0,0.0,1249.0,845.0,7459,B,S,Young Adult,roomgroupA
7460_01,Earth,False,55 Cancri e,False,786.0,0.0,0.0,309.0,0.0,7460,F,P,Young Adult,roomgroupA
7461_01,Europa,True,TRAPPIST-1e,False,0.0,0.0,0.0,0.0,0.0,7461,D,S,Adult,roomgroupA
7462_01,Earth,True,PSO J318.5-22,False,0.0,0.0,0.0,0.0,0.0,7462,G,P,Teenager,roomgroupA
7464_01,Earth,True,TRAPPIST-1e,False,0.0,0.0,0.0,0.0,0.0,7464,G,P,Child,roomgroupA
7472_01,Mars,True,TRAPPIST-1e,False,0.0,0.0,0.0,0.0,,7472,F,S,Unknown,roomgroupA
7475_01,Mars,True,TRAPPIST-1e,False,0.0,0.0,0.0,0.0,0.0,7475,F,P,Adult,roomgroupA
7475_02,Mars,True,TRAPPIST-1e,False,0.0,0.0,0.0,0.0,0.0,7475,F,P,Adult,roomgroupA
7477_01,Earth,False,PSO J318.5-22,False,27.0,0.0,0.0,663.0,0.0,7477,F,P,Student,roomgroupA
7478_01,Europa,False,,False,0.0,5711.0,0.0,0.0,50.0,7478,C,S,Adult,roomgroupA
7479_01,Mars,True,TRAPPIST-1e,False,0.0,0.0,0.0,0.0,0.0,7479,F,S,Young Adult,roomgroupA
7481_01,Earth,False,TRAPPIST-1e,False,0.0,0.0,1.0,0.0,1778.0,7481,G,S,Adult,roomgroupA
7483_01,Mars,False,PSO J318.5-22,False,244.0,0.0,358.0,160.0,800.0,7483,E,P,Adult,roomgroupA
7484_01,Earth,False,55 Cancri e,False,0.0,1435.0,0.0,0.0,0.0,7484,G,P,Young Adult,roomgroupA
7485_01,Europa,False,TRAPPIST-1e,False,36.0,2285.0,0.0,2287.0,159.0,7485,G,S,Young Adult,roomgroupA
7486_01,Earth,False,55 Cancri e,False,0.0,184.0,16.0,1234.0,0.0,7486,G,P,Teenager,roomgroupA
7487_01,Earth,False,TRAPPIST-1e,False,174.0,282.0,321.0,8.0,0.0,7487,G,S,Senior,roomgroupA
7488_01,Mars,False,TRAPPIST-1e,False,558.0,0.0,386.0,355.0,0.0,7488,E,P,Young Adult,roomgroupA
7488_02,Mars,True,PSO J318.5-22,,0.0,0.0,0.0,0.0,0.0,7488,E,P,Adult,roomgroupA
7490_01,Earth,True,TRAPPIST-1e,False,0.0,0.0,0.0,,0.0,7490,G,S,Teenager,roomgroupA
7492_01,Mars,False,TRAPPIST-1e,False,193.0,0.0,2956.0,0.0,0.0,7492,D,S,Student,roomgroupA
7494_01,Earth,False,TRAPPIST-1e,False,2.0,794.0,425.0,0.0,397.0,7494,E,P,Adult,roomgroupA
7495_01,Mars,False,TRAPPIST-1e,False,2.0,36.0,1110.0,9.0,0.0,7495,F,S,Adult,roomgroupA
7496_01,Europa,False,55 Cancri e,False,0.0,2383.0,0.0,2.0,97.0,7496,C,S,Adult,roomgroupA
7498_01,Mars,False,TRAPPIST-1e,True,523.0,0.0,859.0,201.0,782.0,7498,F,P,Senior,roomgroupA
7498_02,Mars,True,TRAPPIST-1e,False,0.0,0.0,0.0,0.0,0.0,7498,F,P,Child,roomgroupA
7498_03,Mars,False,TRAPPIST-1e,True,30.0,0.0,910.0,0.0,0.0,7498,F,P,Young Adult,roomgroupA
7499_01,Earth,False,55 Cancri e,False,30.0,132.0,1121.0,0.0,0.0,7499,F,P,Student,roomgroupA
7500_01,,False,TRAPPIST-1e,True,1770.0,7.0,228.0,0.0,0.0,7500,F,S,Adult,roomgroupA
7501_01,Earth,False,TRAPPIST-1e,False,0.0,0.0,0.0,484.0,320.0,7501,F,S,Student,roomgroupA
7502_01,Europa,False,55 Cancri e,False,66.0,5974.0,0.0,0.0,625.0,7502,C,P,Adult,roomgroupA
7503_01,Europa,True,TRAPPIST-1e,False,,0.0,0.0,0.0,0.0,7503,B,S,Young Adult,roomgroupA
7503_02,Europa,False,TRAPPIST-1e,False,1577.0,11396.0,0.0,1014.0,560.0,7503,B,S,Adult,roomgroupA
7504_01,Earth,False,TRAPPIST-1e,False,0.0,2.0,0.0,690.0,86.0,7504,F,P,Young Adult,roomgroupA
7505_01,Mars,False,TRAPPIST-1e,True,511.0,0.0,291.0,4212.0,0.0,7505,F,P,Adult,roomgroupA
7505_02,Mars,True,TRAPPIST-1e,False,0.0,0.0,0.0,0.0,0.0,7505,F,P,Baby,roomgroupA
7505_03,Mars,True,TRAPPIST-1e,False,0.0,0.0,0.0,0.0,0.0,7505,F,P,Baby,roomgroupA
7506_01,Earth,False,TRAPPIST-1e,False,2110.0,0.0,0.0,0.0,1.0,7506,F,P,Student,roomgroupA
7507_01,Earth,False,TRAPPIST-1e,False,0.0,789.0,0.0,0.0,0.0,7507,E,S,Student,roomgroupA
7507_02,Earth,False,TRAPPIST-1e,False,0.0,0.0,0.0,0.0,0.0,7507,E,S,Child,roomgroupA
7507_03,Earth,False,55 Cancri e,False,0.0,0.0,0.0,0.0,0.0,7507,E,S,Baby,roomgroupA
7508_01,Europa,False,TRAPPIST-1e,False,3580.0,564.0,103.0,,90.0,7508,B,S,Student,roomgroupA
7509_01,Earth,False,TRAPPIST-1e,False,1442.0,4.0,0.0,3.0,0.0,7509,F,S,Adult,roomgroupA
7510_01,Mars,False,55 Cancri e,False,1092.0,0.0,208.0,150.0,0.0,7510,F,S,Student,roomgroupA
7512_01,Earth,,PSO J318.5-22,False,5.0,598.0,,0.0,0.0,7512,F,S,Young Adult,roomgroupA
7513_01,Earth,,TRAPPIST-1e,False,0.0,779.0,0.0,2.0,6.0,7513,E,P,Young Adult,roomgroupA
7514_01,Earth,False,TRAPPIST-1e,False,0.0,0.0,47.0,2059.0,0.0,7514,F,P,Adult,roomgroupA
7515_01,Mars,True,TRAPPIST-1e,False,0.0,0.0,0.0,0.0,,7515,F,S,Young Adult,roomgroupA
7515_02,Mars,False,TRAPPIST-1e,False,0.0,0.0,,0.0,0.0,7515,F,S,Baby,roomgroupA
7517_01,Earth,False,PSO J318.5-22,False,15.0,3.0,0.0,635.0,0.0,7517,F,P,Young Adult,roomgroupA
7518_01,Europa,True,TRAPPIST-1e,False,0.0,0.0,0.0,0.0,0.0,7518,B,P,Young Adult,roomgroupA
7518_02,Europa,False,PSO J318.5-22,True,2502.0,700.0,1104.0,13902.0,484.0,7518,B,P,Young Adult,roomgroupA
7520_01,Earth,False,TRAPPIST-1e,False,1366.0,257.0,0.0,0.0,311.0,7520,F,P,Adult,roomgroupA
7521_01,Earth,False,TRAPPIST-1e,False,657.0,0.0,103.0,0.0,394.0,7521,F,P,Adult,roomgroupA
7522_01,Earth,False,TRAPPIST-1e,False,0.0,0.0,0.0,0.0,908.0,7522,G,P,Adult,roomgroupA
7523_01,Earth,False,TRAPPIST-1e,False,0.0,0.0,643.0,167.0,0.0,7523,G,S,Young Adult,roomgroupA
7524_01,Earth,True,TRAPPIST-1e,False,0.0,0.0,0.0,0.0,0.0,7524,G,P,Adult,roomgroupA
7524_02,Earth,True,PSO J318.5-22,False,0.0,0.0,0.0,0.0,0.0,7524,G,P,Student,roomgroupA
7525_01,Europa,False,TRAPPIST-1e,False,390.0,1377.0,0.0,2809.0,4914.0,7525,C,S,Young Adult,roomgroupA
7525_02,Europa,True,55 Cancri e,False,0.0,0.0,0.0,0.0,0.0,7525,C,S,Senior,roomgroupA
7527_01,Earth,False,TRAPPIST-1e,False,0.0,732.0,2.0,13.0,47.0,7527,F,P,Student,roomgroupA
7529_01,Earth,True,TRAPPIST-1e,False,0.0,0.0,0.0,0.0,0.0,7529,G,S,Student,roomgroupA
7531_01,Europa,True,TRAPPIST-1e,False,0.0,0.0,0.0,0.0,0.0,7531,B,S,Unknown,roomgroupA
7531_02,Europa,True,55 Cancri e,False,0.0,0.0,0.0,0.0,0.0,7531,B,S,Teenager,roomgroupA
7533_01,Earth,False,55 Cancri e,False,0.0,0.0,0.0,0.0,0.0,7533,G,S,Teenager,roomgroupA
7534_01,Earth,False,PSO J318.5-22,False,420.0,0.0,345.0,1.0,0.0,7534,F,S,Adult,roomgroupA
7535_01,Earth,False,TRAPPIST-1e,False,122.0,2.0,0.0,480.0,565.0,7535,F,P,Student,roomgroupA
7536_01,Mars,True,TRAPPIST-1e,False,0.0,0.0,0.0,0.0,0.0,7536,F,S,Student,roomgroupA
7538_01,Europa,False,TRAPPIST-1e,True,313.0,2864.0,0.0,0.0,12424.0,7538,A,P,Adult,roomgroupA
7538_02,Europa,False,55 Cancri e,False,18.0,2669.0,0.0,1229.0,,7538,A,P,Adult,roomgroupA
7542_01,Earth,False,TRAPPIST-1e,False,4.0,53.0,0.0,0.0,844.0,7542,F,S,Adult,roomgroupA
7543_01,Earth,False,TRAPPIST-1e,False,0.0,0.0,702.0,0.0,56.0,7543,F,P,Young Adult,roomgroupA
7544_01,Earth,False,TRAPPIST-1e,False,118.0,0.0,0.0,669.0,0.0,7544,E,S,Adult,roomgroupA
7545_01,Earth,True,TRAPPIST-1e,False,0.0,0.0,0.0,0.0,0.0,7545,G,S,Unknown,roomgroupA
7549_01,Earth,False,TRAPPIST-1e,False,0.0,19.0,1468.0,2.0,119.0,7549,E,P,Student,roomgroupA
7550_01,Earth,True,PSO J318.5-22,False,0.0,0.0,0.0,0.0,0.0,7550,G,P,Student,roomgroupA
7552_01,Earth,False,TRAPPIST-1e,False,0.0,652.0,97.0,43.0,0.0,7552,E,P,Young Adult,roomgroupA
7553_01,Earth,False,PSO J318.5-22,False,10.0,24.0,0.0,0.0,565.0,7553,F,S,Student,roomgroupA
7559_01,Earth,False,TRAPPIST-1e,False,0.0,0.0,441.0,0.0,423.0,7559,F,P,Student,roomgroupA
7560_01,Europa,,TRAPPIST-1e,False,0.0,0.0,0.0,0.0,0.0,7560,C,P,Teenager,roomgroupA
7561_01,Earth,False,TRAPPIST-1e,False,388.0,182.0,0.0,66.0,140.0,7561,F,S,Student,roomgroupA
7563_01,Mars,True,55 Cancri e,False,0.0,0.0,0.0,0.0,0.0,7563,F,P,Adult,roomgroupA
7565_01,Europa,False,TRAPPIST-1e,False,2.0,7272.0,0.0,50.0,1282.0,7565,B,P,Adult,roomgroupA
7565_02,Europa,True,55 Cancri e,False,0.0,0.0,,0.0,0.0,7565,B,P,Teenager,roomgroupA
7565_03,Europa,False,55 Cancri e,False,0.0,772.0,0.0,125.0,5913.0,7565,B,P,Young Adult,roomgroupA
7565_04,Europa,False,TRAPPIST-1e,False,0.0,0.0,0.0,0.0,0.0,7565,B,P,Child,roomgroupA
7567_01,Earth,True,55 Cancri e,False,0.0,0.0,0.0,0.0,0.0,7567,G,S,Teenager,roomgroupA
7568_01,Earth,False,TRAPPIST-1e,False,380.0,0.0,416.0,0.0,8.0,7568,F,P,Student,roomgroupA
7569_01,Mars,False,TRAPPIST-1e,False,3591.0,0.0,158.0,0.0,120.0,7569,E,P,Student,roomgroupA
7569_02,Mars,False,TRAPPIST-1e,True,828.0,0.0,572.0,1367.0,0.0,7569,D,P,Adult,roomgroupA
7572_01,Earth,True,TRAPPIST-1e,False,0.0,0.0,0.0,0.0,0.0,7572,G,S,Teenager,roomgroupA
7573_01,Earth,True,PSO J318.5-22,False,0.0,0.0,0.0,0.0,0.0,7573,G,P,Student,roomgroupA
7574_01,Europa,True,55 Cancri e,False,0.0,0.0,0.0,0.0,0.0,7574,B,S,Young Adult,roomgroupA
7576_01,Europa,False,TRAPPIST-1e,False,30.0,2237.0,1.0,49.0,52.0,7576,D,P,Student,roomgroupA
7576_02,Europa,False,TRAPPIST-1e,False,2.0,530.0,0.0,,1360.0,7576,D,P,Adult,roomgroupA
7577_01,Earth,False,PSO J318.5-22,False,80.0,130.0,0.0,1323.0,0.0,7577,E,S,Teenager,roomgroupA
7578_01,Earth,False,55 Cancri e,False,653.0,0.0,4.0,0.0,0.0,7578,F,P,Teenager,roomgroupA
7579_01,Earth,False,PSO J318.5-22,False,1.0,7.0,56.0,613.0,0.0,7579,G,S,Adult,roomgroupA
7580_01,Earth,True,TRAPPIST-1e,False,0.0,0.0,0.0,0.0,0.0,7580,G,S,Student,roomgroupA
7583_01,Mars,False,TRAPPIST-1e,False,32.0,355.0,1826.0,9.0,0.0,7583,F,P,Adult,roomgroupA
7584_01,Europa,,,False,0.0,0.0,0.0,0.0,0.0,7584,B,S,Student,roomgroupA
7584_02,Europa,True,TRAPPIST-1e,False,0.0,0.0,0.0,0.0,0.0,7584,B,S,Adult,roomgroupA
7584_03,,False,TRAPPIST-1e,False,0.0,1000.0,0.0,19.0,1776.0,7584,B,S,Young Adult,roomgroupA
7585_01,Europa,True,55 Cancri e,False,0.0,0.0,0.0,0.0,0.0,7585,C,S,Young Adult,roomgroupA
7585_02,Europa,False,TRAPPIST-1e,,8209.0,18.0,432.0,3560.0,54.0,7585,C,S,Adult,roomgroupA
7585_03,Europa,False,TRAPPIST-1e,False,0.0,2674.0,1309.0,18.0,11.0,7585,C,S,Young Adult,roomgroupA
7585_04,Europa,True,TRAPPIST-1e,False,0.0,0.0,0.0,0.0,0.0,7585,C,S,Student,roomgroupA
7586_01,Europa,False,TRAPPIST-1e,False,220.0,1130.0,0.0,7.0,951.0,7586,C,P,Young Adult,roomgroupA
7588_01,Earth,True,55 Cancri e,False,0.0,0.0,0.0,0.0,0.0,7588,G,P,Baby,roomgroupA
7588_02,Earth,False,55 Cancri e,False,0.0,714.0,0.0,0.0,0.0,7588,G,P,Teenager,roomgroupA
7592_01,Earth,False,TRAPPIST-1e,False,0.0,0.0,0.0,1586.0,0.0,7592,F,S,Student,roomgroupA
7594_01,Europa,True,55 Cancri e,False,0.0,0.0,0.0,0.0,0.0,7594,C,S,Adult,roomgroupA
7595_01,Earth,False,TRAPPIST-1e,False,0.0,7.0,661.0,0.0,93.0,7595,F,S,Adult,roomgroupA
7596_01,Europa,True,55 Cancri e,False,0.0,0.0,0.0,0.0,0.0,7596,C,S,Adult,roomgroupA
7596_02,Europa,True,TRAPPIST-1e,False,0.0,0.0,0.0,0.0,0.0,7596,C,S,Adult,roomgroupA
7598_01,Earth,True,PSO J318.5-22,False,0.0,0.0,0.0,0.0,0.0,7598,G,S,Senior,roomgroupA
7599_01,Earth,False,TRAPPIST-1e,False,0.0,204.0,135.0,225.0,223.0,7599,E,P,Adult,roomgroupA
7601_01,Earth,False,TRAPPIST-1e,False,214.0,552.0,0.0,241.0,0.0,7601,G,S,Teenager,roomgroupA
7604_01,Mars,True,TRAPPIST-1e,False,0.0,0.0,0.0,0.0,0.0,7604,F,P,Young Adult,roomgroupA
7604_02,Mars,,TRAPPIST-1e,False,463.0,0.0,658.0,0.0,0.0,7604,F,P,Student,roomgroupA
7605_01,Mars,False,55 Cancri e,False,2484.0,136.0,42.0,0.0,0.0,7605,F,S,Young Adult,roomgroupA
7606_01,Mars,True,TRAPPIST-1e,False,0.0,0.0,0.0,0.0,0.0,7606,F,S,Adult,roomgroupA
7608_01,Mars,True,TRAPPIST-1e,False,0.0,0.0,0.0,0.0,0.0,7608,F,S,Young Adult,roomgroupA
7609_01,Europa,False,55 Cancri e,True,0.0,21.0,0.0,1503.0,1392.0,7609,A,P,Adult,roomgroupA
7609_02,Europa,True,TRAPPIST-1e,False,0.0,0.0,0.0,0.0,0.0,7609,A,P,Adult,roomgroupA
7614_01,Europa,True,55 Cancri e,False,0.0,0.0,0.0,0.0,0.0,7614,C,P,Adult,roomgroupA
7616_01,Earth,False,PSO J318.5-22,False,11.0,725.0,0.0,0.0,0.0,7616,F,S,Student,roomgroupA
7618_01,Earth,False,TRAPPIST-1e,False,761.0,21.0,27.0,0.0,0.0,7618,G,S,Student,roomgroupA
7620_01,Mars,False,,False,3651.0,0.0,2228.0,38.0,0.0,7620,F,P,Teenager,roomgroupA
7621_01,Europa,True,55 Cancri e,False,0.0,0.0,0.0,0.0,0.0,7621,B,P,Adult,roomgroupA
7622_01,Earth,False,TRAPPIST-1e,False,0.0,0.0,185.0,584.0,0.0,7622,G,S,Young Adult,roomgroupA
7623_01,Earth,False,TRAPPIST-1e,False,0.0,0.0,84.0,798.0,0.0,7623,G,P,Adult,roomgroupA
7624_01,Europa,True,PSO J318.5-22,False,0.0,0.0,0.0,0.0,0.0,7624,C,S,Adult,roomgroupA
7625_01,Earth,False,TRAPPIST-1e,False,0.0,0.0,114.0,2.0,683.0,7625,F,S,Student,roomgroupA
7626_01,Earth,False,TRAPPIST-1e,False,767.0,16.0,9.0,0.0,0.0,7626,E,P,Young Adult,roomgroupA
7627_01,Europa,False,55 Cancri e,False,0.0,5036.0,4.0,519.0,0.0,7627,A,S,Senior,roomgroupA
7628_01,Mars,False,TRAPPIST-1e,False,37.0,0.0,1288.0,0.0,0.0,7628,F,P,Student,roomgroupA
7628_02,Mars,False,TRAPPIST-1e,False,1103.0,3.0,0.0,0.0,659.0,7628,D,P,Adult,roomgroupA
7630_01,Earth,False,55 Cancri e,False,0.0,172.0,115.0,1.0,645.0,7630,F,P,Adult,roomgroupA
7631_01,Europa,False,TRAPPIST-1e,False,81.0,1125.0,481.0,505.0,1261.0,7631,E,P,Young Adult,roomgroupA
7632_01,Mars,False,TRAPPIST-1e,False,2703.0,0.0,4.0,1.0,0.0,7632,D,S,Young Adult,roomgroupA
7633_01,,False,TRAPPIST-1e,False,0.0,0.0,0.0,847.0,1.0,7633,G,P,Adult,roomgroupA
7634_01,Earth,True,,False,0.0,0.0,0.0,0.0,0.0,7634,G,S,Young Adult,roomgroupA
7635_01,Europa,True,55 Cancri e,False,0.0,0.0,0.0,0.0,0.0,7635,B,S,Adult,roomgroupA
7639_01,Europa,True,55 Cancri e,False,0.0,0.0,0.0,,0.0,7639,B,S,Adult,roomgroupA
7640_01,Earth,True,TRAPPIST-1e,False,0.0,0.0,0.0,0.0,0.0,7640,G,P,Student,roomgroupA
7641_01,Earth,False,55 Cancri e,False,618.0,33.0,1.0,2.0,0.0,7641,F,P,Student,roomgroupA
7643_01,Europa,False,55 Cancri e,False,8.0,1489.0,0.0,2723.0,7401.0,7643,C,P,Adult,roomgroupA
7643_02,Europa,True,TRAPPIST-1e,False,0.0,0.0,0.0,0.0,0.0,7643,C,P,Teenager,roomgroupA
7644_01,Earth,True,PSO J318.5-22,False,0.0,0.0,0.0,0.0,0.0,7644,G,P,Teenager,roomgroupA
7646_01,Europa,False,55 Cancri e,False,0.0,16016.0,1025.0,189.0,1037.0,7646,C,S,Young Adult,roomgroupA
7646_02,Europa,False,55 Cancri e,True,3010.0,26.0,0.0,62.0,904.0,7646,C,S,Adult,roomgroupA
7646_03,Europa,False,55 Cancri e,False,145.0,4224.0,0.0,5.0,61.0,7646,C,S,Young Adult,roomgroupA
7647_01,Earth,False,TRAPPIST-1e,False,0.0,7.0,127.0,639.0,37.0,7647,G,S,Young Adult,roomgroupA
7649_01,Earth,True,TRAPPIST-1e,False,0.0,0.0,0.0,0.0,0.0,7649,G,S,Young Adult,roomgroupA
7650_01,Earth,True,TRAPPIST-1e,False,0.0,0.0,0.0,0.0,0.0,7650,G,S,Baby,roomgroupA
7650_02,Earth,True,55 Cancri e,False,0.0,0.0,0.0,0.0,0.0,7650,G,S,Child,roomgroupA
7650_03,Earth,True,PSO J318.5-22,False,0.0,0.0,0.0,0.0,0.0,7650,G,S,Baby,roomgroupA
7650_04,Earth,False,TRAPPIST-1e,False,711.0,12.0,0.0,83.0,0.0,7650,F,S,Student,roomgroupA
7650_05,Earth,True,TRAPPIST-1e,False,0.0,0.0,0.0,0.0,0.0,7650,G,S,Baby,roomgroupA
7652_01,Europa,True,55 Cancri e,False,0.0,0.0,0.0,0.0,0.0,7652,B,S,Adult,roomgroupA
7656_01,Earth,True,TRAPPIST-1e,False,0.0,0.0,0.0,0.0,0.0,7656,G,S,Teenager,roomgroupA
7660_01,Europa,True,55 Cancri e,False,0.0,0.0,0.0,0.0,0.0,7660,B,S,Young Adult,roomgroupA
7661_01,Earth,True,TRAPPIST-1e,False,0.0,0.0,0.0,0.0,0.0,7661,G,S,Child,roomgroupA
7665_01,Earth,True,,False,0.0,0.0,0.0,0.0,0.0,7665,G,P,Adult,roomgroupA
7666_01,Mars,True,TRAPPIST-1e,False,0.0,0.0,0.0,0.0,0.0,7666,F,P,Student,roomgroupA
7667_01,Europa,True,55 Cancri e,False,0.0,0.0,0.0,0.0,0.0,7667,B,P,Teenager,roomgroupA
7669_01,Earth,False,TRAPPIST-1e,False,,636.0,136.0,37.0,0.0,7669,G,P,Young Adult,roomgroupA
7670_01,Mars,True,TRAPPIST-1e,False,0.0,0.0,0.0,0.0,0.0,7670,F,S,Student,roomgroupA
7671_01,Earth,False,TRAPPIST-1e,False,0.0,7.0,31.0,700.0,0.0,7671,F,S,Young Adult,roomgroupA
7676_01,Mars,False,TRAPPIST-1e,True,2771.0,0.0,6.0,1.0,10.0,7676,D,S,Adult,roomgroupA
7677_01,Earth,True,PSO J318.5-22,False,0.0,0.0,0.0,0.0,0.0,7677,G,S,Adult,roomgroupA
7678_01,Earth,False,TRAPPIST-1e,False,1132.0,0.0,0.0,77.0,608.0,7678,G,P,Adult,roomgroupA
7678_02,Earth,True,TRAPPIST-1e,False,0.0,,0.0,0.0,0.0,7678,G,P,Adult,roomgroupA
7679_01,Earth,True,TRAPPIST-1e,False,0.0,0.0,0.0,0.0,0.0,7679,G,P,Young Adult,roomgroupA
7680_01,Europa,False,TRAPPIST-1e,False,0.0,6.0,0.0,7786.0,0.0,7680,C,P,Young Adult,roomgroupA
7682_01,Earth,True,TRAPPIST-1e,False,0.0,0.0,0.0,0.0,0.0,7682,G,S,Adult,roomgroupA
7683_01,Earth,False,TRAPPIST-1e,False,0.0,817.0,58.0,0.0,25.0,7683,F,S,Young Adult,roomgroupA
7684_01,Europa,False,TRAPPIST-1e,False,812.0,5450.0,0.0,1.0,262.0,7684,C,S,Young Adult,roomgroupA
7687_01,Earth,False,PSO J318.5-22,False,0.0,0.0,8.0,1.0,1175.0,7687,F,P,Student,roomgroupA
7688_01,Earth,False,TRAPPIST-1e,False,0.0,0.0,0.0,0.0,0.0,7688,G,P,Baby,roomgroupA
7689_01,Earth,False,,False,0.0,96.0,0.0,597.0,0.0,7689,F,P,Young Adult,roomgroupA
7690_01,Earth,,TRAPPIST-1e,False,0.0,0.0,0.0,0.0,0.0,7690,G,P,Young Adult,roomgroupA
7691_01,Mars,True,TRAPPIST-1e,False,0.0,0.0,0.0,0.0,0.0,7691,F,P,Adult,roomgroupA
7692_01,Europa,False,55 Cancri e,True,0.0,48.0,0.0,3204.0,112.0,7692,C,S,Young Adult,roomgroupA
7693_01,Europa,False,TRAPPIST-1e,False,0.0,2979.0,0.0,68.0,347.0,7693,B,P,Adult,roomgroupA
7693_02,Europa,False,TRAPPIST-1e,False,0.0,0.0,0.0,0.0,0.0,7693,B,P,Adult,roomgroupA
7694_01,Earth,False,TRAPPIST-1e,False,574.0,0.0,,25.0,2.0,7694,F,P,Young Adult,roomgroupA
7696_01,Mars,False,TRAPPIST-1e,False,751.0,0.0,185.0,0.0,77.0,7696,E,P,Young Adult,roomgroupA
7696_02,Mars,False,TRAPPIST-1e,False,1000.0,0.0,80.0,40.0,0.0,7696,F,P,Adult,roomgroupA
7697_01,Europa,,TRAPPIST-1e,False,0.0,0.0,0.0,0.0,0.0,7697,B,S,Adult,roomgroupA
7697_02,Europa,True,55 Cancri e,False,0.0,0.0,0.0,0.0,0.0,7697,B,S,Young Adult,roomgroupA
7698_01,Mars,False,TRAPPIST-1e,False,332.0,0.0,728.0,2.0,86.0,7698,F,P,Adult,roomgroupA
7699_01,Earth,False,55 Cancri e,False,0.0,0.0,0.0,0.0,0.0,7699,G,P,Baby,roomgroupA
7700_01,Mars,False,TRAPPIST-1e,False,1144.0,140.0,2.0,2.0,0.0,7700,F,P,Adult,roomgroupA
7702_01,Earth,True,TRAPPIST-1e,False,0.0,0.0,0.0,0.0,0.0,7702,G,P,Teenager,roomgroupA
7703_01,Earth,False,TRAPPIST-1e,False,0.0,0.0,0.0,0.0,0.0,7703,G,S,Baby,roomgroupA
7703_02,,True,TRAPPIST-1e,False,0.0,0.0,,0.0,0.0,7703,G,S,Teenager,roomgroupA
7705_01,Mars,False,TRAPPIST-1e,False,5888.0,,13.0,12.0,0.0,7705,F,S,Adult,roomgroupA
7707_01,Earth,False,,False,40.0,4.0,9.0,318.0,1413.0,7707,G,P,Student,roomgroupA
7708_01,Earth,False,TRAPPIST-1e,False,110.0,103.0,471.0,11.0,1.0,7708,F,S,Student,roomgroupA
7709_01,Earth,False,PSO J318.5-22,False,2647.0,0.0,0.0,42.0,32.0,7709,F,P,Young Adult,roomgroupA
7709_02,Earth,True,PSO J318.5-22,False,0.0,,0.0,0.0,0.0,7709,G,P,Young Adult,roomgroupA
7710_01,Europa,False,TRAPPIST-1e,False,118.0,1769.0,4127.0,118.0,619.0,7710,B,P,Young Adult,roomgroupA
7711_01,,,TRAPPIST-1e,False,0.0,82.0,0.0,1624.0,77.0,7711,D,P,Young Adult,roomgroupA
7712_01,Europa,False,TRAPPIST-1e,True,1.0,4298.0,0.0,0.0,2.0,7712,A,S,Young Adult,roomgroupA
7713_01,Europa,True,TRAPPIST-1e,False,0.0,0.0,0.0,0.0,0.0,7713,B,S,Young Adult,roomgroupA
7714_01,Earth,False,TRAPPIST-1e,False,0.0,28.0,62.0,24.0,1686.0,7714,G,P,Student,roomgroupA
7715_01,Earth,False,55 Cancri e,False,1.0,5.0,305.0,347.0,0.0,7715,F,P,Student,roomgroupA
7716_01,Europa,True,55 Cancri e,False,0.0,0.0,0.0,0.0,0.0,7716,E,P,Adult,roomgroupA
7717_01,Earth,False,TRAPPIST-1e,False,0.0,0.0,0.0,563.0,344.0,7717,G,P,Senior,roomgroupA
7719_01,Mars,True,TRAPPIST-1e,False,0.0,0.0,0.0,0.0,0.0,7719,E,S,Young Adult,roomgroupA
7720_01,Earth,False,55 Cancri e,False,0.0,0.0,754.0,46.0,0.0,7720,F,P,Adult,roomgroupA
7721_01,Mars,False,TRAPPIST-1e,False,83.0,0.0,2621.0,5.0,0.0,7721,D,P,Young Adult,roomgroupA
7723_01,Europa,True,TRAPPIST-1e,False,0.0,0.0,0.0,0.0,0.0,7723,B,P,Young Adult,roomgroupA
7724_01,Mars,False,TRAPPIST-1e,False,338.0,319.0,32.0,15.0,0.0,7724,F,S,Young Adult,roomgroupA
7727_01,Earth,False,55 Cancri e,False,0.0,0.0,0.0,436.0,224.0,7727,E,S,Young Adult,roomgroupA
7728_01,Europa,False,TRAPPIST-1e,False,0.0,9.0,0.0,40.0,7621.0,7728,C,S,Young Adult,roomgroupA
7729_01,Europa,True,55 Cancri e,False,0.0,0.0,0.0,0.0,0.0,7729,C,P,Student,roomgroupA
7731_01,Europa,True,55 Cancri e,False,0.0,0.0,0.0,0.0,0.0,7731,B,P,Adult,roomgroupA
7736_01,Mars,False,TRAPPIST-1e,False,1730.0,0.0,379.0,5.0,0.0,7736,E,P,Young Adult,roomgroupA
7738_01,Mars,True,TRAPPIST-1e,False,0.0,0.0,0.0,0.0,0.0,7738,F,S,Student,roomgroupA
7739_01,Earth,False,TRAPPIST-1e,False,60.0,48.0,0.0,0.0,500.0,7739,F,P,Student,roomgroupA
7741_01,Earth,False,TRAPPIST-1e,False,0.0,0.0,0.0,0.0,0.0,7741,G,S,Baby,roomgroupA
7741_02,Earth,False,TRAPPIST-1e,False,9.0,769.0,9.0,0.0,0.0,7741,E,S,Young Adult,roomgroupA
7742_01,Mars,True,TRAPPIST-1e,False,0.0,0.0,0.0,0.0,0.0,7742,F,S,Adult,roomgroupA
7742_02,Mars,True,TRAPPIST-1e,False,0.0,0.0,0.0,0.0,0.0,7742,F,S,Student,roomgroupA
7743_01,Earth,False,TRAPPIST-1e,False,0.0,243.0,0.0,777.0,0.0,7743,G,P,Senior,roomgroupA
7744_01,Europa,False,TRAPPIST-1e,False,0.0,4534.0,0.0,617.0,1156.0,7744,B,S,Student,roomgroupA
7744_02,Europa,True,TRAPPIST-1e,False,0.0,0.0,0.0,0.0,0.0,7744,B,S,Adult,roomgroupA
7746_01,Europa,True,55 Cancri e,False,0.0,0.0,0.0,0.0,0.0,7746,G,S,Unknown,roomgroupA
7747_01,Mars,False,TRAPPIST-1e,False,688.0,31.0,1880.0,0.0,,7747,F,P,Adult,roomgroupA
7748_01,Europa,False,TRAPPIST-1e,False,18.0,1451.0,0.0,279.0,64.0,7748,A,S,Adult,roomgroupA
7748_02,Europa,False,TRAPPIST-1e,True,0.0,395.0,0.0,1012.0,1080.0,7748,A,S,Adult,roomgroupA
7749_01,Mars,True,55 Cancri e,False,0.0,0.0,0.0,0.0,0.0,7749,D,P,Young Adult,roomgroupA
7749_02,Mars,False,TRAPPIST-1e,False,416.0,56.0,1912.0,0.0,0.0,7749,D,P,Adult,roomgroupA
7751_01,Europa,True,55 Cancri e,False,0.0,0.0,0.0,0.0,0.0,7751,C,P,Adult,roomgroupA
7752_01,Earth,False,PSO J318.5-22,False,0.0,0.0,0.0,746.0,1.0,7752,F,S,Student,roomgroupA
7753_01,Earth,True,55 Cancri e,False,0.0,0.0,0.0,0.0,0.0,7753,G,P,Unknown,roomgroupA
7754_01,Europa,False,55 Cancri e,False,1.0,2670.0,34.0,542.0,1339.0,7754,B,S,Adult,roomgroupA
7755_01,Earth,True,TRAPPIST-1e,False,0.0,0.0,0.0,0.0,0.0,7755,E,P,Student,roomgroupA
7757_01,Europa,True,TRAPPIST-1e,False,0.0,0.0,0.0,0.0,0.0,7757,B,S,Young Adult,roomgroupA
7757_02,Europa,False,TRAPPIST-1e,False,0.0,8948.0,0.0,153.0,872.0,7757,B,S,Adult,roomgroupA
7760_01,Earth,False,PSO J318.5-22,False,0.0,494.0,0.0,0.0,213.0,7760,G,S,Young Adult,roomgroupA
7761_01,Earth,False,TRAPPIST-1e,False,1.0,0.0,0.0,237.0,553.0,7761,F,P,Student,roomgroupA
7761_02,Earth,True,55 Cancri e,False,0.0,0.0,0.0,0.0,0.0,7761,G,P,Child,roomgroupA
7763_01,Earth,False,55 Cancri e,,325.0,0.0,19.0,506.0,2.0,7763,G,S,Teenager,roomgroupA
7764_01,Earth,False,TRAPPIST-1e,False,1405.0,0.0,14.0,2.0,163.0,7764,F,P,Young Adult,roomgroupA
7767_01,Earth,True,PSO J318.5-22,False,0.0,0.0,0.0,0.0,0.0,7767,G,S,Student,roomgroupA
7768_01,Earth,False,TRAPPIST-1e,False,0.0,268.0,239.0,127.0,0.0,7768,F,S,Teenager,roomgroupA
7769_01,Earth,False,TRAPPIST-1e,False,98.0,499.0,0.0,142.0,52.0,7769,E,P,Student,roomgroupA
7770_01,Earth,False,TRAPPIST-1e,False,527.0,124.0,37.0,290.0,30.0,7770,G,S,Teenager,roomgroupA
7770_02,Earth,False,55 Cancri e,False,748.0,0.0,0.0,0.0,487.0,7770,F,S,Student,roomgroupA
7771_01,Earth,False,TRAPPIST-1e,False,0.0,,692.0,18.0,0.0,7771,G,S,Student,roomgroupA
7773_01,Earth,True,TRAPPIST-1e,False,0.0,0.0,0.0,0.0,0.0,7773,G,P,Teenager,roomgroupA
7774_01,Mars,False,55 Cancri e,False,1146.0,16.0,39.0,0.0,518.0,7774,D,P,Senior,roomgroupA
7775_01,Europa,False,55 Cancri e,False,7.0,489.0,0.0,4.0,6027.0,7775,C,P,Young Adult,roomgroupA
7776_01,Europa,False,,False,0.0,412.0,0.0,5491.0,234.0,7776,D,P,Adult,roomgroupA
7777_01,Earth,True,PSO J318.5-22,False,0.0,0.0,0.0,0.0,0.0,7777,G,P,Student,roomgroupA
7778_01,Mars,False,TRAPPIST-1e,False,1199.0,33.0,346.0,0.0,0.0,7778,F,S,Young Adult,roomgroupA
7778_02,Mars,True,TRAPPIST-1e,False,0.0,0.0,0.0,0.0,0.0,7778,E,S,Teenager,roomgroupA
7780_01,Earth,False,55 Cancri e,False,0.0,53.0,615.0,9.0,0.0,7780,F,P,Young Adult,roomgroupA
7782_01,Europa,False,55 Cancri e,False,0.0,73.0,31.0,8493.0,9065.0,7782,C,S,Young Adult,roomgroupA
7782_02,Europa,False,TRAPPIST-1e,False,0.0,180.0,0.0,778.0,4973.0,7782,C,S,Young Adult,roomgroupA
7783_01,Mars,True,TRAPPIST-1e,False,0.0,0.0,0.0,0.0,0.0,7783,F,S,Student,roomgroupA
7784_01,Mars,True,TRAPPIST-1e,False,0.0,0.0,0.0,0.0,0.0,7784,F,P,Young Adult,roomgroupA
7785_01,Earth,False,TRAPPIST-1e,False,406.0,0.0,52.0,0.0,387.0,7785,G,S,Teenager,roomgroupA
7786_01,Earth,False,TRAPPIST-1e,False,0.0,0.0,0.0,45.0,3372.0,7786,F,P,Adult,roomgroupA
7787_01,Europa,False,55 Cancri e,False,258.0,1541.0,0.0,,621.0,7787,B,S,Adult,roomgroupA
7787_02,Europa,True,TRAPPIST-1e,False,0.0,0.0,0.0,0.0,0.0,7787,G,S,Student,roomgroupA
7788_01,Earth,False,PSO J318.5-22,False,0.0,0.0,110.0,538.0,0.0,7788,F,S,Adult,roomgroupA
7789_01,Earth,False,TRAPPIST-1e,False,,368.0,0.0,304.0,741.0,7789,F,S,Young Adult,roomgroupA
7790_01,,True,TRAPPIST-1e,False,0.0,0.0,0.0,0.0,0.0,7790,F,S,Young Adult,roomgroupA
7790_02,Mars,False,55 Cancri e,False,810.0,0.0,132.0,198.0,0.0,7790,F,S,Adult,roomgroupA
7790_03,Mars,True,TRAPPIST-1e,False,0.0,0.0,0.0,0.0,0.0,7790,F,S,Young Adult,roomgroupA
7791_01,Earth,False,55 Cancri e,False,19.0,261.0,208.0,0.0,214.0,7791,F,S,Senior,roomgroupA
7793_01,,False,TRAPPIST-1e,False,0.0,0.0,0.0,0.0,2141.0,7793,F,P,Student,roomgroupA
7797_01,Earth,False,TRAPPIST-1e,False,358.0,303.0,0.0,0.0,131.0,7797,E,P,Adult,roomgroupA
7800_01,Earth,True,TRAPPIST-1e,False,0.0,0.0,,0.0,0.0,7800,G,P,Teenager,roomgroupA
7801_01,,False,55 Cancri e,False,1720.0,2337.0,0.0,1.0,335.0,7801,G,S,Student,roomgroupA
7802_01,Mars,False,TRAPPIST-1e,False,166.0,634.0,419.0,201.0,1178.0,7802,F,P,Young Adult,roomgroupA
7803_01,Earth,False,55 Cancri e,False,0.0,0.0,0.0,0.0,0.0,7803,G,P,Baby,roomgroupA
7803_02,Earth,True,55 Cancri e,False,0.0,0.0,0.0,0.0,0.0,7803,G,P,Student,roomgroupA
7805_01,Earth,False,TRAPPIST-1e,False,0.0,0.0,0.0,0.0,0.0,7805,G,P,Adult,roomgroupA
7806_01,Earth,False,55 Cancri e,False,0.0,688.0,0.0,0.0,1.0,7806,F,P,Young Adult,roomgroupA
7808_01,Earth,False,TRAPPIST-1e,False,0.0,79.0,53.0,,0.0,7808,G,P,Young Adult,roomgroupA
7809_01,Mars,True,TRAPPIST-1e,False,0.0,0.0,,0.0,0.0,7809,F,S,Young Adult,roomgroupA
7809_02,Mars,True,TRAPPIST-1e,False,0.0,0.0,0.0,0.0,,7809,F,S,Young Adult,roomgroupA
7810_01,Earth,False,TRAPPIST-1e,,769.0,0.0,0.0,1.0,729.0,7810,F,S,Student,roomgroupA
7812_01,Mars,False,TRAPPIST-1e,False,1333.0,0.0,50.0,0.0,0.0,7812,F,S,Young Adult,roomgroupA
7813_01,Earth,False,TRAPPIST-1e,False,0.0,55.0,0.0,740.0,85.0,7813,F,P,Young Adult,roomgroupA
7815_01,Earth,False,PSO J318.5-22,False,0.0,605.0,0.0,0.0,0.0,7815,F,S,Young Adult,roomgroupA
7816_01,Earth,,PSO J318.5-22,False,0.0,925.0,0.0,0.0,0.0,7816,F,S,Adult,roomgroupA
7818_01,Earth,True,TRAPPIST-1e,False,0.0,0.0,0.0,0.0,0.0,7818,G,P,Student,roomgroupA
7820_01,Earth,False,55 Cancri e,False,0.0,0.0,809.0,0.0,0.0,7820,G,P,Young Adult,roomgroupA
7821_01,,False,TRAPPIST-1e,False,535.0,3.0,17.0,0.0,214.0,7821,G,S,Student,roomgroupA
7824_01,Earth,False,PSO J318.5-22,False,0.0,76.0,0.0,993.0,6.0,7824,F,P,Student,roomgroupA
7828_01,Earth,True,TRAPPIST-1e,False,0.0,0.0,0.0,0.0,0.0,7828,G,S,Young Adult,roomgroupA
7829_01,Earth,True,TRAPPIST-1e,False,0.0,0.0,0.0,0.0,0.0,7829,G,S,Baby,roomgroupA
7830_01,Earth,True,PSO J318.5-22,False,0.0,0.0,0.0,0.0,0.0,7830,G,S,Student,roomgroupA
7830_02,Earth,True,PSO J318.5-22,False,0.0,0.0,0.0,0.0,0.0,7830,G,S,Baby,roomgroupA
7830_03,Earth,False,TRAPPIST-1e,False,0.0,,0.0,17.0,655.0,7830,G,S,Adult,roomgroupA
7830_04,,False,TRAPPIST-1e,False,0.0,0.0,0.0,0.0,0.0,7830,G,S,Baby,roomgroupA
7831_01,Mars,False,TRAPPIST-1e,False,1095.0,0.0,54.0,0.0,0.0,7831,F,P,Teenager,roomgroupA
7832_01,Mars,False,TRAPPIST-1e,False,1823.0,36.0,81.0,0.0,0.0,7832,D,S,Student,roomgroupA
7833_01,Europa,False,55 Cancri e,False,0.0,3424.0,6.0,2445.0,1128.0,7833,B,S,Young Adult,roomgroupA
7833_02,Europa,False,TRAPPIST-1e,False,11.0,3299.0,0.0,1013.0,15.0,7833,B,S,Young Adult,roomgroupA
7834_01,Earth,False,TRAPPIST-1e,False,482.0,967.0,349.0,19.0,0.0,7834,G,S,Young Adult,roomgroupA
7835_01,Earth,True,PSO J318.5-22,False,0.0,0.0,0.0,0.0,0.0,7835,G,S,Young Adult,roomgroupA
7837_01,Europa,True,55 Cancri e,False,0.0,0.0,0.0,0.0,0.0,7837,B,S,Adult,roomgroupA
7837_02,Europa,True,TRAPPIST-1e,False,0.0,0.0,0.0,0.0,0.0,7837,B,S,Adult,roomgroupA
7839_01,Earth,False,TRAPPIST-1e,False,0.0,0.0,0.0,0.0,0.0,7839,G,P,Student,roomgroupA
7840_01,Earth,False,PSO J318.5-22,False,328.0,0.0,0.0,24.0,309.0,7840,F,S,Student,roomgroupA
7841_01,Earth,False,PSO J318.5-22,False,6.0,25.0,0.0,5250.0,0.0,7841,G,P,Adult,roomgroupA
7841_02,Earth,False,PSO J318.5-22,False,0.0,0.0,501.0,242.0,0.0,7841,F,P,Adult,roomgroupA
7842_01,Mars,False,TRAPPIST-1e,False,52.0,0.0,1185.0,61.0,0.0,7842,E,S,Adult,roomgroupA
7843_01,Mars,True,TRAPPIST-1e,False,0.0,0.0,0.0,0.0,0.0,7843,G,S,Senior,roomgroupA
7845_01,Europa,True,55 Cancri e,False,0.0,0.0,0.0,0.0,0.0,7845,B,S,Young Adult,roomgroupA
7847_01,Earth,False,TRAPPIST-1e,False,0.0,9.0,617.0,0.0,281.0,7847,G,P,Young Adult,roomgroupA
7848_01,Mars,,TRAPPIST-1e,False,1052.0,0.0,635.0,0.0,0.0,7848,G,S,Young Adult,roomgroupA
7848_02,Mars,True,TRAPPIST-1e,False,0.0,0.0,0.0,0.0,0.0,7848,F,S,Adult,roomgroupA
7849_01,Earth,False,TRAPPIST-1e,False,558.0,63.0,0.0,0.0,0.0,7849,G,S,Student,roomgroupA
7850_01,Mars,True,TRAPPIST-1e,False,0.0,0.0,0.0,0.0,0.0,7850,E,S,Adult,roomgroupA
7851_01,Mars,True,TRAPPIST-1e,False,0.0,0.0,0.0,0.0,0.0,7851,F,P,Adult,roomgroupA
7852_01,Earth,False,TRAPPIST-1e,False,0.0,6.0,0.0,981.0,0.0,7852,E,P,Teenager,roomgroupA
7853_01,,False,TRAPPIST-1e,False,1227.0,773.0,14.0,0.0,0.0,7853,F,S,Adult,roomgroupA
7853_02,Mars,False,TRAPPIST-1e,False,166.0,0.0,297.0,835.0,0.0,7853,E,S,Young Adult,roomgroupA
7853_03,Mars,True,TRAPPIST-1e,False,0.0,0.0,0.0,0.0,0.0,7853,F,S,Child,roomgroupA
7856_01,Earth,False,TRAPPIST-1e,,0.0,0.0,0.0,156.0,620.0,7856,F,S,Young Adult,roomgroupA
7858_01,Earth,False,TRAPPIST-1e,False,9.0,0.0,0.0,25.0,811.0,7858,G,P,Student,roomgroupA
7858_02,Earth,False,55 Cancri e,False,0.0,11.0,0.0,863.0,0.0,7858,F,P,Teenager,roomgroupA
7858_03,Earth,False,TRAPPIST-1e,False,634.0,60.0,134.0,0.0,0.0,7858,F,P,Adult,roomgroupA
7859_01,,False,TRAPPIST-1e,False,550.0,0.0,738.0,0.0,0.0,7859,F,S,Student,roomgroupA
7861_01,Earth,True,TRAPPIST-1e,,0.0,0.0,0.0,0.0,0.0,7861,G,P,Child,roomgroupA
7863_01,Earth,False,TRAPPIST-1e,False,99.0,516.0,1967.0,0.0,6.0,7863,F,S,Teenager,roomgroupA
7864_01,Earth,False,55 Cancri e,False,19.0,443.0,1769.0,0.0,3.0,7864,F,S,Adult,roomgroupA
7865_01,Europa,True,PSO J318.5-22,False,0.0,0.0,0.0,0.0,0.0,7865,C,S,Young Adult,roomgroupA
7865_02,Europa,True,TRAPPIST-1e,False,0.0,0.0,0.0,0.0,0.0,7865,C,S,Young Adult,roomgroupA
7865_03,Europa,True,55 Cancri e,False,0.0,0.0,0.0,0.0,0.0,7865,C,S,Adult,roomgroupA
7866_01,Europa,False,55 Cancri e,False,0.0,16856.0,0.0,4344.0,977.0,7866,C,P,Adult,roomgroupA
7868_01,Earth,False,55 Cancri e,False,6256.0,0.0,0.0,1.0,21.0,7868,E,S,Teenager,roomgroupA
7870_01,Europa,True,TRAPPIST-1e,False,0.0,0.0,0.0,0.0,0.0,7870,B,P,Adult,roomgroupA
7871_01,Earth,True,TRAPPIST-1e,False,0.0,0.0,0.0,0.0,0.0,7871,G,S,Student,roomgroupA
7872_01,Earth,,TRAPPIST-1e,False,0.0,0.0,0.0,0.0,0.0,7872,G,P,Baby,roomgroupA
7872_02,Earth,False,TRAPPIST-1e,False,0.0,0.0,0.0,1714.0,0.0,7872,G,P,Adult,roomgroupA
7872_03,Earth,False,TRAPPIST-1e,False,131.0,124.0,408.0,196.0,9.0,7872,F,P,Young Adult,roomgroupA
7872_04,Earth,False,TRAPPIST-1e,False,0.0,0.0,0.0,0.0,0.0,7872,G,P,Child,roomgroupA
7872_05,Earth,True,TRAPPIST-1e,False,0.0,0.0,0.0,0.0,0.0,7872,G,P,Baby,roomgroupA
7872_06,Earth,False,PSO J318.5-22,False,0.0,0.0,0.0,0.0,0.0,7872,G,P,Child,roomgroupA
7873_01,,False,TRAPPIST-1e,False,569.0,156.0,0.0,12.0,0.0,7873,F,P,Young Adult,roomgroupA
7873_02,Earth,False,TRAPPIST-1e,False,0.0,721.0,0.0,25.0,1.0,7873,F,P,Student,roomgroupA
7875_01,Europa,True,55 Cancri e,False,0.0,0.0,0.0,0.0,0.0,7875,B,S,Young Adult,roomgroupA
7877_01,Earth,False,TRAPPIST-1e,False,0.0,1738.0,0.0,19.0,0.0,7877,G,P,Adult,roomgroupA
7878_01,Earth,False,TRAPPIST-1e,False,0.0,0.0,32.0,0.0,673.0,7878,G,P,Student,roomgroupA
7879_01,Earth,False,TRAPPIST-1e,False,0.0,478.0,71.0,11.0,162.0,7879,G,P,Young Adult,roomgroupA
7881_01,Earth,False,TRAPPIST-1e,False,248.0,,0.0,4.0,0.0,7881,F,S,Adult,roomgroupA
7882_01,Earth,True,TRAPPIST-1e,False,0.0,0.0,0.0,0.0,0.0,7882,G,P,Young Adult,roomgroupA
7882_02,Earth,False,TRAPPIST-1e,False,0.0,0.0,0.0,0.0,0.0,7882,G,P,Child,roomgroupA
7883_01,Earth,True,TRAPPIST-1e,False,0.0,0.0,0.0,0.0,0.0,7883,G,P,Adult,roomgroupA
7884_01,Mars,False,TRAPPIST-1e,False,1610.0,2.0,465.0,0.0,0.0,7884,E,P,Student,roomgroupA
7885_01,Earth,True,TRAPPIST-1e,False,0.0,0.0,0.0,0.0,0.0,7885,G,P,Young Adult,roomgroupA
7886_01,Earth,False,TRAPPIST-1e,False,0.0,11.0,0.0,8.0,827.0,7886,G,P,Teenager,roomgroupA
7888_01,Earth,False,TRAPPIST-1e,False,37.0,0.0,644.0,0.0,177.0,7888,E,S,Young Adult,roomgroupA
7889_01,Europa,True,PSO J318.5-22,False,0.0,0.0,0.0,0.0,0.0,7889,C,P,Adult,roomgroupA
7890_01,Earth,False,TRAPPIST-1e,False,0.0,268.0,0.0,109.0,594.0,7890,F,S,Adult,roomgroupA
7890_02,Earth,True,55 Cancri e,False,0.0,0.0,0.0,0.0,0.0,7890,G,S,Teenager,roomgroupA
7890_03,Earth,True,TRAPPIST-1e,False,0.0,0.0,0.0,0.0,0.0,7890,G,S,Teenager,roomgroupA
7891_01,Earth,True,55 Cancri e,False,0.0,0.0,0.0,0.0,0.0,7891,G,S,Baby,roomgroupA
7891_02,Earth,,TRAPPIST-1e,False,34.0,1.0,0.0,824.0,29.0,7891,G,S,Teenager,roomgroupA
7892_01,Mars,False,TRAPPIST-1e,False,196.0,0.0,744.0,0.0,0.0,7892,F,P,Student,roomgroupA
7894_01,Earth,False,55 Cancri e,False,46.0,68.0,589.0,88.0,0.0,7894,E,S,Young Adult,roomgroupA
7895_01,Earth,False,55 Cancri e,False,102.0,9.0,21.0,464.0,104.0,7895,F,S,Student,roomgroupA
7897_01,Europa,True,55 Cancri e,,0.0,0.0,0.0,0.0,0.0,7897,C,S,Adult,roomgroupA
7899_01,Earth,True,TRAPPIST-1e,False,0.0,0.0,0.0,0.0,0.0,7899,G,S,Senior,roomgroupA
7899_02,Earth,False,TRAPPIST-1e,False,0.0,0.0,14.0,785.0,10.0,7899,G,S,Adult,roomgroupA
7899_03,Earth,True,TRAPPIST-1e,False,0.0,0.0,0.0,0.0,0.0,7899,G,S,Baby,roomgroupA
7901_01,Mars,True,TRAPPIST-1e,False,0.0,0.0,0.0,0.0,0.0,7901,F,S,Adult,roomgroupA
7902_01,Earth,,TRAPPIST-1e,False,0.0,0.0,0.0,0.0,0.0,7902,G,P,Senior,roomgroupA
7902_02,Earth,True,PSO J318.5-22,False,0.0,0.0,0.0,0.0,0.0,7902,G,P,Teenager,roomgroupA
7902_03,Earth,True,TRAPPIST-1e,False,0.0,0.0,0.0,0.0,0.0,7902,G,P,Adult,roomgroupA
7902_04,Earth,False,TRAPPIST-1e,False,1.0,700.0,0.0,7.0,136.0,7902,G,P,Student,roomgroupA
7903_01,Earth,False,TRAPPIST-1e,False,472.0,0.0,0.0,173.0,0.0,7903,F,P,Adult,roomgroupA
7904_01,Earth,True,TRAPPIST-1e,False,0.0,0.0,0.0,0.0,0.0,7904,G,S,Adult,roomgroupA
7904_02,Earth,False,TRAPPIST-1e,False,485.0,8.0,3958.0,0.0,0.0,7904,G,P,Young Adult,roomgroupA
7905_01,Europa,False,TRAPPIST-1e,False,0.0,87.0,0.0,2263.0,224.0,7905,C,S,Young Adult,roomgroupA
7905_02,Europa,True,TRAPPIST-1e,False,0.0,0.0,0.0,,0.0,7905,C,S,Adult,roomgroupA
7905_03,Europa,False,55 Cancri e,,1432.0,1283.0,0.0,178.0,5034.0,7905,C,S,Young Adult,roomgroupA
7907_01,Mars,True,TRAPPIST-1e,False,0.0,0.0,0.0,0.0,0.0,7907,F,S,Young Adult,roomgroupA
7908_01,Europa,True,55 Cancri e,False,0.0,0.0,0.0,0.0,0.0,7908,B,S,Young Adult,roomgroupA
7910_01,Earth,False,,False,4.0,637.0,0.0,0.0,3.0,7910,F,P,Young Adult,roomgroupA
7913_01,Earth,True,TRAPPIST-1e,False,0.0,0.0,0.0,0.0,0.0,7913,G,S,Unknown,roomgroupA
7914_01,Earth,True,TRAPPIST-1e,False,0.0,0.0,0.0,0.0,0.0,7914,G,P,Student,roomgroupA
7914_02,Earth,False,TRAPPIST-1e,False,0.0,80.0,106.0,344.0,0.0,7914,G,P,Young Adult,roomgroupA
7914_03,Earth,False,TRAPPIST-1e,False,397.0,0.0,321.0,0.0,5.0,7914,G,P,Adult,roomgroupA
7916_01,Earth,True,TRAPPIST-1e,False,0.0,0.0,0.0,0.0,0.0,7916,G,P,Adult,roomgroupA
7918_01,Mars,True,TRAPPIST-1e,False,0.0,0.0,0.0,0.0,0.0,7918,F,P,Young Adult,roomgroupA
7919_01,Earth,False,TRAPPIST-1e,False,90.0,0.0,817.0,0.0,0.0,7919,G,P,Student,roomgroupA
7920_01,Mars,True,TRAPPIST-1e,False,0.0,0.0,0.0,0.0,0.0,7920,F,S,Adult,roomgroupA
7922_01,Earth,False,TRAPPIST-1e,False,3030.0,79.0,0.0,0.0,0.0,7922,F,S,Adult,roomgroupA
7924_01,Earth,False,TRAPPIST-1e,False,589.0,57.0,0.0,0.0,0.0,7924,F,P,Young Adult,roomgroupA
7926_01,Earth,False,TRAPPIST-1e,False,0.0,0.0,,365.0,1216.0,7926,E,P,Young Adult,roomgroupA
7929_01,Europa,False,TRAPPIST-1e,False,0.0,910.0,58.0,1654.0,1217.0,7929,B,S,Young Adult,roomgroupA
7930_01,Earth,True,TRAPPIST-1e,False,0.0,0.0,0.0,0.0,0.0,7930,G,S,Teenager,roomgroupA
7935_01,Earth,False,TRAPPIST-1e,False,84.0,0.0,6.0,811.0,2.0,7935,F,S,Adult,roomgroupA
7936_01,Earth,False,TRAPPIST-1e,False,7.0,0.0,622.0,0.0,0.0,7936,F,P,Student,roomgroupA
7936_02,Earth,False,TRAPPIST-1e,False,0.0,0.0,0.0,0.0,0.0,7936,G,P,Unknown,roomgroupA
7936_03,Earth,False,TRAPPIST-1e,False,0.0,0.0,,0.0,0.0,7936,G,P,Child,roomgroupA
7937_01,Europa,False,TRAPPIST-1e,False,0.0,9532.0,0.0,2326.0,461.0,7937,D,S,Adult,roomgroupA
7937_02,Europa,True,55 Cancri e,False,0.0,0.0,0.0,0.0,0.0,7937,D,S,Young Adult,roomgroupA
7939_01,Earth,False,TRAPPIST-1e,False,0.0,593.0,0.0,259.0,0.0,7939,G,S,Young Adult,roomgroupA
7940_01,Earth,False,TRAPPIST-1e,False,580.0,0.0,447.0,6.0,0.0,7940,F,S,Adult,roomgroupA
7941_01,Europa,False,TRAPPIST-1e,False,0.0,116.0,10705.0,9181.0,10.0,7941,C,P,Adult,roomgroupA
7943_01,Europa,True,55 Cancri e,False,0.0,0.0,0.0,0.0,0.0,7943,B,P,Teenager,roomgroupA
7943_02,Europa,False,PSO J318.5-22,True,2.0,6504.0,0.0,98.0,4.0,7943,B,P,Adult,roomgroupA
7944_01,Europa,False,TRAPPIST-1e,False,31.0,804.0,1.0,4732.0,2577.0,7944,D,S,Teenager,roomgroupA
7944_02,Europa,True,TRAPPIST-1e,False,0.0,0.0,0.0,0.0,0.0,7944,D,S,Adult,roomgroupA
7945_01,Mars,True,TRAPPIST-1e,False,0.0,0.0,0.0,0.0,0.0,7945,F,S,Student,roomgroupA
7946_01,Earth,False,PSO J318.5-22,False,0.0,0.0,604.0,0.0,91.0,7946,F,P,Young Adult,roomgroupA
7947_01,Mars,False,TRAPPIST-1e,False,1811.0,1.0,57.0,0.0,0.0,7947,F,P,Young Adult,roomgroupA
7949_01,Earth,,TRAPPIST-1e,False,0.0,14.0,0.0,2330.0,0.0,7949,G,S,Adult,roomgroupA
7950_01,,False,TRAPPIST-1e,False,0.0,1620.0,159.0,,0.0,7950,G,P,Adult,roomgroupA
7950_02,Earth,True,TRAPPIST-1e,False,0.0,0.0,0.0,0.0,0.0,7950,G,P,Unknown,roomgroupA
7950_03,Earth,False,55 Cancri e,False,10.0,0.0,624.0,0.0,85.0,7950,E,P,Student,roomgroupA
7950_04,Earth,True,TRAPPIST-1e,False,0.0,0.0,0.0,0.0,0.0,7950,G,P,Young Adult,roomgroupA
7952_01,Mars,False,,False,100.0,0.0,38.0,1211.0,0.0,7952,F,S,Senior,roomgroupA
7952_02,Mars,False,TRAPPIST-1e,False,868.0,0.0,686.0,520.0,24.0,7952,E,S,Adult,roomgroupA
7954_01,Earth,False,55 Cancri e,False,30.0,0.0,0.0,0.0,780.0,7954,G,S,Young Adult,roomgroupA
7955_01,Earth,False,TRAPPIST-1e,False,640.0,0.0,144.0,104.0,0.0,7955,G,P,Student,roomgroupA
7957_01,Earth,True,PSO J318.5-22,False,0.0,0.0,0.0,0.0,0.0,7957,G,S,Student,roomgroupA
7958_01,Mars,True,TRAPPIST-1e,False,0.0,0.0,0.0,0.0,0.0,7958,E,S,Young Adult,roomgroupA
7960_01,Earth,False,TRAPPIST-1e,False,1.0,7.0,,689.0,0.0,7960,F,P,Student,roomgroupA
7962_01,Earth,False,TRAPPIST-1e,False,0.0,360.0,0.0,25.0,1340.0,7962,G,P,Teenager,roomgroupA
7967_01,Earth,False,TRAPPIST-1e,False,691.0,0.0,0.0,,15.0,7967,G,S,Student,roomgroupA
7968_01,Mars,False,TRAPPIST-1e,False,376.0,0.0,858.0,0.0,31.0,7968,D,S,Adult,roomgroupA
7970_01,Europa,False,55 Cancri e,False,0.0,3492.0,0.0,506.0,8.0,7970,C,P,Student,roomgroupA
7972_01,Europa,True,55 Cancri e,False,0.0,0.0,0.0,0.0,0.0,7972,B,P,Young Adult,roomgroupA
7972_02,Europa,False,TRAPPIST-1e,False,,246.0,25.0,42.0,3730.0,7972,B,P,Adult,roomgroupA
7973_01,,True,TRAPPIST-1e,False,0.0,0.0,0.0,0.0,0.0,7973,C,S,Young Adult,roomgroupA
7974_01,Europa,False,TRAPPIST-1e,False,0.0,2318.0,1127.0,2423.0,115.0,7974,C,P,Young Adult,roomgroupA
7974_02,Europa,False,TRAPPIST-1e,False,0.0,36.0,89.0,948.0,927.0,7974,C,P,Unknown,roomgroupA
7976_01,Earth,True,PSO J318.5-22,False,0.0,0.0,0.0,0.0,0.0,7976,G,S,Teenager,roomgroupA
7981_01,Earth,False,TRAPPIST-1e,False,24.0,174.0,0.0,509.0,15.0,7981,F,P,Young Adult,roomgroupA
7981_02,Earth,False,TRAPPIST-1e,False,31.0,0.0,1.0,25.0,757.0,7981,G,P,Student,roomgroupA
7982_01,Europa,True,TRAPPIST-1e,False,0.0,0.0,0.0,0.0,0.0,7982,B,P,Young Adult,roomgroupA
7982_02,Europa,True,TRAPPIST-1e,False,0.0,0.0,0.0,0.0,0.0,7982,B,P,Student,roomgroupA
7983_01,Europa,True,TRAPPIST-1e,False,0.0,0.0,0.0,0.0,0.0,7983,G,S,Adult,roomgroupA
7984_01,Mars,False,TRAPPIST-1e,False,0.0,0.0,0.0,0.0,0.0,7984,F,P,Baby,roomgroupA
7984_02,Mars,True,TRAPPIST-1e,False,0.0,0.0,0.0,0.0,0.0,7984,F,P,Young Adult,roomgroupA
7984_03,Mars,False,TRAPPIST-1e,False,649.0,0.0,622.0,0.0,0.0,7984,F,P,Student,roomgroupA
7984_04,Mars,False,TRAPPIST-1e,False,0.0,0.0,0.0,0.0,0.0,7984,F,P,Baby,roomgroupA
7985_01,Earth,False,TRAPPIST-1e,,1969.0,0.0,310.0,0.0,0.0,7985,F,P,Student,roomgroupA
7986_01,Mars,False,TRAPPIST-1e,False,838.0,45.0,455.0,0.0,0.0,7986,F,P,Student,roomgroupA
7987_01,Mars,False,TRAPPIST-1e,False,3809.0,0.0,21.0,0.0,1.0,7987,D,P,Adult,roomgroupA
7988_01,Europa,True,TRAPPIST-1e,False,0.0,0.0,0.0,0.0,0.0,7988,B,S,Adult,roomgroupA
7989_01,Earth,True,PSO J318.5-22,False,0.0,0.0,0.0,0.0,0.0,7989,G,S,Young Adult,roomgroupA
7990_01,Earth,True,55 Cancri e,False,0.0,0.0,0.0,0.0,0.0,7990,G,P,Student,roomgroupA
7993_01,Europa,True,TRAPPIST-1e,False,0.0,0.0,0.0,0.0,0.0,7993,A,S,Adult,roomgroupA
7993_02,Europa,True,55 Cancri e,True,0.0,0.0,0.0,0.0,0.0,7993,A,S,Adult,roomgroupA
7994_01,Earth,False,PSO J318.5-22,False,153.0,0.0,0.0,388.0,0.0,7994,G,P,Young Adult,roomgroupA
7995_01,Europa,True,TRAPPIST-1e,False,0.0,0.0,0.0,0.0,0.0,7995,G,S,Adult,roomgroupA
7996_01,Earth,False,TRAPPIST-1e,False,17.0,334.0,708.0,17.0,366.0,7996,F,P,Adult,roomgroupA
7999_01,Europa,True,55 Cancri e,False,0.0,0.0,0.0,0.0,0.0,7999,B,P,Young Adult,roomgroupA
8000_01,Earth,False,TRAPPIST-1e,False,0.0,0.0,,0.0,0.0,8000,G,S,Baby,roomgroupA
8000_02,Earth,True,TRAPPIST-1e,False,0.0,0.0,0.0,0.0,0.0,8000,G,S,Teenager,roomgroupA
8003_01,Mars,False,TRAPPIST-1e,False,0.0,0.0,0.0,0.0,0.0,8003,F,P,Child,roomgroupA
8004_01,Mars,True,55 Cancri e,False,0.0,0.0,0.0,0.0,0.0,8004,F,S,Adult,roomgroupA
8005_01,Earth,False,55 Cancri e,False,0.0,15.0,0.0,548.0,124.0,8005,F,S,Student,roomgroupA
8005_02,Earth,True,PSO J318.5-22,False,0.0,0.0,0.0,0.0,0.0,8005,G,S,Teenager,roomgroupA
8005_03,Earth,False,TRAPPIST-1e,False,676.0,0.0,0.0,0.0,40.0,8005,F,S,Adult,roomgroupA
8006_01,Earth,False,TRAPPIST-1e,False,0.0,1145.0,0.0,0.0,371.0,8006,F,S,Student,roomgroupA
8007_01,Earth,False,TRAPPIST-1e,False,0.0,0.0,1.0,886.0,0.0,8007,G,P,Young Adult,roomgroupA
8007_02,Earth,False,PSO J318.5-22,False,0.0,0.0,92.0,1492.0,0.0,8007,E,P,Young Adult,roomgroupA
8010_01,Europa,False,TRAPPIST-1e,False,0.0,2593.0,0.0,98.0,0.0,8010,C,S,Adult,roomgroupA
8012_01,Mars,True,TRAPPIST-1e,False,0.0,0.0,0.0,0.0,0.0,8012,F,S,Young Adult,roomgroupA
8012_02,Mars,False,TRAPPIST-1e,False,0.0,0.0,0.0,0.0,0.0,8012,E,S,Teenager,roomgroupA
8012_03,Mars,True,TRAPPIST-1e,False,0.0,0.0,0.0,0.0,0.0,8012,F,S,Young Adult,roomgroupA
8014_01,Earth,True,TRAPPIST-1e,False,0.0,0.0,0.0,0.0,0.0,8014,G,S,Adult,roomgroupA
8015_01,Europa,,TRAPPIST-1e,False,0.0,0.0,0.0,0.0,,8015,B,S,Baby,roomgroupA
8015_02,Europa,False,TRAPPIST-1e,False,0.0,244.0,0.0,5432.0,2302.0,8015,B,S,Adult,roomgroupA
8015_03,Europa,True,55 Cancri e,False,0.0,0.0,0.0,0.0,0.0,8015,B,S,Young Adult,roomgroupA
8016_01,Earth,False,TRAPPIST-1e,False,0.0,10.0,0.0,595.0,381.0,8016,E,S,Teenager,roomgroupA
8018_01,Earth,False,TRAPPIST-1e,False,0.0,0.0,5.0,1268.0,26.0,8018,F,S,Adult,roomgroupA
8019_01,Mars,True,TRAPPIST-1e,False,0.0,0.0,0.0,0.0,0.0,8019,F,P,Student,roomgroupA
8020_01,Earth,False,TRAPPIST-1e,False,668.0,79.0,0.0,0.0,1.0,8020,F,P,Student,roomgroupA
8021_01,Earth,True,TRAPPIST-1e,False,0.0,0.0,0.0,0.0,0.0,8021,G,P,Student,roomgroupA
8023_01,Europa,False,TRAPPIST-1e,False,0.0,4545.0,271.0,199.0,1377.0,8023,D,P,Teenager,roomgroupA
8023_02,Europa,True,TRAPPIST-1e,False,0.0,0.0,0.0,0.0,0.0,8023,D,P,Young Adult,roomgroupA
8024_01,Earth,False,TRAPPIST-1e,False,16.0,0.0,722.0,2.0,89.0,8024,F,S,Senior,roomgroupA
8025_01,Europa,False,TRAPPIST-1e,False,0.0,0.0,0.0,0.0,0.0,8025,B,P,Young Adult,roomgroupA
8026_01,Mars,True,TRAPPIST-1e,False,0.0,0.0,0.0,0.0,0.0,8026,F,S,Young Adult,roomgroupA
8027_01,Earth,False,TRAPPIST-1e,False,0.0,0.0,0.0,0.0,0.0,8027,G,S,Teenager,roomgroupA
8027_02,Earth,False,55 Cancri e,False,31.0,225.0,331.0,0.0,14.0,8027,F,S,Young Adult,roomgroupA
8029_01,Earth,False,TRAPPIST-1e,False,779.0,0.0,3.0,57.0,0.0,8029,G,S,Young Adult,roomgroupA
8030_01,Earth,True,PSO J318.5-22,False,,0.0,0.0,0.0,0.0,8030,G,S,Young Adult,roomgroupA
8031_01,Europa,True,55 Cancri e,False,0.0,0.0,0.0,0.0,0.0,8031,D,P,Adult,roomgroupA
8032_01,Europa,True,TRAPPIST-1e,False,0.0,0.0,0.0,0.0,0.0,8032,A,P,Young Adult,roomgroupA
8032_02,Europa,True,,False,0.0,0.0,0.0,0.0,0.0,8032,A,P,Adult,roomgroupA
8034_01,Mars,True,TRAPPIST-1e,False,0.0,0.0,0.0,0.0,0.0,8034,E,S,Student,roomgroupA
8034_02,Mars,False,,False,1222.0,2.0,74.0,0.0,0.0,8034,E,S,Adult,roomgroupA
8035_01,Mars,True,TRAPPIST-1e,False,0.0,0.0,0.0,0.0,0.0,8035,F,S,Adult,roomgroupA
8036_01,Earth,False,TRAPPIST-1e,False,172.0,350.0,0.0,16.0,1005.0,8036,F,S,Adult,roomgroupA
8036_02,Earth,False,TRAPPIST-1e,False,0.0,0.0,62.0,0.0,891.0,8036,F,S,Adult,roomgroupA
8037_01,Earth,False,TRAPPIST-1e,False,0.0,476.0,249.0,177.0,0.0,8037,F,S,Teenager,roomgroupA
8038_01,Europa,True,55 Cancri e,False,0.0,0.0,0.0,0.0,0.0,8038,C,S,Unknown,roomgroupA
8038_02,Europa,True,55 Cancri e,False,0.0,0.0,0.0,0.0,0.0,8038,C,S,Young Adult,roomgroupA
8042_01,,True,55 Cancri e,False,0.0,0.0,0.0,0.0,0.0,8042,G,P,Student,roomgroupA
8043_01,Europa,False,55 Cancri e,False,5.0,17901.0,0.0,79.0,281.0,8043,A,S,Adult,roomgroupA
8043_02,Europa,False,TRAPPIST-1e,,0.0,1408.0,0.0,408.0,1.0,8043,A,S,Young Adult,roomgroupA
8043_03,Europa,False,TRAPPIST-1e,True,1.0,392.0,64.0,148.0,1367.0,8043,A,S,Adult,roomgroupA
8043_04,Europa,True,55 Cancri e,False,0.0,0.0,0.0,0.0,0.0,8043,A,S,Adult,roomgroupA
8046_01,Earth,True,PSO J318.5-22,False,0.0,0.0,0.0,0.0,0.0,8046,G,P,Student,roomgroupA
8049_01,Earth,False,TRAPPIST-1e,False,6.0,21.0,0.0,782.0,0.0,8049,G,P,Student,roomgroupA
8050_01,Earth,False,PSO J318.5-22,False,0.0,34.0,143.0,275.0,0.0,8050,G,S,Young Adult,roomgroupA
8050_02,Earth,True,TRAPPIST-1e,False,0.0,0.0,0.0,0.0,0.0,8050,G,S,Baby,roomgroupA
8050_03,Earth,True,PSO J318.5-22,False,0.0,0.0,0.0,0.0,0.0,8050,G,S,Baby,roomgroupA
8052_01,Earth,False,TRAPPIST-1e,False,0.0,0.0,0.0,0.0,0.0,8052,G,S,Child,roomgroupA
8052_02,Earth,False,PSO J318.5-22,False,0.0,0.0,0.0,1.0,335.0,8052,G,S,Student,roomgroupA
8053_01,Mars,False,TRAPPIST-1e,False,1544.0,1.0,206.0,0.0,0.0,8053,F,P,Young Adult,roomgroupA
8054_01,Mars,False,55 Cancri e,False,,0.0,262.0,1425.0,571.0,8054,F,S,Adult,roomgroupA
8055_01,Earth,False,TRAPPIST-1e,False,0.0,0.0,846.0,59.0,0.0,8055,E,S,Young Adult,roomgroupA
8056_01,Europa,False,TRAPPIST-1e,False,0.0,793.0,0.0,87.0,1567.0,8056,C,P,Adult,roomgroupA
8056_02,Europa,False,TRAPPIST-1e,False,40.0,9012.0,0.0,111.0,551.0,8056,C,P,Young Adult,roomgroupA
8057_01,Europa,True,TRAPPIST-1e,False,0.0,0.0,0.0,0.0,0.0,8057,B,P,Senior,roomgroupA
8057_02,Europa,True,55 Cancri e,False,0.0,0.0,0.0,0.0,0.0,8057,B,P,Young Adult,roomgroupA
8058_01,Earth,False,TRAPPIST-1e,False,12.0,2.0,0.0,432.0,1548.0,8058,F,P,Young Adult,roomgroupA
8059_01,,False,TRAPPIST-1e,False,0.0,38.0,0.0,0.0,1779.0,8059,G,P,Student,roomgroupA
8060_01,Mars,False,TRAPPIST-1e,False,1369.0,259.0,960.0,1.0,29.0,8060,F,S,Adult,roomgroupA
8060_02,Mars,True,TRAPPIST-1e,False,0.0,0.0,0.0,0.0,0.0,8060,F,S,Adult,roomgroupA
8063_01,Earth,False,TRAPPIST-1e,False,,25.0,0.0,11.0,0.0,8063,F,S,Student,roomgroupA
8064_01,Mars,True,TRAPPIST-1e,False,0.0,0.0,0.0,0.0,0.0,8064,G,S,Adult,roomgroupA
8064_02,Mars,False,TRAPPIST-1e,False,0.0,0.0,0.0,0.0,0.0,8064,E,S,Baby,roomgroupA
8064_03,Mars,True,TRAPPIST-1e,False,0.0,0.0,0.0,0.0,0.0,8064,E,S,Young Adult,roomgroupA
8066_01,Mars,True,TRAPPIST-1e,False,0.0,0.0,0.0,0.0,0.0,8066,F,S,Student,roomgroupA
8067_01,Earth,False,55 Cancri e,False,1.0,0.0,,9.0,663.0,8067,F,P,Young Adult,roomgroupA
8068_01,Earth,False,TRAPPIST-1e,False,0.0,52.0,0.0,110.0,614.0,8068,F,S,Student,roomgroupA
8069_01,Europa,True,55 Cancri e,False,0.0,0.0,0.0,0.0,0.0,8069,D,S,Senior,roomgroupA
8071_01,Earth,False,TRAPPIST-1e,False,0.0,0.0,716.0,0.0,0.0,8071,F,S,Adult,roomgroupA
8072_01,Europa,True,TRAPPIST-1e,False,0.0,0.0,0.0,0.0,0.0,8072,D,S,Young Adult,roomgroupA
8072_02,Europa,False,55 Cancri e,False,0.0,5500.0,0.0,180.0,3173.0,8072,D,S,Adult,roomgroupA
8075_01,Earth,False,55 Cancri e,False,355.0,0.0,0.0,0.0,284.0,8075,F,S,Student,roomgroupA
8076_01,Europa,False,55 Cancri e,False,1.0,2060.0,,1.0,2764.0,8076,C,P,Adult,roomgroupA
8076_02,Europa,False,55 Cancri e,False,2686.0,0.0,0.0,2854.0,2553.0,8076,C,P,Young Adult,roomgroupA
8077_01,Earth,False,TRAPPIST-1e,False,721.0,122.0,0.0,0.0,0.0,8077,G,P,Student,roomgroupA
8078_01,Earth,False,TRAPPIST-1e,False,0.0,0.0,134.0,1931.0,,8078,F,P,Student,roomgroupA
8079_01,Earth,False,PSO J318.5-22,False,505.0,0.0,0.0,0.0,110.0,8079,F,S,Student,roomgroupA
8081_01,Europa,False,55 Cancri e,False,2.0,15450.0,336.0,1.0,904.0,8081,D,P,Adult,roomgroupA
8082_01,Earth,True,TRAPPIST-1e,False,0.0,0.0,0.0,0.0,0.0,8082,G,P,Teenager,roomgroupA
8082_02,Earth,False,55 Cancri e,False,1842.0,0.0,0.0,0.0,0.0,8082,F,P,Student,roomgroupA
8083_01,Earth,False,TRAPPIST-1e,False,595.0,134.0,7.0,0.0,0.0,8083,F,P,Student,roomgroupA
8084_01,Europa,False,TRAPPIST-1e,False,,745.0,0.0,6688.0,2161.0,8084,C,P,Young Adult,roomgroupA
8085_01,Earth,False,PSO J318.5-22,False,635.0,3.0,0.0,,25.0,8085,F,S,Adult,roomgroupA
8086_01,Earth,True,PSO J318.5-22,False,0.0,0.0,,0.0,0.0,8086,G,P,Adult,roomgroupA
8087_01,Europa,False,TRAPPIST-1e,False,33.0,3518.0,0.0,394.0,0.0,8087,B,P,Senior,roomgroupA
8088_01,Mars,False,TRAPPIST-1e,False,1.0,0.0,11.0,0.0,2336.0,8088,E,P,Student,roomgroupA
8088_02,Mars,False,TRAPPIST-1e,True,3.0,0.0,0.0,1677.0,,8088,F,P,Student,roomgroupA
8089_01,Earth,False,TRAPPIST-1e,False,0.0,0.0,1761.0,0.0,36.0,8089,F,P,Student,roomgroupA
8091_01,Earth,False,TRAPPIST-1e,False,18.0,7.0,0.0,0.0,779.0,8091,F,P,Young Adult,roomgroupA
8092_01,Europa,False,TRAPPIST-1e,False,0.0,4655.0,135.0,2075.0,402.0,8092,D,S,Young Adult,roomgroupA
8092_02,Europa,True,55 Cancri e,True,0.0,,0.0,0.0,0.0,8092,D,S,Young Adult,roomgroupA
8092_03,Europa,False,TRAPPIST-1e,False,0.0,3216.0,0.0,433.0,517.0,8092,D,S,Adult,roomgroupA
8094_01,Europa,False,TRAPPIST-1e,False,19.0,7316.0,0.0,0.0,1781.0,8094,C,P,Senior,roomgroupA
8097_01,Europa,True,TRAPPIST-1e,False,0.0,0.0,,0.0,0.0,8097,B,S,Adult,roomgroupA
8098_01,Europa,False,TRAPPIST-1e,True,0.0,269.0,0.0,190.0,9033.0,8098,B,P,Senior,roomgroupA
8098_02,Europa,False,55 Cancri e,False,9.0,2311.0,0.0,633.0,1.0,8098,B,P,Adult,roomgroupA
8098_03,Europa,True,55 Cancri e,False,0.0,,0.0,0.0,0.0,8098,B,P,Student,roomgroupA
8098_04,Europa,False,55 Cancri e,False,0.0,11598.0,0.0,3.0,386.0,8098,B,P,Young Adult,roomgroupA
8102_01,Earth,False,TRAPPIST-1e,False,4.0,0.0,442.0,2441.0,0.0,8102,F,P,Young Adult,roomgroupA
8103_01,Mars,False,TRAPPIST-1e,False,81.0,0.0,492.0,122.0,0.0,8103,F,P,Young Adult,roomgroupA
8105_01,Earth,False,PSO J318.5-22,False,0.0,0.0,15.0,570.0,84.0,8105,F,P,Student,roomgroupA
8106_01,Earth,True,55 Cancri e,False,0.0,0.0,0.0,0.0,0.0,8106,G,S,Adult,roomgroupA
8107_01,Earth,False,PSO J318.5-22,False,48.0,43.0,0.0,78.0,534.0,8107,F,P,Senior,roomgroupA
8108_01,Earth,False,PSO J318.5-22,False,150.0,605.0,0.0,0.0,1.0,8108,F,S,Student,roomgroupA
8112_01,Earth,False,PSO J318.5-22,False,90.0,4.0,0.0,7.0,588.0,8112,F,S,Student,roomgroupA
8115_01,Europa,True,TRAPPIST-1e,False,0.0,0.0,0.0,0.0,0.0,8115,B,S,Young Adult,roomgroupA
8115_02,Europa,True,TRAPPIST-1e,False,0.0,0.0,0.0,0.0,0.0,8115,B,S,Adult,roomgroupA
8116_01,Mars,False,55 Cancri e,False,49.0,0.0,0.0,2.0,1136.0,8116,D,P,Young Adult,roomgroupA
8117_01,Europa,True,TRAPPIST-1e,False,0.0,0.0,0.0,0.0,0.0,8117,B,S,Teenager,roomgroupA
8117_02,Europa,False,TRAPPIST-1e,False,0.0,809.0,0.0,4928.0,143.0,8117,B,S,Young Adult,roomgroupA
8117_03,Europa,True,55 Cancri e,,0.0,0.0,0.0,0.0,0.0,8117,B,S,Adult,roomgroupA
8118_01,Earth,True,TRAPPIST-1e,False,0.0,0.0,0.0,0.0,0.0,8118,G,P,Student,roomgroupA
8119_01,Earth,True,55 Cancri e,False,0.0,0.0,0.0,0.0,0.0,8119,F,S,Baby,roomgroupA
8119_02,Earth,,55 Cancri e,False,6.0,1119.0,0.0,24.0,13.0,8119,F,S,Student,roomgroupA
8119_03,Earth,False,55 Cancri e,,97.0,279.0,0.0,301.0,39.0,8119,F,S,Student,roomgroupA
8120_01,Europa,False,55 Cancri e,False,0.0,4260.0,0.0,0.0,1678.0,8120,D,P,Adult,roomgroupA
8121_01,Earth,True,TRAPPIST-1e,False,0.0,0.0,,0.0,0.0,8121,G,P,Young Adult,roomgroupA
8122_01,Europa,False,55 Cancri e,False,0.0,226.0,0.0,5481.0,,8122,C,S,Adult,roomgroupA
8122_02,Europa,False,TRAPPIST-1e,False,79.0,218.0,0.0,442.0,659.0,8122,C,S,Adult,roomgroupA
8122_03,Europa,False,TRAPPIST-1e,False,0.0,13.0,0.0,3803.0,3557.0,8122,C,S,Young Adult,roomgroupA
8123_01,Earth,True,TRAPPIST-1e,False,0.0,0.0,0.0,0.0,0.0,8123,G,P,Adult,roomgroupA
8124_01,Earth,False,TRAPPIST-1e,False,0.0,903.0,0.0,0.0,0.0,8124,F,P,Adult,roomgroupA
8128_01,Mars,True,TRAPPIST-1e,False,0.0,0.0,0.0,0.0,0.0,8128,F,P,Young Adult,roomgroupA
8129_01,Earth,True,55 Cancri e,False,0.0,0.0,0.0,0.0,0.0,8129,G,S,Teenager,roomgroupA
8129_02,Earth,False,TRAPPIST-1e,False,0.0,0.0,0.0,0.0,0.0,8129,G,P,Baby,roomgroupA
8129_03,Earth,False,TRAPPIST-1e,False,381.0,925.0,342.0,0.0,642.0,8129,F,P,Young Adult,roomgroupA
8129_04,Earth,False,55 Cancri e,False,3.0,13.0,0.0,0.0,788.0,8129,F,P,Young Adult,roomgroupA
8129_05,Earth,False,TRAPPIST-1e,False,44.0,1620.0,0.0,6.0,0.0,8129,E,P,Adult,roomgroupA
8130_01,Earth,True,TRAPPIST-1e,False,0.0,0.0,0.0,0.0,0.0,8130,G,S,Student,roomgroupA
8130_02,Earth,False,55 Cancri e,False,0.0,0.0,0.0,0.0,0.0,8130,G,S,Baby,roomgroupA
8130_03,Earth,True,TRAPPIST-1e,False,0.0,0.0,0.0,0.0,0.0,8130,G,S,Baby,roomgroupA
8131_01,Mars,True,TRAPPIST-1e,False,0.0,0.0,0.0,0.0,0.0,8131,F,S,Student,roomgroupA
8133_01,Mars,False,TRAPPIST-1e,False,831.0,0.0,0.0,867.0,20.0,8133,D,P,Young Adult,roomgroupA
8135_01,Europa,True,TRAPPIST-1e,False,0.0,0.0,0.0,0.0,0.0,8135,C,P,Student,roomgroupA
8136_01,Europa,True,55 Cancri e,False,0.0,0.0,0.0,0.0,0.0,8136,C,P,Young Adult,roomgroupA
8136_02,Europa,False,TRAPPIST-1e,False,0.0,5998.0,0.0,4794.0,8.0,8136,C,P,Senior,roomgroupA
8137_01,Earth,False,TRAPPIST-1e,False,0.0,297.0,0.0,588.0,23.0,8137,G,P,Student,roomgroupA
8138_01,Earth,True,55 Cancri e,False,0.0,0.0,0.0,0.0,0.0,8138,G,P,Student,roomgroupA
8139_01,Earth,False,TRAPPIST-1e,False,11.0,780.0,0.0,0.0,0.0,8139,E,P,Young Adult,roomgroupA
8140_01,Earth,True,PSO J318.5-22,False,0.0,0.0,0.0,0.0,0.0,8140,G,S,Young Adult,roomgroupA
8141_01,Earth,True,TRAPPIST-1e,False,0.0,0.0,0.0,0.0,0.0,8141,G,S,Adult,roomgroupA
8143_01,Earth,False,TRAPPIST-1e,False,0.0,17.0,5.0,0.0,712.0,8143,F,S,Student,roomgroupA
8144_01,Europa,True,55 Cancri e,False,0.0,0.0,0.0,0.0,0.0,8144,B,P,Adult,roomgroupA
8144_02,Europa,False,TRAPPIST-1e,False,0.0,3680.0,0.0,1529.0,3854.0,8144,B,P,Teenager,roomgroupA
8144_03,Europa,False,TRAPPIST-1e,False,0.0,3317.0,77.0,0.0,130.0,8144,B,P,Young Adult,roomgroupA
8144_04,Europa,False,TRAPPIST-1e,False,0.0,0.0,0.0,0.0,0.0,8144,B,P,Child,roomgroupA
8147_01,Earth,False,TRAPPIST-1e,False,0.0,142.0,0.0,3528.0,92.0,8147,G,P,Student,roomgroupA
8147_02,Earth,True,TRAPPIST-1e,False,0.0,0.0,0.0,0.0,0.0,8147,G,S,Baby,roomgroupA
8147_03,Earth,False,TRAPPIST-1e,False,18.0,5.0,470.0,356.0,57.0,8147,G,P,Adult,roomgroupA
8147_04,Earth,False,55 Cancri e,False,0.0,0.0,0.0,0.0,0.0,8147,G,P,Baby,roomgroupA
8148_01,Earth,False,TRAPPIST-1e,False,0.0,508.0,0.0,44.0,257.0,8148,G,P,Student,roomgroupA
8149_01,Earth,True,PSO J318.5-22,False,0.0,0.0,0.0,0.0,0.0,8149,G,P,Young Adult,roomgroupA
8150_01,Mars,True,55 Cancri e,False,0.0,0.0,,0.0,0.0,8150,E,S,Baby,roomgroupA
8150_02,Mars,True,PSO J318.5-22,False,0.0,0.0,0.0,0.0,0.0,8150,E,S,Adult,roomgroupA
8150_03,Mars,False,TRAPPIST-1e,False,691.0,0.0,10.0,561.0,25.0,8150,E,S,Student,roomgroupA
8152_01,Earth,True,TRAPPIST-1e,False,0.0,0.0,0.0,0.0,0.0,8152,G,S,Student,roomgroupA
8153_01,Earth,True,TRAPPIST-1e,False,0.0,0.0,0.0,0.0,0.0,8153,G,P,Teenager,roomgroupA
8156_01,Earth,False,PSO J318.5-22,False,90.0,29.0,102.0,244.0,56.0,8156,G,P,Adult,roomgroupA
8157_01,Earth,False,TRAPPIST-1e,False,0.0,0.0,0.0,0.0,0.0,8157,G,S,Baby,roomgroupA
8157_02,Earth,False,55 Cancri e,False,1663.0,0.0,262.0,229.0,0.0,8157,F,S,Adult,roomgroupA
8157_03,Earth,False,TRAPPIST-1e,False,0.0,0.0,2778.0,1910.0,0.0,8157,G,S,Adult,roomgroupA
8157_04,Earth,True,TRAPPIST-1e,False,0.0,0.0,0.0,0.0,0.0,8157,G,S,Child,roomgroupA
8157_05,Earth,False,55 Cancri e,False,0.0,0.0,0.0,0.0,0.0,8157,G,S,Baby,roomgroupA
8157_06,Earth,False,TRAPPIST-1e,False,0.0,0.0,0.0,0.0,0.0,8157,G,S,Child,roomgroupA
8158_01,Mars,False,TRAPPIST-1e,False,953.0,0.0,356.0,0.0,0.0,8158,F,P,Adult,roomgroupA
8159_01,Earth,False,,False,0.0,0.0,0.0,622.0,8.0,8159,F,P,Young Adult,roomgroupA
8161_01,Earth,False,TRAPPIST-1e,False,1157.0,28.0,50.0,0.0,0.0,8161,F,P,Student,roomgroupA
8162_01,Europa,False,TRAPPIST-1e,False,0.0,314.0,0.0,889.0,1090.0,8162,E,P,Adult,roomgroupA
8164_01,Earth,False,TRAPPIST-1e,False,0.0,918.0,0.0,0.0,900.0,8164,G,S,Young Adult,roomgroupA
8165_01,Mars,False,TRAPPIST-1e,False,279.0,11.0,40.0,718.0,0.0,8165,E,P,Unknown,roomgroupA
8167_01,Earth,True,PSO J318.5-22,False,0.0,0.0,0.0,0.0,0.0,8167,G,S,Student,roomgroupA
8168_01,Earth,False,55 Cancri e,False,7.0,723.0,,6.0,13.0,8168,F,S,Young Adult,roomgroupA
8168_02,Earth,False,TRAPPIST-1e,False,293.0,889.0,1.0,1.0,200.0,8168,F,S,Young Adult,roomgroupA
8168_03,Earth,False,TRAPPIST-1e,False,644.0,0.0,0.0,0.0,2.0,8168,F,S,Student,roomgroupA
8168_04,Earth,False,TRAPPIST-1e,False,4.0,0.0,9.0,20.0,831.0,8168,F,S,Unknown,roomgroupA
8168_05,Earth,False,TRAPPIST-1e,False,753.0,0.0,0.0,0.0,0.0,8168,G,S,Student,roomgroupA
8168_06,Earth,False,TRAPPIST-1e,False,0.0,858.0,2.0,,0.0,8168,G,S,Student,roomgroupA
8168_07,Earth,True,PSO J318.5-22,False,0.0,0.0,0.0,0.0,0.0,8168,G,S,Young Adult,roomgroupA
8168_08,Earth,True,TRAPPIST-1e,False,0.0,0.0,0.0,0.0,0.0,8168,G,S,Adult,roomgroupA
8171_01,Earth,False,TRAPPIST-1e,False,0.0,0.0,594.0,154.0,0.0,8171,F,P,Adult,roomgroupA
8173_01,Europa,False,TRAPPIST-1e,False,0.0,3771.0,0.0,521.0,4.0,8173,C,S,Adult,roomgroupA
8175_01,Europa,True,TRAPPIST-1e,False,0.0,0.0,0.0,0.0,0.0,8175,C,S,Adult,roomgroupA
8176_01,Europa,False,55 Cancri e,False,5.0,8252.0,0.0,181.0,3027.0,8176,A,S,Young Adult,roomgroupA
8177_01,Earth,False,TRAPPIST-1e,False,116.0,,298.0,2.0,227.0,8177,G,S,Young Adult,roomgroupA
8178_01,Earth,True,TRAPPIST-1e,False,0.0,0.0,0.0,0.0,0.0,8178,G,S,Student,roomgroupA
8182_01,Earth,False,PSO J318.5-22,False,0.0,220.0,4.0,0.0,532.0,8182,F,S,Student,roomgroupA
8186_01,Earth,False,55 Cancri e,False,0.0,0.0,0.0,0.0,0.0,8186,G,S,Baby,roomgroupA
8186_02,Earth,True,PSO J318.5-22,False,0.0,0.0,0.0,0.0,0.0,8186,G,S,Baby,roomgroupA
8186_03,Earth,False,TRAPPIST-1e,False,0.0,0.0,0.0,0.0,,8186,G,S,Baby,roomgroupA
8186_04,Earth,True,PSO J318.5-22,False,0.0,0.0,0.0,0.0,0.0,8186,G,S,Student,roomgroupA
8189_01,Europa,False,TRAPPIST-1e,False,0.0,747.0,0.0,0.0,2478.0,8189,C,P,Adult,roomgroupA
8190_01,Europa,True,55 Cancri e,False,0.0,0.0,0.0,0.0,0.0,8190,B,S,Adult,roomgroupA
8191_01,Earth,False,PSO J318.5-22,False,0.0,0.0,19.0,751.0,4.0,8191,G,S,Student,roomgroupA
8192_01,Earth,False,TRAPPIST-1e,False,539.0,2.0,3.0,900.0,0.0,8192,F,S,Student,roomgroupA
8194_01,Earth,False,TRAPPIST-1e,False,0.0,0.0,662.0,30.0,0.0,8194,F,S,Student,roomgroupA
8197_01,Earth,False,55 Cancri e,False,598.0,0.0,0.0,118.0,0.0,8197,F,P,Adult,roomgroupA
8199_01,Earth,False,TRAPPIST-1e,False,0.0,0.0,0.0,0.0,0.0,8199,G,P,Student,roomgroupA
8200_01,Earth,True,PSO J318.5-22,False,0.0,0.0,0.0,0.0,0.0,8200,G,P,Student,roomgroupA
8202_01,Europa,False,TRAPPIST-1e,False,0.0,,0.0,,0.0,8202,C,S,Baby,roomgroupA
8202_02,Europa,False,TRAPPIST-1e,False,0.0,0.0,0.0,0.0,0.0,8202,C,S,Baby,roomgroupA
8202_03,,True,TRAPPIST-1e,False,0.0,0.0,0.0,0.0,,8202,C,S,Unknown,roomgroupA
8202_04,Europa,False,TRAPPIST-1e,False,19.0,3603.0,0.0,421.0,517.0,8202,C,S,Adult,roomgroupA
8202_05,Europa,False,55 Cancri e,False,0.0,8151.0,5.0,0.0,8182.0,8202,C,S,Adult,roomgroupA
8202_06,Europa,True,TRAPPIST-1e,False,0.0,0.0,0.0,0.0,0.0,8202,C,S,Adult,roomgroupA
8203_01,Europa,False,55 Cancri e,False,0.0,395.0,0.0,6.0,,8203,C,S,Student,roomgroupA
8203_02,Europa,True,TRAPPIST-1e,False,0.0,0.0,0.0,0.0,0.0,8203,C,S,Young Adult,roomgroupA
8204_01,Europa,False,TRAPPIST-1e,False,0.0,1003.0,1629.0,73.0,748.0,8204,E,S,Young Adult,roomgroupA
8204_02,Europa,False,TRAPPIST-1e,False,209.0,157.0,2566.0,171.0,472.0,8204,E,S,Young Adult,roomgroupA
8205_01,Earth,,TRAPPIST-1e,False,625.0,0.0,2.0,0.0,0.0,8205,G,P,Student,roomgroupA
8207_01,Mars,True,TRAPPIST-1e,False,0.0,0.0,0.0,0.0,0.0,8207,F,P,Adult,roomgroupA
8208_01,Earth,True,PSO J318.5-22,False,0.0,0.0,0.0,0.0,0.0,8208,G,S,Student,roomgroupA
8209_01,Earth,False,TRAPPIST-1e,False,6.0,510.0,372.0,0.0,0.0,8209,G,P,Adult,roomgroupA
8210_01,Mars,False,TRAPPIST-1e,False,1282.0,0.0,5.0,495.0,0.0,8210,D,S,Adult,roomgroupA
8211_01,Earth,True,55 Cancri e,False,,0.0,0.0,0.0,0.0,8211,G,S,Young Adult,roomgroupA
8212_01,Earth,False,PSO J318.5-22,False,487.0,0.0,60.0,12.0,0.0,8212,F,S,Young Adult,roomgroupA
8213_01,Earth,False,TRAPPIST-1e,False,0.0,2.0,1.0,0.0,881.0,8213,G,P,Young Adult,roomgroupA
8214_01,Europa,True,TRAPPIST-1e,False,0.0,0.0,0.0,0.0,0.0,8214,D,S,Young Adult,roomgroupA
8216_01,Earth,False,TRAPPIST-1e,False,22.0,0.0,681.0,0.0,1.0,8216,G,P,Student,roomgroupA
8217_01,Earth,False,TRAPPIST-1e,False,0.0,4.0,50.0,0.0,746.0,8217,F,S,Adult,roomgroupA
8218_01,Europa,True,TRAPPIST-1e,False,0.0,0.0,0.0,0.0,0.0,8218,B,P,Young Adult,roomgroupA
8219_01,Earth,,TRAPPIST-1e,False,3.0,0.0,3.0,1773.0,0.0,8219,G,P,Student,roomgroupA
8220_01,Europa,False,TRAPPIST-1e,False,0.0,5157.0,1.0,136.0,32.0,8220,A,S,Young Adult,roomgroupA
8221_01,Mars,True,TRAPPIST-1e,False,0.0,0.0,0.0,0.0,0.0,8221,F,P,Young Adult,roomgroupA
8222_01,Mars,False,TRAPPIST-1e,False,1054.0,109.0,576.0,645.0,0.0,8222,D,P,Adult,roomgroupA
8222_02,Mars,False,TRAPPIST-1e,False,32.0,1255.0,1.0,0.0,0.0,8222,F,P,Student,roomgroupA
8224_01,Earth,True,TRAPPIST-1e,False,0.0,0.0,0.0,0.0,0.0,8224,G,S,Young Adult,roomgroupA
8225_01,Mars,False,TRAPPIST-1e,False,85.0,0.0,1130.0,0.0,248.0,8225,G,S,Teenager,roomgroupA
8226_01,Mars,True,TRAPPIST-1e,False,0.0,0.0,0.0,0.0,0.0,8226,F,S,Baby,roomgroupA
8226_02,Mars,True,TRAPPIST-1e,False,0.0,0.0,0.0,0.0,0.0,8226,F,S,Adult,roomgroupA
8226_03,Mars,True,TRAPPIST-1e,False,0.0,0.0,0.0,0.0,0.0,8226,F,S,Baby,roomgroupA
8227_01,Earth,False,TRAPPIST-1e,False,14.0,1186.0,460.0,12.0,9.0,8227,E,P,Young Adult,roomgroupA
8229_01,Earth,True,TRAPPIST-1e,False,0.0,0.0,0.0,0.0,0.0,8229,G,P,Teenager,roomgroupA
8231_01,Earth,False,TRAPPIST-1e,False,201.0,819.0,0.0,0.0,0.0,8231,G,S,Young Adult,roomgroupA
8231_02,Earth,False,TRAPPIST-1e,False,0.0,0.0,113.0,208.0,587.0,8231,G,S,Senior,roomgroupA
8232_01,Earth,False,TRAPPIST-1e,False,5.0,666.0,0.0,123.0,440.0,8232,F,S,Student,roomgroupA
8233_01,Earth,False,TRAPPIST-1e,False,0.0,0.0,779.0,0.0,18.0,8233,F,S,Young Adult,roomgroupA
8233_02,Earth,False,TRAPPIST-1e,False,72.0,0.0,18.0,0.0,809.0,8233,F,S,Adult,roomgroupA
8235_01,Earth,False,TRAPPIST-1e,False,0.0,21.0,22.0,1149.0,249.0,8235,F,S,Teenager,roomgroupA
8237_01,Earth,False,TRAPPIST-1e,False,511.0,0.0,0.0,267.0,0.0,8237,F,S,Student,roomgroupA
8238_01,Earth,False,TRAPPIST-1e,False,749.0,16.0,0.0,0.0,29.0,8238,F,S,Student,roomgroupA
8238_02,Earth,True,55 Cancri e,False,0.0,0.0,0.0,0.0,0.0,8238,G,S,Student,roomgroupA
8239_01,Earth,False,55 Cancri e,False,499.0,0.0,193.0,1.0,1.0,8239,F,S,Student,roomgroupA
8242_01,Earth,False,TRAPPIST-1e,False,2.0,2.0,876.0,8.0,0.0,8242,G,S,Student,roomgroupA
8243_01,Earth,False,TRAPPIST-1e,False,0.0,44.0,0.0,795.0,69.0,8243,G,S,Student,roomgroupA
8244_01,Earth,False,TRAPPIST-1e,False,1007.0,0.0,0.0,9.0,0.0,8244,G,P,Young Adult,roomgroupA
8247_01,Europa,False,TRAPPIST-1e,False,0.0,2984.0,23.0,686.0,173.0,8247,D,P,Student,roomgroupA
8248_01,Earth,True,TRAPPIST-1e,False,0.0,0.0,0.0,0.0,0.0,8248,G,P,Young Adult,roomgroupA
8248_02,Earth,False,PSO J318.5-22,False,309.0,0.0,0.0,0.0,463.0,8248,G,P,Senior,roomgroupA
8251_01,Earth,True,,False,0.0,0.0,0.0,0.0,0.0,8251,G,S,Adult,roomgroupA
8252_01,Earth,False,55 Cancri e,False,52.0,,612.0,465.0,79.0,8252,F,P,Young Adult,roomgroupA
8252_02,Earth,,TRAPPIST-1e,False,0.0,0.0,0.0,0.0,0.0,8252,G,P,Child,roomgroupA
8252_03,Earth,True,TRAPPIST-1e,False,0.0,0.0,0.0,0.0,0.0,8252,G,P,Child,roomgroupA
8254_01,Mars,True,TRAPPIST-1e,False,0.0,0.0,0.0,0.0,0.0,8254,F,P,Unknown,roomgroupA
8255_01,Earth,False,TRAPPIST-1e,False,0.0,1.0,12.0,875.0,0.0,8255,G,S,Young Adult,roomgroupA
8257_01,Mars,False,TRAPPIST-1e,False,396.0,0.0,653.0,0.0,0.0,8257,E,P,Adult,roomgroupA
8259_01,Earth,False,TRAPPIST-1e,False,0.0,0.0,486.0,324.0,0.0,8259,G,P,Unknown,roomgroupA
8260_01,Earth,False,55 Cancri e,,84.0,4.0,4.0,629.0,0.0,8260,F,S,Student,roomgroupA
8260_02,Earth,False,55 Cancri e,False,0.0,0.0,0.0,0.0,0.0,8260,G,S,Child,roomgroupA
8260_03,Earth,True,55 Cancri e,False,0.0,0.0,0.0,0.0,0.0,8260,G,S,Baby,roomgroupA
8261_01,Earth,True,PSO J318.5-22,False,0.0,0.0,0.0,0.0,0.0,8261,G,P,Adult,roomgroupA
8264_01,Mars,False,TRAPPIST-1e,False,32.0,0.0,1008.0,0.0,0.0,8264,F,S,Student,roomgroupA
8265_01,Earth,True,TRAPPIST-1e,False,0.0,0.0,0.0,0.0,0.0,8265,G,P,Student,roomgroupA
8266_01,Earth,True,TRAPPIST-1e,False,0.0,0.0,0.0,0.0,0.0,8266,G,P,Child,roomgroupA
8267_01,Mars,False,TRAPPIST-1e,False,304.0,0.0,48.0,946.0,0.0,8267,E,P,Young Adult,roomgroupA
8267_02,Mars,True,TRAPPIST-1e,False,0.0,0.0,0.0,0.0,0.0,8267,F,P,Young Adult,roomgroupA
8268_01,Europa,True,TRAPPIST-1e,False,0.0,0.0,0.0,0.0,0.0,8268,B,S,Adult,roomgroupA
8268_02,Europa,False,TRAPPIST-1e,False,0.0,3.0,0.0,918.0,2346.0,8268,B,S,Student,roomgroupA
8270_01,Mars,False,TRAPPIST-1e,False,86.0,1144.0,783.0,0.0,0.0,8270,F,P,Adult,roomgroupA
8271_01,Earth,False,TRAPPIST-1e,False,29.0,2633.0,0.0,0.0,124.0,8271,F,S,Student,roomgroupA
8272_01,Mars,False,TRAPPIST-1e,False,0.0,0.0,0.0,0.0,0.0,8272,F,S,Baby,roomgroupA
8272_02,Mars,True,TRAPPIST-1e,False,0.0,0.0,0.0,0.0,0.0,8272,F,S,Baby,roomgroupA
8272_03,Mars,True,TRAPPIST-1e,False,0.0,,0.0,,0.0,8272,F,S,Young Adult,roomgroupA
8273_01,Earth,False,TRAPPIST-1e,False,0.0,0.0,0.0,369.0,515.0,8273,G,P,Adult,roomgroupA
8275_01,Mars,True,TRAPPIST-1e,False,0.0,0.0,0.0,0.0,0.0,8275,F,S,Young Adult,roomgroupA
8276_01,Europa,,TRAPPIST-1e,False,0.0,0.0,0.0,0.0,0.0,8276,C,P,Young Adult,roomgroupA
8276_02,Europa,True,TRAPPIST-1e,False,0.0,0.0,0.0,0.0,0.0,8276,C,P,Student,roomgroupA
8277_01,Earth,True,55 Cancri e,False,0.0,0.0,0.0,0.0,0.0,8277,G,P,Young Adult,roomgroupA
8279_01,Earth,False,TRAPPIST-1e,False,0.0,4334.0,55.0,56.0,,8279,G,P,Young Adult,roomgroupA
8280_01,Earth,False,TRAPPIST-1e,False,0.0,0.0,880.0,22.0,0.0,8280,F,P,Young Adult,roomgroupA
8281_01,,False,TRAPPIST-1e,False,0.0,1.0,233.0,453.0,17.0,8281,F,P,Adult,roomgroupA
8282_01,Earth,False,TRAPPIST-1e,False,67.0,0.0,654.0,0.0,86.0,8282,G,S,Senior,roomgroupA
8287_01,Mars,False,TRAPPIST-1e,False,1242.0,0.0,654.0,0.0,0.0,8287,E,S,Student,roomgroupA
8288_01,Mars,False,TRAPPIST-1e,False,1852.0,0.0,870.0,0.0,7.0,8288,D,P,Unknown,roomgroupA
8288_02,Mars,False,TRAPPIST-1e,False,1150.0,0.0,175.0,1.0,11.0,8288,F,P,Teenager,roomgroupA
8289_01,Earth,True,TRAPPIST-1e,False,0.0,0.0,0.0,0.0,0.0,8289,G,P,Teenager,roomgroupA
8291_01,Earth,True,TRAPPIST-1e,False,0.0,0.0,0.0,0.0,0.0,8291,G,S,Student,roomgroupA
8292_01,Europa,True,TRAPPIST-1e,False,0.0,0.0,0.0,0.0,0.0,8292,C,S,Adult,roomgroupA
8294_01,Mars,True,TRAPPIST-1e,False,0.0,0.0,0.0,0.0,0.0,8294,E,S,Senior,roomgroupA
8295_01,Mars,False,TRAPPIST-1e,False,1309.0,0.0,0.0,0.0,0.0,8295,F,S,Adult,roomgroupA
8297_01,,False,TRAPPIST-1e,False,5.0,0.0,0.0,22.0,639.0,8297,F,S,Student,roomgroupA
8298_01,Mars,True,TRAPPIST-1e,False,0.0,0.0,0.0,0.0,0.0,8298,F,S,Teenager,roomgroupA
8300_01,Europa,False,,False,0.0,,0.0,1866.0,676.0,8300,C,P,Young Adult,roomgroupA
8301_01,Europa,False,TRAPPIST-1e,False,1722.0,5063.0,0.0,87.0,920.0,8301,C,P,Young Adult,roomgroupA
8302_01,Earth,False,TRAPPIST-1e,False,0.0,0.0,0.0,0.0,0.0,8302,G,S,Baby,roomgroupA
8302_02,Earth,False,TRAPPIST-1e,False,4.0,0.0,867.0,0.0,0.0,8302,F,S,Teenager,roomgroupA
8303_01,Mars,False,55 Cancri e,False,218.0,0.0,2267.0,497.0,0.0,8303,F,S,Student,roomgroupA
8306_01,Earth,False,TRAPPIST-1e,False,0.0,0.0,0.0,0.0,0.0,8306,G,P,Child,roomgroupA
8306_02,Earth,True,PSO J318.5-22,False,0.0,0.0,0.0,0.0,0.0,8306,G,P,Young Adult,roomgroupA
8306_03,Earth,False,,False,836.0,0.0,0.0,,49.0,8306,G,P,Adult,roomgroupA
8307_01,Europa,False,55 Cancri e,True,0.0,1337.0,1929.0,0.0,0.0,8307,A,S,Young Adult,roomgroupA
8307_02,Europa,True,TRAPPIST-1e,False,0.0,0.0,0.0,0.0,0.0,8307,A,S,Young Adult,roomgroupA
8310_01,Europa,True,55 Cancri e,False,0.0,0.0,0.0,0.0,0.0,8310,E,S,Adult,roomgroupA
8313_01,Earth,False,TRAPPIST-1e,False,467.0,0.0,0.0,0.0,287.0,8313,G,S,Young Adult,roomgroupA
8314_01,Europa,False,TRAPPIST-1e,False,0.0,640.0,0.0,31.0,6201.0,8314,D,S,Young Adult,roomgroupA
8314_02,,False,55 Cancri e,True,0.0,2949.0,0.0,2.0,654.0,8314,D,S,Young Adult,roomgroupA
8315_01,Earth,False,TRAPPIST-1e,False,380.0,177.0,161.0,0.0,85.0,8315,F,S,Student,roomgroupA
8316_01,Earth,False,55 Cancri e,False,532.0,4.0,37.0,1.0,0.0,8316,F,P,Student,roomgroupA
8317_01,Earth,False,55 Cancri e,False,2.0,83.0,576.0,37.0,0.0,8317,F,P,Student,roomgroupA
8318_01,Mars,True,TRAPPIST-1e,False,0.0,0.0,0.0,0.0,0.0,8318,F,P,Child,roomgroupA
8318_02,Mars,False,TRAPPIST-1e,False,1399.0,0.0,0.0,0.0,0.0,8318,F,P,Senior,roomgroupA
8318_03,Mars,False,55 Cancri e,False,149.0,0.0,194.0,731.0,0.0,8318,F,P,Young Adult,roomgroupA
8318_04,Mars,True,55 Cancri e,False,0.0,0.0,0.0,0.0,0.0,8318,F,P,Baby,roomgroupA
8319_01,Earth,False,TRAPPIST-1e,False,0.0,0.0,729.0,,75.0,8319,F,P,Young Adult,roomgroupA
8320_01,Earth,True,PSO J318.5-22,False,0.0,0.0,0.0,0.0,0.0,8320,G,P,Student,roomgroupA
8321_01,Earth,False,TRAPPIST-1e,False,0.0,0.0,0.0,0.0,693.0,8321,F,P,Student,roomgroupA
8322_01,Europa,False,PSO J318.5-22,True,,49.0,0.0,4864.0,3902.0,8322,G,S,Adult,roomgroupA
8322_02,,True,55 Cancri e,False,0.0,0.0,0.0,0.0,0.0,8322,C,S,Adult,roomgroupA
8323_01,Earth,False,PSO J318.5-22,False,0.0,465.0,277.0,48.0,0.0,8323,E,S,Adult,roomgroupA
8324_01,Earth,True,PSO J318.5-22,False,0.0,0.0,0.0,0.0,0.0,8324,G,P,Young Adult,roomgroupA
8326_01,Earth,False,TRAPPIST-1e,False,773.0,0.0,0.0,,1.0,8326,G,P,Young Adult,roomgroupA
8328_01,Earth,True,TRAPPIST-1e,False,0.0,0.0,0.0,0.0,0.0,8328,G,P,Student,roomgroupA
8329_01,Earth,True,TRAPPIST-1e,False,0.0,0.0,0.0,0.0,0.0,8329,G,P,Student,roomgroupA
8330_01,Earth,False,TRAPPIST-1e,False,799.0,0.0,0.0,4.0,0.0,8330,F,S,Adult,roomgroupA
8332_01,Earth,True,PSO J318.5-22,False,0.0,0.0,0.0,0.0,0.0,8332,G,P,Student,roomgroupA
8333_01,Europa,False,55 Cancri e,False,988.0,0.0,0.0,2274.0,3098.0,8333,C,S,Young Adult,roomgroupA
8334_01,Earth,True,PSO J318.5-22,False,0.0,0.0,0.0,0.0,0.0,8334,G,P,Teenager,roomgroupA
8335_01,Mars,False,TRAPPIST-1e,False,697.0,0.0,602.0,0.0,0.0,8335,E,P,Young Adult,roomgroupA
8336_01,Mars,True,TRAPPIST-1e,False,0.0,0.0,0.0,0.0,0.0,8336,E,S,Young Adult,roomgroupA
8338_01,Mars,True,TRAPPIST-1e,False,0.0,0.0,0.0,0.0,0.0,8338,F,P,Student,roomgroupA
8338_02,Mars,False,TRAPPIST-1e,False,506.0,0.0,2.0,829.0,0.0,8338,F,P,Adult,roomgroupA
8338_03,Mars,True,TRAPPIST-1e,False,0.0,0.0,0.0,,0.0,8338,F,P,Teenager,roomgroupA
8339_01,Europa,False,TRAPPIST-1e,False,0.0,261.0,,1831.0,1797.0,8339,D,S,Adult,roomgroupA
8339_02,Europa,,TRAPPIST-1e,False,0.0,3716.0,0.0,1098.0,2065.0,8339,D,S,Student,roomgroupA
8341_01,Earth,False,TRAPPIST-1e,False,477.0,0.0,167.0,0.0,46.0,8341,F,S,Adult,roomgroupA
8342_01,Europa,False,TRAPPIST-1e,False,0.0,,0.0,408.0,293.0,8342,E,S,Adult,roomgroupA
8342_02,Europa,True,TRAPPIST-1e,False,0.0,0.0,0.0,0.0,0.0,8342,E,S,Young Adult,roomgroupA
8342_03,Europa,False,55 Cancri e,False,0.0,2215.0,2.0,1294.0,274.0,8342,E,S,Adult,roomgroupA
8343_01,Earth,False,TRAPPIST-1e,False,1403.0,169.0,1081.0,0.0,0.0,8343,F,P,Young Adult,roomgroupA
8344_01,Mars,True,TRAPPIST-1e,False,0.0,0.0,,0.0,0.0,8344,D,S,Young Adult,roomgroupA
8344_02,Mars,False,TRAPPIST-1e,False,30.0,434.0,117.0,372.0,0.0,8344,D,S,Adult,roomgroupA
8344_03,Mars,True,TRAPPIST-1e,False,0.0,0.0,0.0,0.0,0.0,8344,D,S,Teenager,roomgroupA
8345_01,Earth,False,PSO J318.5-22,False,0.0,0.0,1792.0,16.0,248.0,8345,F,S,Student,roomgroupA
8346_01,Earth,False,TRAPPIST-1e,False,41.0,23.0,63.0,0.0,647.0,8346,F,P,Unknown,roomgroupA
8348_01,Mars,True,TRAPPIST-1e,False,0.0,,0.0,0.0,0.0,8348,E,P,Adult,roomgroupA
8354_01,Europa,True,TRAPPIST-1e,False,0.0,0.0,0.0,0.0,0.0,8354,B,S,Teenager,roomgroupA
8354_02,Europa,True,TRAPPIST-1e,False,0.0,0.0,0.0,0.0,0.0,8354,B,S,Teenager,roomgroupA
8356_01,Earth,True,PSO J318.5-22,False,0.0,0.0,0.0,0.0,0.0,8356,G,P,Student,roomgroupA
8360_01,Europa,True,TRAPPIST-1e,False,0.0,0.0,0.0,0.0,0.0,8360,B,S,Teenager,roomgroupA
8360_02,Europa,True,TRAPPIST-1e,False,0.0,,0.0,0.0,0.0,8360,B,S,Young Adult,roomgroupA
8362_01,Earth,False,TRAPPIST-1e,False,49.0,680.0,0.0,0.0,46.0,8362,F,P,Student,roomgroupA
8363_01,Europa,False,55 Cancri e,False,0.0,1673.0,0.0,642.0,612.0,8363,A,S,Young Adult,roomgroupA
8363_02,Europa,False,TRAPPIST-1e,False,0.0,690.0,1.0,1030.0,2273.0,8363,A,S,Young Adult,roomgroupA
8365_01,Earth,True,55 Cancri e,False,0.0,0.0,0.0,0.0,0.0,8365,G,P,Young Adult,roomgroupA
8366_01,Earth,False,TRAPPIST-1e,False,0.0,0.0,0.0,0.0,0.0,8366,G,P,Baby,roomgroupA
8366_02,Earth,False,TRAPPIST-1e,False,0.0,0.0,0.0,0.0,0.0,8366,G,S,Child,roomgroupA
8366_03,Earth,True,TRAPPIST-1e,False,0.0,0.0,0.0,0.0,0.0,8366,G,P,Baby,roomgroupA
8366_04,Earth,False,TRAPPIST-1e,False,0.0,0.0,0.0,,616.0,8366,G,P,Student,roomgroupA
8366_05,Earth,,TRAPPIST-1e,False,0.0,0.0,0.0,0.0,0.0,8366,G,P,Baby,roomgroupA
8368_01,Earth,True,TRAPPIST-1e,False,0.0,0.0,0.0,0.0,0.0,8368,G,P,Baby,roomgroupA
8368_02,Earth,False,55 Cancri e,False,336.0,64.0,377.0,0.0,0.0,8368,F,P,Adult,roomgroupA
8369_01,Mars,True,TRAPPIST-1e,False,0.0,0.0,0.0,0.0,0.0,8369,F,S,Senior,roomgroupA
8369_02,Mars,False,TRAPPIST-1e,True,435.0,22.0,1435.0,4.0,0.0,8369,E,S,Adult,roomgroupA
8371_01,Earth,False,55 Cancri e,False,0.0,0.0,638.0,115.0,0.0,8371,F,S,Adult,roomgroupA
8373_01,Earth,False,TRAPPIST-1e,False,1.0,2.0,243.0,0.0,484.0,8373,F,S,Student,roomgroupA
8374_01,Europa,True,55 Cancri e,False,0.0,0.0,0.0,0.0,0.0,8374,G,S,Adult,roomgroupA
8375_01,Earth,False,PSO J318.5-22,False,64.0,0.0,0.0,0.0,640.0,8375,G,S,Teenager,roomgroupA
8376_01,Mars,True,TRAPPIST-1e,False,0.0,0.0,0.0,0.0,0.0,8376,F,S,Young Adult,roomgroupA
8377_01,Mars,False,TRAPPIST-1e,False,963.0,14.0,320.0,1.0,0.0,8377,E,P,Adult,roomgroupA
8378_01,Earth,False,TRAPPIST-1e,False,0.0,0.0,505.0,2810.0,9.0,8378,F,S,Teenager,roomgroupA
8379_01,Earth,False,TRAPPIST-1e,False,462.0,0.0,0.0,0.0,240.0,8379,F,S,Young Adult,roomgroupA
8380_01,Earth,True,PSO J318.5-22,False,0.0,0.0,0.0,0.0,0.0,8380,G,P,Young Adult,roomgroupA
8381_01,Earth,False,TRAPPIST-1e,False,0.0,0.0,0.0,788.0,3.0,8381,E,S,Young Adult,roomgroupA
8382_01,Europa,False,TRAPPIST-1e,False,0.0,7269.0,0.0,2750.0,2367.0,8382,C,P,Adult,roomgroupA
8383_01,Earth,True,TRAPPIST-1e,False,0.0,0.0,0.0,0.0,0.0,8383,G,P,Adult,roomgroupA
8383_02,Earth,True,TRAPPIST-1e,False,0.0,0.0,0.0,0.0,0.0,8383,G,P,Baby,roomgroupA
8383_03,Earth,False,TRAPPIST-1e,False,0.0,0.0,0.0,0.0,0.0,8383,G,P,Baby,roomgroupA
8383_04,Earth,True,TRAPPIST-1e,False,0.0,0.0,0.0,0.0,0.0,8383,G,P,Baby,roomgroupA
8383_05,Earth,False,TRAPPIST-1e,,0.0,0.0,0.0,0.0,0.0,8383,G,P,Child,roomgroupA
8383_06,Earth,False,TRAPPIST-1e,False,0.0,839.0,1.0,0.0,2.0,8383,G,P,Adult,roomgroupA
8383_07,Earth,False,TRAPPIST-1e,False,0.0,0.0,0.0,0.0,0.0,8383,G,P,Child,roomgroupA
8384_01,Earth,False,TRAPPIST-1e,False,0.0,0.0,0.0,1535.0,0.0,8384,F,P,Student,roomgroupA
8386_01,Earth,False,55 Cancri e,False,0.0,1283.0,0.0,2256.0,0.0,8386,G,P,Young Adult,roomgroupA
8388_01,Earth,False,TRAPPIST-1e,False,781.0,0.0,33.0,,0.0,8388,F,P,Student,roomgroupA
8390_01,Earth,True,PSO J318.5-22,False,0.0,0.0,0.0,0.0,0.0,8390,G,P,Teenager,roomgroupA
8392_01,Earth,False,PSO J318.5-22,False,86.0,669.0,1.0,0.0,0.0,8392,F,S,Young Adult,roomgroupA
8393_01,Earth,False,TRAPPIST-1e,False,163.0,146.0,54.0,245.0,95.0,8393,F,P,Student,roomgroupA
8394_01,Europa,False,55 Cancri e,True,9.0,1365.0,0.0,5577.0,1483.0,8394,B,P,Young Adult,roomgroupA
8395_01,Europa,False,TRAPPIST-1e,False,0.0,13.0,0.0,2148.0,319.0,8395,D,P,Young Adult,roomgroupA
8397_01,Earth,False,PSO J318.5-22,False,2.0,104.0,404.0,0.0,0.0,8397,G,P,Student,roomgroupA
8398_01,Europa,True,TRAPPIST-1e,False,0.0,0.0,0.0,0.0,0.0,8398,B,S,Teenager,roomgroupA
8398_02,Europa,True,,False,0.0,0.0,0.0,0.0,0.0,8398,B,S,Adult,roomgroupA
8401_01,Europa,True,55 Cancri e,False,0.0,0.0,0.0,0.0,0.0,8401,C,S,Young Adult,roomgroupA
8403_01,Europa,True,55 Cancri e,False,0.0,0.0,0.0,0.0,0.0,8403,C,S,Adult,roomgroupA
8404_01,Earth,True,TRAPPIST-1e,False,0.0,0.0,0.0,,0.0,8404,G,S,Adult,roomgroupA
8404_02,Earth,True,TRAPPIST-1e,False,0.0,0.0,0.0,0.0,0.0,8404,G,S,Teenager,roomgroupA
8405_01,Earth,False,TRAPPIST-1e,False,0.0,0.0,1025.0,0.0,0.0,8405,G,P,Adult,roomgroupA
8406_01,Mars,False,TRAPPIST-1e,False,1214.0,179.0,566.0,,619.0,8406,D,S,Student,roomgroupA
8407_01,Earth,False,TRAPPIST-1e,False,44.0,1290.0,51.0,0.0,9.0,8407,F,S,Young Adult,roomgroupA
8409_01,Earth,True,TRAPPIST-1e,False,0.0,0.0,0.0,0.0,0.0,8409,G,P,Student,roomgroupA
8410_01,Earth,False,TRAPPIST-1e,False,289.0,302.0,0.0,112.0,0.0,8410,F,S,Adult,roomgroupA
8411_01,Earth,False,TRAPPIST-1e,False,0.0,3137.0,0.0,0.0,0.0,8411,F,P,Teenager,roomgroupA
8414_01,Earth,False,TRAPPIST-1e,False,0.0,171.0,591.0,22.0,0.0,8414,G,P,Young Adult,roomgroupA
8416_01,Earth,False,TRAPPIST-1e,False,0.0,0.0,635.0,2.0,0.0,8416,E,S,Adult,roomgroupA
8418_01,Europa,True,55 Cancri e,False,0.0,0.0,0.0,0.0,0.0,8418,B,S,Teenager,roomgroupA
8418_02,Europa,False,TRAPPIST-1e,False,0.0,0.0,0.0,206.0,2684.0,8418,B,S,Student,roomgroupA
8419_01,Earth,False,TRAPPIST-1e,False,0.0,168.0,481.0,0.0,0.0,8419,F,S,Student,roomgroupA
8419_02,Earth,True,TRAPPIST-1e,False,0.0,0.0,0.0,0.0,0.0,8419,G,S,Student,roomgroupA
8420_01,Earth,False,TRAPPIST-1e,False,4210.0,4.0,0.0,58.0,0.0,8420,E,S,Student,roomgroupA
8421_01,Earth,False,TRAPPIST-1e,False,1.0,30.0,739.0,0.0,33.0,8421,F,S,Young Adult,roomgroupA
8423_01,Earth,False,TRAPPIST-1e,False,0.0,0.0,6.0,0.0,733.0,8423,F,S,Student,roomgroupA
8427_01,Earth,True,PSO J318.5-22,False,0.0,0.0,0.0,0.0,0.0,8427,G,P,Teenager,roomgroupA
8429_01,Earth,True,55 Cancri e,False,0.0,0.0,0.0,0.0,0.0,8429,G,S,Student,roomgroupA
8430_01,Earth,False,TRAPPIST-1e,False,324.0,0.0,546.0,0.0,0.0,8430,F,S,Young Adult,roomgroupA
8431_01,Europa,True,55 Cancri e,False,0.0,0.0,0.0,0.0,0.0,8431,B,P,Young Adult,roomgroupA
8431_02,Europa,,55 Cancri e,False,1.0,4680.0,25.0,564.0,13.0,8431,B,P,Young Adult,roomgroupA
8432_01,Earth,True,TRAPPIST-1e,False,0.0,0.0,0.0,0.0,0.0,8432,G,P,Adult,roomgroupA
8433_01,Earth,False,TRAPPIST-1e,False,341.0,608.0,2.0,2.0,16.0,8433,F,P,Young Adult,roomgroupA
8437_01,Earth,False,PSO J318.5-22,False,52.0,0.0,132.0,334.0,176.0,8437,G,S,Adult,roomgroupA
8438_01,Mars,False,TRAPPIST-1e,False,725.0,0.0,1641.0,0.0,0.0,8438,F,S,Young Adult,roomgroupA
8441_01,Earth,True,55 Cancri e,False,0.0,0.0,0.0,0.0,0.0,8441,G,S,Teenager,roomgroupA
8442_01,Mars,False,TRAPPIST-1e,False,857.0,158.0,0.0,33.0,0.0,8442,E,P,Young Adult,roomgroupA
8444_01,Earth,False,TRAPPIST-1e,False,0.0,1570.0,1.0,0.0,2.0,8444,F,P,Adult,roomgroupA
8447_01,Earth,False,TRAPPIST-1e,False,1.0,0.0,1.0,14.0,1491.0,8447,F,P,Young Adult,roomgroupA
8448_01,Europa,True,55 Cancri e,False,0.0,0.0,0.0,0.0,,8448,B,P,Adult,roomgroupA
8449_01,Europa,False,55 Cancri e,False,0.0,2154.0,0.0,9655.0,859.0,8449,C,S,Young Adult,roomgroupA
8449_02,Europa,False,TRAPPIST-1e,False,0.0,3070.0,0.0,44.0,562.0,8449,C,S,Adult,roomgroupA
8451_01,Mars,False,55 Cancri e,False,1997.0,0.0,0.0,0.0,0.0,8451,F,S,Young Adult,roomgroupA
8451_02,Mars,True,TRAPPIST-1e,False,0.0,0.0,0.0,0.0,0.0,8451,F,S,Young Adult,roomgroupA
8452_01,Europa,False,55 Cancri e,True,0.0,831.0,1536.0,0.0,7953.0,8452,C,P,Adult,roomgroupA
8452_02,Europa,True,TRAPPIST-1e,False,0.0,0.0,0.0,0.0,0.0,8452,C,P,Young Adult,roomgroupA
8452_03,Europa,True,55 Cancri e,False,0.0,0.0,0.0,0.0,0.0,8452,C,P,Adult,roomgroupA
8452_04,Europa,False,TRAPPIST-1e,False,0.0,1055.0,18.0,1669.0,49.0,8452,C,P,Adult,roomgroupA
8454_01,Earth,False,TRAPPIST-1e,False,112.0,0.0,265.0,396.0,0.0,8454,G,S,Student,roomgroupA
8456_01,Europa,True,55 Cancri e,False,0.0,0.0,0.0,0.0,0.0,8456,C,P,Young Adult,roomgroupA
8457_01,Earth,False,TRAPPIST-1e,False,29.0,0.0,,332.0,270.0,8457,F,S,Student,roomgroupA
8458_01,Europa,False,55 Cancri e,False,0.0,4301.0,31.0,665.0,6329.0,8458,C,S,Adult,roomgroupA
8458_02,Europa,True,55 Cancri e,False,0.0,0.0,0.0,0.0,0.0,8458,C,S,Young Adult,roomgroupA
8458_03,Europa,True,55 Cancri e,False,0.0,0.0,0.0,0.0,0.0,8458,C,S,Student,roomgroupA
8458_04,Europa,True,TRAPPIST-1e,False,0.0,0.0,0.0,0.0,0.0,8458,C,S,Adult,roomgroupA
8458_05,Europa,False,TRAPPIST-1e,False,1004.0,2423.0,0.0,0.0,17.0,8458,C,S,Young Adult,roomgroupA
8458_06,Europa,False,TRAPPIST-1e,True,1.0,5610.0,0.0,5.0,119.0,8458,C,S,Young Adult,roomgroupA
8459_01,Earth,True,PSO J318.5-22,False,0.0,0.0,0.0,0.0,0.0,8459,G,S,Adult,roomgroupA
8460_01,Earth,False,TRAPPIST-1e,False,0.0,21.0,63.0,677.0,0.0,8460,F,S,Adult,roomgroupA
8462_01,Earth,False,TRAPPIST-1e,False,32.0,640.0,0.0,0.0,0.0,8462,F,S,Student,roomgroupA
8463_01,Earth,False,55 Cancri e,False,0.0,0.0,608.0,37.0,0.0,8463,F,S,Young Adult,roomgroupA
8465_01,Mars,False,TRAPPIST-1e,False,0.0,0.0,0.0,0.0,0.0,8465,E,P,Adult,roomgroupA
8465_02,Mars,True,TRAPPIST-1e,False,0.0,0.0,0.0,0.0,0.0,8465,F,P,Senior,roomgroupA
8466_01,Earth,False,TRAPPIST-1e,False,0.0,5.0,0.0,687.0,10.0,8466,F,P,Student,roomgroupA
8467_01,Earth,True,55 Cancri e,False,0.0,0.0,0.0,0.0,0.0,8467,G,P,Teenager,roomgroupA
8468_01,Mars,False,55 Cancri e,False,1161.0,0.0,19.0,0.0,0.0,8468,D,P,Adult,roomgroupA
8469_01,Earth,True,55 Cancri e,False,0.0,0.0,0.0,0.0,0.0,8469,G,S,Student,roomgroupA
8470_01,Europa,,55 Cancri e,True,8243.0,280.0,0.0,3220.0,2285.0,8470,C,P,Young Adult,roomgroupA
8471_01,Europa,False,55 Cancri e,True,0.0,1828.0,1.0,1873.0,45.0,8471,E,S,Senior,roomgroupA
8472_01,Earth,True,TRAPPIST-1e,False,0.0,0.0,0.0,0.0,0.0,8472,G,P,Adult,roomgroupA
8474_01,Earth,,55 Cancri e,False,39.0,53.0,94.0,33.0,518.0,8474,F,S,Student,roomgroupA
8475_01,Europa,False,55 Cancri e,False,0.0,2808.0,1083.0,110.0,1132.0,8475,B,S,Adult,roomgroupA
8475_02,Europa,False,55 Cancri e,False,2.0,4887.0,64.0,4952.0,1734.0,8475,B,S,Student,roomgroupA
8476_01,Mars,False,TRAPPIST-1e,False,244.0,0.0,492.0,297.0,23.0,8476,D,S,Young Adult,roomgroupA
8477_01,Earth,False,TRAPPIST-1e,False,0.0,1.0,51.0,1711.0,219.0,8477,F,S,Student,roomgroupA
8479_01,Earth,False,TRAPPIST-1e,,0.0,0.0,0.0,716.0,0.0,8479,F,P,Young Adult,roomgroupA
8480_01,Earth,False,TRAPPIST-1e,False,188.0,0.0,143.0,1443.0,555.0,8480,G,P,Adult,roomgroupA
8480_02,Earth,False,TRAPPIST-1e,False,0.0,847.0,3.0,34.0,0.0,8480,G,P,Adult,roomgroupA
8481_01,Europa,True,TRAPPIST-1e,False,0.0,0.0,0.0,0.0,0.0,8481,B,S,Senior,roomgroupA
8482_01,Earth,True,55 Cancri e,False,0.0,0.0,0.0,0.0,0.0,8482,G,S,Adult,roomgroupA
8483_01,Europa,True,TRAPPIST-1e,True,0.0,0.0,0.0,0.0,0.0,8483,D,S,Young Adult,roomgroupA
8486_01,Earth,True,TRAPPIST-1e,False,0.0,0.0,0.0,0.0,0.0,8486,G,S,Student,roomgroupA
8487_01,Europa,,55 Cancri e,True,65.0,,0.0,88.0,9811.0,8487,C,P,Young Adult,roomgroupA
8489_01,Earth,True,PSO J318.5-22,False,,0.0,0.0,0.0,0.0,8489,G,P,Student,roomgroupA
8491_01,Mars,False,55 Cancri e,False,319.0,0.0,6331.0,8.0,0.0,8491,F,S,Adult,roomgroupA
8492_01,Earth,False,TRAPPIST-1e,False,0.0,62.0,3.0,667.0,0.0,8492,F,P,Young Adult,roomgroupA
8493_01,Earth,True,PSO J318.5-22,False,0.0,0.0,0.0,0.0,0.0,8493,G,P,Student,roomgroupA
8494_01,Mars,False,TRAPPIST-1e,False,770.0,0.0,1301.0,,0.0,8494,E,P,Adult,roomgroupA
8495_01,Europa,False,55 Cancri e,False,18.0,4754.0,1.0,1254.0,2.0,8495,C,P,Adult,roomgroupA
8500_01,Mars,False,TRAPPIST-1e,False,49.0,322.0,977.0,0.0,0.0,8500,F,P,Young Adult,roomgroupA
8502_01,Mars,False,TRAPPIST-1e,True,1264.0,1787.0,36.0,473.0,337.0,8502,D,S,Young Adult,roomgroupA
8503_01,Europa,False,TRAPPIST-1e,False,3784.0,917.0,146.0,1770.0,880.0,8503,B,P,Adult,roomgroupA
8503_02,Europa,False,TRAPPIST-1e,False,0.0,529.0,0.0,,3884.0,8503,B,P,Young Adult,roomgroupA
8503_03,Europa,True,55 Cancri e,False,0.0,0.0,0.0,0.0,0.0,8503,B,P,Student,roomgroupA
8504_01,Earth,False,TRAPPIST-1e,False,0.0,0.0,2036.0,2.0,1.0,8504,F,P,Adult,roomgroupA
8504_02,Earth,True,55 Cancri e,False,0.0,0.0,0.0,0.0,0.0,8504,G,P,Student,roomgroupA
8506_01,Earth,False,TRAPPIST-1e,False,490.0,0.0,54.0,195.0,0.0,8506,F,P,Student,roomgroupA
8508_01,Mars,True,TRAPPIST-1e,False,0.0,0.0,0.0,0.0,0.0,8508,F,P,Adult,roomgroupA
8508_02,Mars,True,TRAPPIST-1e,False,0.0,0.0,0.0,0.0,0.0,8508,F,P,Baby,roomgroupA
8508_03,Mars,False,TRAPPIST-1e,False,0.0,0.0,0.0,0.0,0.0,8508,F,P,Baby,roomgroupA
8509_01,Earth,False,TRAPPIST-1e,False,21.0,0.0,863.0,0.0,0.0,8509,G,S,Adult,roomgroupA
8511_01,Earth,False,PSO J318.5-22,False,590.0,28.0,73.0,0.0,82.0,8511,G,S,Adult,roomgroupA
8512_01,Earth,False,55 Cancri e,False,0.0,717.0,0.0,0.0,10.0,8512,F,S,Adult,roomgroupA
8514_01,Mars,,TRAPPIST-1e,False,870.0,28.0,278.0,154.0,1288.0,8514,F,P,Adult,roomgroupA
8516_01,Earth,False,TRAPPIST-1e,False,,0.0,0.0,327.0,0.0,8516,F,P,Student,roomgroupA
8521_01,Europa,False,TRAPPIST-1e,False,0.0,0.0,0.0,0.0,0.0,8521,A,S,Adult,roomgroupA
8522_01,Earth,False,TRAPPIST-1e,False,3.0,,10.0,4.0,855.0,8522,F,P,Young Adult,roomgroupA
8523_01,Europa,False,55 Cancri e,False,53.0,3033.0,0.0,140.0,6102.0,8523,C,S,Adult,roomgroupA
8524_01,Europa,True,55 Cancri e,False,0.0,0.0,0.0,0.0,0.0,8524,B,S,Young Adult,roomgroupA
8528_01,Earth,False,TRAPPIST-1e,False,11.0,0.0,0.0,839.0,0.0,8528,G,S,Student,roomgroupA
8530_01,Mars,False,TRAPPIST-1e,False,2502.0,0.0,44.0,23.0,29.0,8530,F,S,Unknown,roomgroupA
8535_01,Earth,False,55 Cancri e,False,348.0,210.0,0.0,0.0,1.0,8535,F,S,Student,roomgroupA
8536_01,Europa,False,55 Cancri e,False,0.0,101.0,0.0,0.0,12143.0,8536,E,S,Young Adult,roomgroupA
8537_01,Mars,True,TRAPPIST-1e,False,0.0,0.0,0.0,0.0,0.0,8537,F,S,Adult,roomgroupA
8537_02,Mars,False,TRAPPIST-1e,False,5327.0,0.0,290.0,0.0,0.0,8537,F,S,Adult,roomgroupA
8537_03,Mars,True,TRAPPIST-1e,,0.0,0.0,0.0,0.0,0.0,8537,F,S,Teenager,roomgroupA
8539_01,Earth,False,TRAPPIST-1e,False,59.0,29.0,27.0,,0.0,8539,G,S,Student,roomgroupA
8540_01,Earth,False,TRAPPIST-1e,False,686.0,0.0,13.0,0.0,0.0,8540,F,S,Young Adult,roomgroupA
8541_01,Mars,False,TRAPPIST-1e,True,1093.0,950.0,341.0,0.0,0.0,8541,D,P,Adult,roomgroupA
8541_02,Mars,False,55 Cancri e,False,1914.0,5.0,0.0,0.0,228.0,8541,D,P,Young Adult,roomgroupA
8542_01,Mars,True,TRAPPIST-1e,False,0.0,0.0,0.0,0.0,0.0,8542,E,P,Student,roomgroupA
8544_01,Earth,False,TRAPPIST-1e,False,114.0,161.0,22.0,419.0,0.0,8544,F,S,Teenager,roomgroupA
8545_01,Earth,False,TRAPPIST-1e,False,0.0,0.0,7.0,717.0,0.0,8545,F,P,Student,roomgroupA
8548_01,Earth,False,TRAPPIST-1e,False,129.0,106.0,280.0,183.0,18.0,8548,F,P,Student,roomgroupA
8549_01,Mars,True,TRAPPIST-1e,False,0.0,0.0,0.0,0.0,0.0,8549,F,S,Adult,roomgroupA
8551_01,Europa,False,TRAPPIST-1e,False,0.0,847.0,,630.0,2060.0,8551,D,S,Adult,roomgroupA
8552_01,Mars,False,TRAPPIST-1e,False,0.0,0.0,0.0,0.0,0.0,8552,E,P,Student,roomgroupA
8552_02,Mars,False,TRAPPIST-1e,False,387.0,0.0,28.0,2183.0,0.0,8552,F,P,Teenager,roomgroupA
8554_01,Earth,False,PSO J318.5-22,False,487.0,0.0,195.0,0.0,7.0,8554,E,P,Adult,roomgroupA
8556_01,Europa,False,TRAPPIST-1e,False,0.0,1878.0,0.0,18572.0,10028.0,8556,B,P,Student,roomgroupA
8556_02,Europa,False,55 Cancri e,True,0.0,3978.0,0.0,266.0,597.0,8556,B,P,Young Adult,roomgroupA
8557_01,Europa,True,TRAPPIST-1e,False,0.0,0.0,0.0,0.0,0.0,8557,B,S,Adult,roomgroupA
8557_02,Europa,True,55 Cancri e,False,0.0,0.0,0.0,0.0,0.0,8557,B,S,Adult,roomgroupA
8559_01,Mars,False,TRAPPIST-1e,True,3.0,952.0,208.0,951.0,0.0,8559,E,P,Young Adult,roomgroupA
8559_02,Mars,False,TRAPPIST-1e,False,0.0,0.0,0.0,0.0,0.0,8559,F,P,Baby,roomgroupA
8559_03,Mars,True,TRAPPIST-1e,False,0.0,0.0,0.0,0.0,0.0,8559,F,P,Student,roomgroupA
8560_01,Earth,True,55 Cancri e,False,0.0,0.0,0.0,0.0,0.0,8560,G,P,Student,roomgroupA
8561_01,Earth,True,PSO J318.5-22,False,0.0,0.0,,0.0,0.0,8561,G,S,Young Adult,roomgroupA
8566_01,Earth,False,TRAPPIST-1e,False,3.0,214.0,0.0,0.0,591.0,8566,G,P,Student,roomgroupA
8569_01,Europa,False,TRAPPIST-1e,False,0.0,3636.0,0.0,70.0,27.0,8569,A,P,Young Adult,roomgroupA
8570_01,Earth,True,PSO J318.5-22,False,0.0,0.0,0.0,0.0,0.0,8570,G,S,Student,roomgroupA
8571_01,Mars,False,TRAPPIST-1e,False,5757.0,0.0,206.0,0.0,0.0,8571,F,S,Young Adult,roomgroupA
8572_01,Europa,False,TRAPPIST-1e,False,0.0,739.0,0.0,140.0,6901.0,8572,A,P,Young Adult,roomgroupA
8573_01,Earth,False,TRAPPIST-1e,,10.0,4.0,1.0,0.0,791.0,8573,F,S,Young Adult,roomgroupA
8573_02,Earth,True,TRAPPIST-1e,False,0.0,0.0,0.0,0.0,0.0,8573,G,S,Student,roomgroupA
8574_01,Mars,True,TRAPPIST-1e,False,0.0,0.0,0.0,0.0,0.0,8574,F,S,Adult,roomgroupA
8574_02,Mars,,,False,1042.0,0.0,2.0,1.0,11.0,8574,D,S,Adult,roomgroupA
8574_03,Mars,True,TRAPPIST-1e,False,0.0,0.0,0.0,0.0,0.0,8574,F,S,Child,roomgroupA
8574_04,Mars,False,TRAPPIST-1e,False,1763.0,0.0,11.0,0.0,0.0,8574,F,S,Adult,roomgroupA
8574_05,Mars,True,55 Cancri e,,0.0,0.0,0.0,0.0,0.0,8574,F,S,Young Adult,roomgroupA
8577_01,Mars,True,TRAPPIST-1e,False,0.0,0.0,0.0,0.0,0.0,8577,F,S,Adult,roomgroupA
8580_01,Earth,False,PSO J318.5-22,False,4.0,3.0,149.0,17.0,442.0,8580,G,S,Student,roomgroupA
8581_01,Europa,True,TRAPPIST-1e,True,0.0,0.0,0.0,0.0,0.0,8581,C,S,Young Adult,roomgroupA
8581_02,Europa,True,TRAPPIST-1e,False,0.0,0.0,0.0,0.0,0.0,8581,C,S,Young Adult,roomgroupA
8584_01,Earth,False,TRAPPIST-1e,False,4.0,0.0,72.0,21.0,600.0,8584,F,S,Student,roomgroupA
8585_01,Mars,False,TRAPPIST-1e,False,748.0,164.0,269.0,0.0,0.0,8585,D,S,Adult,roomgroupA
8586_01,Mars,False,55 Cancri e,False,0.0,0.0,396.0,256.0,1482.0,8586,E,P,Young Adult,roomgroupA
8587_01,,False,TRAPPIST-1e,False,637.0,0.0,89.0,312.0,2.0,8587,F,P,Young Adult,roomgroupA
8588_01,Mars,True,TRAPPIST-1e,False,0.0,0.0,0.0,0.0,0.0,8588,E,S,Adult,roomgroupA
8589_01,Europa,False,55 Cancri e,False,6.0,728.0,0.0,1273.0,1116.0,8589,D,P,Young Adult,roomgroupA
8592_01,Europa,False,TRAPPIST-1e,False,0.0,1406.0,0.0,4199.0,2123.0,8592,D,P,Student,roomgroupA
8594_01,Earth,False,TRAPPIST-1e,False,210.0,3.0,601.0,1.0,68.0,8594,G,S,Adult,roomgroupA
8595_01,Mars,True,TRAPPIST-1e,False,0.0,0.0,0.0,0.0,0.0,8595,E,P,Student,roomgroupA
8596_01,Europa,True,TRAPPIST-1e,False,0.0,0.0,0.0,0.0,0.0,8596,C,P,Adult,roomgroupA
8596_02,Europa,True,55 Cancri e,False,0.0,0.0,0.0,0.0,0.0,8596,C,P,Young Adult,roomgroupA
8597_01,Earth,True,TRAPPIST-1e,False,0.0,0.0,0.0,0.0,0.0,8597,G,S,Student,roomgroupA
8598_01,Earth,False,55 Cancri e,,0.0,0.0,0.0,0.0,0.0,8598,G,P,Child,roomgroupA
8598_02,Earth,True,PSO J318.5-22,False,0.0,0.0,0.0,0.0,0.0,8598,G,P,Adult,roomgroupA
8598_03,Earth,False,55 Cancri e,False,12.0,71.0,0.0,103.0,624.0,8598,G,S,Young Adult,roomgroupA
8599_01,Earth,False,55 Cancri e,False,547.0,145.0,5.0,0.0,9.0,8599,G,S,Teenager,roomgroupA
8602_01,Earth,True,TRAPPIST-1e,False,0.0,0.0,0.0,0.0,0.0,8602,G,P,Baby,roomgroupA
8602_02,Earth,False,PSO J318.5-22,,10.0,1028.0,3.0,2519.0,0.0,8602,G,P,Student,roomgroupA
8602_03,Earth,True,,,0.0,0.0,0.0,0.0,0.0,8602,G,P,Young Adult,roomgroupA
8603_01,Earth,True,PSO J318.5-22,False,0.0,0.0,0.0,0.0,0.0,8603,G,S,Student,roomgroupA
8604_01,Mars,False,,False,50.0,0.0,343.0,2205.0,0.0,8604,F,P,Adult,roomgroupA
8604_02,Mars,True,TRAPPIST-1e,False,0.0,0.0,0.0,0.0,0.0,8604,F,P,Student,roomgroupA
8605_01,Europa,False,TRAPPIST-1e,False,0.0,82.0,0.0,2279.0,293.0,8605,C,S,Senior,roomgroupA
8605_02,Europa,True,TRAPPIST-1e,False,0.0,0.0,0.0,0.0,0.0,8605,G,S,Young Adult,roomgroupA
8605_03,Europa,True,55 Cancri e,,0.0,0.0,0.0,0.0,0.0,8605,C,S,Teenager,roomgroupA
8605_04,Europa,False,TRAPPIST-1e,False,0.0,226.0,0.0,436.0,4051.0,8605,C,S,Young Adult,roomgroupA
8605_05,Europa,True,55 Cancri e,False,0.0,0.0,0.0,0.0,0.0,8605,C,S,Young Adult,roomgroupA
8606_01,Earth,True,TRAPPIST-1e,False,0.0,0.0,0.0,0.0,0.0,8606,G,S,Student,roomgroupA
8606_02,Earth,False,TRAPPIST-1e,False,13.0,221.0,0.0,1154.0,0.0,8606,F,S,Young Adult,roomgroupA
8606_03,Earth,False,TRAPPIST-1e,False,0.0,0.0,148.0,551.0,89.0,8606,E,S,Young Adult,roomgroupA
8607_01,Earth,False,PSO J318.5-22,False,0.0,2202.0,9.0,71.0,100.0,8607,G,S,Student,roomgroupA
8609_01,Earth,False,TRAPPIST-1e,False,0.0,0.0,2.0,994.0,0.0,8609,E,S,Young Adult,roomgroupA
8610_01,Earth,True,PSO J318.5-22,False,0.0,0.0,0.0,0.0,0.0,8610,G,P,Teenager,roomgroupA
8611_01,Earth,False,55 Cancri e,False,2.0,644.0,0.0,0.0,0.0,8611,F,P,Young Adult,roomgroupA
8612_01,,False,TRAPPIST-1e,False,4.0,9.0,870.0,0.0,0.0,8612,G,P,Young Adult,roomgroupA
8613_01,Earth,False,TRAPPIST-1e,False,0.0,0.0,0.0,0.0,0.0,8613,G,S,Child,roomgroupA
8614_01,Earth,False,TRAPPIST-1e,False,4.0,3.0,1785.0,0.0,0.0,8614,G,P,Student,roomgroupA
8615_01,Earth,False,55 Cancri e,False,0.0,0.0,117.0,712.0,0.0,8615,E,S,Adult,roomgroupA
8615_02,Earth,True,55 Cancri e,False,0.0,0.0,0.0,0.0,0.0,8615,G,S,Teenager,roomgroupA
8616_01,Mars,False,TRAPPIST-1e,False,27.0,0.0,797.0,830.0,161.0,8616,F,P,Adult,roomgroupA
8616_02,Mars,True,55 Cancri e,False,0.0,0.0,0.0,0.0,0.0,8616,F,P,Student,roomgroupA
8617_01,Earth,False,TRAPPIST-1e,False,11.0,1475.0,0.0,0.0,0.0,8617,F,P,Student,roomgroupA
8618_01,Europa,False,55 Cancri e,False,0.0,694.0,0.0,0.0,1370.0,8618,B,S,Student,roomgroupA
8618_02,Europa,True,TRAPPIST-1e,False,0.0,0.0,0.0,0.0,0.0,8618,B,S,Teenager,roomgroupA
8619_01,Europa,False,TRAPPIST-1e,False,187.0,268.0,977.0,3441.0,236.0,8619,E,S,Adult,roomgroupA
8620_01,Mars,False,TRAPPIST-1e,True,1234.0,35.0,7.0,0.0,0.0,8620,F,S,Adult,roomgroupA
8623_01,Earth,False,TRAPPIST-1e,False,9.0,731.0,85.0,0.0,537.0,8623,G,S,Teenager,roomgroupA
8624_01,Earth,False,TRAPPIST-1e,False,135.0,0.0,0.0,0.0,928.0,8624,F,S,Adult,roomgroupA
8624_02,Earth,True,TRAPPIST-1e,,0.0,0.0,0.0,0.0,0.0,8624,G,S,Child,roomgroupA
8626_01,Earth,False,TRAPPIST-1e,False,1.0,0.0,1.0,15.0,854.0,8626,F,P,Young Adult,roomgroupA
8628_01,Earth,False,PSO J318.5-22,False,0.0,18.0,0.0,0.0,686.0,8628,F,S,Adult,roomgroupA
8629_01,Earth,True,TRAPPIST-1e,False,0.0,0.0,0.0,0.0,0.0,8629,G,S,Young Adult,roomgroupA
8631_01,Mars,True,TRAPPIST-1e,False,0.0,0.0,0.0,0.0,0.0,8631,E,P,Adult,roomgroupA
8633_01,Earth,False,TRAPPIST-1e,False,2.0,33.0,97.0,553.0,,8633,F,S,Teenager,roomgroupA
8634_01,Earth,False,TRAPPIST-1e,False,1739.0,0.0,0.0,83.0,0.0,8634,G,S,Adult,roomgroupA
8635_01,Earth,False,TRAPPIST-1e,False,224.0,0.0,0.0,0.0,1384.0,8635,E,P,Student,roomgroupA
8636_01,Mars,True,TRAPPIST-1e,False,0.0,0.0,0.0,0.0,0.0,8636,F,P,Adult,roomgroupA
8637_01,,True,TRAPPIST-1e,False,0.0,0.0,0.0,0.0,0.0,8637,F,P,Young Adult,roomgroupA
8637_02,Mars,False,TRAPPIST-1e,False,987.0,0.0,6221.0,141.0,0.0,8637,F,P,Young Adult,roomgroupA
8637_03,Mars,False,TRAPPIST-1e,,330.0,1.0,967.0,0.0,0.0,8637,E,P,Teenager,roomgroupA
8638_01,Earth,True,TRAPPIST-1e,False,0.0,0.0,0.0,0.0,0.0,8638,G,P,Student,roomgroupA
8638_02,Earth,False,TRAPPIST-1e,False,0.0,0.0,0.0,0.0,0.0,8638,G,P,Baby,roomgroupA
8638_03,Earth,False,55 Cancri e,False,0.0,0.0,0.0,0.0,0.0,8638,G,P,Baby,roomgroupA
8639_01,Mars,True,TRAPPIST-1e,False,0.0,0.0,0.0,0.0,0.0,8639,E,S,Student,roomgroupA
8639_02,Mars,False,TRAPPIST-1e,False,1455.0,2207.0,163.0,2354.0,0.0,8639,D,S,Young Adult,roomgroupA
8640_01,Earth,False,,False,133.0,0.0,525.0,0.0,31.0,8640,F,S,Adult,roomgroupA
8641_01,Mars,False,TRAPPIST-1e,False,0.0,0.0,0.0,0.0,0.0,8641,F,S,Baby,roomgroupA
8641_02,Mars,False,TRAPPIST-1e,False,1146.0,0.0,3.0,0.0,0.0,8641,F,S,Student,roomgroupA
8641_03,Mars,True,TRAPPIST-1e,False,0.0,0.0,0.0,0.0,0.0,8641,F,S,Student,roomgroupA
8642_01,Earth,False,PSO J318.5-22,False,0.0,4.0,0.0,0.0,625.0,8642,F,P,Student,roomgroupA
8643_01,Mars,False,TRAPPIST-1e,False,2048.0,0.0,2.0,848.0,0.0,8643,F,P,Student,roomgroupA
8644_01,Earth,False,TRAPPIST-1e,False,20.0,0.0,11.0,0.0,848.0,8644,F,S,Young Adult,roomgroupA
8644_02,Earth,False,TRAPPIST-1e,False,0.0,0.0,0.0,0.0,1972.0,8644,F,S,Young Adult,roomgroupA
8645_01,Earth,False,55 Cancri e,False,1.0,26.0,1908.0,318.0,0.0,8645,F,P,Student,roomgroupA
8646_01,Europa,True,TRAPPIST-1e,False,0.0,0.0,0.0,0.0,0.0,8646,C,S,Adult,roomgroupA
8646_02,Europa,False,TRAPPIST-1e,False,0.0,1285.0,0.0,3030.0,334.0,8646,C,S,Young Adult,roomgroupA
8646_03,Europa,True,TRAPPIST-1e,False,0.0,0.0,0.0,0.0,0.0,8646,C,S,Adult,roomgroupA
8646_04,Europa,False,55 Cancri e,False,3.0,1108.0,2.0,5775.0,1964.0,8646,C,S,Adult,roomgroupA
8650_01,Earth,True,TRAPPIST-1e,False,0.0,0.0,0.0,0.0,0.0,8650,G,P,Teenager,roomgroupA
8653_01,Earth,True,TRAPPIST-1e,False,0.0,0.0,0.0,0.0,0.0,8653,G,S,Adult,roomgroupA
8654_01,Earth,False,TRAPPIST-1e,False,777.0,0.0,23.0,0.0,61.0,8654,F,P,Adult,roomgroupA
8656_01,Europa,False,TRAPPIST-1e,False,0.0,4455.0,0.0,1663.0,4435.0,8656,A,S,Young Adult,roomgroupA
8656_02,Europa,False,55 Cancri e,True,0.0,1298.0,0.0,1841.0,1547.0,8656,A,S,Adult,roomgroupA
8656_03,Europa,True,55 Cancri e,True,0.0,0.0,0.0,0.0,0.0,8656,A,S,Young Adult,roomgroupA
8657_01,Mars,False,TRAPPIST-1e,False,200.0,0.0,1083.0,65.0,0.0,8657,F,P,Adult,roomgroupA
8658_01,Mars,False,TRAPPIST-1e,False,0.0,1.0,1364.0,226.0,0.0,8658,E,S,Adult,roomgroupA
8658_02,Mars,False,TRAPPIST-1e,False,345.0,0.0,848.0,0.0,116.0,8658,F,S,Adult,roomgroupA
8659_01,Earth,False,TRAPPIST-1e,False,125.0,556.0,23.0,0.0,0.0,8659,F,P,Student,roomgroupA
8661_01,Earth,False,TRAPPIST-1e,False,886.0,0.0,0.0,1587.0,12.0,8661,F,S,Student,roomgroupA
8663_01,Earth,False,TRAPPIST-1e,False,450.0,4791.0,896.0,0.0,0.0,8663,G,S,Teenager,roomgroupA
8663_02,Earth,True,55 Cancri e,,0.0,0.0,0.0,0.0,0.0,8663,G,S,Adult,roomgroupA
8664_01,Earth,False,TRAPPIST-1e,False,909.0,0.0,0.0,0.0,0.0,8664,G,S,Adult,roomgroupA
8667_01,Mars,False,TRAPPIST-1e,False,733.0,0.0,455.0,,0.0,8667,F,S,Student,roomgroupA
8668_01,Mars,True,TRAPPIST-1e,False,0.0,0.0,0.0,0.0,0.0,8668,F,P,Child,roomgroupA
8668_02,Mars,False,TRAPPIST-1e,False,806.0,16.0,125.0,1008.0,0.0,8668,D,P,Adult,roomgroupA
8668_03,Mars,False,TRAPPIST-1e,False,0.0,0.0,0.0,0.0,0.0,8668,E,P,Adult,roomgroupA
8669_01,Earth,False,TRAPPIST-1e,False,949.0,0.0,22.0,0.0,0.0,8669,F,S,Young Adult,roomgroupA
8669_02,Earth,False,TRAPPIST-1e,False,0.0,0.0,0.0,0.0,0.0,8669,G,S,Child,roomgroupA
8669_03,Earth,False,TRAPPIST-1e,False,506.0,0.0,456.0,0.0,0.0,8669,F,S,Adult,roomgroupA
8670_01,Earth,True,PSO J318.5-22,False,0.0,0.0,0.0,0.0,0.0,8670,G,S,Teenager,roomgroupA
8671_01,Europa,False,55 Cancri e,False,1.0,764.0,1.0,265.0,1539.0,8671,A,P,Young Adult,roomgroupA
8672_01,Earth,False,TRAPPIST-1e,False,21.0,155.0,0.0,267.0,0.0,8672,G,P,Adult,roomgroupA
8673_01,Europa,True,,False,0.0,0.0,0.0,0.0,0.0,8673,C,P,Young Adult,roomgroupA
8674_01,Mars,False,TRAPPIST-1e,False,4924.0,0.0,49.0,2.0,0.0,8674,F,P,Student,roomgroupA
8675_01,Europa,True,TRAPPIST-1e,,0.0,0.0,0.0,0.0,0.0,8675,B,P,Young Adult,roomgroupA
8680_01,Mars,False,TRAPPIST-1e,False,,971.0,700.0,0.0,0.0,8680,F,P,Adult,roomgroupA
8681_01,Mars,False,TRAPPIST-1e,False,368.0,499.0,1729.0,0.0,2.0,8681,F,P,Young Adult,roomgroupA
8681_02,Mars,False,TRAPPIST-1e,False,0.0,0.0,0.0,0.0,0.0,8681,F,P,Baby,roomgroupA
8681_03,Mars,False,TRAPPIST-1e,False,0.0,0.0,0.0,0.0,0.0,8681,F,P,Baby,roomgroupA
8683_01,Earth,False,PSO J318.5-22,False,51.0,6.0,87.0,21.0,404.0,8683,F,S,Adult,roomgroupA
8684_01,Earth,False,TRAPPIST-1e,False,1.0,1.0,0.0,226.0,488.0,8684,F,P,Student,roomgroupA
8685_01,Earth,True,55 Cancri e,False,0.0,0.0,0.0,0.0,0.0,8685,G,S,Student,roomgroupA
8687_01,Earth,False,TRAPPIST-1e,False,0.0,,594.0,95.0,0.0,8687,F,S,Young Adult,roomgroupA
8688_01,Earth,False,TRAPPIST-1e,False,0.0,0.0,0.0,595.0,0.0,8688,F,S,Unknown,roomgroupA
8691_01,Earth,True,PSO J318.5-22,False,0.0,0.0,0.0,0.0,0.0,8691,G,P,Student,roomgroupA
8693_01,Earth,True,PSO J318.5-22,False,0.0,0.0,0.0,0.0,0.0,8693,G,P,Young Adult,roomgroupA
8694_01,Earth,True,TRAPPIST-1e,False,0.0,0.0,0.0,0.0,0.0,8694,G,P,Teenager,roomgroupA
8694_02,Earth,False,TRAPPIST-1e,False,0.0,0.0,0.0,0.0,0.0,8694,G,P,Child,roomgroupA
8694_03,Earth,True,TRAPPIST-1e,False,0.0,0.0,0.0,0.0,0.0,8694,G,P,Child,roomgroupA
8695_01,Mars,False,TRAPPIST-1e,False,76.0,0.0,1169.0,0.0,64.0,8695,F,S,Adult,roomgroupA
8696_01,Europa,True,PSO J318.5-22,False,0.0,0.0,0.0,0.0,0.0,8696,C,S,Adult,roomgroupA
8700_01,Mars,False,TRAPPIST-1e,False,217.0,7.0,928.0,0.0,728.0,8700,F,S,Teenager,roomgroupA
8701_01,Mars,False,55 Cancri e,False,203.0,0.0,172.0,1460.0,151.0,8701,F,P,Student,roomgroupA
8703_01,Earth,False,TRAPPIST-1e,False,84.0,0.0,308.0,0.0,1179.0,8703,F,S,Adult,roomgroupA
8704_01,Mars,True,TRAPPIST-1e,,0.0,0.0,0.0,0.0,0.0,8704,F,S,Adult,roomgroupA
8704_02,Mars,False,,False,2239.0,0.0,146.0,0.0,0.0,8704,D,S,Young Adult,roomgroupA
8708_01,Earth,False,PSO J318.5-22,False,679.0,0.0,0.0,0.0,0.0,8708,G,P,Young Adult,roomgroupA
8709_01,Earth,False,TRAPPIST-1e,False,0.0,98.0,456.0,277.0,70.0,8709,F,S,Adult,roomgroupA
8710_01,Earth,False,PSO J318.5-22,,312.0,227.0,50.0,0.0,0.0,8710,F,S,Young Adult,roomgroupA
8712_01,Mars,True,TRAPPIST-1e,,0.0,0.0,0.0,0.0,0.0,8712,F,P,Teenager,roomgroupA
8714_01,Mars,False,TRAPPIST-1e,False,1584.0,0.0,36.0,104.0,0.0,8714,D,P,Adult,roomgroupA
8716_01,Earth,False,PSO J318.5-22,False,426.0,0.0,220.0,2.0,0.0,8716,F,P,Student,roomgroupA
8717_01,Earth,False,TRAPPIST-1e,False,139.0,9.0,0.0,0.0,582.0,8717,F,S,Adult,roomgroupA
8719_01,Europa,False,TRAPPIST-1e,True,0.0,3076.0,0.0,3.0,994.0,8719,A,S,Young Adult,roomgroupA
8719_02,Europa,False,55 Cancri e,False,0.0,1821.0,2370.0,949.0,46.0,8719,A,S,Adult,roomgroupA
8719_03,Europa,,55 Cancri e,False,0.0,0.0,0.0,0.0,0.0,8719,A,S,Student,roomgroupA
8720_01,Earth,False,55 Cancri e,False,0.0,247.0,1063.0,36.0,0.0,8720,F,S,Student,roomgroupA
8721_01,Europa,True,55 Cancri e,False,0.0,0.0,0.0,0.0,0.0,8721,B,S,Senior,roomgroupA
8722_01,Mars,True,TRAPPIST-1e,False,0.0,0.0,0.0,0.0,0.0,8722,E,P,Adult,roomgroupA
8722_02,Mars,False,TRAPPIST-1e,False,2002.0,0.0,10.0,87.0,0.0,8722,E,P,Adult,roomgroupA
8723_01,Earth,False,TRAPPIST-1e,False,32.0,1163.0,0.0,52.0,1935.0,8723,F,P,Adult,roomgroupA
8727_01,Earth,False,55 Cancri e,False,34.0,0.0,0.0,0.0,658.0,8727,F,P,Young Adult,roomgroupA
8728_01,Earth,,TRAPPIST-1e,False,258.0,500.0,3.0,15.0,128.0,8728,F,P,Young Adult,roomgroupA
8728_02,Earth,False,TRAPPIST-1e,False,694.0,0.0,1.0,87.0,0.0,8728,G,P,Adult,roomgroupA
8728_03,Earth,False,TRAPPIST-1e,False,1254.0,0.0,45.0,0.0,0.0,8728,F,P,Student,roomgroupA
8728_04,Earth,False,PSO J318.5-22,False,647.0,23.0,1.0,0.0,0.0,8728,F,P,Adult,roomgroupA
8728_05,Earth,True,55 Cancri e,False,0.0,0.0,0.0,0.0,0.0,8728,G,P,Student,roomgroupA
8728_06,Earth,True,PSO J318.5-22,False,0.0,0.0,0.0,0.0,0.0,8728,G,P,Young Adult,roomgroupA
8728_07,Earth,False,TRAPPIST-1e,False,266.0,3.0,2.0,0.0,748.0,8728,G,S,Adult,roomgroupA
8728_08,Earth,False,TRAPPIST-1e,False,0.0,592.0,164.0,0.0,0.0,8728,G,P,Senior,roomgroupA
8729_01,Europa,False,TRAPPIST-1e,False,354.0,2639.0,0.0,1180.0,0.0,8729,E,P,Senior,roomgroupA
8729_02,Europa,False,TRAPPIST-1e,False,,7759.0,18.0,4925.0,12685.0,8729,E,P,Student,roomgroupA
8732_01,Earth,False,TRAPPIST-1e,False,193.0,251.0,0.0,165.0,0.0,8732,F,S,Student,roomgroupA
8733_01,Earth,False,TRAPPIST-1e,False,22.0,226.0,0.0,0.0,633.0,8733,G,S,Unknown,roomgroupA
8734_01,Earth,False,PSO J318.5-22,False,,0.0,707.0,1.0,0.0,8734,G,P,Young Adult,roomgroupA
8735_01,Earth,False,TRAPPIST-1e,False,227.0,0.0,1.0,0.0,707.0,8735,F,P,Student,roomgroupA
8736_01,Mars,True,TRAPPIST-1e,False,0.0,0.0,0.0,0.0,0.0,8736,F,P,Student,roomgroupA
8736_02,Mars,False,TRAPPIST-1e,False,,2.0,289.0,976.0,0.0,8736,F,P,Student,roomgroupA
8741_01,Europa,True,TRAPPIST-1e,False,0.0,0.0,0.0,0.0,0.0,8741,A,P,Teenager,roomgroupA
8741_02,Europa,False,55 Cancri e,False,0.0,3853.0,0.0,245.0,178.0,8741,A,P,Adult,roomgroupA
8741_03,Europa,False,TRAPPIST-1e,False,4.0,44.0,1401.0,1043.0,0.0,8741,A,P,Adult,roomgroupA
8743_01,Earth,,55 Cancri e,False,179.0,16.0,246.0,280.0,0.0,8743,F,P,Student,roomgroupA
8744_01,Earth,False,TRAPPIST-1e,False,1613.0,0.0,0.0,0.0,7.0,8744,E,S,Adult,roomgroupA
8749_01,Mars,False,TRAPPIST-1e,False,947.0,83.0,19.0,0.0,0.0,8749,E,P,Young Adult,roomgroupA
8750_01,Earth,False,TRAPPIST-1e,False,24.0,753.0,0.0,0.0,0.0,8750,F,P,Student,roomgroupA
8751_01,Earth,False,TRAPPIST-1e,False,0.0,0.0,124.0,4.0,471.0,8751,F,S,Young Adult,roomgroupA
8752_01,Mars,False,TRAPPIST-1e,False,2758.0,0.0,1.0,0.0,0.0,8752,D,P,Adult,roomgroupA
8753_01,Earth,False,TRAPPIST-1e,False,0.0,0.0,0.0,545.0,89.0,8753,F,P,Young Adult,roomgroupA
8753_02,Earth,False,TRAPPIST-1e,False,22.0,9.0,40.0,732.0,0.0,8753,F,P,Adult,roomgroupA
8753_03,Earth,False,TRAPPIST-1e,False,0.0,0.0,9.0,69.0,1157.0,8753,F,P,Student,roomgroupA
8754_01,Earth,False,TRAPPIST-1e,False,151.0,,613.0,6.0,0.0,8754,G,S,Student,roomgroupA
8755_01,Europa,True,55 Cancri e,False,0.0,0.0,0.0,0.0,0.0,8755,D,S,Adult,roomgroupA
8757_01,Earth,False,TRAPPIST-1e,False,1.0,1484.0,210.0,0.0,5.0,8757,G,S,Young Adult,roomgroupA
8759_01,Mars,False,TRAPPIST-1e,False,520.0,0.0,139.0,0.0,77.0,8759,F,S,Young Adult,roomgroupA
8759_02,Mars,False,TRAPPIST-1e,False,74.0,0.0,0.0,1130.0,22.0,8759,F,S,Adult,roomgroupA
8760_01,Earth,False,,False,804.0,0.0,0.0,0.0,0.0,8760,F,S,Student,roomgroupA
8762_01,Earth,False,TRAPPIST-1e,False,32.0,180.0,497.0,0.0,99.0,8762,G,S,Young Adult,roomgroupA
8764_01,Mars,True,55 Cancri e,False,0.0,0.0,0.0,0.0,0.0,8764,F,S,Young Adult,roomgroupA
8766_01,Mars,True,TRAPPIST-1e,False,0.0,0.0,0.0,0.0,0.0,8766,F,P,Young Adult,roomgroupA
8769_01,Mars,False,TRAPPIST-1e,False,1.0,0.0,2080.0,11.0,0.0,8769,F,S,Adult,roomgroupA
8770_01,Earth,False,TRAPPIST-1e,False,0.0,0.0,0.0,0.0,0.0,8770,F,P,Child,roomgroupA
8770_02,Earth,True,TRAPPIST-1e,False,0.0,0.0,0.0,0.0,0.0,8770,F,P,Baby,roomgroupA
8770_03,Earth,False,PSO J318.5-22,False,476.0,14.0,0.0,328.0,8.0,8770,G,S,Teenager,roomgroupA
8770_04,Earth,False,TRAPPIST-1e,False,0.0,0.0,11.0,1028.0,7.0,8770,F,P,Adult,roomgroupA
8770_05,Earth,False,TRAPPIST-1e,False,0.0,912.0,82.0,5.0,0.0,8770,F,P,Teenager,roomgroupA
8770_06,Earth,False,TRAPPIST-1e,False,0.0,0.0,0.0,0.0,0.0,8770,F,P,Baby,roomgroupA
8770_07,Earth,False,TRAPPIST-1e,False,0.0,810.0,66.0,0.0,0.0,8770,F,P,Teenager,roomgroupA
8771_01,Earth,False,TRAPPIST-1e,False,0.0,805.0,3.0,3.0,0.0,8771,G,P,Adult,roomgroupA
8772_01,Europa,True,55 Cancri e,False,0.0,0.0,0.0,0.0,0.0,8772,B,S,Teenager,roomgroupA
8772_02,Europa,False,55 Cancri e,False,0.0,1127.0,0.0,3939.0,,8772,G,S,Adult,roomgroupA
8773_01,Mars,False,TRAPPIST-1e,False,257.0,0.0,782.0,8.0,3.0,8773,D,P,Young Adult,roomgroupA
8774_01,Earth,True,TRAPPIST-1e,False,0.0,0.0,0.0,0.0,0.0,8774,G,S,Young Adult,roomgroupA
8776_01,Earth,False,TRAPPIST-1e,False,0.0,0.0,286.0,6.0,570.0,8776,E,S,Adult,roomgroupA
8779_01,Earth,False,55 Cancri e,False,2.0,,0.0,634.0,0.0,8779,G,S,Student,roomgroupA
8780_01,Earth,False,TRAPPIST-1e,False,0.0,114.0,0.0,726.0,67.0,8780,G,S,Young Adult,roomgroupA
8781_01,Earth,False,TRAPPIST-1e,False,0.0,91.0,2.0,623.0,93.0,8781,G,S,Student,roomgroupA
8782_01,Mars,True,TRAPPIST-1e,False,0.0,0.0,0.0,0.0,,8782,F,S,Student,roomgroupA
8783_01,Mars,False,,False,697.0,0.0,25.0,0.0,61.0,8783,D,P,Student,roomgroupA
8783_02,Mars,True,TRAPPIST-1e,False,0.0,0.0,0.0,0.0,0.0,8783,D,P,Adult,roomgroupA
8785_01,Earth,False,TRAPPIST-1e,False,874.0,0.0,80.0,,0.0,8785,F,P,Student,roomgroupA
8785_02,Earth,False,TRAPPIST-1e,False,0.0,0.0,0.0,0.0,0.0,8785,G,P,Baby,roomgroupA
8786_01,Europa,True,55 Cancri e,False,0.0,0.0,0.0,0.0,0.0,8786,B,P,Adult,roomgroupA
8787_01,Earth,False,TRAPPIST-1e,False,11.0,0.0,0.0,843.0,0.0,8787,G,S,Student,roomgroupA
8789_01,Earth,False,55 Cancri e,False,0.0,0.0,0.0,0.0,0.0,8789,G,S,Baby,roomgroupA
8789_02,Earth,False,TRAPPIST-1e,False,0.0,565.0,0.0,35.0,188.0,8789,E,S,Student,roomgroupA
8790_01,Europa,False,55 Cancri e,False,698.0,4978.0,0.0,146.0,0.0,8790,D,P,Young Adult,roomgroupA
8791_01,Earth,False,PSO J318.5-22,False,0.0,571.0,82.0,0.0,0.0,8791,F,P,Student,roomgroupA
8794_01,Earth,False,TRAPPIST-1e,False,0.0,0.0,637.0,0.0,50.0,8794,E,P,Student,roomgroupA
8796_01,Earth,False,TRAPPIST-1e,False,0.0,0.0,0.0,0.0,0.0,8796,G,S,Child,roomgroupA
8796_02,Earth,False,TRAPPIST-1e,False,588.0,144.0,1.0,0.0,168.0,8796,F,S,Teenager,roomgroupA
8796_03,Earth,True,TRAPPIST-1e,False,,0.0,0.0,0.0,0.0,8796,G,S,Baby,roomgroupA
8796_04,Earth,True,TRAPPIST-1e,False,0.0,0.0,0.0,0.0,0.0,8796,G,S,Baby,roomgroupA
8796_05,Earth,False,TRAPPIST-1e,False,63.0,0.0,0.0,0.0,661.0,8796,F,S,Adult,roomgroupA
8796_06,Earth,False,TRAPPIST-1e,False,0.0,1427.0,148.0,0.0,7.0,8796,F,S,Teenager,roomgroupA
8796_07,Earth,False,TRAPPIST-1e,False,14.0,748.0,0.0,41.0,0.0,8796,F,S,Young Adult,roomgroupA
8796_08,Earth,True,55 Cancri e,False,0.0,0.0,0.0,0.0,0.0,8796,G,S,Baby,roomgroupA
8797_01,Earth,False,PSO J318.5-22,False,0.0,3.0,110.0,588.0,0.0,8797,F,S,Student,roomgroupA
8798_01,Earth,False,TRAPPIST-1e,False,1771.0,0.0,242.0,0.0,37.0,8798,F,S,Young Adult,roomgroupA
8799_01,Earth,False,TRAPPIST-1e,False,0.0,0.0,855.0,11.0,42.0,8799,G,S,Student,roomgroupA
8801_01,Earth,False,TRAPPIST-1e,False,10.0,557.0,51.0,83.0,0.0,8801,F,S,Adult,roomgroupA
8802_01,Europa,True,TRAPPIST-1e,False,0.0,0.0,0.0,0.0,0.0,8802,D,S,Young Adult,roomgroupA
8805_01,Earth,False,PSO J318.5-22,False,570.0,0.0,7.0,107.0,0.0,8805,F,P,Adult,roomgroupA
8806_01,Mars,False,TRAPPIST-1e,False,81.0,0.0,1363.0,0.0,0.0,8806,F,S,Young Adult,roomgroupA
8807_01,Earth,False,PSO J318.5-22,False,0.0,0.0,0.0,617.0,0.0,8807,G,S,Student,roomgroupA
8808_01,Earth,False,TRAPPIST-1e,False,0.0,2532.0,0.0,204.0,0.0,8808,F,P,Adult,roomgroupA
8809_01,Earth,False,TRAPPIST-1e,False,0.0,0.0,0.0,2019.0,117.0,8809,F,P,Young Adult,roomgroupA
8811_01,Earth,False,PSO J318.5-22,False,0.0,0.0,80.0,0.0,2322.0,8811,E,S,Senior,roomgroupA
8812_01,Mars,True,TRAPPIST-1e,False,0.0,0.0,0.0,0.0,0.0,8812,E,P,Student,roomgroupA
8813_01,Earth,False,PSO J318.5-22,False,413.0,0.0,0.0,7.0,347.0,8813,G,S,Adult,roomgroupA
8815_01,Earth,False,55 Cancri e,False,0.0,0.0,0.0,335.0,957.0,8815,F,P,Student,roomgroupA
8816_01,Europa,True,TRAPPIST-1e,False,0.0,0.0,0.0,0.0,,8816,B,S,Adult,roomgroupA
8816_02,,True,55 Cancri e,False,0.0,0.0,0.0,0.0,0.0,8816,B,S,Adult,roomgroupA
8816_03,Europa,True,55 Cancri e,False,0.0,0.0,0.0,0.0,0.0,8816,B,S,Teenager,roomgroupA
8816_04,Europa,True,55 Cancri e,False,0.0,0.0,0.0,0.0,0.0,8816,B,S,Young Adult,roomgroupA
8816_05,Europa,False,TRAPPIST-1e,,0.0,1770.0,0.0,4111.0,180.0,8816,B,S,Senior,roomgroupA
8817_01,Earth,False,TRAPPIST-1e,False,586.0,10.0,0.0,30.0,0.0,8817,G,P,Student,roomgroupA
8818_01,Earth,True,PSO J318.5-22,False,0.0,0.0,0.0,0.0,0.0,8818,G,P,Young Adult,roomgroupA
8819_01,Earth,False,TRAPPIST-1e,False,857.0,0.0,1.0,8.0,17.0,8819,G,P,Adult,roomgroupA
8820_01,Earth,True,TRAPPIST-1e,False,0.0,0.0,0.0,0.0,0.0,8820,G,P,Teenager,roomgroupA
8821_01,Earth,False,TRAPPIST-1e,False,198.0,454.0,1.0,0.0,4.0,8821,E,P,Adult,roomgroupA
8822_01,Europa,False,55 Cancri e,False,0.0,145.0,1359.0,492.0,205.0,8822,A,P,Young Adult,roomgroupA
8823_01,Mars,True,TRAPPIST-1e,False,0.0,0.0,0.0,0.0,0.0,8823,F,S,Student,roomgroupA
8824_01,Earth,False,TRAPPIST-1e,False,128.0,0.0,130.0,132.0,473.0,8824,F,P,Young Adult,roomgroupA
8825_01,Earth,True,55 Cancri e,False,0.0,0.0,0.0,0.0,0.0,8825,G,S,Student,roomgroupA
8826_01,Europa,False,55 Cancri e,False,1212.0,4485.0,0.0,4016.0,57.0,8826,C,P,Teenager,roomgroupA
8826_02,Europa,False,55 Cancri e,False,1369.0,310.0,3.0,4502.0,377.0,8826,C,P,Young Adult,roomgroupA
8826_03,Europa,False,TRAPPIST-1e,False,1384.0,229.0,0.0,1572.0,1.0,8826,C,P,Adult,roomgroupA
8827_01,Earth,False,55 Cancri e,False,88.0,0.0,719.0,88.0,0.0,8827,F,P,Adult,roomgroupA
8828_01,Earth,False,55 Cancri e,,0.0,6.0,0.0,0.0,1179.0,8828,F,S,Student,roomgroupA
8830_01,Mars,False,TRAPPIST-1e,False,230.0,0.0,1404.0,464.0,0.0,8830,E,S,Young Adult,roomgroupA
8830_02,Mars,True,TRAPPIST-1e,False,0.0,0.0,0.0,0.0,0.0,8830,F,S,Student,roomgroupA
8831_01,Mars,True,TRAPPIST-1e,False,0.0,0.0,0.0,0.0,0.0,8831,F,S,Teenager,roomgroupA
8833_01,Earth,True,55 Cancri e,False,0.0,0.0,0.0,0.0,0.0,8833,G,S,Teenager,roomgroupA
8834_01,Earth,False,TRAPPIST-1e,False,4.0,0.0,0.0,0.0,792.0,8834,F,S,Adult,roomgroupA
8835_01,Earth,True,TRAPPIST-1e,False,0.0,0.0,0.0,0.0,0.0,8835,G,S,Unknown,roomgroupA
8836_01,Earth,False,TRAPPIST-1e,False,903.0,0.0,182.0,0.0,27.0,8836,F,P,Young Adult,roomgroupA
8836_02,Earth,True,TRAPPIST-1e,False,0.0,0.0,0.0,0.0,0.0,8836,G,P,Student,roomgroupA
8838_01,Earth,False,TRAPPIST-1e,,0.0,181.0,628.0,0.0,0.0,8838,G,P,Student,roomgroupA
8840_01,Earth,False,55 Cancri e,False,0.0,433.0,4.0,0.0,2020.0,8840,F,S,Adult,roomgroupA
8841_01,Mars,True,TRAPPIST-1e,False,0.0,0.0,0.0,0.0,0.0,8841,F,P,Young Adult,roomgroupA
8842_01,Europa,False,TRAPPIST-1e,False,3.0,2910.0,0.0,112.0,36.0,8842,D,S,Young Adult,roomgroupA
8843_01,Europa,False,TRAPPIST-1e,False,,927.0,0.0,2760.0,1.0,8843,C,S,Young Adult,roomgroupA
8844_01,Earth,False,55 Cancri e,False,0.0,0.0,717.0,1.0,0.0,8844,E,S,Student,roomgroupA
8845_01,Earth,False,TRAPPIST-1e,False,735.0,0.0,0.0,41.0,1.0,8845,F,P,Student,roomgroupA
8845_02,Earth,False,TRAPPIST-1e,False,0.0,1204.0,40.0,0.0,375.0,8845,E,P,Student,roomgroupA
8848_01,,False,TRAPPIST-1e,False,1037.0,0.0,40.0,0.0,0.0,8848,F,P,Student,roomgroupA
8849_01,Earth,True,55 Cancri e,False,0.0,0.0,,0.0,,8849,G,S,Young Adult,roomgroupA
8850_01,Mars,False,TRAPPIST-1e,False,1032.0,0.0,267.0,0.0,0.0,8850,E,S,Teenager,roomgroupA
8852_01,Mars,True,TRAPPIST-1e,False,0.0,0.0,0.0,0.0,0.0,8852,D,P,Senior,roomgroupA
8852_02,Mars,False,TRAPPIST-1e,True,22.0,484.0,354.0,0.0,0.0,8852,D,P,Adult,roomgroupA
8853_01,Earth,False,PSO J318.5-22,False,726.0,3488.0,200.0,17.0,275.0,8853,G,P,Young Adult,roomgroupA
8854_01,Earth,True,TRAPPIST-1e,False,0.0,0.0,0.0,0.0,0.0,8854,G,S,Teenager,roomgroupA
8856_01,Earth,True,PSO J318.5-22,False,0.0,0.0,0.0,0.0,0.0,8856,G,P,Young Adult,roomgroupA
8858_01,Europa,False,TRAPPIST-1e,True,0.0,0.0,0.0,0.0,0.0,8858,B,P,Adult,roomgroupA
8860_01,Mars,True,TRAPPIST-1e,False,0.0,0.0,0.0,0.0,0.0,8860,F,P,Student,roomgroupA
8860_02,,True,TRAPPIST-1e,False,0.0,0.0,0.0,0.0,0.0,8860,F,P,Child,roomgroupA
8860_03,Mars,True,TRAPPIST-1e,False,0.0,0.0,0.0,0.0,0.0,8860,F,P,Student,roomgroupA
8860_04,Mars,False,TRAPPIST-1e,,1054.0,0.0,222.0,22.0,0.0,8860,E,P,Young Adult,roomgroupA
8861_01,Europa,False,TRAPPIST-1e,False,0.0,2583.0,3.0,500.0,129.0,8861,C,P,Young Adult,roomgroupA
8862_01,Europa,False,55 Cancri e,False,0.0,3126.0,0.0,112.0,15.0,8862,C,S,Young Adult,roomgroupA
8862_02,Europa,False,PSO J318.5-22,True,0.0,2191.0,863.0,207.0,6262.0,8862,C,S,Adult,roomgroupA
8862_03,Europa,True,TRAPPIST-1e,False,0.0,0.0,0.0,0.0,0.0,8862,C,S,Unknown,roomgroupA
8862_04,Europa,True,55 Cancri e,False,0.0,0.0,0.0,0.0,0.0,8862,C,S,Young Adult,roomgroupA
8862_05,Europa,True,TRAPPIST-1e,False,0.0,0.0,0.0,0.0,0.0,8862,C,S,Young Adult,roomgroupA
8863_01,Earth,False,55 Cancri e,False,0.0,784.0,5.0,0.0,1.0,8863,E,S,Young Adult,roomgroupA
8864_01,Mars,True,TRAPPIST-1e,False,0.0,0.0,0.0,0.0,0.0,8864,F,S,Student,roomgroupA
8865_01,Earth,False,TRAPPIST-1e,False,121.0,10.0,341.0,307.0,47.0,8865,F,P,Young Adult,roomgroupA
8867_01,Europa,True,55 Cancri e,False,0.0,0.0,0.0,0.0,0.0,8867,B,P,Young Adult,roomgroupA
8867_02,Europa,True,55 Cancri e,False,0.0,0.0,0.0,0.0,0.0,8867,B,P,Adult,roomgroupA
8868_01,Earth,False,TRAPPIST-1e,False,0.0,798.0,0.0,56.0,0.0,8868,G,S,Adult,roomgroupA
8869_01,Earth,True,TRAPPIST-1e,False,0.0,0.0,0.0,0.0,0.0,8869,G,S,Young Adult,roomgroupA
8871_01,Earth,False,TRAPPIST-1e,False,0.0,116.0,412.0,379.0,0.0,8871,G,S,Young Adult,roomgroupA
8871_02,Earth,True,PSO J318.5-22,False,,0.0,,0.0,0.0,8871,G,S,Teenager,roomgroupA
8872_01,Mars,True,TRAPPIST-1e,False,0.0,0.0,0.0,0.0,0.0,8872,F,P,Student,roomgroupA
8874_01,Earth,True,TRAPPIST-1e,,0.0,0.0,0.0,0.0,0.0,8874,G,P,Young Adult,roomgroupA
8876_01,Europa,False,55 Cancri e,False,0.0,71.0,7148.0,427.0,394.0,8876,B,P,Adult,roomgroupA
8878_01,Earth,False,TRAPPIST-1e,False,0.0,0.0,0.0,0.0,906.0,8878,E,P,Student,roomgroupA
8880_01,Mars,True,TRAPPIST-1e,False,0.0,0.0,0.0,0.0,0.0,8880,F,P,Young Adult,roomgroupA
8881_01,Earth,False,55 Cancri e,False,0.0,0.0,717.0,0.0,0.0,8881,F,S,Young Adult,roomgroupA
8883_01,,False,TRAPPIST-1e,False,0.0,0.0,0.0,0.0,0.0,8883,G,P,Child,roomgroupA
8884_01,Earth,False,TRAPPIST-1e,False,1471.0,0.0,7.0,5.0,0.0,8884,F,P,Young Adult,roomgroupA
8885_01,Mars,False,TRAPPIST-1e,False,876.0,1.0,54.0,125.0,0.0,8885,D,S,Young Adult,roomgroupA
8886_01,Earth,False,55 Cancri e,False,0.0,0.0,620.0,0.0,0.0,8886,G,S,Adult,roomgroupA
8886_02,Earth,True,TRAPPIST-1e,False,0.0,0.0,0.0,0.0,0.0,8886,G,S,Baby,roomgroupA
8886_03,Earth,False,PSO J318.5-22,False,0.0,0.0,0.0,0.0,0.0,8886,G,S,Baby,roomgroupA
8889_01,,False,55 Cancri e,False,0.0,0.0,615.0,0.0,0.0,8889,G,P,Teenager,roomgroupA
8890_01,Earth,False,PSO J318.5-22,False,0.0,0.0,0.0,1606.0,3675.0,8890,G,S,Young Adult,roomgroupA
8891_01,Earth,False,TRAPPIST-1e,False,1186.0,0.0,381.0,3.0,173.0,8891,F,P,Young Adult,roomgroupA
8891_02,Earth,False,TRAPPIST-1e,False,0.0,1332.0,0.0,0.0,0.0,8891,F,P,Teenager,roomgroupA
8892_01,Earth,False,TRAPPIST-1e,False,0.0,16.0,496.0,318.0,0.0,8892,F,P,Young Adult,roomgroupA
8894_01,Mars,True,TRAPPIST-1e,False,0.0,0.0,0.0,0.0,0.0,8894,F,S,Student,roomgroupA
8896_01,Mars,True,55 Cancri e,False,0.0,0.0,0.0,0.0,0.0,8896,F,S,Young Adult,roomgroupA
8897_01,Earth,True,PSO J318.5-22,False,0.0,0.0,0.0,0.0,0.0,8897,G,P,Young Adult,roomgroupA
8899_01,Earth,False,TRAPPIST-1e,False,0.0,0.0,0.0,0.0,0.0,8899,G,S,Child,roomgroupA
8900_01,Earth,False,TRAPPIST-1e,False,23.0,659.0,0.0,15.0,113.0,8900,G,P,Student,roomgroupA
8901_01,Europa,True,TRAPPIST-1e,False,0.0,0.0,0.0,0.0,0.0,8901,B,S,Young Adult,roomgroupA
8902_01,Earth,False,TRAPPIST-1e,False,16.0,1739.0,9.0,5.0,8.0,8902,G,S,Student,roomgroupA
8903_01,Earth,False,TRAPPIST-1e,False,0.0,0.0,0.0,0.0,810.0,8903,G,S,Student,roomgroupA
8904_01,Earth,False,TRAPPIST-1e,False,522.0,0.0,1.0,324.0,60.0,8904,G,P,Adult,roomgroupA
8905_01,Mars,False,TRAPPIST-1e,True,0.0,0.0,0.0,0.0,0.0,8905,E,P,Young Adult,roomgroupA
8906_01,Earth,False,55 Cancri e,False,720.0,2.0,,,0.0,8906,F,S,Student,roomgroupA
8907_01,Earth,True,PSO J318.5-22,False,0.0,0.0,0.0,0.0,0.0,8907,G,S,Young Adult,roomgroupA
8910_01,Earth,False,TRAPPIST-1e,False,0.0,3.0,0.0,782.0,7.0,8910,E,S,Young Adult,roomgroupA
8918_01,Earth,False,TRAPPIST-1e,False,0.0,1.0,32.0,755.0,21.0,8918,G,P,Student,roomgroupA
8919_01,Europa,False,TRAPPIST-1e,False,0.0,2481.0,0.0,3657.0,93.0,8919,C,S,Young Adult,roomgroupA
8920_01,Europa,False,TRAPPIST-1e,False,0.0,70.0,0.0,41.0,,8920,D,P,Young Adult,roomgroupA
8922_01,Earth,True,TRAPPIST-1e,False,0.0,0.0,0.0,0.0,0.0,8922,G,P,Young Adult,roomgroupA
8923_01,Earth,False,TRAPPIST-1e,False,0.0,0.0,0.0,0.0,0.0,8923,G,P,Student,roomgroupA
8926_01,Earth,False,TRAPPIST-1e,False,0.0,,3.0,80.0,0.0,8926,E,P,Young Adult,roomgroupA
8928_01,Europa,True,55 Cancri e,False,0.0,0.0,0.0,,0.0,8928,C,S,Adult,roomgroupA
8930_01,Earth,False,PSO J318.5-22,False,0.0,471.0,120.0,13.0,6.0,8930,F,S,Student,roomgroupA
8932_01,Earth,False,TRAPPIST-1e,False,0.0,0.0,0.0,912.0,41.0,8932,F,S,Student,roomgroupA
8937_01,Europa,True,TRAPPIST-1e,False,0.0,0.0,0.0,0.0,0.0,8937,E,P,Young Adult,roomgroupA
8938_01,,True,TRAPPIST-1e,False,0.0,0.0,0.0,0.0,0.0,8938,F,S,Student,roomgroupA
8938_02,Mars,True,TRAPPIST-1e,False,0.0,0.0,0.0,0.0,0.0,8938,F,S,Adult,roomgroupA
8939_01,Earth,True,PSO J318.5-22,False,0.0,0.0,0.0,0.0,0.0,8939,G,S,Young Adult,roomgroupA
8940_01,Earth,False,TRAPPIST-1e,False,771.0,0.0,22.0,0.0,0.0,8940,E,S,Young Adult,roomgroupA
8941_01,Mars,False,TRAPPIST-1e,True,1.0,445.0,170.0,614.0,68.0,8941,E,P,Young Adult,roomgroupA
8941_02,Mars,False,TRAPPIST-1e,False,528.0,0.0,1598.0,62.0,0.0,8941,F,P,Adult,roomgroupA
8941_03,Mars,False,TRAPPIST-1e,False,1737.0,0.0,336.0,0.0,0.0,8941,E,P,Teenager,roomgroupA
8942_01,Europa,False,TRAPPIST-1e,False,0.0,3423.0,0.0,466.0,349.0,8942,C,P,Adult,roomgroupA
8944_01,Earth,True,PSO J318.5-22,False,,0.0,0.0,0.0,0.0,8944,G,S,Baby,roomgroupA
8944_02,Earth,,PSO J318.5-22,False,0.0,0.0,0.0,0.0,0.0,8944,G,S,Teenager,roomgroupA
8944_03,Earth,False,TRAPPIST-1e,False,327.0,170.0,0.0,0.0,130.0,8944,G,S,Student,roomgroupA
8945_01,Europa,False,TRAPPIST-1e,False,,1632.0,346.0,957.0,128.0,8945,D,S,Adult,roomgroupA
8945_02,Europa,False,TRAPPIST-1e,,3036.0,32.0,0.0,2.0,416.0,8945,D,S,Student,roomgroupA
8947_01,Mars,True,TRAPPIST-1e,False,0.0,0.0,0.0,0.0,0.0,8947,F,S,Young Adult,roomgroupA
8948_01,Europa,False,TRAPPIST-1e,,0.0,13.0,0.0,52.0,11325.0,8948,B,S,Adult,roomgroupA
8948_02,Europa,False,55 Cancri e,False,0.0,4715.0,0.0,36.0,995.0,8948,B,S,Student,roomgroupA
8954_01,Earth,False,PSO J318.5-22,False,1806.0,0.0,47.0,0.0,0.0,8954,G,P,Senior,roomgroupA
8955_01,Earth,False,TRAPPIST-1e,False,0.0,1524.0,0.0,0.0,0.0,8955,F,P,Young Adult,roomgroupA
8956_01,Earth,False,TRAPPIST-1e,False,0.0,0.0,0.0,6.0,1989.0,8956,F,P,Young Adult,roomgroupA
8956_02,Earth,True,,False,0.0,0.0,0.0,0.0,0.0,8956,G,P,Student,roomgroupA
8956_03,Earth,False,PSO J318.5-22,False,0.0,0.0,40.0,0.0,575.0,8956,G,P,Young Adult,roomgroupA
8956_04,Earth,False,TRAPPIST-1e,False,194.0,1.0,10.0,629.0,0.0,8956,G,P,Unknown,roomgroupA
8956_05,Earth,True,TRAPPIST-1e,False,0.0,0.0,0.0,0.0,0.0,8956,G,P,Student,roomgroupA
8956_06,Earth,False,PSO J318.5-22,False,0.0,29.0,165.0,404.0,0.0,8956,F,P,Student,roomgroupA
8956_07,Earth,False,55 Cancri e,False,0.0,0.0,1291.0,224.0,0.0,8956,F,P,Adult,roomgroupA
8956_08,Earth,False,TRAPPIST-1e,False,0.0,0.0,0.0,0.0,741.0,8956,F,P,Young Adult,roomgroupA
8959_01,Europa,True,TRAPPIST-1e,False,0.0,0.0,0.0,0.0,0.0,8959,C,P,Young Adult,roomgroupA
8961_01,Earth,True,TRAPPIST-1e,False,,0.0,0.0,0.0,0.0,8961,G,P,Baby,roomgroupA
8961_02,Earth,False,TRAPPIST-1e,False,0.0,0.0,0.0,0.0,0.0,8961,G,P,Child,roomgroupA
8961_03,Earth,False,TRAPPIST-1e,False,0.0,0.0,0.0,0.0,0.0,8961,G,P,Baby,roomgroupA
8961_04,,False,TRAPPIST-1e,False,0.0,6.0,0.0,593.0,0.0,8961,F,P,Student,roomgroupA
8961_05,Earth,True,TRAPPIST-1e,False,0.0,0.0,0.0,0.0,0.0,8961,G,P,Teenager,roomgroupA
8964_01,Mars,False,TRAPPIST-1e,False,1708.0,,65.0,1.0,0.0,8964,F,S,Young Adult,roomgroupA
8964_02,Mars,False,TRAPPIST-1e,False,0.0,0.0,0.0,0.0,0.0,8964,F,S,Baby,roomgroupA
8964_03,Mars,True,TRAPPIST-1e,False,0.0,0.0,0.0,0.0,0.0,8964,F,S,Student,roomgroupA
8966_01,Mars,False,TRAPPIST-1e,False,1231.0,2.0,8.0,0.0,0.0,8966,F,S,Adult,roomgroupA
8967_01,Earth,False,TRAPPIST-1e,False,13.0,822.0,27.0,0.0,46.0,8967,G,S,Student,roomgroupA
8968_01,Europa,True,TRAPPIST-1e,False,0.0,0.0,0.0,0.0,0.0,8968,E,S,Adult,roomgroupA
8969_01,Europa,False,55 Cancri e,False,0.0,846.0,4407.0,0.0,2491.0,8969,C,P,Student,roomgroupA
8970_01,Europa,False,55 Cancri e,False,,3751.0,0.0,5025.0,11741.0,8970,C,P,Young Adult,roomgroupA
8972_01,Mars,True,TRAPPIST-1e,False,0.0,,0.0,0.0,0.0,8972,F,S,Young Adult,roomgroupA
8973_01,Earth,True,TRAPPIST-1e,False,0.0,0.0,0.0,0.0,0.0,8973,G,S,Teenager,roomgroupA
8975_01,Earth,False,TRAPPIST-1e,False,503.0,236.0,2.0,0.0,68.0,8975,G,P,Adult,roomgroupA
8975_02,Earth,False,TRAPPIST-1e,False,1.0,,0.0,20.0,948.0,8975,F,P,Young Adult,roomgroupA
8976_01,Earth,False,TRAPPIST-1e,False,1.0,0.0,0.0,0.0,803.0,8976,F,S,Adult,roomgroupA
8977_01,Mars,False,55 Cancri e,False,324.0,0.0,563.0,119.0,0.0,8977,D,S,Adult,roomgroupA
8978_01,Mars,False,TRAPPIST-1e,False,24.0,0.0,1105.0,0.0,0.0,8978,F,P,Adult,roomgroupA
8981_01,Earth,False,TRAPPIST-1e,False,311.0,7.0,665.0,0.0,0.0,8981,E,S,Young Adult,roomgroupA
8982_01,Earth,False,TRAPPIST-1e,False,0.0,924.0,,0.0,0.0,8982,F,S,Adult,roomgroupA
8983_01,Earth,False,TRAPPIST-1e,False,42.0,509.0,0.0,0.0,1057.0,8983,E,P,Adult,roomgroupA
8985_01,Earth,False,55 Cancri e,False,0.0,0.0,626.0,0.0,14.0,8985,F,P,Student,roomgroupA
8986_01,Earth,False,TRAPPIST-1e,False,0.0,810.0,21.0,788.0,,8986,E,S,Student,roomgroupA
8986_02,Earth,False,PSO J318.5-22,False,0.0,17.0,0.0,620.0,0.0,8986,F,S,Student,roomgroupA
8987_01,Europa,True,55 Cancri e,False,0.0,0.0,0.0,0.0,0.0,8987,D,P,Young Adult,roomgroupA
8988_01,Earth,True,TRAPPIST-1e,False,0.0,0.0,0.0,0.0,0.0,8988,G,S,Unknown,roomgroupA
8988_02,Earth,True,55 Cancri e,False,0.0,0.0,0.0,0.0,,8988,G,S,Teenager,roomgroupA
8988_03,Earth,True,55 Cancri e,False,0.0,0.0,0.0,0.0,0.0,8988,G,S,Baby,roomgroupA
8988_04,Earth,True,TRAPPIST-1e,False,0.0,0.0,,0.0,0.0,8988,G,S,Child,roomgroupA
8988_05,Earth,False,TRAPPIST-1e,False,0.0,1028.0,0.0,80.0,0.0,8988,F,S,Young Adult,roomgroupA
8988_06,Earth,True,TRAPPIST-1e,False,,0.0,0.0,0.0,0.0,8988,G,S,Teenager,roomgroupA
8988_07,Earth,False,TRAPPIST-1e,False,0.0,1487.0,0.0,67.0,0.0,8988,F,S,Adult,roomgroupA
8988_08,Earth,True,TRAPPIST-1e,False,0.0,0.0,0.0,0.0,0.0,8988,G,S,Child,roomgroupA
8989_01,Europa,False,TRAPPIST-1e,False,0.0,366.0,23492.0,356.0,3.0,8989,B,P,Teenager,roomgroupA
8989_02,Europa,True,55 Cancri e,False,0.0,0.0,0.0,0.0,0.0,8989,B,P,Teenager,roomgroupA
8989_03,Europa,True,TRAPPIST-1e,False,0.0,0.0,0.0,0.0,0.0,8989,B,P,Young Adult,roomgroupA
8989_04,Europa,False,55 Cancri e,False,80.0,3707.0,0.0,1465.0,1320.0,8989,B,P,Young Adult,roomgroupA
8992_01,Mars,False,TRAPPIST-1e,False,479.0,4.0,699.0,0.0,0.0,8992,D,P,Adult,roomgroupA
8993_01,Earth,,PSO J318.5-22,False,32.0,8.0,5.0,588.0,18.0,8993,F,P,Young Adult,roomgroupA
8996_01,Europa,False,TRAPPIST-1e,False,2101.0,41.0,0.0,525.0,19.0,8996,D,P,Adult,roomgroupA
8997_01,Earth,True,55 Cancri e,False,0.0,,0.0,0.0,0.0,8997,F,S,Teenager,roomgroupA
8997_02,Earth,False,TRAPPIST-1e,False,604.0,0.0,50.0,147.0,2.0,8997,F,S,Young Adult,roomgroupA
8998_01,Earth,True,TRAPPIST-1e,False,0.0,0.0,0.0,0.0,0.0,8998,G,S,Adult,roomgroupA
8998_02,Earth,False,TRAPPIST-1e,False,,1.0,0.0,967.0,5.0,8998,E,S,Adult,roomgroupA
8999_01,Mars,False,55 Cancri e,False,2555.0,0.0,456.0,2.0,0.0,8999,D,S,Young Adult,roomgroupA
9001_01,Earth,False,55 Cancri e,False,0.0,20.0,816.0,39.0,1.0,9001,F,S,Teenager,roomgroupA
9003_01,Earth,False,TRAPPIST-1e,,2.0,167.0,0.0,0.0,555.0,9003,F,S,Student,roomgroupA
9004_01,Europa,True,55 Cancri e,False,0.0,0.0,0.0,0.0,0.0,9004,B,P,Student,roomgroupA
9006_01,Europa,True,TRAPPIST-1e,,0.0,0.0,0.0,0.0,0.0,9006,B,S,Young Adult,roomgroupA
9007_01,Earth,True,TRAPPIST-1e,False,0.0,0.0,0.0,0.0,0.0,9007,G,P,Student,roomgroupA
9008_01,Earth,False,TRAPPIST-1e,False,0.0,173.0,409.0,102.0,43.0,9008,F,S,Young Adult,roomgroupA
9008_02,Earth,True,TRAPPIST-1e,False,0.0,0.0,0.0,0.0,0.0,9008,F,S,Young Adult,roomgroupA
9009_01,Earth,True,PSO J318.5-22,False,0.0,0.0,0.0,0.0,0.0,9009,G,P,Student,roomgroupA
9010_01,Mars,True,55 Cancri e,False,0.0,0.0,0.0,0.0,0.0,9010,F,P,Young Adult,roomgroupA
9011_01,Earth,False,TRAPPIST-1e,False,2.0,338.0,307.0,64.0,0.0,9011,F,S,Adult,roomgroupA
9012_01,Earth,False,TRAPPIST-1e,False,224.0,0.0,623.0,0.0,62.0,9012,G,P,Adult,roomgroupA
9013_01,Earth,False,TRAPPIST-1e,False,128.0,108.0,8.0,3.0,522.0,9013,G,P,Student,roomgroupA
9013_02,Earth,False,TRAPPIST-1e,False,38.0,0.0,23.0,722.0,1.0,9013,G,P,Adult,roomgroupA
9013_03,Earth,False,55 Cancri e,False,0.0,0.0,0.0,0.0,0.0,9013,G,P,Baby,roomgroupA
9014_01,Europa,True,TRAPPIST-1e,False,0.0,0.0,0.0,0.0,0.0,9014,B,P,Young Adult,roomgroupA
9015_01,Europa,False,55 Cancri e,False,3.0,1320.0,0.0,0.0,12392.0,9015,B,S,Adult,roomgroupA
9018_01,Earth,False,TRAPPIST-1e,False,0.0,554.0,0.0,299.0,0.0,9018,G,P,Student,roomgroupA
9019_01,Earth,False,55 Cancri e,False,304.0,0.0,164.0,320.0,0.0,9019,E,S,Adult,roomgroupA
9020_01,Earth,False,PSO J318.5-22,False,0.0,0.0,0.0,391.0,283.0,9020,F,S,Student,roomgroupA
9021_01,Mars,False,TRAPPIST-1e,False,522.0,0.0,,0.0,27.0,9021,E,P,Young Adult,roomgroupA
9021_02,Mars,False,TRAPPIST-1e,True,1297.0,0.0,62.0,0.0,364.0,9021,D,P,Young Adult,roomgroupA
9023_01,Earth,False,TRAPPIST-1e,False,0.0,1.0,0.0,618.0,21.0,9023,E,S,Student,roomgroupA
9024_01,Mars,False,55 Cancri e,False,63.0,0.0,1970.0,0.0,0.0,9024,F,S,Young Adult,roomgroupA
9026_01,Earth,True,TRAPPIST-1e,False,,0.0,0.0,0.0,0.0,9026,G,P,Adult,roomgroupA
9028_01,Earth,False,TRAPPIST-1e,False,1.0,676.0,13.0,217.0,1.0,9028,G,P,Student,roomgroupA
9029_01,Mars,False,TRAPPIST-1e,False,3146.0,0.0,87.0,135.0,0.0,9029,D,P,Teenager,roomgroupA
9030_01,Earth,False,TRAPPIST-1e,False,1954.0,43.0,0.0,0.0,7.0,9030,F,P,Young Adult,roomgroupA
9030_02,,False,TRAPPIST-1e,False,0.0,0.0,0.0,298.0,511.0,9030,G,P,Young Adult,roomgroupA
9031_01,Earth,,TRAPPIST-1e,False,0.0,0.0,689.0,0.0,32.0,9031,G,S,Adult,roomgroupA
9032_01,Mars,True,TRAPPIST-1e,False,0.0,0.0,0.0,0.0,0.0,9032,E,P,Adult,roomgroupA
9034_01,Europa,True,TRAPPIST-1e,False,0.0,0.0,0.0,0.0,0.0,9034,D,P,Teenager,roomgroupA
9034_02,Europa,True,TRAPPIST-1e,False,0.0,0.0,0.0,0.0,0.0,9034,D,P,Adult,roomgroupA
9034_03,Europa,False,55 Cancri e,False,0.0,984.0,0.0,13995.0,312.0,9034,D,P,Young Adult,roomgroupA
9034_04,Europa,False,TRAPPIST-1e,False,0.0,,947.0,668.0,1.0,9034,D,P,Senior,roomgroupA
9034_05,Europa,False,TRAPPIST-1e,False,0.0,1876.0,0.0,1432.0,14.0,9034,D,P,Young Adult,roomgroupA
9035_01,Earth,False,TRAPPIST-1e,False,266.0,4.0,1.0,0.0,452.0,9035,G,P,Adult,roomgroupA
9036_01,Earth,True,PSO J318.5-22,False,0.0,0.0,0.0,0.0,0.0,9036,G,P,Student,roomgroupA
9037_01,Mars,False,55 Cancri e,False,1410.0,3.0,49.0,0.0,0.0,9037,F,S,Student,roomgroupA
9038_01,Europa,True,55 Cancri e,False,0.0,0.0,0.0,0.0,0.0,9038,A,S,Young Adult,roomgroupA
9041_01,Earth,True,PSO J318.5-22,False,0.0,0.0,0.0,,0.0,9041,G,P,Young Adult,roomgroupA
9042_01,Europa,False,55 Cancri e,False,0.0,5436.0,0.0,471.0,109.0,9042,B,P,Adult,roomgroupA
9043_01,,True,TRAPPIST-1e,False,0.0,0.0,0.0,0.0,0.0,9043,F,P,Young Adult,roomgroupA
9046_01,Europa,True,55 Cancri e,False,0.0,0.0,0.0,0.0,0.0,9046,C,S,Young Adult,roomgroupA
9046_02,Europa,False,TRAPPIST-1e,False,6899.0,265.0,0.0,2234.0,2090.0,9046,C,S,Young Adult,roomgroupA
9048_01,Earth,True,TRAPPIST-1e,False,0.0,0.0,0.0,0.0,0.0,9048,G,P,Adult,roomgroupA
9049_01,Europa,True,TRAPPIST-1e,False,0.0,0.0,0.0,0.0,0.0,9049,C,S,Adult,roomgroupA
9052_01,Earth,False,TRAPPIST-1e,False,0.0,17.0,204.0,559.0,3.0,9052,G,S,Adult,roomgroupA
9052_02,Earth,False,55 Cancri e,False,1006.0,0.0,1357.0,45.0,6.0,9052,F,S,Young Adult,roomgroupA
9057_01,Europa,False,55 Cancri e,True,132.0,3479.0,0.0,3786.0,0.0,9057,G,S,Adult,roomgroupA
9057_02,Europa,True,TRAPPIST-1e,False,0.0,0.0,0.0,0.0,0.0,9057,B,P,Adult,roomgroupA
9059_01,Earth,False,TRAPPIST-1e,False,866.0,0.0,0.0,184.0,0.0,9059,F,S,Teenager,roomgroupA
9060_01,Earth,False,TRAPPIST-1e,False,0.0,8.0,338.0,135.0,390.0,9060,F,P,Young Adult,roomgroupA
9061_01,Mars,False,TRAPPIST-1e,False,887.0,6.0,15.0,148.0,0.0,9061,D,S,Young Adult,roomgroupA
9064_01,Earth,False,TRAPPIST-1e,False,815.0,19.0,2.0,11.0,17.0,9064,F,S,Adult,roomgroupA
9066_01,Earth,False,PSO J318.5-22,False,1269.0,9.0,0.0,0.0,0.0,9066,F,S,Young Adult,roomgroupA
9068_01,Europa,False,TRAPPIST-1e,False,1062.0,1605.0,0.0,2718.0,1674.0,9068,C,S,Young Adult,roomgroupA
9069_01,Europa,True,TRAPPIST-1e,False,0.0,0.0,0.0,0.0,0.0,9069,B,P,Student,roomgroupA
9069_02,Europa,True,55 Cancri e,False,0.0,0.0,0.0,0.0,0.0,9069,B,P,Young Adult,roomgroupA
9069_03,Europa,True,55 Cancri e,False,0.0,0.0,0.0,0.0,0.0,9069,G,S,Young Adult,roomgroupA
9069_04,Europa,False,TRAPPIST-1e,False,0.0,4313.0,0.0,568.0,7.0,9069,B,P,Adult,roomgroupA
9069_05,Europa,False,55 Cancri e,False,0.0,12563.0,0.0,3.0,5057.0,9069,B,P,Young Adult,roomgroupA
9071_01,Earth,False,55 Cancri e,False,0.0,0.0,1072.0,46.0,3.0,9071,F,P,Student,roomgroupA
9072_01,,True,TRAPPIST-1e,False,0.0,0.0,0.0,0.0,0.0,9072,F,S,Student,roomgroupA
9072_02,Mars,False,TRAPPIST-1e,False,160.0,0.0,719.0,162.0,0.0,9072,F,S,Young Adult,roomgroupA
9072_03,Mars,False,TRAPPIST-1e,False,455.0,10.0,591.0,232.0,0.0,9072,F,S,Student,roomgroupA
9073_01,Europa,False,TRAPPIST-1e,False,24.0,838.0,1069.0,1376.0,181.0,9073,A,S,Teenager,roomgroupA
9073_02,Europa,True,55 Cancri e,False,0.0,0.0,,0.0,0.0,9073,B,S,Adult,roomgroupA
9074_01,Earth,True,TRAPPIST-1e,,0.0,0.0,,0.0,0.0,9074,G,S,Baby,roomgroupA
9074_02,Earth,False,PSO J318.5-22,False,0.0,468.0,0.0,59.0,309.0,9074,G,S,Young Adult,roomgroupA
9074_03,Earth,True,TRAPPIST-1e,False,0.0,0.0,0.0,0.0,0.0,9074,G,S,Young Adult,roomgroupA
9074_04,Earth,True,55 Cancri e,False,0.0,0.0,0.0,0.0,0.0,9074,G,S,Child,roomgroupA
9074_05,Earth,True,TRAPPIST-1e,False,0.0,0.0,0.0,0.0,0.0,9074,G,S,Baby,roomgroupA
9074_06,Earth,False,55 Cancri e,False,0.0,0.0,0.0,0.0,0.0,9074,G,S,Child,roomgroupA
9075_01,Earth,False,TRAPPIST-1e,False,0.0,10.0,758.0,0.0,20.0,9075,E,P,Young Adult,roomgroupA
9076_01,Earth,,TRAPPIST-1e,False,0.0,0.0,0.0,0.0,0.0,9076,G,S,Young Adult,roomgroupA
9077_01,Earth,False,55 Cancri e,False,23.0,100.0,1353.0,0.0,0.0,9077,F,P,Student,roomgroupA
9077_02,Earth,True,PSO J318.5-22,False,0.0,0.0,0.0,0.0,0.0,9077,G,P,Student,roomgroupA
9078_01,Earth,False,PSO J318.5-22,False,0.0,2.0,0.0,0.0,1556.0,9078,E,S,Adult,roomgroupA
9079_01,Earth,False,TRAPPIST-1e,False,1.0,0.0,58.0,0.0,802.0,9079,E,S,Adult,roomgroupA
9080_01,Earth,False,TRAPPIST-1e,False,34.0,0.0,0.0,711.0,0.0,9080,F,P,Student,roomgroupA
9081_01,Earth,False,TRAPPIST-1e,False,0.0,0.0,0.0,0.0,0.0,9081,G,P,Child,roomgroupA
9081_02,Earth,False,55 Cancri e,False,0.0,0.0,0.0,208.0,754.0,9081,F,P,Teenager,roomgroupA
9081_03,Earth,True,TRAPPIST-1e,False,0.0,0.0,0.0,0.0,0.0,9081,G,S,Baby,roomgroupA
9081_04,Earth,False,TRAPPIST-1e,False,0.0,0.0,0.0,0.0,0.0,9081,G,P,Child,roomgroupA
9081_05,Earth,False,TRAPPIST-1e,False,0.0,586.0,784.0,4.0,21.0,9081,F,P,Adult,roomgroupA
9081_06,Earth,False,PSO J318.5-22,,0.0,0.0,761.0,0.0,0.0,9081,F,P,Teenager,roomgroupA
9081_07,Earth,True,TRAPPIST-1e,False,0.0,0.0,0.0,0.0,0.0,9081,G,P,Young Adult,roomgroupA
9081_08,Earth,True,PSO J318.5-22,False,0.0,0.0,0.0,0.0,0.0,9081,G,P,Baby,roomgroupA
9084_01,,False,TRAPPIST-1e,False,1258.0,0.0,22.0,19.0,0.0,9084,E,P,Young Adult,roomgroupA
9085_01,Europa,False,55 Cancri e,False,0.0,2113.0,0.0,1972.0,51.0,9085,A,P,Senior,roomgroupA
9085_02,Europa,False,55 Cancri e,False,11.0,495.0,0.0,2049.0,2064.0,9085,A,P,Young Adult,roomgroupA
9085_03,Europa,True,TRAPPIST-1e,False,0.0,0.0,0.0,0.0,0.0,9085,A,P,Adult,roomgroupA
9089_01,Earth,False,TRAPPIST-1e,False,866.0,0.0,16.0,0.0,0.0,9089,G,S,Adult,roomgroupA
9094_01,Earth,True,PSO J318.5-22,False,0.0,0.0,0.0,0.0,0.0,9094,G,S,Teenager,roomgroupA
9094_02,Earth,False,TRAPPIST-1e,False,0.0,704.0,0.0,2.0,0.0,9094,G,S,Adult,roomgroupA
9097_01,Mars,True,TRAPPIST-1e,False,0.0,0.0,0.0,0.0,0.0,9097,F,P,Young Adult,roomgroupA
9098_01,Earth,False,TRAPPIST-1e,False,8.0,796.0,0.0,0.0,0.0,9098,F,P,Student,roomgroupA
9099_01,Earth,False,TRAPPIST-1e,False,0.0,475.0,51.0,440.0,642.0,9099,E,S,Young Adult,roomgroupA
9101_01,Earth,False,TRAPPIST-1e,False,,0.0,496.0,430.0,0.0,9101,F,P,Student,roomgroupA
9103_01,Earth,False,TRAPPIST-1e,False,3402.0,2449.0,28.0,259.0,197.0,9103,G,P,Young Adult,roomgroupA
9104_01,Europa,True,55 Cancri e,False,0.0,0.0,0.0,0.0,0.0,9104,C,P,Young Adult,roomgroupA
9106_01,Earth,False,TRAPPIST-1e,False,1736.0,0.0,123.0,5.0,115.0,9106,F,S,Adult,roomgroupA
9107_01,Earth,True,TRAPPIST-1e,False,0.0,0.0,0.0,0.0,0.0,9107,G,S,Adult,roomgroupA
9108_01,Earth,True,TRAPPIST-1e,False,0.0,0.0,0.0,0.0,0.0,9108,G,S,Adult,roomgroupA
9108_02,Earth,False,TRAPPIST-1e,False,15.0,7.0,0.0,786.0,0.0,9108,G,S,Adult,roomgroupA
9110_01,Earth,False,TRAPPIST-1e,False,0.0,0.0,16.0,3.0,854.0,9110,F,P,Adult,roomgroupA
9111_01,Mars,False,TRAPPIST-1e,False,1478.0,0.0,631.0,0.0,0.0,9111,E,S,Adult,roomgroupA
9112_01,Mars,False,TRAPPIST-1e,False,,0.0,0.0,0.0,0.0,9112,D,P,Young Adult,roomgroupA
9114_01,Europa,True,55 Cancri e,False,0.0,0.0,0.0,0.0,0.0,9114,B,S,Adult,roomgroupA
9115_01,Earth,False,PSO J318.5-22,False,1215.0,0.0,0.0,0.0,0.0,9115,F,P,Adult,roomgroupA
9116_01,Earth,False,TRAPPIST-1e,False,0.0,,0.0,1.0,48.0,9116,F,P,Young Adult,roomgroupA
9118_01,Earth,False,55 Cancri e,False,0.0,1501.0,23.0,5.0,163.0,9118,E,P,Teenager,roomgroupA
9118_02,Earth,False,TRAPPIST-1e,False,37.0,1585.0,234.0,0.0,18.0,9118,G,P,Senior,roomgroupA
9119_01,Earth,True,TRAPPIST-1e,False,0.0,0.0,0.0,0.0,0.0,9119,G,P,Teenager,roomgroupA
9120_01,Earth,False,TRAPPIST-1e,False,101.0,12.0,184.0,780.0,0.0,9120,F,S,Teenager,roomgroupA
9122_01,Earth,True,55 Cancri e,,0.0,0.0,0.0,0.0,0.0,9122,G,S,Adult,roomgroupA
9124_01,Mars,False,TRAPPIST-1e,False,733.0,0.0,1296.0,80.0,0.0,9124,E,S,Young Adult,roomgroupA
9125_01,Mars,True,TRAPPIST-1e,False,0.0,0.0,0.0,0.0,0.0,9125,E,P,Student,roomgroupA
9125_02,Mars,True,TRAPPIST-1e,False,0.0,0.0,0.0,0.0,0.0,9125,E,P,Adult,roomgroupA
9126_01,Mars,True,TRAPPIST-1e,False,0.0,0.0,0.0,0.0,0.0,9126,E,S,Adult,roomgroupA
9127_01,Earth,False,PSO J318.5-22,False,0.0,749.0,20.0,0.0,0.0,9127,G,S,Young Adult,roomgroupA
9128_01,Earth,False,TRAPPIST-1e,False,794.0,371.0,0.0,228.0,1.0,9128,F,P,Adult,roomgroupA
9128_02,Earth,True,PSO J318.5-22,False,0.0,0.0,0.0,0.0,0.0,9128,G,P,Young Adult,roomgroupA
9129_01,Earth,False,TRAPPIST-1e,False,0.0,1.0,0.0,808.0,0.0,9129,G,P,Student,roomgroupA
9130_01,Mars,True,,False,0.0,0.0,0.0,0.0,0.0,9130,F,S,Adult,roomgroupA
9131_01,Europa,False,55 Cancri e,False,0.0,1961.0,0.0,226.0,1077.0,9131,C,P,Young Adult,roomgroupA
9131_02,Europa,True,TRAPPIST-1e,False,0.0,0.0,0.0,0.0,0.0,9131,C,P,Student,roomgroupA
9132_01,Mars,False,TRAPPIST-1e,False,2575.0,1.0,2.0,,0.0,9132,D,P,Young Adult,roomgroupA
9132_02,Mars,False,TRAPPIST-1e,False,1789.0,16.0,3.0,10.0,1.0,9132,F,P,Young Adult,roomgroupA
9134_01,Earth,False,TRAPPIST-1e,False,590.0,0.0,32.0,363.0,0.0,9134,E,S,Teenager,roomgroupA
9136_01,Earth,False,TRAPPIST-1e,False,6.0,0.0,0.0,800.0,3.0,9136,G,S,Unknown,roomgroupA
9137_01,Mars,False,TRAPPIST-1e,False,3.0,1376.0,11.0,0.0,360.0,9137,F,P,Adult,roomgroupA
9139_01,Mars,False,TRAPPIST-1e,False,410.0,32.0,14.0,1239.0,10.0,9139,F,S,Young Adult,roomgroupA
9140_01,Earth,True,PSO J318.5-22,False,0.0,0.0,0.0,0.0,0.0,9140,G,P,Student,roomgroupA
9141_01,Europa,True,TRAPPIST-1e,False,0.0,0.0,0.0,0.0,0.0,9141,B,S,Adult,roomgroupA
9142_01,Earth,False,TRAPPIST-1e,False,83.0,165.0,1.0,0.0,2002.0,9142,F,P,Student,roomgroupA
9144_01,Earth,False,TRAPPIST-1e,False,1.0,702.0,0.0,0.0,0.0,9144,F,S,Student,roomgroupA
9145_01,Earth,True,TRAPPIST-1e,False,0.0,0.0,0.0,0.0,0.0,9145,G,P,Young Adult,roomgroupA
9148_01,Earth,False,TRAPPIST-1e,False,0.0,0.0,0.0,0.0,0.0,9148,G,S,Child,roomgroupA
9149_01,Europa,True,55 Cancri e,False,0.0,0.0,0.0,,0.0,9149,B,S,Adult,roomgroupA
9149_02,Europa,False,55 Cancri e,False,0.0,36.0,1.0,3761.0,4521.0,9149,B,S,Student,roomgroupA
9150_01,Earth,False,TRAPPIST-1e,False,1.0,0.0,638.0,9.0,161.0,9150,G,S,Adult,roomgroupA
9151_01,Mars,True,TRAPPIST-1e,False,0.0,0.0,0.0,,0.0,9151,F,S,Student,roomgroupA
9152_01,Earth,True,TRAPPIST-1e,False,0.0,0.0,0.0,0.0,0.0,9152,G,P,Adult,roomgroupA
9156_01,Europa,True,TRAPPIST-1e,False,0.0,0.0,0.0,0.0,0.0,9156,B,S,Young Adult,roomgroupA
9157_01,Earth,False,TRAPPIST-1e,False,0.0,281.0,0.0,0.0,632.0,9157,G,S,Adult,roomgroupA
9157_02,Earth,True,PSO J318.5-22,False,0.0,0.0,0.0,0.0,0.0,9157,G,S,Baby,roomgroupA
9157_03,Earth,False,PSO J318.5-22,False,0.0,0.0,0.0,0.0,0.0,9157,G,S,Child,roomgroupA
9157_04,Earth,False,55 Cancri e,False,0.0,0.0,0.0,0.0,0.0,9157,G,S,Teenager,roomgroupA
9157_05,Earth,False,TRAPPIST-1e,False,0.0,522.0,0.0,54.0,332.0,9157,G,S,Young Adult,roomgroupA
9157_06,Earth,False,TRAPPIST-1e,False,0.0,0.0,0.0,0.0,0.0,9157,G,S,Teenager,roomgroupA
9157_07,Earth,True,TRAPPIST-1e,False,0.0,0.0,0.0,0.0,0.0,9157,G,S,Baby,roomgroupA
9158_01,Europa,True,55 Cancri e,True,0.0,0.0,0.0,0.0,0.0,9158,B,P,Young Adult,roomgroupA
9159_01,Earth,False,TRAPPIST-1e,False,169.0,0.0,516.0,0.0,52.0,9159,F,P,Adult,roomgroupA
9160_01,Earth,False,TRAPPIST-1e,False,640.0,0.0,0.0,38.0,12.0,9160,F,S,Student,roomgroupA
9161_01,Earth,True,55 Cancri e,False,0.0,0.0,0.0,0.0,0.0,9161,G,P,Adult,roomgroupA
9161_02,Earth,True,TRAPPIST-1e,False,0.0,0.0,,0.0,0.0,9161,G,P,Adult,roomgroupA
9163_01,Earth,True,TRAPPIST-1e,False,0.0,0.0,0.0,0.0,0.0,9163,G,S,Baby,roomgroupA
9164_01,Mars,False,TRAPPIST-1e,False,574.0,1.0,792.0,11.0,0.0,9164,E,S,Student,roomgroupA
9165_01,Earth,False,TRAPPIST-1e,False,9.0,2.0,1.0,0.0,727.0,9165,F,S,Student,roomgroupA
9167_01,Earth,False,TRAPPIST-1e,False,0.0,0.0,0.0,684.0,0.0,9167,F,S,Adult,roomgroupA
9168_01,Europa,False,55 Cancri e,False,23.0,14773.0,0.0,1159.0,7819.0,9168,C,S,Adult,roomgroupA
9168_02,Europa,True,TRAPPIST-1e,False,0.0,0.0,0.0,0.0,0.0,9168,C,S,Adult,roomgroupA
9169_01,Mars,False,TRAPPIST-1e,False,48.0,2318.0,5.0,11.0,0.0,9169,D,P,Adult,roomgroupA
9170_01,Earth,,TRAPPIST-1e,False,1060.0,403.0,1.0,0.0,145.0,9170,E,P,Young Adult,roomgroupA
9172_01,Earth,False,TRAPPIST-1e,False,724.0,25.0,71.0,0.0,1054.0,9172,G,S,Adult,roomgroupA
9173_01,Earth,False,PSO J318.5-22,False,0.0,688.0,2.0,0.0,426.0,9173,F,P,Young Adult,roomgroupA
9174_01,Earth,False,PSO J318.5-22,False,65.0,670.0,0.0,177.0,0.0,9174,G,S,Adult,roomgroupA
9175_01,Europa,False,55 Cancri e,False,0.0,10073.0,0.0,168.0,337.0,9175,B,P,Young Adult,roomgroupA
9176_01,Earth,False,TRAPPIST-1e,False,0.0,537.0,0.0,5.0,197.0,9176,F,S,Young Adult,roomgroupA
9178_01,Earth,False,TRAPPIST-1e,False,49.0,584.0,0.0,0.0,70.0,9178,F,P,Adult,roomgroupA
9179_01,Earth,True,TRAPPIST-1e,False,0.0,0.0,0.0,0.0,0.0,9179,G,P,Young Adult,roomgroupA
9179_02,Earth,False,TRAPPIST-1e,False,459.0,194.0,0.0,5.0,125.0,9179,G,P,Young Adult,roomgroupA
9179_03,Earth,True,PSO J318.5-22,False,0.0,0.0,,0.0,0.0,9179,G,P,Student,roomgroupA
9179_04,Earth,True,TRAPPIST-1e,False,0.0,0.0,0.0,0.0,0.0,9179,G,P,Adult,roomgroupA
9180_01,Mars,False,TRAPPIST-1e,False,148.0,0.0,684.0,1446.0,88.0,9180,F,S,Adult,roomgroupA
9181_01,Earth,False,TRAPPIST-1e,False,270.0,4.0,453.0,7.0,0.0,9181,F,S,Adult,roomgroupA
9183_01,Europa,False,55 Cancri e,False,0.0,5.0,11.0,62.0,5804.0,9183,C,P,Young Adult,roomgroupA
9184_01,Earth,False,TRAPPIST-1e,False,0.0,7.0,6.0,0.0,482.0,9184,G,S,Young Adult,roomgroupA
9185_01,Earth,False,TRAPPIST-1e,False,698.0,94.0,0.0,0.0,0.0,9185,E,P,Adult,roomgroupA
9186_01,Mars,True,TRAPPIST-1e,False,0.0,0.0,,0.0,0.0,9186,F,P,Baby,roomgroupA
9188_01,Earth,False,TRAPPIST-1e,False,0.0,0.0,807.0,0.0,2.0,9188,G,S,Young Adult,roomgroupA
9189_01,Earth,False,PSO J318.5-22,False,87.0,41.0,483.0,0.0,0.0,9189,F,S,Student,roomgroupA
9190_01,Earth,False,TRAPPIST-1e,False,802.0,0.0,1.0,1.0,0.0,9190,F,S,Student,roomgroupA
9192_01,Earth,False,PSO J318.5-22,False,,599.0,,0.0,0.0,9192,F,P,Young Adult,roomgroupA
9193_01,Earth,,PSO J318.5-22,False,0.0,0.0,0.0,0.0,0.0,9193,G,S,Adult,roomgroupA
9194_01,,False,55 Cancri e,False,0.0,4017.0,0.0,13.0,3147.0,9194,E,S,Adult,roomgroupA
9194_02,Europa,False,TRAPPIST-1e,True,1003.0,909.0,0.0,0.0,15.0,9194,E,S,Young Adult,roomgroupA
9195_01,Mars,True,TRAPPIST-1e,False,0.0,0.0,0.0,0.0,0.0,9195,F,S,Adult,roomgroupA
9195_02,Mars,True,,False,0.0,0.0,0.0,0.0,0.0,9195,F,S,Young Adult,roomgroupA
9196_01,Europa,False,TRAPPIST-1e,False,0.0,1674.0,0.0,269.0,4.0,9196,C,S,Adult,roomgroupA
9196_02,Europa,False,TRAPPIST-1e,False,1.0,104.0,1338.0,698.0,126.0,9196,C,S,Young Adult,roomgroupA
9196_03,Europa,False,TRAPPIST-1e,False,381.0,794.0,52.0,654.0,1317.0,9196,C,S,Student,roomgroupA
9197_01,Europa,,55 Cancri e,False,0.0,0.0,0.0,0.0,0.0,9197,C,P,Adult,roomgroupA
9197_02,Europa,False,,True,0.0,7964.0,0.0,3238.0,5839.0,9197,C,P,Adult,roomgroupA
9197_03,Europa,False,TRAPPIST-1e,False,0.0,4634.0,8.0,616.0,0.0,9197,C,P,Young Adult,roomgroupA
9197_04,Europa,False,55 Cancri e,False,1569.0,,0.0,,2252.0,9197,C,P,Young Adult,roomgroupA
9199_01,Europa,True,55 Cancri e,False,0.0,0.0,0.0,0.0,0.0,9199,E,P,Young Adult,roomgroupA
9201_01,Earth,False,PSO J318.5-22,False,0.0,816.0,0.0,0.0,0.0,9201,G,S,Young Adult,roomgroupA
9202_01,Europa,False,TRAPPIST-1e,False,8586.0,77.0,114.0,29.0,4.0,9202,C,P,Young Adult,roomgroupA
9203_01,Mars,True,55 Cancri e,False,0.0,0.0,0.0,0.0,0.0,9203,F,S,Student,roomgroupA
9205_01,Europa,True,55 Cancri e,False,0.0,0.0,0.0,0.0,0.0,9205,B,P,Adult,roomgroupA
9205_02,Europa,True,TRAPPIST-1e,False,0.0,0.0,0.0,0.0,0.0,9205,B,P,Teenager,roomgroupA
9205_03,Europa,True,TRAPPIST-1e,,0.0,0.0,0.0,0.0,0.0,9205,B,P,Adult,roomgroupA
9208_01,Earth,True,TRAPPIST-1e,False,0.0,0.0,0.0,0.0,0.0,9208,G,S,Adult,roomgroupA
9208_02,Earth,False,TRAPPIST-1e,False,757.0,40.0,4.0,2.0,0.0,9208,F,S,Adult,roomgroupA
9211_01,Earth,False,TRAPPIST-1e,False,0.0,8.0,,360.0,74.0,9211,G,S,Senior,roomgroupA
9213_01,Earth,False,TRAPPIST-1e,False,0.0,90.0,0.0,795.0,0.0,9213,F,P,Young Adult,roomgroupA
9217_01,Earth,False,55 Cancri e,False,15.0,679.0,89.0,6.0,0.0,9217,E,S,Young Adult,roomgroupA
9218_01,Europa,True,55 Cancri e,False,0.0,0.0,0.0,0.0,0.0,9218,B,S,Adult,roomgroupA
9219_01,Earth,False,55 Cancri e,False,0.0,0.0,0.0,0.0,0.0,9219,G,S,Child,roomgroupA
9219_02,Earth,False,TRAPPIST-1e,False,6.0,0.0,0.0,0.0,1164.0,9219,F,S,Adult,roomgroupA
9220_01,Earth,False,TRAPPIST-1e,False,2.0,45.0,45.0,0.0,815.0,9220,G,P,Young Adult,roomgroupA
9220_02,Earth,True,TRAPPIST-1e,False,0.0,0.0,0.0,0.0,0.0,9220,G,P,Student,roomgroupA
9220_03,Earth,False,PSO J318.5-22,False,623.0,0.0,,0.0,53.0,9220,F,P,Student,roomgroupA
9221_01,Earth,True,TRAPPIST-1e,False,0.0,0.0,0.0,0.0,,9221,G,P,Student,roomgroupA
9222_01,Mars,True,TRAPPIST-1e,False,0.0,0.0,0.0,,0.0,9222,F,S,Adult,roomgroupA
9224_01,Mars,False,TRAPPIST-1e,False,745.0,639.0,977.0,4.0,0.0,9224,F,S,Young Adult,roomgroupA
9225_01,Earth,False,TRAPPIST-1e,False,1.0,197.0,0.0,660.0,15.0,9225,F,S,Adult,roomgroupA
9226_01,Earth,False,,False,676.0,0.0,13.0,0.0,12.0,9226,F,S,Student,roomgroupA
9227_01,Earth,True,TRAPPIST-1e,False,0.0,0.0,0.0,0.0,0.0,9227,G,P,Child,roomgroupA
9227_02,Earth,True,PSO J318.5-22,False,0.0,0.0,0.0,0.0,0.0,9227,G,P,Child,roomgroupA
9227_03,Earth,True,PSO J318.5-22,False,0.0,0.0,0.0,0.0,0.0,9227,G,P,Baby,roomgroupA
9227_04,Earth,True,TRAPPIST-1e,False,0.0,0.0,0.0,0.0,0.0,9227,G,P,Baby,roomgroupA
9227_05,Earth,,TRAPPIST-1e,False,0.0,0.0,0.0,0.0,0.0,9227,G,P,Child,roomgroupA
9230_01,Europa,False,TRAPPIST-1e,True,0.0,5600.0,715.0,2868.0,971.0,9230,C,S,Adult,roomgroupA
9231_01,Mars,True,55 Cancri e,False,0.0,0.0,0.0,0.0,0.0,9231,F,P,Baby,roomgroupA
9231_02,Mars,False,TRAPPIST-1e,False,0.0,0.0,0.0,0.0,0.0,9231,F,P,Baby,roomgroupA
9231_03,Mars,False,TRAPPIST-1e,False,0.0,0.0,0.0,0.0,0.0,9231,E,P,Student,roomgroupA
9233_01,Earth,False,TRAPPIST-1e,False,3.0,0.0,668.0,0.0,0.0,9233,G,S,Adult,roomgroupA
9234_01,Earth,False,TRAPPIST-1e,False,6.0,1.0,638.0,1107.0,23.0,9234,G,P,Adult,roomgroupA
9235_01,Earth,False,TRAPPIST-1e,False,8.0,752.0,0.0,0.0,687.0,9235,F,S,Young Adult,roomgroupA
9237_01,Earth,True,TRAPPIST-1e,False,0.0,0.0,0.0,0.0,0.0,9237,G,S,Adult,roomgroupA
9239_01,Mars,False,TRAPPIST-1e,False,2.0,0.0,918.0,128.0,0.0,9239,E,P,Teenager,roomgroupA
9241_01,Mars,False,TRAPPIST-1e,False,699.0,0.0,600.0,0.0,0.0,9241,E,P,Young Adult,roomgroupA
9242_01,Earth,False,TRAPPIST-1e,False,102.0,696.0,0.0,0.0,0.0,9242,F,P,Senior,roomgroupA
9244_01,Earth,True,PSO J318.5-22,False,0.0,0.0,0.0,0.0,0.0,9244,G,S,Teenager,roomgroupA
9246_01,Earth,,TRAPPIST-1e,False,0.0,0.0,0.0,0.0,0.0,9246,G,S,Young Adult,roomgroupA
9247_01,Earth,True,TRAPPIST-1e,False,0.0,0.0,0.0,0.0,,9247,G,S,Young Adult,roomgroupA
9248_01,,False,55 Cancri e,,28.0,1208.0,973.0,207.0,0.0,9248,F,S,Adult,roomgroupA
9250_01,Europa,False,TRAPPIST-1e,False,0.0,2972.0,,28.0,188.0,9250,E,P,Young Adult,roomgroupA
9251_01,Mars,True,TRAPPIST-1e,False,0.0,0.0,0.0,0.0,0.0,9251,F,S,Young Adult,roomgroupA
9252_01,Europa,False,55 Cancri e,False,0.0,8160.0,205.0,0.0,438.0,9252,B,P,Young Adult,roomgroupA
9252_02,Europa,True,55 Cancri e,False,0.0,0.0,0.0,0.0,0.0,9252,B,P,Student,roomgroupA
9253_01,Earth,True,PSO J318.5-22,False,0.0,0.0,0.0,0.0,0.0,9253,G,S,Teenager,roomgroupA
9254_01,Earth,True,PSO J318.5-22,False,0.0,0.0,0.0,0.0,0.0,9254,G,P,Senior,roomgroupA
9256_01,Earth,True,TRAPPIST-1e,False,0.0,0.0,0.0,0.0,0.0,9256,G,S,Young Adult,roomgroupA
9257_01,,False,TRAPPIST-1e,False,39.0,0.0,1085.0,24.0,0.0,9257,F,P,Teenager,roomgroupA
9259_01,Earth,,TRAPPIST-1e,False,1030.0,1015.0,0.0,11.0,,9259,F,P,Adult,roomgroupA
9261_01,Earth,True,PSO J318.5-22,False,0.0,0.0,0.0,0.0,0.0,9261,G,P,Student,roomgroupA
9264_01,Europa,True,55 Cancri e,False,0.0,0.0,0.0,0.0,0.0,9264,E,S,Young Adult,roomgroupA
9267_01,Europa,True,TRAPPIST-1e,False,0.0,0.0,0.0,0.0,0.0,9267,E,S,Student,roomgroupA
9267_02,Europa,True,TRAPPIST-1e,False,0.0,0.0,0.0,0.0,0.0,9267,E,S,Student,roomgroupA
9268_01,Earth,True,TRAPPIST-1e,False,0.0,0.0,0.0,0.0,0.0,9268,G,P,Young Adult,roomgroupA
9270_01,Earth,True,55 Cancri e,False,0.0,0.0,0.0,0.0,0.0,9270,G,S,Young Adult,roomgroupA
9272_01,Earth,False,TRAPPIST-1e,False,240.0,242.0,510.0,0.0,0.0,9272,G,P,Young Adult,roomgroupA
9272_02,Earth,False,TRAPPIST-1e,False,86.0,3.0,149.0,208.0,329.0,9272,F,P,Student,roomgroupA
9274_01,,True,TRAPPIST-1e,False,0.0,0.0,0.0,0.0,0.0,9274,G,P,Student,roomgroupA
9275_01,Europa,False,TRAPPIST-1e,False,0.0,0.0,0.0,0.0,0.0,9275,A,P,Baby,roomgroupA
9275_02,Europa,False,TRAPPIST-1e,False,1.0,1146.0,0.0,50.0,34.0,9275,A,P,Young Adult,roomgroupA
9275_03,Europa,,TRAPPIST-1e,False,0.0,3208.0,0.0,2.0,330.0,9275,A,P,Young Adult,roomgroupA
9276_01,Europa,False,55 Cancri e,True,0.0,6819.0,0.0,1643.0,74.0,9276,A,P,Adult,roomgroupA
9278_01,Earth,True,PSO J318.5-22,False,0.0,0.0,0.0,0.0,0.0,9278,G,S,Student,roomgroupA
9279_01,Earth,False,TRAPPIST-1e,False,0.0,0.0,1872.0,1.0,0.0,9279,G,S,Young Adult,roomgroupA
9280_01,Europa,False,55 Cancri e,False,0.0,1049.0,0.0,353.0,3235.0,9280,E,S,Young Adult,roomgroupA
9280_02,Europa,False,TRAPPIST-1e,False,126.0,4688.0,0.0,0.0,12.0,9280,E,S,Adult,roomgroupA
