PassengerId,HomePlanet,CryoSleep,Destination,Age,VIP,RoomService,FoodCourt,ShoppingMall,Spa,VRDeck,groupid,deck,deckroom,deckside
0001_01,Europa,False,TRAPPIST-1e,39.0,False,0.0,0.0,0.0,0.0,0.0,0001,B,0,P
0002_01,Earth,False,TRAPPIST-1e,24.0,False,109.0,9.0,25.0,549.0,44.0,0002,F,0,S
0003_01,Europa,False,TRAPPIST-1e,58.0,True,43.0,3576.0,0.0,6715.0,49.0,0003,A,0,S
0003_02,Europa,False,TRAPPIST-1e,33.0,False,0.0,1283.0,371.0,3329.0,193.0,0003,A,0,S
0004_01,Earth,False,TRAPPIST-1e,16.0,False,303.0,70.0,151.0,565.0,2.0,0004,F,1,S
0005_01,Earth,False,PSO J318.5-22,44.0,False,0.0,483.0,0.0,291.0,0.0,0005,F,0,P
0006_01,Earth,False,TRAPPIST-1e,26.0,False,42.0,1539.0,3.0,0.0,0.0,0006,F,2,S
0006_02,Earth,True,TRAPPIST-1e,28.0,False,0.0,0.0,0.0,0.0,,0006,G,0,S
0007_01,Earth,False,TRAPPIST-1e,35.0,False,0.0,785.0,17.0,216.0,0.0,0007,F,3,S
0008_01,Europa,True,55 Cancri e,14.0,False,0.0,0.0,0.0,0.0,0.0,0008,B,1,P
0008_02,Europa,True,TRAPPIST-1e,34.0,False,0.0,0.0,,0.0,0.0,0008,B,1,P
0008_03,Europa,False,55 Cancri e,45.0,False,39.0,7295.0,589.0,110.0,124.0,0008,B,1,P
0009_01,Mars,False,TRAPPIST-1e,32.0,False,73.0,0.0,1123.0,0.0,113.0,0009,F,1,P
0010_01,Earth,False,TRAPPIST-1e,48.0,False,719.0,1.0,65.0,0.0,24.0,0010,G,1,S
0011_01,Earth,False,TRAPPIST-1e,28.0,False,8.0,974.0,12.0,2.0,7.0,0011,F,2,P
0012_01,Earth,False,TRAPPIST-1e,31.0,False,32.0,0.0,876.0,0.0,0.0,0012,G,734,S
0014_01,Mars,False,55 Cancri e,27.0,False,1286.0,122.0,,0.0,0.0,0014,F,3,P
0015_01,Earth,False,55 Cancri e,24.0,False,0.0,1.0,0.0,0.0,637.0,0015,F,4,P
0016_01,Mars,True,TRAPPIST-1e,45.0,False,0.0,0.0,0.0,0.0,0.0,0016,F,5,P
0017_01,Earth,False,TRAPPIST-1e,0.0,False,0.0,0.0,0.0,0.0,0.0,0017,G,0,P
0017_02,Earth,False,55 Cancri e,14.0,False,412.0,0.0,1.0,0.0,679.0,0017,F,6,P
0020_01,Earth,True,TRAPPIST-1e,1.0,False,0.0,0.0,0.0,0.0,0.0,0020,E,0,S
0020_02,Earth,True,55 Cancri e,49.0,False,0.0,0.0,0.0,0.0,0.0,0020,E,0,S
0020_03,Earth,True,55 Cancri e,29.0,False,0.0,0.0,,0.0,0.0,0020,E,0,S
0020_04,Earth,False,TRAPPIST-1e,10.0,False,0.0,0.0,0.0,0.0,0.0,0020,E,0,S
0020_05,Earth,True,PSO J318.5-22,1.0,False,,0.0,0.0,0.0,0.0,0020,E,0,S
0020_06,Earth,False,TRAPPIST-1e,7.0,False,0.0,0.0,0.0,0.0,0.0,0020,E,0,S
0022_01,Mars,False,TRAPPIST-1e,21.0,False,980.0,2.0,69.0,0.0,0.0,0022,D,0,P
0024_01,Europa,True,TRAPPIST-1e,62.0,False,0.0,0.0,,0.0,0.0,0024,C,2,S
0025_01,Earth,False,TRAPPIST-1e,15.0,False,0.0,225.0,0.0,998.0,0.0,0025,F,6,S
0026_01,Europa,False,55 Cancri e,34.0,False,22.0,6073.0,0.0,1438.0,328.0,0026,C,0,P
0028_01,Mars,False,TRAPPIST-1e,43.0,False,1125.0,0.0,136.0,48.0,0.0,0028,F,8,P
0030_01,Earth,False,TRAPPIST-1e,32.0,False,0.0,850.0,81.0,437.0,453.0,0030,G,4,S
0031_01,Mars,False,TRAPPIST-1e,47.0,False,214.0,0.0,1411.0,0.0,1229.0,0031,F,9,P
0031_02,Mars,False,TRAPPIST-1e,2.0,False,0.0,0.0,0.0,0.0,0.0,0031,F,9,P
0031_03,Mars,False,TRAPPIST-1e,20.0,False,,0.0,1750.0,990.0,0.0,0031,F,9,P
0034_01,Europa,True,55 Cancri e,28.0,False,0.0,0.0,0.0,0.0,0.0,0034,D,1,S
0035_01,Mars,False,55 Cancri e,23.0,False,784.0,964.0,0.0,951.0,0.0,0035,D,1,P
0036_01,Earth,False,55 Cancri e,15.0,,0.0,492.0,48.0,20.0,401.0,0036,F,8,S
0038_01,Earth,False,55 Cancri e,20.0,False,554.0,195.0,0.0,2606.0,0.0,0038,F,10,S
0039_01,Earth,True,55 Cancri e,30.0,False,0.0,0.0,,0.0,0.0,0039,G,1,P
0041_01,Earth,True,TRAPPIST-1e,17.0,False,0.0,0.0,0.0,0.0,0.0,0041,G,2,P
0043_01,Europa,False,TRAPPIST-1e,45.0,False,0.0,164.0,45.0,2511.0,855.0,0043,B,3,P
0044_01,Earth,True,TRAPPIST-1e,55.0,False,0.0,0.0,0.0,0.0,0.0,0044,G,3,P
0044_02,Earth,True,55 Cancri e,4.0,False,0.0,0.0,0.0,0.0,0.0,0044,G,3,P
0044_03,Earth,True,PSO J318.5-22,21.0,False,0.0,0.0,0.0,0.0,0.0,0044,G,3,P
0045_01,Mars,False,TRAPPIST-1e,21.0,False,970.0,0.0,180.0,0.0,64.0,0045,F,10,P
0045_02,Mars,True,,19.0,False,0.0,0.0,0.0,0.0,0.0,0045,F,10,P
0050_01,Earth,False,55 Cancri e,35.0,False,790.0,0.0,0.0,,0.0,0050,E,1,S
0051_01,Earth,False,TRAPPIST-1e,56.0,False,0.0,112.0,0.0,1379.0,127.0,0051,E,2,S
0052_01,Earth,False,TRAPPIST-1e,,False,4.0,0.0,2.0,4683.0,0.0,0052,G,6,S
0053_01,Earth,False,TRAPPIST-1e,25.0,False,0.0,0.0,1938.0,0.0,1.0,0053,F,11,S
0056_01,Europa,False,TRAPPIST-1e,2.0,False,0.0,0.0,0.0,0.0,0.0,0056,A,1,S
0056_02,Europa,True,TRAPPIST-1e,38.0,False,0.0,0.0,0.0,0.0,0.0,0056,A,1,S
0056_03,Europa,False,TRAPPIST-1e,27.0,False,279.0,605.0,3374.0,286.0,3.0,0056,A,1,S
0058_01,Earth,True,PSO J318.5-22,36.0,False,0.0,0.0,0.0,0.0,0.0,0058,G,7,S
0061_01,Earth,False,TRAPPIST-1e,22.0,False,45.0,1096.0,148.0,1377.0,1.0,0061,F,12,S
0062_01,Earth,False,TRAPPIST-1e,62.0,False,0.0,592.0,0.0,17.0,25.0,0062,F,13,S
0064_01,Mars,True,TRAPPIST-1e,15.0,False,0.0,0.0,0.0,0.0,0.0,0064,F,14,S
0064_02,,True,TRAPPIST-1e,33.0,False,0.0,0.0,,0.0,0.0,0064,E,3,S
0066_01,Earth,False,TRAPPIST-1e,62.0,False,1.0,153.0,197.0,0.0,460.0,0066,G,6,P
0067_01,Earth,True,PSO J318.5-22,0.0,False,0.0,0.0,0.0,0.0,0.0,0067,G,10,S
0067_02,Earth,False,TRAPPIST-1e,18.0,False,1.0,258.0,446.0,0.0,0.0,0067,G,10,S
0067_03,Earth,False,55 Cancri e,21.0,False,1946.0,37.0,0.0,0.0,24.0,0067,F,15,S
0068_01,Mars,False,TRAPPIST-1e,,False,793.0,0.0,2.0,253.0,0.0,0068,E,4,S
0069_01,Earth,False,TRAPPIST-1e,42.0,False,887.0,0.0,9.0,6.0,0.0,0069,F,16,S
0070_01,Earth,False,TRAPPIST-1e,19.0,False,190.0,0.0,5.0,1.0,726.0,0070,F,13,P
0071_01,Earth,False,TRAPPIST-1e,17.0,False,16.0,2165.0,0.0,0.0,52.0,0071,F,14,P
0072_01,Earth,False,TRAPPIST-1e,14.0,False,0.0,1.0,0.0,0.0,1063.0,0072,F,17,S
0073_01,Mars,False,PSO J318.5-22,37.0,False,46.0,83.0,738.0,0.0,12.0,0073,D,3,P
0074_01,Europa,False,TRAPPIST-1e,42.0,False,1.0,8397.0,0.0,0.0,506.0,0074,C,3,S
0076_01,Mars,False,TRAPPIST-1e,27.0,False,147.0,0.0,1018.0,0.0,0.0,0076,F,18,S
0077_01,Mars,False,TRAPPIST-1e,28.0,False,14.0,0.0,1295.0,0.0,0.0,0077,F,15,P
0078_01,Europa,False,TRAPPIST-1e,38.0,False,0.0,5840.0,0.0,321.0,9654.0,0078,C,4,S
0081_01,Earth,True,TRAPPIST-1e,13.0,False,0.0,0.0,0.0,0.0,0.0,0081,G,13,S
0082_01,Mars,False,TRAPPIST-1e,42.0,False,7406.0,0.0,0.0,0.0,0.0,0082,F,16,P
0082_02,Mars,True,TRAPPIST-1e,2.0,False,0.0,0.0,0.0,0.0,0.0,0082,F,16,P
0082_03,Mars,False,TRAPPIST-1e,8.0,False,0.0,0.0,0.0,0.0,0.0,0082,F,16,P
0084_01,Earth,False,TRAPPIST-1e,24.0,False,688.0,0.0,0.0,0.0,17.0,0084,G,14,S
0085_01,Europa,True,TRAPPIST-1e,40.0,False,0.0,0.0,0.0,0.0,0.0,0085,C,5,S
0086_01,Earth,False,TRAPPIST-1e,43.0,False,211.0,0.0,0.0,638.0,513.0,0086,F,17,P
0088_01,Mars,True,PSO J318.5-22,45.0,False,0.0,0.0,0.0,0.0,0.0,0088,E,5,S
0090_01,Earth,True,TRAPPIST-1e,35.0,False,0.0,0.0,0.0,0.0,0.0,0090,G,15,S
0091_01,Earth,True,TRAPPIST-1e,26.0,False,,0.0,0.0,0.0,0.0,0091,G,16,S
0091_02,Earth,False,TRAPPIST-1e,27.0,False,1.0,697.0,31.0,188.0,0.0,0091,F,20,S
0092_01,Earth,False,TRAPPIST-1e,19.0,False,0.0,0.0,670.0,1.0,34.0,0092,G,9,P
0092_02,Earth,True,TRAPPIST-1e,0.0,False,0.0,0.0,,0.0,0.0,0092,G,9,P
0092_03,Earth,True,TRAPPIST-1e,3.0,False,0.0,0.0,0.0,0.0,0.0,0092,G,9,P
0097_01,Europa,False,TRAPPIST-1e,54.0,False,0.0,1208.0,0.0,3.0,637.0,0097,A,2,S
0098_01,Earth,False,TRAPPIST-1e,26.0,False,0.0,856.0,5.0,32.0,0.0,0098,G,11,P
0098_02,Earth,False,TRAPPIST-1e,26.0,False,0.0,2811.0,957.0,0.0,87.0,0098,G,11,P
0099_01,Earth,False,PSO J318.5-22,23.0,False,311.0,427.0,526.0,37.0,0.0,0099,F,19,P
0099_02,Earth,,TRAPPIST-1e,2.0,False,0.0,0.0,0.0,0.0,0.0,0099,G,12,P
0101_01,Mars,True,TRAPPIST-1e,31.0,False,0.0,0.0,0.0,0.0,0.0,0101,G,734,S
0102_01,Earth,False,TRAPPIST-1e,18.0,False,0.0,0.0,0.0,830.0,91.0,0102,F,23,S
0103_01,Earth,False,TRAPPIST-1e,24.0,False,0.0,,0.0,0.0,17.0,0103,F,24,S
0103_02,Earth,True,55 Cancri e,9.0,False,0.0,0.0,0.0,0.0,0.0,0103,G,18,S
0103_03,Earth,True,TRAPPIST-1e,6.0,False,0.0,0.0,0.0,0.0,0.0,0103,G,18,S
0105_01,Earth,,TRAPPIST-1e,27.0,False,0.0,0.0,570.0,2.0,131.0,0105,F,21,P
0107_01,Mars,False,TRAPPIST-1e,21.0,False,1743.0,5.0,17.0,0.0,0.0,0107,D,2,S
0108_01,Earth,True,TRAPPIST-1e,23.0,False,0.0,0.0,0.0,0.0,0.0,0108,G,19,S
0108_02,Earth,False,TRAPPIST-1e,31.0,False,562.0,0.0,326.0,0.0,0.0,0108,G,19,S
0108_03,Earth,False,TRAPPIST-1e,0.0,,0.0,0.0,0.0,0.0,0.0,0108,G,19,S
0110_01,Europa,False,TRAPPIST-1e,32.0,False,0.0,410.0,6.0,3929.0,764.0,0110,G,734,S
0110_02,Europa,,TRAPPIST-1e,40.0,False,0.0,331.0,0.0,0.0,1687.0,0110,B,5,P
0110_03,Europa,False,TRAPPIST-1e,42.0,False,2209.0,11418.0,0.0,1868.0,445.0,0110,B,5,P
0110_04,Europa,True,TRAPPIST-1e,28.0,False,0.0,0.0,0.0,0.0,0.0,0110,B,5,P
0111_01,Europa,True,TRAPPIST-1e,29.0,False,0.0,0.0,0.0,0.0,0.0,0111,E,6,S
0112_01,Europa,False,55 Cancri e,48.0,True,0.0,2537.0,87.0,17.0,13.0,0112,B,1,S
0113_01,Earth,False,TRAPPIST-1e,64.0,False,0.0,0.0,804.0,0.0,0.0,0113,F,23,P
0114_01,Earth,False,TRAPPIST-1e,27.0,False,82.0,157.0,429.0,238.0,1.0,0114,G,20,S
0115_01,Mars,,TRAPPIST-1e,26.0,False,0.0,0.0,0.0,0.0,,0115,F,24,P
0116_01,Europa,False,TRAPPIST-1e,33.0,False,1.0,2223.0,0.0,12.0,404.0,0116,D,4,P
0119_01,,False,TRAPPIST-1e,39.0,False,0.0,2344.0,0.0,65.0,6898.0,0119,A,0,P
0119_02,Europa,True,TRAPPIST-1e,13.0,False,0.0,0.0,0.0,0.0,0.0,0119,A,0,P
0120_01,Mars,True,TRAPPIST-1e,24.0,False,0.0,0.0,0.0,0.0,,0120,F,25,P
0122_01,Earth,False,TRAPPIST-1e,29.0,False,0.0,0.0,0.0,699.0,74.0,0122,G,21,S
0123_01,Earth,False,TRAPPIST-1e,18.0,False,55.0,597.0,49.0,0.0,1.0,0123,F,27,P
0126_01,Mars,True,TRAPPIST-1e,67.0,False,0.0,0.0,0.0,0.0,0.0,0126,F,27,S
0127_01,Mars,False,TRAPPIST-1e,35.0,False,701.0,0.0,296.0,0.0,25.0,0127,E,7,S
0128_01,Mars,False,TRAPPIST-1e,61.0,True,2353.0,334.0,9.0,316.0,2.0,0128,D,3,S
0128_02,Mars,False,TRAPPIST-1e,45.0,False,2103.0,6.0,0.0,0.0,0.0,0128,E,8,S
0129_01,Earth,True,PSO J318.5-22,22.0,False,0.0,0.0,,0.0,0.0,0129,G,22,S
0133_01,Mars,True,TRAPPIST-1e,19.0,False,0.0,0.0,0.0,0.0,0.0,0133,F,29,S
0133_02,Mars,False,TRAPPIST-1e,36.0,False,2738.0,0.0,0.0,0.0,0.0,0133,D,5,S
0134_01,Earth,False,TRAPPIST-1e,19.0,False,0.0,14.0,730.0,0.0,0.0,0134,G,17,P
0136_01,Earth,False,PSO J318.5-22,47.0,False,97.0,418.0,126.0,25.0,55.0,0136,G,23,S
0138_01,Earth,True,TRAPPIST-1e,13.0,False,0.0,0.0,0.0,0.0,0.0,0138,G,18,P
0138_02,Earth,False,,34.0,False,0.0,22.0,0.0,564.0,207.0,0138,E,5,P
0139_01,Europa,True,55 Cancri e,35.0,False,0.0,0.0,0.0,0.0,0.0,0139,C,6,S
0140_01,Earth,True,TRAPPIST-1e,24.0,False,0.0,0.0,0.0,0.0,0.0,0140,G,19,P
0140_02,Earth,False,TRAPPIST-1e,26.0,False,440.0,0.0,0.0,0.0,462.0,0140,F,29,P
0141_01,Mars,False,TRAPPIST-1e,31.0,False,,0.0,97.0,0.0,0.0,0141,F,30,P
0144_01,Earth,False,TRAPPIST-1e,20.0,False,0.0,420.0,210.0,0.0,0.0,0144,F,31,S
0146_01,Earth,False,TRAPPIST-1e,56.0,False,0.0,0.0,0.0,0.0,0.0,0146,G,25,S
0147_01,Earth,True,TRAPPIST-1e,50.0,False,0.0,0.0,0.0,0.0,0.0,0147,G,26,S
0148_01,Mars,False,TRAPPIST-1e,42.0,False,1072.0,0.0,10.0,0.0,76.0,0148,F,31,P
0149_01,Earth,True,55 Cancri e,,False,0.0,0.0,0.0,0.0,0.0,0149,G,27,S
0151_01,Earth,True,55 Cancri e,38.0,False,0.0,0.0,0.0,0.0,0.0,0151,G,20,P
0152_01,Earth,False,,41.0,False,0.0,0.0,0.0,0.0,607.0,0152,F,32,P
0160_01,Earth,False,TRAPPIST-1e,22.0,False,4119.0,0.0,0.0,0.0,61.0,0160,G,22,P
0163_01,Europa,True,TRAPPIST-1e,26.0,False,0.0,0.0,0.0,0.0,0.0,0163,B,8,P
0163_02,Europa,True,TRAPPIST-1e,17.0,False,0.0,0.0,0.0,0.0,0.0,0163,B,8,P
0164_01,Earth,False,TRAPPIST-1e,57.0,False,50.0,1688.0,0.0,,135.0,0164,G,28,S
0164_02,Earth,True,PSO J318.5-22,17.0,False,0.0,0.0,0.0,0.0,0.0,0164,G,28,S
0165_01,Mars,True,TRAPPIST-1e,35.0,,0.0,0.0,0.0,0.0,0.0,0165,F,37,P
0167_01,Mars,True,TRAPPIST-1e,13.0,False,0.0,0.0,0.0,0.0,0.0,0167,F,35,S
0167_02,Mars,False,TRAPPIST-1e,27.0,False,1365.0,0.0,48.0,22.0,137.0,0167,F,35,S
0169_01,Earth,True,TRAPPIST-1e,31.0,False,0.0,0.0,0.0,0.0,0.0,0169,G,23,P
0170_01,Earth,False,TRAPPIST-1e,24.0,False,0.0,0.0,0.0,221.0,567.0,0170,E,10,S
0171_01,Earth,True,PSO J318.5-22,19.0,False,0.0,0.0,0.0,0.0,0.0,0171,G,30,S
0172_01,Earth,True,TRAPPIST-1e,32.0,False,0.0,0.0,0.0,0.0,0.0,0172,G,24,P
0173_01,Earth,,TRAPPIST-1e,58.0,False,0.0,985.0,0.0,5.0,0.0,0173,E,11,S
0174_01,Earth,False,55 Cancri e,21.0,False,287.0,0.0,16.0,115.0,175.0,0174,F,38,P
0177_01,Europa,False,TRAPPIST-1e,38.0,False,0.0,10346.0,1.0,14970.0,2111.0,0177,B,2,S
0178_01,Mars,False,TRAPPIST-1e,38.0,False,3414.0,0.0,161.0,28.0,119.0,0178,D,6,S
0179_01,Earth,False,TRAPPIST-1e,19.0,False,1.0,219.0,673.0,2.0,11.0,0179,G,26,P
0179_02,Earth,False,TRAPPIST-1e,0.0,False,0.0,0.0,0.0,0.0,0.0,0179,G,26,P
0179_03,Earth,False,TRAPPIST-1e,3.0,False,0.0,0.0,0.0,0.0,0.0,0179,G,26,P
0181_01,Earth,False,TRAPPIST-1e,20.0,False,0.0,0.0,3.0,299.0,92.0,0181,G,27,P
0182_01,Europa,True,TRAPPIST-1e,24.0,False,0.0,0.0,0.0,0.0,0.0,0182,C,3,P
0183_01,Earth,False,TRAPPIST-1e,37.0,False,17.0,146.0,426.0,0.0,232.0,0183,F,36,S
0186_01,Earth,False,TRAPPIST-1e,25.0,False,62.0,0.0,0.0,0.0,956.0,0186,G,28,P
0188_01,Earth,True,TRAPPIST-1e,56.0,False,0.0,0.0,0.0,0.0,0.0,0188,G,31,S
0189_01,Earth,False,55 Cancri e,49.0,False,84.0,3.0,401.0,202.0,98.0,0189,E,8,P
0190_01,Earth,True,55 Cancri e,11.0,False,0.0,0.0,0.0,0.0,0.0,0190,G,32,S
0192_01,Earth,True,TRAPPIST-1e,1.0,False,0.0,0.0,0.0,0.0,0.0,0192,G,29,P
0192_02,Earth,False,TRAPPIST-1e,8.0,False,0.0,0.0,0.0,0.0,0.0,0192,G,29,P
0192_03,Earth,False,TRAPPIST-1e,39.0,False,0.0,0.0,10.0,898.0,0.0,0192,G,29,P
0193_01,Mars,True,TRAPPIST-1e,2.0,False,0.0,0.0,0.0,0.0,0.0,0193,F,41,P
0193_02,Mars,False,TRAPPIST-1e,23.0,False,,0.0,8.0,1072.0,0.0,0193,F,41,P
0193_03,Mars,False,TRAPPIST-1e,0.0,False,0.0,0.0,0.0,0.0,0.0,0193,F,41,P
0195_01,Mars,False,TRAPPIST-1e,39.0,False,406.0,0.0,867.0,0.0,0.0,0195,F,42,P
0196_01,Mars,False,PSO J318.5-22,25.0,False,1052.0,0.0,719.0,0.0,7.0,0196,D,5,P
0197_01,Europa,False,TRAPPIST-1e,36.0,False,0.0,972.0,0.0,795.0,575.0,0197,C,5,P
0198_01,Earth,,PSO J318.5-22,52.0,False,0.0,0.0,0.0,0.0,0.0,0198,G,30,P
0199_01,Earth,True,TRAPPIST-1e,18.0,False,0.0,0.0,0.0,0.0,0.0,0199,G,33,S
0200_01,Earth,True,TRAPPIST-1e,15.0,False,0.0,0.0,0.0,0.0,0.0,0200,G,31,P
0201_01,Europa,True,TRAPPIST-1e,35.0,False,0.0,0.0,0.0,0.0,0.0,0201,B,3,S
0201_02,Europa,True,TRAPPIST-1e,47.0,False,0.0,0.0,0.0,0.0,0.0,0201,B,3,S
0202_01,Europa,True,55 Cancri e,45.0,False,0.0,0.0,0.0,0.0,0.0,0202,B,9,P
0202_02,Europa,False,55 Cancri e,,False,0.0,2433.0,,878.0,443.0,0202,A,2,P
0203_01,Europa,True,TRAPPIST-1e,51.0,False,0.0,0.0,0.0,0.0,0.0,0203,C,8,S
0205_01,Earth,False,TRAPPIST-1e,29.0,False,0.0,2.0,66.0,0.0,705.0,0205,G,34,S
0206_01,Europa,False,55 Cancri e,,False,2.0,1720.0,12.0,1125.0,122.0,0206,C,9,S
0207_01,Earth,True,PSO J318.5-22,19.0,False,0.0,0.0,0.0,0.0,0.0,0207,G,32,P
0210_01,,True,55 Cancri e,24.0,False,0.0,0.0,,0.0,0.0,0210,D,6,P
0211_01,Mars,False,TRAPPIST-1e,29.0,False,902.0,1.0,137.0,0.0,0.0,0211,F,44,P
0211_02,Mars,True,TRAPPIST-1e,11.0,False,0.0,0.0,0.0,0.0,0.0,0211,F,44,P
0211_03,Mars,False,TRAPPIST-1e,17.0,False,848.0,0.0,307.0,182.0,0.0,0211,F,44,P
0212_01,Earth,False,TRAPPIST-1e,13.0,False,192.0,0.0,0.0,51.0,739.0,0212,E,9,P
0212_02,Earth,False,TRAPPIST-1e,35.0,False,147.0,188.0,0.0,10.0,387.0,0212,F,45,P
0213_01,Earth,False,TRAPPIST-1e,21.0,False,367.0,281.0,0.0,0.0,146.0,0213,F,46,P
0216_01,Earth,False,55 Cancri e,21.0,False,0.0,56.0,0.0,0.0,1918.0,0216,F,40,S
0217_01,Earth,False,TRAPPIST-1e,38.0,False,1517.0,0.0,0.0,27.0,0.0,0217,F,47,P
0219_01,Earth,True,TRAPPIST-1e,19.0,False,0.0,0.0,0.0,0.0,0.0,0219,G,36,P
0220_01,Earth,True,TRAPPIST-1e,2.0,False,0.0,0.0,0.0,0.0,0.0,0220,G,37,P
0220_02,Earth,False,TRAPPIST-1e,0.0,False,0.0,0.0,0.0,0.0,0.0,0220,G,37,P
0220_03,Earth,True,TRAPPIST-1e,13.0,False,0.0,0.0,0.0,0.0,0.0,0220,G,37,P
0220_04,Earth,False,TRAPPIST-1e,25.0,False,122.0,84.0,,0.0,0.0,0220,E,10,P
0220_05,Earth,False,TRAPPIST-1e,16.0,False,0.0,3.0,0.0,0.0,1099.0,0220,F,48,P
0220_06,Earth,False,55 Cancri e,1.0,False,0.0,0.0,0.0,0.0,0.0,0220,G,37,P
0220_07,Earth,True,TRAPPIST-1e,15.0,False,0.0,0.0,0.0,0.0,0.0,0220,G,37,P
0221_01,Mars,False,55 Cancri e,21.0,False,2237.0,0.0,119.0,0.0,0.0,0221,E,13,S
0221_02,Mars,False,TRAPPIST-1e,23.0,False,1215.0,80.0,1.0,2.0,0.0,0221,E,13,S
0221_03,Mars,False,TRAPPIST-1e,33.0,False,1933.0,12.0,188.0,1.0,0.0,0221,E,13,S
0221_04,Mars,True,TRAPPIST-1e,21.0,False,0.0,0.0,0.0,0.0,0.0,0221,E,13,S
0221_05,Mars,False,TRAPPIST-1e,41.0,False,1230.0,0.0,301.0,43.0,1023.0,0221,E,13,S
0221_06,Mars,False,TRAPPIST-1e,16.0,False,915.0,0.0,221.0,234.0,0.0,0221,E,13,S
0221_07,Mars,True,TRAPPIST-1e,42.0,False,0.0,0.0,0.0,0.0,0.0,0221,E,13,S
0222_01,Mars,False,TRAPPIST-1e,20.0,False,1406.0,0.0,0.0,11.0,0.0,0222,F,41,S
0222_02,Mars,True,TRAPPIST-1e,24.0,False,0.0,0.0,0.0,0.0,0.0,0222,F,41,S
0222_03,Mars,True,TRAPPIST-1e,16.0,False,0.0,0.0,0.0,0.0,0.0,0222,E,14,S
0223_01,Earth,False,TRAPPIST-1e,21.0,False,0.0,2.0,665.0,0.0,9.0,0223,G,35,S
0224_01,Mars,False,TRAPPIST-1e,32.0,True,181.0,0.0,5.0,1634.0,0.0,0224,F,42,S
0225_01,Earth,True,PSO J318.5-22,58.0,False,0.0,0.0,0.0,0.0,0.0,0225,G,38,P
0229_01,Earth,False,TRAPPIST-1e,24.0,False,4.0,7.0,0.0,713.0,79.0,0229,F,43,S
0231_01,Mars,False,TRAPPIST-1e,30.0,False,85.0,0.0,1.0,1720.0,0.0,0231,F,44,S
0232_01,Earth,True,PSO J318.5-22,27.0,False,0.0,,0.0,0.0,0.0,0232,G,36,S
0233_01,Mars,False,TRAPPIST-1e,32.0,False,56.0,0.0,256.0,1438.0,0.0,0233,F,45,S
0234_01,Earth,False,TRAPPIST-1e,43.0,False,,888.0,0.0,0.0,0.0,0234,F,50,P
0237_01,Europa,True,TRAPPIST-1e,42.0,False,0.0,0.0,0.0,0.0,0.0,0237,B,11,P
0239_01,Mars,False,TRAPPIST-1e,37.0,False,637.0,0.0,0.0,92.0,319.0,0239,G,734,S
0240_01,Mars,True,TRAPPIST-1e,35.0,False,0.0,0.0,0.0,0.0,0.0,0240,F,52,P
0241_01,Europa,,55 Cancri e,33.0,False,0.0,1249.0,0.0,4812.0,1116.0,0241,E,11,P
0242_01,,False,TRAPPIST-1e,18.0,False,313.0,1.0,691.0,283.0,0.0,0242,F,46,S
0243_01,Earth,True,TRAPPIST-1e,21.0,False,0.0,0.0,0.0,0.0,0.0,0243,G,37,S
0244_01,Mars,True,TRAPPIST-1e,43.0,False,0.0,0.0,0.0,0.0,0.0,0244,G,734,S
0244_02,Mars,True,55 Cancri e,14.0,,0.0,0.0,0.0,0.0,0.0,0244,F,47,S
0245_01,Europa,False,55 Cancri e,46.0,False,0.0,3571.0,0.0,0.0,7.0,0245,C,6,P
0245_02,Europa,False,TRAPPIST-1e,33.0,False,0.0,86.0,796.0,584.0,10912.0,0245,C,6,P
0246_01,Mars,False,TRAPPIST-1e,21.0,False,2947.0,0.0,287.0,27.0,0.0,0246,D,8,P
0248_01,Europa,False,TRAPPIST-1e,33.0,False,0.0,1.0,0.0,8620.0,1063.0,0248,C,10,S
0250_01,Earth,True,PSO J318.5-22,47.0,False,,0.0,0.0,0.0,0.0,0250,G,38,S
0251_01,,True,55 Cancri e,54.0,False,0.0,0.0,0.0,0.0,0.0,0251,C,11,S
0252_01,Earth,False,TRAPPIST-1e,30.0,False,335.0,695.0,541.0,0.0,0.0,0252,F,53,P
0253_01,Earth,False,TRAPPIST-1e,29.0,False,272.0,615.0,0.0,0.0,1.0,0253,G,42,P
0254_01,Earth,False,TRAPPIST-1e,21.0,False,702.0,172.0,408.0,2.0,6.0,0254,F,54,P
0255_01,Europa,True,TRAPPIST-1e,24.0,False,0.0,0.0,0.0,0.0,0.0,0255,A,3,S
0257_01,Mars,False,55 Cancri e,21.0,False,1664.0,0.0,,0.0,0.0,0257,F,49,S
0257_02,Mars,True,TRAPPIST-1e,60.0,False,0.0,0.0,0.0,0.0,0.0,0257,F,49,S
0258_01,Earth,False,TRAPPIST-1e,22.0,False,0.0,0.0,313.0,299.0,92.0,0258,F,50,S
0260_01,Europa,False,TRAPPIST-1e,26.0,False,0.0,4810.0,0.0,981.0,2054.0,0260,E,16,S
0261_01,Earth,False,TRAPPIST-1e,26.0,False,66.0,29.0,0.0,0.0,803.0,0261,F,56,P
0263_01,Earth,True,TRAPPIST-1e,28.0,False,0.0,0.0,0.0,0.0,0.0,0263,G,43,P
0265_01,Europa,True,TRAPPIST-1e,39.0,False,0.0,0.0,0.0,,0.0,0265,D,8,S
0267_01,Earth,False,TRAPPIST-1e,13.0,False,118.0,0.0,0.0,754.0,1.0,0267,F,51,S
0269_01,Earth,False,55 Cancri e,47.0,False,0.0,231.0,592.0,0.0,0.0,0269,F,52,S
0270_01,Earth,False,TRAPPIST-1e,63.0,False,0.0,25.0,128.0,0.0,1240.0,0270,F,59,P
0275_01,Europa,True,55 Cancri e,,False,0.0,0.0,0.0,0.0,0.0,0275,D,9,S
0277_01,Earth,False,55 Cancri e,50.0,False,44.0,2390.0,0.0,53.0,0.0,0277,F,61,P
0278_01,Earth,False,TRAPPIST-1e,35.0,False,0.0,0.0,0.0,888.0,,0278,G,734,S
0278_02,Earth,False,TRAPPIST-1e,45.0,False,0.0,97.0,0.0,14.0,333.0,0278,G,45,P
0281_01,Earth,False,TRAPPIST-1e,19.0,False,0.0,0.0,2078.0,0.0,0.0,0281,F,63,P
0282_01,Earth,False,TRAPPIST-1e,21.0,False,0.0,918.0,0.0,0.0,0.0,0282,F,54,S
0283_01,Earth,True,PSO J318.5-22,29.0,False,0.0,0.0,0.0,0.0,0.0,0283,G,46,P
0283_02,Earth,False,TRAPPIST-1e,22.0,False,146.0,654.0,1.0,0.0,2.0,0283,F,64,P
0285_01,Europa,True,TRAPPIST-1e,14.0,False,0.0,0.0,0.0,0.0,0.0,0285,E,16,P
0285_02,Europa,True,55 Cancri e,42.0,False,0.0,0.0,0.0,0.0,0.0,0285,E,16,P
0286_01,Earth,False,55 Cancri e,57.0,False,3.0,1281.0,29.0,162.0,13.0,0286,F,65,P
0287_01,Europa,True,55 Cancri e,39.0,False,0.0,0.0,0.0,0.0,0.0,0287,G,734,S
0287_02,Europa,False,TRAPPIST-1e,28.0,False,0.0,587.0,32.0,6.0,1460.0,0287,B,12,P
0288_01,Earth,False,55 Cancri e,19.0,False,0.0,0.0,0.0,0.0,828.0,0288,F,55,S
0289_01,Europa,True,55 Cancri e,19.0,False,0.0,0.0,0.0,0.0,0.0,0289,C,12,S
0290_01,Europa,False,55 Cancri e,26.0,False,0.0,4458.0,0.0,1157.0,262.0,0290,B,7,S
0290_02,Europa,True,TRAPPIST-1e,17.0,False,0.0,0.0,0.0,0.0,0.0,0290,B,7,S
0290_03,Europa,,TRAPPIST-1e,43.0,False,0.0,0.0,0.0,0.0,0.0,0290,B,7,S
0290_04,Europa,False,55 Cancri e,9.0,False,0.0,0.0,0.0,0.0,0.0,0290,B,7,S
0291_01,Europa,False,TRAPPIST-1e,40.0,False,0.0,6500.0,88.0,1090.0,0.0,0291,D,10,S
0294_01,Europa,True,TRAPPIST-1e,50.0,False,0.0,0.0,0.0,,0.0,0294,B,8,S
0297_01,Earth,False,TRAPPIST-1e,24.0,False,90.0,2.0,1324.0,17.0,0.0,0297,G,47,P
0298_01,Europa,True,55 Cancri e,57.0,False,0.0,0.0,0.0,0.0,0.0,0298,A,3,P
0301_01,Earth,True,TRAPPIST-1e,16.0,False,0.0,0.0,0.0,0.0,0.0,0301,G,734,S
0302_01,Earth,False,TRAPPIST-1e,23.0,False,0.0,0.0,15.0,0.0,1370.0,0302,F,67,P
0303_01,,True,TRAPPIST-1e,23.0,False,0.0,0.0,0.0,0.0,0.0,0303,G,41,S
0304_01,Europa,False,TRAPPIST-1e,28.0,False,0.0,422.0,0.0,1851.0,5166.0,0304,E,18,S
0305_01,Europa,False,55 Cancri e,23.0,False,0.0,584.0,0.0,20.0,2469.0,0305,C,7,P
0306_01,Earth,False,TRAPPIST-1e,23.0,False,368.0,175.0,259.0,1.0,101.0,0306,E,19,S
0307_01,Earth,False,TRAPPIST-1e,18.0,False,0.0,0.0,1359.0,0.0,0.0,0307,F,59,S
0309_01,Earth,False,TRAPPIST-1e,18.0,False,1194.0,0.0,157.0,6.0,0.0,0309,F,60,S
0310_01,Europa,False,TRAPPIST-1e,67.0,False,,230.0,0.0,4476.0,241.0,0310,G,734,S
0313_01,Earth,False,PSO J318.5-22,60.0,False,7.0,540.0,1.0,0.0,4.0,0313,F,68,P
0313_02,Earth,True,55 Cancri e,,False,0.0,0.0,,0.0,0.0,0313,G,50,P
0313_03,Earth,False,55 Cancri e,49.0,False,331.0,0.0,0.0,318.0,0.0,0313,F,68,P
0313_04,Earth,False,55 Cancri e,0.0,False,0.0,0.0,0.0,0.0,0.0,0313,G,50,P
0314_01,Earth,False,55 Cancri e,26.0,False,386.0,0.0,74.0,0.0,1330.0,0314,G,51,P
0315_01,,True,PSO J318.5-22,35.0,False,0.0,0.0,0.0,0.0,0.0,0315,G,42,S
0316_01,Europa,False,TRAPPIST-1e,24.0,False,0.0,2628.0,,170.0,0.0,0316,B,9,S
0316_02,Europa,True,TRAPPIST-1e,20.0,False,0.0,0.0,0.0,0.0,,0316,B,9,S
0320_01,Earth,False,TRAPPIST-1e,18.0,False,0.0,2.0,0.0,,0.0,0320,G,44,S
0320_02,Earth,False,TRAPPIST-1e,21.0,False,0.0,5.0,3.0,0.0,,0320,G,44,S
0321_01,,False,TRAPPIST-1e,59.0,True,1018.0,0.0,209.0,0.0,0.0,0321,F,61,S
0322_01,Earth,True,PSO J318.5-22,13.0,False,0.0,0.0,0.0,0.0,0.0,0322,G,45,S
0324_01,Earth,True,55 Cancri e,43.0,False,0.0,0.0,0.0,0.0,0.0,0324,G,53,P
0326_01,Earth,True,TRAPPIST-1e,29.0,False,0.0,0.0,0.0,0.0,0.0,0326,G,47,S
0327_01,Earth,False,TRAPPIST-1e,19.0,False,17.0,0.0,784.0,0.0,2.0,0327,G,734,S
0330_01,Europa,False,TRAPPIST-1e,2.0,False,0.0,0.0,0.0,0.0,0.0,0330,C,14,S
0330_02,Europa,False,TRAPPIST-1e,32.0,False,247.0,4651.0,0.0,46.0,202.0,0330,C,14,S
0330_03,Europa,False,TRAPPIST-1e,33.0,False,443.0,317.0,0.0,148.0,1260.0,0330,C,14,S
0331_01,Earth,False,TRAPPIST-1e,25.0,False,0.0,0.0,251.0,0.0,552.0,0331,F,72,P
0333_01,Mars,True,55 Cancri e,29.0,False,0.0,0.0,0.0,0.0,0.0,0333,F,73,P
0334_01,Mars,False,TRAPPIST-1e,29.0,False,5715.0,2.0,211.0,1476.0,0.0,0334,F,62,S
0336_01,Earth,False,TRAPPIST-1e,44.0,False,695.0,1.0,16.0,0.0,0.0,0336,F,74,P
0337_01,Mars,True,55 Cancri e,2.0,False,0.0,0.0,0.0,0.0,0.0,0337,F,63,S
0337_02,Mars,False,TRAPPIST-1e,19.0,False,417.0,349.0,634.0,3.0,1057.0,0337,F,63,S
0337_03,Mars,False,55 Cancri e,0.0,False,0.0,0.0,0.0,0.0,0.0,0337,F,63,S
0338_01,Earth,True,TRAPPIST-1e,18.0,False,0.0,0.0,,0.0,0.0,0338,G,48,S
0340_01,Europa,True,55 Cancri e,38.0,False,0.0,0.0,0.0,0.0,0.0,0340,B,10,S
0341_01,Earth,True,PSO J318.5-22,5.0,False,0.0,0.0,0.0,0.0,0.0,0341,G,57,P
0343_01,Earth,False,PSO J318.5-22,31.0,False,121.0,0.0,0.0,274.0,907.0,0343,F,76,P
0345_01,Mars,True,TRAPPIST-1e,30.0,False,0.0,0.0,0.0,0.0,0.0,0345,E,21,S
0346_01,Earth,True,55 Cancri e,15.0,False,0.0,0.0,0.0,0.0,0.0,0346,G,59,P
0347_01,Mars,False,TRAPPIST-1e,27.0,False,434.0,0.0,1434.0,0.0,0.0,0347,F,64,S
0348_01,Mars,False,TRAPPIST-1e,22.0,False,142.0,2876.0,202.0,3.0,0.0,0348,D,12,P
0348_02,Mars,,TRAPPIST-1e,36.0,False,520.0,0.0,1865.0,0.0,0.0,0348,G,734,S
0350_01,Earth,True,PSO J318.5-22,14.0,False,0.0,0.0,0.0,0.0,0.0,0350,G,60,P
0352_01,Mars,False,TRAPPIST-1e,23.0,False,2001.0,0.0,2975.0,0.0,0.0,0352,F,78,P
0355_01,Earth,True,TRAPPIST-1e,18.0,False,0.0,0.0,0.0,0.0,0.0,0355,G,734,S
0356_01,Europa,True,55 Cancri e,36.0,False,0.0,0.0,0.0,0.0,0.0,0356,B,15,P
0357_01,Earth,False,TRAPPIST-1e,41.0,False,,1198.0,0.0,124.0,572.0,0357,F,65,S
0358_01,Earth,True,TRAPPIST-1e,50.0,False,0.0,0.0,0.0,0.0,0.0,0358,G,50,S
0358_02,Earth,True,PSO J318.5-22,32.0,False,0.0,0.0,0.0,0.0,0.0,0358,G,50,S
0359_01,Earth,False,PSO J318.5-22,26.0,False,148.0,0.0,453.0,0.0,88.0,0359,F,66,S
0360_01,Earth,False,TRAPPIST-1e,15.0,False,358.0,212.0,33.0,0.0,112.0,0360,F,67,S
0361_01,Earth,False,55 Cancri e,33.0,False,0.0,36.0,0.0,280.0,417.0,0361,F,68,S
0365_01,Earth,False,55 Cancri e,,False,0.0,0.0,0.0,685.0,21.0,0365,G,51,S
0368_01,Mars,False,TRAPPIST-1e,26.0,False,2832.0,107.0,4447.0,15.0,4.0,0368,F,82,P
0368_02,Mars,True,TRAPPIST-1e,61.0,False,0.0,0.0,0.0,0.0,0.0,0368,F,82,P
0369_01,Earth,False,TRAPPIST-1e,24.0,False,0.0,0.0,592.0,177.0,58.0,0369,G,53,S
0370_01,Earth,False,TRAPPIST-1e,30.0,False,0.0,95.0,0.0,441.0,1023.0,0370,F,83,P
0371_01,Mars,True,TRAPPIST-1e,24.0,False,0.0,0.0,0.0,0.0,0.0,0371,F,84,P
0372_01,Earth,False,TRAPPIST-1e,24.0,False,0.0,5.0,0.0,2766.0,0.0,0372,F,85,P
0373_01,Earth,True,TRAPPIST-1e,41.0,False,0.0,0.0,0.0,0.0,0.0,0373,G,62,P
0375_01,Earth,False,TRAPPIST-1e,20.0,False,0.0,0.0,558.0,0.0,230.0,0375,E,22,P
0376_01,Earth,False,TRAPPIST-1e,22.0,False,116.0,0.0,786.0,6.0,0.0,0376,G,54,S
0377_01,Europa,False,55 Cancri e,63.0,False,0.0,1068.0,0.0,176.0,8188.0,0377,C,15,S
0378_01,Europa,False,55 Cancri e,18.0,False,17.0,215.0,4.0,5132.0,697.0,0378,B,11,S
0378_02,Europa,True,55 Cancri e,21.0,False,0.0,0.0,0.0,0.0,0.0,0378,B,11,S
0378_03,Europa,False,TRAPPIST-1e,79.0,False,5649.0,235.0,7.0,2579.0,2175.0,0378,B,11,S
0378_04,Europa,True,TRAPPIST-1e,56.0,False,0.0,0.0,0.0,0.0,0.0,0378,B,11,S
0378_05,Europa,True,TRAPPIST-1e,13.0,False,0.0,0.0,0.0,0.0,0.0,0378,B,11,S
0378_06,Europa,False,TRAPPIST-1e,33.0,False,0.0,2491.0,6.0,1173.0,1059.0,0378,B,11,S
0378_07,Europa,True,TRAPPIST-1e,32.0,False,0.0,0.0,0.0,0.0,0.0,0378,B,11,S
0379_01,Earth,False,TRAPPIST-1e,31.0,False,198.0,0.0,591.0,0.0,164.0,0379,G,63,P
0380_01,Europa,True,55 Cancri e,26.0,False,0.0,0.0,0.0,0.0,0.0,0380,G,734,S
0381_01,Europa,True,55 Cancri e,18.0,False,0.0,0.0,0.0,0.0,0.0,0381,B,16,P
0381_02,Europa,True,55 Cancri e,38.0,False,0.0,0.0,,0.0,0.0,0381,B,16,P
0382_01,,False,,23.0,False,348.0,0.0,0.0,4.0,368.0,0382,G,64,P
0383_01,Earth,False,TRAPPIST-1e,28.0,False,82.0,773.0,0.0,3693.0,140.0,0383,G,55,S
0383_02,Earth,True,PSO J318.5-22,34.0,False,0.0,0.0,0.0,0.0,0.0,0383,G,55,S
0384_01,Earth,False,55 Cancri e,0.0,False,0.0,0.0,0.0,0.0,0.0,0384,G,56,S
0384_02,Earth,False,TRAPPIST-1e,14.0,False,3.0,0.0,881.0,25.0,0.0,0384,G,56,S
0385_01,Earth,False,TRAPPIST-1e,23.0,False,13.0,747.0,0.0,0.0,128.0,0385,G,65,P
0387_01,Earth,True,TRAPPIST-1e,49.0,False,0.0,0.0,0.0,0.0,0.0,0387,G,66,P
0388_01,Earth,True,TRAPPIST-1e,14.0,False,0.0,0.0,0.0,0.0,0.0,0388,G,57,S
0389_01,Earth,False,TRAPPIST-1e,18.0,False,391.0,44.0,356.0,0.0,0.0,0389,E,23,P
0391_01,Europa,False,PSO J318.5-22,27.0,True,69.0,5728.0,0.0,0.0,987.0,0391,C,9,P
0392_01,Earth,False,TRAPPIST-1e,48.0,False,0.0,111.0,0.0,1508.0,0.0,0392,E,24,P
0395_01,Europa,False,55 Cancri e,31.0,True,0.0,11003.0,552.0,8157.0,5688.0,0395,B,17,P
0395_02,Europa,False,55 Cancri e,61.0,False,1.0,608.0,0.0,3835.0,1.0,0395,B,17,P
0396_01,Earth,True,TRAPPIST-1e,18.0,False,0.0,0.0,0.0,0.0,0.0,0396,G,59,S
0397_01,Mars,True,TRAPPIST-1e,45.0,False,0.0,0.0,0.0,0.0,0.0,0397,F,69,S
0398_01,Mars,False,TRAPPIST-1e,22.0,False,28.0,420.0,36.0,6011.0,3.0,0398,D,13,S
0401_01,Mars,False,TRAPPIST-1e,30.0,True,1056.0,0.0,0.0,0.0,0.0,0401,D,14,S
0401_02,Mars,False,TRAPPIST-1e,30.0,False,1770.0,0.0,0.0,13.0,0.0,0401,D,14,S
0402_01,,True,55 Cancri e,32.0,True,0.0,0.0,0.0,0.0,0.0,0402,D,15,S
0403_01,Mars,False,TRAPPIST-1e,43.0,True,353.0,896.0,0.0,0.0,2.0,0403,D,13,P
0405_01,Earth,False,55 Cancri e,17.0,False,177.0,,0.0,310.0,7.0,0405,F,89,P
0407_01,Earth,False,TRAPPIST-1e,23.0,False,,21.0,0.0,0.0,1699.0,0407,G,69,P
0407_02,Earth,False,TRAPPIST-1e,20.0,False,0.0,465.0,0.0,5.0,223.0,0407,F,90,P
0407_03,Earth,True,TRAPPIST-1e,39.0,False,0.0,0.0,0.0,0.0,0.0,0407,G,69,P
0408_01,Mars,False,TRAPPIST-1e,35.0,False,1134.0,113.0,52.0,0.0,0.0,0408,E,25,P
0409_01,Mars,False,TRAPPIST-1e,31.0,False,0.0,0.0,1116.0,2.0,0.0,0409,F,71,S
0410_01,Earth,False,55 Cancri e,21.0,False,0.0,150.0,0.0,567.0,0.0,0410,F,72,S
0411_01,Earth,False,TRAPPIST-1e,16.0,False,691.0,0.0,101.0,140.0,0.0,0411,F,91,P
0412_01,Europa,False,TRAPPIST-1e,60.0,False,0.0,7255.0,5952.0,1537.0,0.0,0412,C,11,P
0413_01,Earth,False,TRAPPIST-1e,18.0,False,0.0,157.0,0.0,352.0,60.0,0413,F,92,P
0415_01,Earth,True,TRAPPIST-1e,42.0,False,0.0,0.0,0.0,0.0,0.0,0415,G,60,S
0417_01,Europa,True,55 Cancri e,68.0,False,0.0,0.0,0.0,0.0,0.0,0417,B,18,P
0417_02,Europa,False,55 Cancri e,22.0,False,0.0,1170.0,0.0,5467.0,1241.0,0417,B,18,P
0417_03,Europa,True,TRAPPIST-1e,59.0,False,0.0,0.0,0.0,0.0,0.0,0417,B,18,P
0423_01,Europa,False,TRAPPIST-1e,,False,8.0,3584.0,0.0,13.0,57.0,0423,B,19,P
0425_01,Mars,False,TRAPPIST-1e,37.0,False,1094.0,2.0,26.0,34.0,1.0,0425,F,96,P
0425_02,Mars,True,TRAPPIST-1e,3.0,False,0.0,0.0,0.0,0.0,0.0,0425,F,96,P
0425_03,Mars,True,TRAPPIST-1e,31.0,False,0.0,0.0,0.0,0.0,0.0,0425,F,96,P
0427_01,Europa,False,TRAPPIST-1e,31.0,False,417.0,,7185.0,562.0,792.0,0427,E,26,P
0428_01,Europa,False,TRAPPIST-1e,29.0,False,0.0,4118.0,0.0,715.0,3139.0,0428,C,16,S
0429_01,Europa,False,55 Cancri e,20.0,False,2.0,10116.0,0.0,2.0,225.0,0429,A,5,S
0429_02,Europa,True,55 Cancri e,46.0,False,0.0,0.0,0.0,0.0,0.0,0429,A,5,S
0430_01,Earth,False,TRAPPIST-1e,29.0,False,0.0,1026.0,0.0,16.0,0.0,0430,F,75,S
0431_01,Mars,True,TRAPPIST-1e,43.0,False,0.0,0.0,0.0,0.0,0.0,0431,F,97,P
0432_01,Mars,False,TRAPPIST-1e,17.0,False,1483.0,10.0,0.0,0.0,0.0,0432,F,76,S
0433_01,Europa,,55 Cancri e,27.0,False,0.0,0.0,0.0,0.0,0.0,0433,B,20,P
0433_02,Europa,False,TRAPPIST-1e,47.0,False,4.0,891.0,0.0,2962.0,3656.0,0433,B,20,P
0434_01,Mars,True,TRAPPIST-1e,45.0,False,0.0,0.0,0.0,0.0,0.0,0434,F,77,S
0435_01,Earth,True,TRAPPIST-1e,17.0,False,0.0,0.0,0.0,0.0,0.0,0435,G,62,S
0436_01,Earth,False,55 Cancri e,10.0,False,0.0,0.0,0.0,0.0,0.0,0436,G,63,S
0436_02,Earth,False,PSO J318.5-22,56.0,False,46.0,11.0,0.0,622.0,0.0,0436,G,63,S
0437_01,Earth,False,TRAPPIST-1e,39.0,False,382.0,0.0,22.0,467.0,0.0,0437,F,78,S
0437_02,Earth,False,PSO J318.5-22,40.0,False,7.0,0.0,840.0,26.0,0.0,0437,F,78,S
0438_01,Europa,True,TRAPPIST-1e,40.0,False,,0.0,0.0,0.0,0.0,0438,B,13,S
0439_01,Europa,False,55 Cancri e,34.0,False,,5637.0,45.0,1936.0,56.0,0439,C,13,P
0441_01,Earth,False,55 Cancri e,32.0,False,0.0,0.0,0.0,722.0,0.0,0441,F,79,S
0442_01,Earth,False,TRAPPIST-1e,35.0,False,7.0,1043.0,0.0,0.0,0.0,0442,F,98,P
0444_01,Mars,False,TRAPPIST-1e,32.0,True,2484.0,429.0,102.0,0.0,0.0,0444,D,15,P
0444_02,,False,TRAPPIST-1e,26.0,True,1869.0,0.0,136.0,0.0,0.0,0444,F,99,P
0445_01,Earth,False,TRAPPIST-1e,25.0,False,1352.0,0.0,0.0,24.0,799.0,0445,F,80,S
0445_02,,False,TRAPPIST-1e,26.0,False,0.0,0.0,0.0,77.0,715.0,0445,E,25,S
0446_01,Europa,True,55 Cancri e,22.0,False,0.0,0.0,0.0,0.0,0.0,0446,B,21,P
0447_01,Earth,False,TRAPPIST-1e,22.0,False,9.0,0.0,795.0,0.0,0.0,0447,F,81,S
0448_01,Earth,False,TRAPPIST-1e,24.0,False,757.0,0.0,0.0,32.0,0.0,0448,E,27,P
0448_02,Earth,True,PSO J318.5-22,32.0,False,0.0,0.0,0.0,0.0,0.0,0448,G,71,P
0449_01,Earth,True,TRAPPIST-1e,11.0,False,0.0,0.0,0.0,0.0,0.0,0449,G,64,S
0452_01,Mars,True,TRAPPIST-1e,22.0,False,0.0,0.0,0.0,0.0,0.0,0452,E,26,S
0453_01,Europa,True,TRAPPIST-1e,19.0,False,0.0,0.0,0.0,0.0,0.0,0453,B,14,S
0453_02,Europa,True,55 Cancri e,34.0,False,0.0,0.0,0.0,0.0,0.0,0453,G,734,S
0453_03,Europa,True,TRAPPIST-1e,74.0,False,0.0,0.0,0.0,0.0,0.0,0453,B,14,S
0454_01,Europa,,55 Cancri e,28.0,True,5.0,4288.0,0.0,745.0,5.0,0454,B,15,S
0454_02,Europa,True,TRAPPIST-1e,42.0,False,0.0,0.0,0.0,0.0,0.0,0454,B,15,S
0454_03,Europa,True,TRAPPIST-1e,43.0,False,0.0,0.0,0.0,0.0,0.0,0454,B,15,S
0456_01,Earth,False,TRAPPIST-1e,55.0,False,210.0,185.0,188.0,59.0,73.0,0456,F,83,S
0457_01,Earth,False,PSO J318.5-22,19.0,False,0.0,0.0,747.0,26.0,0.0,0457,G,72,P
0457_02,Earth,True,TRAPPIST-1e,6.0,False,0.0,0.0,0.0,0.0,0.0,0457,G,72,P
0457_03,Earth,False,TRAPPIST-1e,7.0,False,0.0,0.0,0.0,0.0,0.0,0457,G,72,P
0458_01,Europa,True,55 Cancri e,28.0,False,0.0,0.0,0.0,0.0,0.0,0458,D,16,S
0459_01,Earth,False,TRAPPIST-1e,15.0,False,2156.0,0.0,0.0,59.0,2.0,0459,F,84,S
0460_01,Earth,True,PSO J318.5-22,24.0,False,0.0,0.0,0.0,0.0,0.0,0460,G,65,S
0461_01,Earth,False,PSO J318.5-22,31.0,False,0.0,869.0,0.0,0.0,0.0,0461,E,27,S
0461_02,Earth,False,TRAPPIST-1e,22.0,False,0.0,70.0,182.0,612.0,20.0,0461,F,85,S
0461_03,Earth,False,55 Cancri e,1.0,False,0.0,0.0,0.0,0.0,0.0,0461,G,66,S
0462_01,Earth,True,,50.0,False,0.0,0.0,0.0,0.0,0.0,0462,G,67,S
0463_01,Mars,False,TRAPPIST-1e,34.0,False,865.0,0.0,257.0,,35.0,0463,F,100,P
0463_02,Mars,False,TRAPPIST-1e,14.0,False,928.0,852.0,81.0,0.0,0.0,0463,F,100,P
0465_01,Earth,False,TRAPPIST-1e,19.0,False,4.0,10.0,0.0,1178.0,428.0,0465,E,28,P
0465_02,Earth,False,TRAPPIST-1e,,False,0.0,654.0,22.0,146.0,4.0,0465,E,28,P
0466_01,Earth,False,TRAPPIST-1e,36.0,False,0.0,0.0,863.0,1.0,1.0,0466,F,101,P
0468_01,Earth,True,TRAPPIST-1e,34.0,False,0.0,0.0,0.0,0.0,0.0,0468,G,734,S
0470_01,Mars,True,55 Cancri e,25.0,False,0.0,0.0,0.0,0.0,,0470,F,86,S
0470_02,,True,TRAPPIST-1e,36.0,False,0.0,0.0,0.0,0.0,0.0,0470,F,86,S
0471_01,Europa,False,TRAPPIST-1e,16.0,False,0.0,45.0,2.0,5183.0,170.0,0471,B,22,P
0471_02,Europa,False,55 Cancri e,30.0,False,0.0,7972.0,0.0,0.0,4.0,0471,B,22,P
0472_01,Earth,False,PSO J318.5-22,37.0,False,0.0,10.0,544.0,9.0,299.0,0472,F,87,S
0474_01,Earth,True,55 Cancri e,15.0,False,0.0,0.0,0.0,0.0,0.0,0474,G,69,S
0475_01,Earth,False,TRAPPIST-1e,36.0,False,0.0,0.0,38.0,9.0,943.0,0475,E,29,P
0476_01,Mars,False,PSO J318.5-22,27.0,False,,6.0,145.0,144.0,0.0,0476,F,103,P
0476_02,Mars,True,TRAPPIST-1e,27.0,False,0.0,0.0,0.0,0.0,0.0,0476,F,103,P
0476_03,Mars,True,TRAPPIST-1e,12.0,False,0.0,0.0,0.0,0.0,0.0,0476,F,103,P
0477_01,Earth,False,TRAPPIST-1e,22.0,False,0.0,5.0,0.0,1619.0,0.0,0477,E,30,P
0480_01,Earth,False,TRAPPIST-1e,27.0,False,,34.0,23.0,0.0,275.0,0480,G,74,P
0481_01,Earth,True,TRAPPIST-1e,13.0,False,0.0,0.0,0.0,0.0,0.0,0481,G,70,S
0482_01,Earth,False,TRAPPIST-1e,27.0,False,0.0,118.0,0.0,5.0,665.0,0482,E,28,S
0482_02,Earth,False,TRAPPIST-1e,28.0,False,0.0,14.0,0.0,0.0,615.0,0482,F,88,S
0485_01,Europa,False,55 Cancri e,21.0,False,0.0,33.0,0.0,3348.0,55.0,0485,B,17,S
0487_01,Europa,,TRAPPIST-1e,39.0,False,172.0,1794.0,12.0,4303.0,246.0,0487,C,19,S
0488_01,Earth,True,PSO J318.5-22,28.0,False,0.0,0.0,,0.0,0.0,0488,G,76,P
0490_01,Earth,True,TRAPPIST-1e,14.0,False,0.0,0.0,0.0,0.0,0.0,0490,G,71,S
0498_01,Europa,True,55 Cancri e,27.0,False,0.0,,0.0,0.0,0.0,0498,G,734,S
0498_02,Europa,True,55 Cancri e,46.0,False,0.0,0.0,0.0,,0.0,0498,B,18,S
0499_01,Mars,True,55 Cancri e,27.0,False,0.0,0.0,0.0,0.0,0.0,0499,F,89,S
0499_02,Mars,False,TRAPPIST-1e,21.0,False,0.0,0.0,0.0,0.0,0.0,0499,E,29,S
0500_01,Mars,False,55 Cancri e,21.0,False,513.0,0.0,1749.0,82.0,0.0,0500,D,19,P
0501_01,Europa,False,TRAPPIST-1e,42.0,False,0.0,929.0,967.0,,481.0,0501,E,32,P
0502_01,Mars,False,TRAPPIST-1e,22.0,False,10.0,0.0,817.0,471.0,0.0,0502,G,734,S
0503_01,Mars,False,TRAPPIST-1e,10.0,False,0.0,0.0,0.0,0.0,0.0,0503,F,90,S
0503_02,Mars,False,TRAPPIST-1e,43.0,False,1821.0,0.0,47.0,29.0,0.0,0503,F,90,S
0503_03,Mars,False,TRAPPIST-1e,42.0,False,1246.0,35.0,16.0,0.0,0.0,0503,E,31,S
0504_01,Europa,True,55 Cancri e,18.0,False,0.0,0.0,0.0,0.0,0.0,0504,B,19,S
0504_02,Europa,True,55 Cancri e,54.0,False,0.0,0.0,0.0,0.0,0.0,0504,B,19,S
0504_03,Europa,True,,24.0,False,0.0,0.0,0.0,0.0,0.0,0504,B,19,S
0504_04,Europa,False,TRAPPIST-1e,64.0,False,0.0,1737.0,11.0,401.0,752.0,0504,B,19,S
0504_05,Europa,True,55 Cancri e,18.0,False,0.0,0.0,0.0,0.0,0.0,0504,B,19,S
0504_06,,True,55 Cancri e,53.0,False,0.0,0.0,0.0,0.0,0.0,0504,B,19,S
0506_01,Mars,True,TRAPPIST-1e,23.0,False,0.0,0.0,0.0,0.0,0.0,0506,F,91,S
0507_01,Earth,False,TRAPPIST-1e,39.0,False,0.0,0.0,0.0,0.0,0.0,0507,G,74,S
0510_01,Europa,False,TRAPPIST-1e,59.0,False,0.0,16521.0,0.0,323.0,0.0,0510,C,16,P
0512_01,Europa,False,55 Cancri e,32.0,False,0.0,5755.0,0.0,59.0,122.0,0512,D,18,S
0512_02,Europa,True,TRAPPIST-1e,55.0,False,0.0,0.0,0.0,0.0,0.0,0512,D,18,S
0513_01,Earth,True,PSO J318.5-22,21.0,False,0.0,0.0,0.0,0.0,0.0,0513,G,78,P
0515_01,Europa,True,TRAPPIST-1e,50.0,False,0.0,0.0,0.0,0.0,0.0,0515,B,20,S
0516_01,Europa,False,55 Cancri e,55.0,False,113.0,2492.0,41.0,0.0,2376.0,0516,A,6,S
0517_01,Earth,False,TRAPPIST-1e,,False,1445.0,0.0,1.0,2.0,73.0,0517,F,109,P
0518_01,,True,TRAPPIST-1e,35.0,False,0.0,0.0,0.0,0.0,0.0,0518,F,92,S
0519_01,Earth,True,TRAPPIST-1e,,False,0.0,0.0,0.0,0.0,0.0,0519,G,77,S
0520_01,Earth,False,TRAPPIST-1e,55.0,False,62.0,,0.0,0.0,,0520,G,78,S
0521_01,Earth,False,TRAPPIST-1e,23.0,False,39.0,263.0,0.0,0.0,,0521,E,32,S
0522_01,Earth,False,TRAPPIST-1e,42.0,False,0.0,0.0,750.0,0.0,156.0,0522,E,33,P
0523_01,Earth,False,TRAPPIST-1e,35.0,False,553.0,213.0,1733.0,0.0,6.0,0523,E,33,S
0525_01,Earth,True,TRAPPIST-1e,47.0,False,0.0,0.0,0.0,0.0,0.0,0525,G,734,S
0527_01,Mars,False,55 Cancri e,,False,1172.0,11.0,3.0,0.0,4.0,0527,F,93,S
0527_02,Mars,True,TRAPPIST-1e,34.0,False,0.0,0.0,0.0,0.0,0.0,0527,F,93,S
0528_01,Europa,False,TRAPPIST-1e,46.0,False,0.0,1119.0,0.0,3427.0,6595.0,0528,C,17,P
0529_01,Earth,True,PSO J318.5-22,26.0,False,0.0,0.0,0.0,0.0,0.0,0529,G,81,P
0531_01,Earth,True,55 Cancri e,1.0,False,0.0,0.0,0.0,0.0,0.0,0531,G,82,P
0531_02,Earth,True,55 Cancri e,,False,0.0,0.0,0.0,0.0,0.0,0531,G,82,P
0533_01,Mars,False,TRAPPIST-1e,33.0,False,20.0,0.0,384.0,557.0,0.0,0533,D,21,P
0534_01,Europa,False,TRAPPIST-1e,34.0,False,98.0,715.0,29.0,5732.0,1902.0,0534,B,23,P
0534_02,Europa,False,TRAPPIST-1e,49.0,False,3573.0,1308.0,316.0,641.0,25.0,0534,B,23,P
0537_01,Earth,False,TRAPPIST-1e,22.0,False,0.0,5.0,0.0,320.0,352.0,0537,G,83,P
0538_01,Earth,False,TRAPPIST-1e,28.0,False,0.0,1073.0,0.0,0.0,5.0,0538,F,110,P
0539_01,Europa,True,TRAPPIST-1e,,False,0.0,0.0,,0.0,0.0,0539,C,18,P
0539_02,Europa,True,55 Cancri e,36.0,False,0.0,0.0,0.0,0.0,0.0,0539,C,18,P
0539_03,,True,55 Cancri e,30.0,False,0.0,0.0,0.0,0.0,0.0,0539,C,18,P
0539_04,Europa,True,TRAPPIST-1e,49.0,False,0.0,0.0,0.0,0.0,0.0,0539,C,18,P
0539_05,Europa,False,TRAPPIST-1e,38.0,False,0.0,1793.0,479.0,9.0,4987.0,0539,C,18,P
0540_01,Mars,True,TRAPPIST-1e,31.0,False,0.0,0.0,0.0,0.0,0.0,0540,F,95,S
0540_02,,False,TRAPPIST-1e,17.0,False,1471.0,0.0,0.0,45.0,16.0,0540,F,95,S
0542_01,Earth,False,TRAPPIST-1e,26.0,False,9.0,0.0,0.0,0.0,878.0,0542,G,84,P
0545_01,Earth,False,TRAPPIST-1e,23.0,False,59.0,0.0,0.0,681.0,0.0,0545,F,111,P
0546_01,Earth,False,55 Cancri e,24.0,False,930.0,691.0,838.0,0.0,0.0,0546,F,96,S
0547_01,Earth,False,TRAPPIST-1e,23.0,False,0.0,15.0,831.0,16.0,3.0,0547,F,97,S
0548_01,Earth,False,TRAPPIST-1e,24.0,False,0.0,86.0,704.0,0.0,1.0,0548,E,36,S
0549_01,Mars,False,PSO J318.5-22,32.0,False,666.0,0.0,0.0,252.0,1.0,0549,D,19,S
0549_02,Mars,True,TRAPPIST-1e,43.0,False,0.0,0.0,0.0,0.0,0.0,0549,F,98,S
0550_01,Earth,False,TRAPPIST-1e,23.0,False,13.0,12.0,0.0,762.0,0.0,0550,F,99,S
0551_01,Earth,False,TRAPPIST-1e,42.0,False,126.0,0.0,266.0,445.0,12.0,0551,G,80,S
0552_01,Europa,True,55 Cancri e,29.0,False,0.0,0.0,0.0,0.0,0.0,0552,C,21,S
0553_01,Europa,True,TRAPPIST-1e,40.0,False,0.0,0.0,0.0,0.0,0.0,0553,C,19,P
0553_02,Europa,False,TRAPPIST-1e,37.0,False,0.0,6506.0,0.0,764.0,0.0,0553,C,19,P
0555_01,Europa,True,55 Cancri e,61.0,False,0.0,0.0,0.0,0.0,0.0,0555,C,20,P
0555_02,Europa,False,TRAPPIST-1e,33.0,False,0.0,165.0,1.0,2525.0,0.0,0555,C,20,P
0556_01,Earth,False,TRAPPIST-1e,19.0,False,0.0,1428.0,0.0,1.0,19.0,0556,F,100,S
0559_01,Earth,False,PSO J318.5-22,21.0,False,0.0,12.0,580.0,0.0,79.0,0559,F,102,S
0560_01,Earth,False,TRAPPIST-1e,4.0,False,0.0,0.0,0.0,0.0,0.0,0560,G,81,S
0560_02,Earth,False,PSO J318.5-22,12.0,False,0.0,0.0,0.0,0.0,0.0,0560,G,81,S
0560_03,,False,TRAPPIST-1e,44.0,False,1440.0,293.0,74.0,32.0,0.0,0560,F,103,S
0561_01,Earth,False,TRAPPIST-1e,22.0,False,0.0,0.0,332.0,442.0,0.0,0561,G,82,S
0563_01,Mars,False,55 Cancri e,33.0,False,840.0,642.0,402.0,21.0,0.0,0563,F,114,P
0564_01,Europa,True,55 Cancri e,32.0,False,0.0,0.0,0.0,0.0,0.0,0564,B,24,P
0564_02,Europa,True,TRAPPIST-1e,28.0,False,0.0,0.0,0.0,0.0,0.0,0564,B,24,P
0564_03,Europa,False,,28.0,False,0.0,410.0,2.0,1354.0,3695.0,0564,B,24,P
0565_01,Mars,False,TRAPPIST-1e,31.0,False,697.0,0.0,612.0,0.0,0.0,0565,F,115,P
0566_01,Mars,True,TRAPPIST-1e,13.0,False,0.0,0.0,0.0,0.0,0.0,0566,E,37,S
0567_01,Earth,True,TRAPPIST-1e,14.0,False,0.0,0.0,0.0,0.0,0.0,0567,G,83,S
0568_01,Europa,,TRAPPIST-1e,33.0,False,1908.0,33.0,0.0,1.0,4.0,0568,D,20,S
0568_02,Europa,True,55 Cancri e,,False,0.0,0.0,0.0,0.0,,0568,D,20,S
0569_01,Earth,False,TRAPPIST-1e,23.0,False,0.0,334.0,310.0,0.0,0.0,0569,F,116,P
0570_01,Europa,False,TRAPPIST-1e,36.0,True,530.0,5085.0,1.0,146.0,872.0,0570,C,22,S
0571_01,Europa,True,55 Cancri e,22.0,False,0.0,0.0,0.0,0.0,0.0,0571,C,21,P
0571_02,Europa,True,TRAPPIST-1e,19.0,False,0.0,0.0,0.0,0.0,0.0,0571,C,21,P
0571_03,Europa,True,TRAPPIST-1e,42.0,False,0.0,0.0,0.0,0.0,0.0,0571,C,21,P
0571_04,Europa,True,,30.0,False,0.0,0.0,0.0,0.0,,0571,C,21,P
0571_05,Europa,True,55 Cancri e,16.0,False,0.0,0.0,0.0,0.0,0.0,0571,C,21,P
0571_06,Europa,False,TRAPPIST-1e,55.0,False,0.0,1542.0,0.0,1814.0,1568.0,0571,C,21,P
0571_07,Europa,True,TRAPPIST-1e,55.0,False,0.0,0.0,0.0,0.0,0.0,0571,C,21,P
0572_01,Earth,False,TRAPPIST-1e,19.0,False,1911.0,0.0,21.0,854.0,0.0,0572,F,105,S
0573_01,Earth,False,TRAPPIST-1e,,False,14.0,809.0,25.0,54.0,,0573,F,117,P
0575_01,Europa,True,TRAPPIST-1e,18.0,False,0.0,0.0,0.0,0.0,0.0,0575,E,34,P
0576_01,Earth,False,,21.0,False,0.0,,625.0,110.0,0.0,0576,F,107,S
0577_01,Earth,False,TRAPPIST-1e,65.0,False,0.0,0.0,521.0,105.0,0.0,0577,G,86,P
0579_01,Earth,False,TRAPPIST-1e,55.0,False,53.0,790.0,37.0,0.0,0.0,0579,F,108,S
0579_02,Earth,False,TRAPPIST-1e,50.0,False,,233.0,0.0,0.0,0.0,0579,G,85,S
0580_01,Earth,True,TRAPPIST-1e,49.0,False,0.0,0.0,0.0,0.0,0.0,0580,G,87,P
0581_01,Earth,False,TRAPPIST-1e,22.0,False,0.0,0.0,601.0,183.0,4.0,0581,E,38,S
0582_01,Mars,True,TRAPPIST-1e,33.0,False,0.0,0.0,0.0,0.0,0.0,0582,F,118,P
0583_01,Mars,True,TRAPPIST-1e,3.0,False,0.0,0.0,0.0,0.0,0.0,0583,F,109,S
0583_02,Mars,True,TRAPPIST-1e,0.0,False,0.0,0.0,0.0,0.0,0.0,0583,F,109,S
0583_03,Mars,True,TRAPPIST-1e,33.0,False,0.0,0.0,0.0,0.0,0.0,0583,F,109,S
0585_01,Mars,True,TRAPPIST-1e,48.0,False,0.0,0.0,0.0,0.0,0.0,0585,F,120,P
0585_02,Mars,True,TRAPPIST-1e,5.0,False,0.0,0.0,0.0,0.0,0.0,0585,F,120,P
0585_03,Mars,False,TRAPPIST-1e,23.0,False,2648.0,0.0,1092.0,0.0,0.0,0585,D,22,P
0586_01,Europa,True,TRAPPIST-1e,53.0,False,0.0,0.0,0.0,0.0,0.0,0586,D,23,P
0587_01,Mars,False,TRAPPIST-1e,18.0,False,5.0,25.0,616.0,0.0,1042.0,0587,F,121,P
0588_01,Earth,True,PSO J318.5-22,20.0,False,0.0,0.0,0.0,0.0,0.0,0588,G,89,P
0589_01,Earth,False,TRAPPIST-1e,23.0,False,234.0,1.0,551.0,0.0,1.0,0589,E,35,P
0590_01,Earth,False,TRAPPIST-1e,48.0,False,801.0,2.0,0.0,1.0,973.0,0590,G,90,P
0591_01,Earth,True,PSO J318.5-22,19.0,False,0.0,0.0,0.0,0.0,0.0,0591,G,86,S
0593_01,Mars,False,TRAPPIST-1e,,,43.0,152.0,182.0,1.0,2005.0,0593,D,24,P
0594_01,Earth,False,55 Cancri e,9.0,False,0.0,0.0,0.0,0.0,0.0,0594,G,87,S
0594_02,,False,TRAPPIST-1e,24.0,False,,4.0,0.0,670.0,113.0,0594,E,39,S
0596_01,Mars,False,TRAPPIST-1e,46.0,False,21.0,0.0,2155.0,422.0,,0596,F,123,P
0597_01,Earth,True,,23.0,False,0.0,0.0,0.0,0.0,0.0,0597,G,91,P
0597_02,Earth,True,TRAPPIST-1e,21.0,False,0.0,0.0,0.0,0.0,0.0,0597,G,91,P
0598_01,Earth,True,TRAPPIST-1e,19.0,False,0.0,0.0,,0.0,,0598,G,89,S
0599_01,Mars,False,TRAPPIST-1e,0.0,False,0.0,0.0,0.0,0.0,0.0,0599,F,124,P
0599_02,Mars,False,TRAPPIST-1e,4.0,False,0.0,,0.0,0.0,0.0,0599,F,124,P
0599_03,Mars,False,TRAPPIST-1e,26.0,False,1252.0,0.0,46.0,124.0,6.0,0599,F,124,P
0599_04,Mars,True,TRAPPIST-1e,9.0,False,0.0,0.0,0.0,0.0,0.0,0599,F,124,P
0600_01,Europa,False,TRAPPIST-1e,24.0,False,0.0,3385.0,826.0,9.0,793.0,0600,C,23,S
0602_01,Mars,True,TRAPPIST-1e,24.0,False,0.0,0.0,0.0,0.0,0.0,0602,F,125,P
0602_02,Mars,False,TRAPPIST-1e,25.0,False,0.0,0.0,0.0,0.0,0.0,0602,E,36,P
0602_03,Mars,True,TRAPPIST-1e,21.0,False,0.0,0.0,0.0,0.0,0.0,0602,F,125,P
0603_01,Earth,False,TRAPPIST-1e,21.0,False,0.0,0.0,12.0,0.0,747.0,0603,F,126,P
0607_01,Europa,False,TRAPPIST-1e,37.0,,27.0,654.0,10.0,881.0,9568.0,0607,C,22,P
0607_02,Europa,False,55 Cancri e,44.0,False,434.0,3113.0,19.0,,892.0,0607,C,22,P
0607_03,Europa,False,TRAPPIST-1e,43.0,False,4.0,1111.0,118.0,1852.0,,0607,C,22,P
0608_01,Earth,False,TRAPPIST-1e,7.0,False,0.0,0.0,0.0,0.0,0.0,0608,G,94,P
0609_01,Mars,False,TRAPPIST-1e,33.0,False,149.0,0.0,,0.0,109.0,0609,F,128,P
0610_01,Earth,False,TRAPPIST-1e,24.0,False,0.0,,229.0,502.0,5.0,0610,F,129,P
0611_01,Earth,True,PSO J318.5-22,31.0,False,0.0,0.0,0.0,0.0,0.0,0611,G,90,S
0612_01,Europa,True,TRAPPIST-1e,27.0,True,0.0,0.0,0.0,0.0,0.0,0612,B,25,P
0614_01,Earth,False,TRAPPIST-1e,34.0,False,0.0,0.0,0.0,,0.0,0614,G,91,S
0615_01,Earth,True,TRAPPIST-1e,58.0,False,0.0,0.0,0.0,0.0,0.0,0615,G,92,S
0615_02,Earth,False,TRAPPIST-1e,7.0,False,0.0,0.0,0.0,0.0,0.0,0615,G,92,S
0615_03,Earth,True,55 Cancri e,3.0,False,0.0,0.0,0.0,0.0,0.0,0615,G,92,S
0618_01,Earth,False,55 Cancri e,21.0,False,0.0,0.0,908.0,49.0,0.0,0618,G,95,P
0618_02,Earth,False,PSO J318.5-22,21.0,False,1.0,368.0,0.0,0.0,388.0,0618,F,131,P
0619_01,Europa,True,TRAPPIST-1e,39.0,,0.0,0.0,0.0,0.0,0.0,0619,C,24,S
0619_02,Europa,True,55 Cancri e,43.0,False,0.0,0.0,0.0,0.0,0.0,0619,C,24,S
0623_01,Earth,True,TRAPPIST-1e,22.0,False,0.0,0.0,0.0,0.0,0.0,0623,G,93,S
0628_01,Earth,False,TRAPPIST-1e,44.0,False,103.0,0.0,18.0,1197.0,1.0,0628,F,133,P
0629_01,Earth,False,TRAPPIST-1e,38.0,False,0.0,0.0,0.0,1018.0,0.0,0629,G,96,P
0630_01,Mars,True,TRAPPIST-1e,32.0,False,0.0,0.0,0.0,0.0,0.0,0630,F,112,S
0631_01,Mars,True,TRAPPIST-1e,55.0,False,0.0,0.0,0.0,0.0,0.0,0631,F,113,S
0633_01,Mars,False,PSO J318.5-22,31.0,True,629.0,0.0,0.0,150.0,0.0,0633,D,25,P
0634_01,Earth,False,TRAPPIST-1e,39.0,False,0.0,1496.0,0.0,140.0,383.0,0634,F,135,P
0635_01,Earth,False,TRAPPIST-1e,35.0,False,0.0,1778.0,0.0,0.0,0.0,0635,G,94,S
0635_02,Earth,False,TRAPPIST-1e,37.0,False,614.0,0.0,50.0,11.0,319.0,0635,E,43,S
0636_01,Earth,False,55 Cancri e,13.0,False,0.0,7.0,0.0,339.0,359.0,0636,F,136,P
0636_02,Earth,False,TRAPPIST-1e,21.0,False,0.0,0.0,7.0,675.0,0.0,0636,F,136,P
0637_01,Mars,False,TRAPPIST-1e,20.0,False,0.0,0.0,0.0,0.0,0.0,0637,E,44,S
0638_01,Europa,True,55 Cancri e,20.0,False,0.0,0.0,0.0,0.0,0.0,0638,B,28,P
0639_01,Earth,False,TRAPPIST-1e,63.0,False,0.0,123.0,956.0,25.0,,0639,F,137,P
0641_01,Earth,False,TRAPPIST-1e,36.0,False,2.0,0.0,0.0,1958.0,19.0,0641,F,114,S
0642_01,Europa,False,55 Cancri e,29.0,False,0.0,3344.0,0.0,118.0,972.0,0642,C,25,S
0642_02,Europa,False,55 Cancri e,36.0,False,0.0,4967.0,82.0,1517.0,575.0,0642,C,25,S
0642_03,Europa,False,TRAPPIST-1e,79.0,False,0.0,0.0,0.0,2210.0,2.0,0642,C,25,S
0642_04,Europa,True,55 Cancri e,30.0,False,0.0,0.0,0.0,0.0,0.0,0642,C,25,S
0642_05,Europa,True,55 Cancri e,30.0,False,0.0,0.0,0.0,0.0,0.0,0642,C,25,S
0643_01,Mars,False,TRAPPIST-1e,19.0,False,1019.0,266.0,141.0,0.0,0.0,0643,F,138,P
0644_01,Europa,True,TRAPPIST-1e,33.0,False,0.0,0.0,0.0,0.0,0.0,0644,E,38,P
0645_01,Earth,False,,20.0,False,1724.0,0.0,0.0,1.0,0.0,0645,G,98,P
0646_01,Europa,True,55 Cancri e,38.0,False,0.0,0.0,0.0,0.0,0.0,0646,C,26,S
0647_01,Mars,True,TRAPPIST-1e,7.0,False,0.0,0.0,0.0,0.0,0.0,0647,F,115,S
0647_02,Mars,True,TRAPPIST-1e,58.0,False,0.0,0.0,0.0,0.0,0.0,0647,F,115,S
0647_03,Mars,False,TRAPPIST-1e,33.0,False,105.0,0.0,1087.0,0.0,0.0,0647,F,115,S
0650_01,Earth,True,PSO J318.5-22,3.0,False,0.0,0.0,0.0,0.0,0.0,0650,G,95,S
0653_01,Mars,,TRAPPIST-1e,39.0,False,0.0,0.0,0.0,0.0,0.0,0653,E,45,S
0655_01,Mars,False,TRAPPIST-1e,37.0,False,237.0,2.0,708.0,0.0,0.0,0655,E,39,P
0656_01,Earth,False,TRAPPIST-1e,32.0,False,0.0,0.0,0.0,768.0,3.0,0656,G,101,P
0657_01,Earth,False,TRAPPIST-1e,28.0,False,0.0,863.0,0.0,17.0,0.0,0657,F,117,S
0657_02,Earth,False,TRAPPIST-1e,38.0,False,0.0,8.0,736.0,140.0,0.0,0657,G,97,S
0658_01,Earth,False,PSO J318.5-22,21.0,False,0.0,576.0,1.0,20.0,,0658,F,118,S
0659_01,Earth,True,TRAPPIST-1e,18.0,False,0.0,0.0,0.0,0.0,0.0,0659,G,98,S
0660_01,Earth,True,TRAPPIST-1e,15.0,False,0.0,0.0,0.0,0.0,0.0,0660,G,99,S
0661_01,Europa,False,TRAPPIST-1e,44.0,False,0.0,2506.0,0.0,1360.0,722.0,0661,C,23,P
0663_01,Earth,False,TRAPPIST-1e,44.0,False,86.0,525.0,16.0,49.0,39.0,0663,F,140,P
0664_01,Europa,False,TRAPPIST-1e,36.0,False,0.0,0.0,0.0,4507.0,5689.0,0664,E,46,S
0665_01,,False,TRAPPIST-1e,28.0,False,,0.0,7104.0,0.0,0.0,0665,F,141,P
0665_02,Mars,False,TRAPPIST-1e,15.0,False,1264.0,0.0,2.0,23.0,0.0,0665,F,141,P
0668_01,Earth,False,TRAPPIST-1e,45.0,False,0.0,25.0,87.0,989.0,482.0,0668,F,142,P
0669_01,Earth,False,TRAPPIST-1e,26.0,False,0.0,530.0,2.0,9.0,403.0,0669,F,143,P
0671_01,Earth,True,PSO J318.5-22,46.0,False,0.0,0.0,0.0,0.0,0.0,0671,G,102,P
0672_01,Earth,False,TRAPPIST-1e,25.0,False,1.0,0.0,38.0,7.0,740.0,0672,G,103,P
0674_01,Earth,True,PSO J318.5-22,46.0,False,0.0,0.0,0.0,0.0,0.0,0674,G,101,S
0677_01,Earth,True,TRAPPIST-1e,15.0,False,0.0,0.0,0.0,0.0,0.0,0677,G,102,S
0678_01,Earth,True,TRAPPIST-1e,37.0,False,0.0,0.0,0.0,0.0,0.0,0678,G,103,S
0679_01,Earth,False,TRAPPIST-1e,20.0,,,215.0,0.0,541.0,0.0,0679,G,104,S
0680_01,Earth,True,PSO J318.5-22,45.0,False,0.0,0.0,0.0,0.0,0.0,0680,G,105,P
0680_02,Earth,True,TRAPPIST-1e,7.0,False,0.0,0.0,0.0,0.0,0.0,0680,G,105,P
0680_03,Earth,True,TRAPPIST-1e,5.0,,0.0,0.0,0.0,0.0,0.0,0680,G,105,P
0682_01,Mars,True,TRAPPIST-1e,38.0,False,0.0,0.0,0.0,0.0,0.0,0682,F,121,S
0683_01,Mars,False,TRAPPIST-1e,30.0,False,269.0,96.0,252.0,0.0,0.0,0683,F,144,P
0684_01,Mars,False,TRAPPIST-1e,,False,0.0,0.0,0.0,0.0,0.0,0684,F,145,P
0684_02,Mars,False,TRAPPIST-1e,0.0,False,0.0,0.0,0.0,0.0,0.0,0684,F,145,P
0684_03,Mars,True,TRAPPIST-1e,20.0,False,0.0,0.0,0.0,0.0,0.0,0684,F,145,P
0685_01,Earth,False,TRAPPIST-1e,41.0,False,1.0,922.0,4.0,55.0,15.0,0685,E,41,P
0686_01,Mars,True,TRAPPIST-1e,18.0,False,0.0,0.0,0.0,0.0,0.0,0686,F,146,P
0686_02,Mars,False,TRAPPIST-1e,29.0,True,3887.0,0.0,,12.0,0.0,0686,D,30,P
0687_01,Mars,False,TRAPPIST-1e,19.0,False,3097.0,0.0,9.0,0.0,213.0,0687,D,23,S
0688_01,Mars,False,TRAPPIST-1e,34.0,False,1973.0,0.0,97.0,41.0,3.0,0688,E,48,S
0689_01,Europa,True,TRAPPIST-1e,36.0,False,0.0,0.0,0.0,0.0,0.0,0689,B,25,S
0690_01,Mars,True,TRAPPIST-1e,54.0,False,0.0,0.0,0.0,0.0,0.0,0690,F,122,S
0691_01,Mars,False,TRAPPIST-1e,19.0,False,164.0,0.0,783.0,0.0,0.0,0691,E,49,S
0691_02,Mars,False,TRAPPIST-1e,21.0,False,505.0,0.0,1952.0,0.0,0.0,0691,F,123,S
0691_03,Mars,True,TRAPPIST-1e,23.0,False,0.0,0.0,0.0,0.0,0.0,0691,E,49,S
0693_01,Europa,True,55 Cancri e,35.0,False,0.0,0.0,0.0,,0.0,0693,G,734,S
0693_02,Europa,False,TRAPPIST-1e,34.0,False,0.0,3488.0,0.0,4343.0,38.0,0693,C,27,S
0696_01,Earth,False,TRAPPIST-1e,22.0,False,0.0,581.0,226.0,74.0,0.0,0696,G,107,S
0697_01,Earth,False,55 Cancri e,24.0,False,21.0,0.0,689.0,12.0,0.0,0697,F,147,P
0699_01,Mars,True,,18.0,False,0.0,0.0,0.0,0.0,0.0,0699,F,126,S
0699_02,Mars,False,55 Cancri e,24.0,False,2698.0,0.0,301.0,8.0,5.0,0699,D,24,S
0701_01,Europa,True,TRAPPIST-1e,33.0,False,0.0,0.0,0.0,0.0,0.0,0701,D,25,S
0702_01,Earth,False,TRAPPIST-1e,24.0,False,121.0,237.0,4.0,387.0,54.0,0702,F,127,S
0703_01,Earth,True,TRAPPIST-1e,18.0,False,0.0,0.0,0.0,0.0,0.0,0703,G,108,S
0704_01,Earth,True,TRAPPIST-1e,19.0,False,0.0,0.0,0.0,0.0,0.0,0704,G,107,P
0705_01,Earth,False,55 Cancri e,43.0,False,0.0,0.0,722.0,0.0,0.0,0705,F,149,P
0707_01,Earth,True,TRAPPIST-1e,44.0,False,0.0,0.0,,0.0,0.0,0707,G,109,S
0709_01,Europa,False,55 Cancri e,25.0,False,0.0,4949.0,0.0,452.0,15.0,0709,A,7,S
0709_02,Europa,True,55 Cancri e,25.0,,0.0,,0.0,0.0,0.0,0709,A,7,S
0709_03,Europa,True,55 Cancri e,23.0,False,0.0,0.0,,0.0,0.0,0709,G,734,S
0710_01,Mars,False,TRAPPIST-1e,23.0,False,1695.0,0.0,0.0,31.0,349.0,0710,E,42,P
0712_01,Mars,,TRAPPIST-1e,20.0,False,457.0,0.0,170.0,1132.0,0.0,0712,F,150,P
0712_02,Mars,,TRAPPIST-1e,2.0,False,0.0,0.0,0.0,0.0,0.0,0712,F,150,P
0713_01,Earth,False,TRAPPIST-1e,26.0,False,1577.0,2.0,0.0,30.0,0.0,0713,E,50,S
0714_01,Earth,True,PSO J318.5-22,38.0,False,0.0,0.0,0.0,0.0,0.0,0714,G,109,P
0714_02,Earth,False,TRAPPIST-1e,1.0,False,0.0,0.0,0.0,0.0,0.0,0714,G,109,P
0714_03,Earth,False,,12.0,False,0.0,0.0,,0.0,0.0,0714,G,109,P
0714_04,Earth,True,PSO J318.5-22,2.0,False,0.0,0.0,0.0,0.0,0.0,0714,G,109,P
0714_05,Earth,True,PSO J318.5-22,25.0,False,0.0,0.0,0.0,0.0,0.0,0714,G,109,P
0714_06,Earth,True,55 Cancri e,1.0,False,0.0,0.0,0.0,0.0,0.0,0714,G,109,P
0714_07,Earth,True,55 Cancri e,0.0,False,0.0,0.0,0.0,0.0,0.0,0714,G,109,P
0715_01,Europa,,55 Cancri e,54.0,False,0.0,0.0,0.0,0.0,0.0,0715,G,734,S
0718_01,Earth,False,TRAPPIST-1e,21.0,False,521.0,0.0,4.0,261.0,1.0,0718,E,43,P
0719_01,Mars,False,TRAPPIST-1e,19.0,False,0.0,0.0,0.0,0.0,0.0,0719,E,44,P
0724_01,Earth,False,PSO J318.5-22,24.0,False,0.0,23.0,0.0,184.0,2566.0,0724,F,132,S
0726_01,Earth,True,TRAPPIST-1e,20.0,False,0.0,0.0,0.0,0.0,0.0,0726,G,111,P
0727_01,Earth,False,TRAPPIST-1e,23.0,False,139.0,0.0,1.0,152.0,354.0,0727,F,133,S
0728_01,Earth,False,55 Cancri e,29.0,False,0.0,0.0,2.0,786.0,594.0,0728,F,134,S
0729_01,Earth,False,TRAPPIST-1e,14.0,False,7.0,781.0,0.0,0.0,0.0,0729,E,53,S
0732_01,Earth,False,TRAPPIST-1e,19.0,False,0.0,714.0,2.0,0.0,0.0,0732,G,734,S
0733_01,Earth,False,55 Cancri e,23.0,False,0.0,38.0,88.0,4.0,561.0,0733,F,153,P
0734_01,Earth,False,TRAPPIST-1e,62.0,False,712.0,2.0,322.0,0.0,517.0,0734,F,154,P
0736_01,Earth,False,TRAPPIST-1e,23.0,False,0.0,0.0,484.0,188.0,0.0,0736,F,156,P
0737_01,Europa,False,55 Cancri e,65.0,False,0.0,835.0,0.0,38.0,,0737,C,28,S
0738_01,Mars,,TRAPPIST-1e,47.0,False,0.0,0.0,0.0,0.0,0.0,0738,F,157,P
0740_01,Europa,False,55 Cancri e,67.0,False,76.0,16.0,0.0,2247.0,1166.0,0740,C,24,P
0740_02,Europa,True,55 Cancri e,14.0,False,0.0,0.0,0.0,0.0,0.0,0740,C,24,P
0740_03,Europa,False,TRAPPIST-1e,41.0,False,3594.0,3425.0,0.0,0.0,58.0,0740,C,24,P
0743_01,Earth,True,TRAPPIST-1e,14.0,False,0.0,0.0,0.0,0.0,0.0,0743,G,111,S
0746_01,Earth,True,TRAPPIST-1e,19.0,False,0.0,0.0,0.0,0.0,0.0,0746,G,112,S
0750_01,Earth,False,55 Cancri e,22.0,False,15.0,142.0,0.0,41.0,493.0,0750,F,140,S
0753_01,Europa,True,,34.0,False,0.0,0.0,0.0,0.0,0.0,0753,A,4,P
0753_02,Europa,False,55 Cancri e,65.0,False,19.0,1344.0,4.0,3190.0,8.0,0753,A,4,P
0753_03,Europa,True,55 Cancri e,42.0,False,0.0,0.0,0.0,0.0,0.0,0753,G,734,S
0754_01,Europa,True,55 Cancri e,22.0,False,0.0,0.0,0.0,0.0,,0754,D,31,P
0756_01,Europa,True,55 Cancri e,54.0,False,0.0,0.0,0.0,0.0,0.0,0756,B,27,S
0756_02,Europa,False,TRAPPIST-1e,34.0,False,47.0,287.0,0.0,4302.0,0.0,0756,B,27,S
0756_03,Europa,True,TRAPPIST-1e,27.0,False,0.0,0.0,,0.0,0.0,0756,B,27,S
0757_01,Mars,False,55 Cancri e,67.0,False,1.0,0.0,5.0,1022.0,151.0,0757,D,33,P
0761_01,Europa,False,,33.0,False,0.0,3879.0,0.0,48.0,67.0,0761,C,26,P
0762_01,Earth,True,PSO J318.5-22,30.0,False,0.0,0.0,0.0,0.0,0.0,0762,G,114,S
0764_01,Earth,,TRAPPIST-1e,22.0,False,0.0,0.0,0.0,0.0,0.0,0764,G,115,S
0765_01,Mars,False,PSO J318.5-22,35.0,False,1248.0,0.0,55.0,12.0,0.0,0765,F,142,S
0765_02,Mars,False,TRAPPIST-1e,23.0,False,755.0,0.0,121.0,,0.0,0765,F,142,S
0767_01,Earth,False,TRAPPIST-1e,49.0,False,0.0,6.0,679.0,15.0,187.0,0767,G,116,S
0768_01,Europa,False,55 Cancri e,36.0,False,29.0,12180.0,0.0,93.0,17306.0,0768,B,32,P
0768_02,Europa,True,TRAPPIST-1e,31.0,False,0.0,0.0,0.0,,0.0,0768,B,32,P
0769_01,Europa,True,55 Cancri e,54.0,False,0.0,0.0,0.0,0.0,0.0,0769,B,28,S
0770_01,Earth,True,TRAPPIST-1e,0.0,False,0.0,0.0,0.0,0.0,0.0,0770,G,117,S
0770_02,Earth,False,TRAPPIST-1e,,False,0.0,715.0,0.0,170.0,0.0,0770,G,117,S
0770_03,Earth,,TRAPPIST-1e,54.0,False,0.0,0.0,0.0,0.0,0.0,0770,G,117,S
0770_04,Earth,True,PSO J318.5-22,10.0,False,0.0,0.0,0.0,0.0,0.0,0770,G,117,S
0770_05,Earth,False,55 Cancri e,0.0,False,0.0,0.0,0.0,0.0,0.0,0770,G,117,S
0770_06,Earth,True,PSO J318.5-22,7.0,False,0.0,0.0,0.0,0.0,0.0,0770,G,117,S
0771_01,Earth,True,TRAPPIST-1e,25.0,False,0.0,0.0,0.0,0.0,0.0,0771,G,112,P
0772_01,Europa,False,55 Cancri e,37.0,False,0.0,16.0,325.0,4476.0,1359.0,0772,E,56,S
0772_02,Europa,True,55 Cancri e,15.0,False,0.0,0.0,0.0,0.0,0.0,0772,E,56,S
0772_03,,True,TRAPPIST-1e,26.0,False,0.0,0.0,0.0,0.0,0.0,0772,E,56,S
0772_04,Europa,False,55 Cancri e,7.0,False,0.0,0.0,0.0,0.0,0.0,0772,E,56,S
0773_01,Earth,False,TRAPPIST-1e,30.0,False,558.0,4.0,0.0,175.0,0.0,0773,F,143,S
0776_01,Earth,False,TRAPPIST-1e,19.0,False,0.0,2.0,1399.0,0.0,18.0,0776,F,161,P
0777_01,Europa,False,TRAPPIST-1e,30.0,False,0.0,3004.0,0.0,1018.0,0.0,0777,A,5,P
0779_01,Earth,False,,21.0,False,562.0,2.0,0.0,0.0,11.0,0779,F,162,P
0781_01,Earth,False,PSO J318.5-22,21.0,False,14.0,33.0,0.0,3.0,467.0,0781,G,118,S
0782_01,Mars,True,TRAPPIST-1e,59.0,False,0.0,0.0,0.0,0.0,0.0,0782,F,163,P
0784_01,Europa,True,55 Cancri e,28.0,False,0.0,0.0,0.0,0.0,0.0,0784,C,33,S
0785_01,Earth,False,TRAPPIST-1e,32.0,False,713.0,0.0,2.0,0.0,1.0,0785,F,165,P
0786_01,Earth,True,TRAPPIST-1e,19.0,False,0.0,0.0,0.0,0.0,0.0,0786,G,113,P
0787_01,Earth,True,TRAPPIST-1e,7.0,False,0.0,0.0,0.0,0.0,,0787,G,114,P
0788_01,Earth,False,55 Cancri e,16.0,False,797.0,0.0,0.0,0.0,0.0,0788,F,166,P
0789_01,Europa,False,TRAPPIST-1e,31.0,True,0.0,166.0,4.0,2177.0,342.0,0789,A,8,S
0789_02,Europa,False,TRAPPIST-1e,30.0,False,0.0,142.0,870.0,89.0,3497.0,0789,A,8,S
0789_03,Europa,True,TRAPPIST-1e,26.0,False,0.0,0.0,0.0,0.0,0.0,0789,A,8,S
0790_01,Earth,True,PSO J318.5-22,20.0,False,0.0,0.0,,0.0,0.0,0790,G,119,S
0791_01,Earth,True,PSO J318.5-22,24.0,False,0.0,0.0,0.0,0.0,0.0,0791,G,115,P
0793_01,Earth,False,PSO J318.5-22,39.0,False,0.0,0.0,0.0,7.0,766.0,0793,G,117,P
0794_01,Mars,,55 Cancri e,19.0,False,0.0,0.0,0.0,0.0,0.0,0794,F,144,S
0794_02,Mars,True,55 Cancri e,27.0,False,0.0,0.0,0.0,0.0,0.0,0794,F,144,S
0795_01,Earth,False,TRAPPIST-1e,34.0,False,0.0,0.0,0.0,874.0,0.0,0795,F,145,S
0796_01,Europa,True,55 Cancri e,28.0,False,0.0,0.0,0.0,0.0,0.0,0796,D,28,S
0797_01,Earth,False,TRAPPIST-1e,29.0,False,0.0,0.0,0.0,0.0,645.0,0797,F,146,S
0798_01,Mars,True,PSO J318.5-22,38.0,False,0.0,0.0,0.0,0.0,0.0,0798,F,147,S
0799_01,Europa,False,55 Cancri e,,False,0.0,3462.0,5.0,1590.0,4.0,0799,A,6,P
0802_01,Mars,True,TRAPPIST-1e,1.0,False,0.0,0.0,0.0,0.0,0.0,0802,F,148,S
0805_01,Europa,False,55 Cancri e,36.0,True,0.0,13248.0,100.0,1953.0,1.0,0805,C,29,P
0806_01,Earth,False,TRAPPIST-1e,31.0,False,183.0,0.0,32.0,0.0,1171.0,0806,F,149,S
0806_02,Earth,False,TRAPPIST-1e,1.0,False,0.0,0.0,0.0,0.0,0.0,0806,G,120,S
0808_01,Earth,False,TRAPPIST-1e,31.0,False,159.0,110.0,701.0,0.0,10.0,0808,E,57,S
0809_01,Mars,False,TRAPPIST-1e,10.0,False,0.0,0.0,0.0,0.0,,0809,F,151,S
0809_02,Mars,False,TRAPPIST-1e,,False,1227.0,42.0,1.0,0.0,0.0,0809,F,151,S
0809_03,Mars,False,TRAPPIST-1e,42.0,False,836.0,0.0,51.0,304.0,0.0,0809,F,151,S
0809_04,Mars,False,TRAPPIST-1e,0.0,False,0.0,0.0,0.0,0.0,0.0,0809,F,151,S
0811_01,Mars,False,PSO J318.5-22,41.0,False,1209.0,0.0,0.0,0.0,833.0,0811,F,152,S
0811_02,Mars,True,TRAPPIST-1e,0.0,False,0.0,0.0,0.0,0.0,0.0,0811,F,152,S
0811_03,Mars,False,TRAPPIST-1e,0.0,False,0.0,0.0,0.0,0.0,0.0,0811,F,152,S
0813_01,Mars,True,TRAPPIST-1e,59.0,False,0.0,0.0,0.0,0.0,0.0,0813,F,169,P
0815_01,Earth,False,TRAPPIST-1e,13.0,False,2.0,1.0,30.0,,0.0,0815,E,59,S
0816_01,Europa,False,55 Cancri e,24.0,False,0.0,284.0,0.0,4614.0,438.0,0816,E,60,S
0817_01,Earth,True,TRAPPIST-1e,20.0,False,0.0,0.0,0.0,0.0,0.0,0817,G,119,P
0818_01,Europa,False,TRAPPIST-1e,71.0,True,0.0,0.0,0.0,0.0,0.0,0818,B,29,S
0819_01,Earth,True,PSO J318.5-22,23.0,,0.0,0.0,0.0,0.0,0.0,0819,G,121,S
0820_01,Earth,False,55 Cancri e,15.0,False,0.0,59.0,714.0,0.0,3.0,0820,F,154,S
0820_02,Earth,False,TRAPPIST-1e,18.0,False,751.0,0.0,0.0,0.0,0.0,0820,G,122,S
0822_01,Earth,False,TRAPPIST-1e,19.0,False,0.0,561.0,10.0,0.0,161.0,0822,F,156,S
0823_01,Earth,True,55 Cancri e,4.0,False,0.0,0.0,0.0,0.0,0.0,0823,G,123,S
0823_02,Earth,False,55 Cancri e,42.0,False,0.0,0.0,739.0,0.0,0.0,0823,G,734,S
0824_01,Mars,False,TRAPPIST-1e,51.0,False,815.0,0.0,343.0,55.0,0.0,0824,F,158,S
0825_01,Earth,True,TRAPPIST-1e,13.0,False,0.0,0.0,0.0,0.0,0.0,0825,G,120,P
0826_01,Earth,False,TRAPPIST-1e,27.0,False,174.0,653.0,0.0,0.0,0.0,0826,G,734,S
0828_01,Earth,False,TRAPPIST-1e,42.0,False,786.0,0.0,22.0,59.0,0.0,0828,F,159,S
0828_02,Earth,False,TRAPPIST-1e,41.0,False,324.0,2.0,,7.0,26.0,0828,F,159,S
0829_01,Earth,False,PSO J318.5-22,21.0,False,15.0,0.0,2695.0,2.0,0.0,0829,F,170,P
0830_01,Earth,False,TRAPPIST-1e,31.0,False,14.0,5.0,0.0,795.0,0.0,0830,F,171,P
0833_01,Europa,True,55 Cancri e,36.0,False,0.0,0.0,0.0,0.0,0.0,0833,G,734,S
0834_01,Earth,False,TRAPPIST-1e,31.0,False,0.0,0.0,0.0,838.0,27.0,0834,F,173,P
0835_01,Earth,False,55 Cancri e,14.0,False,77.0,0.0,9.0,424.0,166.0,0835,G,124,S
0836_01,Mars,False,PSO J318.5-22,32.0,True,494.0,701.0,71.0,0.0,0.0,0836,F,160,S
0839_01,Europa,False,TRAPPIST-1e,32.0,False,0.0,179.0,0.0,0.0,5152.0,0839,B,30,S
0840_01,Earth,,TRAPPIST-1e,27.0,False,663.0,1111.0,0.0,0.0,2.0,0840,G,123,P
0845_01,Europa,False,55 Cancri e,57.0,False,2651.0,2956.0,0.0,266.0,1300.0,0845,B,31,S
0846_01,Earth,True,TRAPPIST-1e,13.0,False,0.0,0.0,0.0,0.0,0.0,0846,G,125,S
0848_01,Mars,True,TRAPPIST-1e,30.0,False,0.0,0.0,0.0,0.0,0.0,0848,F,175,P
0848_02,Mars,True,TRAPPIST-1e,14.0,False,0.0,0.0,0.0,0.0,0.0,0848,F,175,P
0849_01,Europa,False,TRAPPIST-1e,27.0,False,0.0,0.0,0.0,0.0,0.0,0849,B,32,S
0849_02,Europa,True,55 Cancri e,32.0,False,0.0,0.0,0.0,0.0,0.0,0849,B,32,S
0850_01,Mars,True,TRAPPIST-1e,54.0,False,0.0,0.0,0.0,0.0,0.0,0850,E,62,S
0851_01,Earth,False,55 Cancri e,23.0,False,217.0,378.0,19.0,1.0,12.0,0851,F,176,P
0853_01,,True,55 Cancri e,38.0,False,0.0,0.0,0.0,0.0,0.0,0853,A,9,S
0859_01,Earth,True,TRAPPIST-1e,32.0,False,0.0,0.0,0.0,0.0,0.0,0859,G,127,S
0860_01,Earth,False,TRAPPIST-1e,24.0,False,34.0,7.0,320.0,0.0,427.0,0860,E,48,P
0863_01,Earth,True,TRAPPIST-1e,36.0,False,0.0,0.0,0.0,0.0,0.0,0863,G,129,S
0863_02,Earth,False,TRAPPIST-1e,11.0,False,0.0,0.0,0.0,0.0,0.0,0863,G,129,S
0863_03,Earth,True,TRAPPIST-1e,6.0,False,0.0,0.0,0.0,0.0,0.0,0863,G,129,S
0865_01,Europa,True,55 Cancri e,36.0,False,0.0,,0.0,0.0,0.0,0865,B,35,S
0865_02,Europa,True,55 Cancri e,22.0,False,0.0,0.0,0.0,0.0,0.0,0865,B,35,S
0867_01,Earth,False,TRAPPIST-1e,,False,2.0,850.0,18.0,2.0,0.0,0867,F,163,S
0868_01,Earth,True,TRAPPIST-1e,37.0,False,0.0,0.0,0.0,0.0,0.0,0868,G,130,S
0869_01,Earth,False,TRAPPIST-1e,55.0,False,280.0,0.0,444.0,0.0,0.0,0869,F,164,S
0870_01,Earth,False,PSO J318.5-22,,False,112.0,473.0,0.0,92.0,0.0,0870,G,126,P
0871_01,Europa,False,TRAPPIST-1e,20.0,False,2.0,4754.0,0.0,246.0,31.0,0871,A,10,S
0873_01,Earth,False,TRAPPIST-1e,16.0,False,,0.0,32.0,2529.0,92.0,0873,F,180,P
0874_01,Earth,False,TRAPPIST-1e,19.0,False,0.0,162.0,540.0,0.0,0.0,0874,F,165,S
0875_01,Earth,False,TRAPPIST-1e,38.0,False,0.0,0.0,0.0,0.0,0.0,0875,G,131,S
0876_01,Earth,False,TRAPPIST-1e,35.0,False,12.0,687.0,46.0,2.0,0.0,0876,F,166,S
0877_01,Europa,True,55 Cancri e,33.0,False,0.0,0.0,0.0,0.0,0.0,0877,C,30,P
0878_01,Mars,False,PSO J318.5-22,37.0,True,381.0,0.0,3.0,447.0,0.0,0878,D,31,S
0879_01,Earth,False,TRAPPIST-1e,46.0,False,784.0,0.0,0.0,0.0,4.0,0879,G,734,S
0881_01,Europa,False,TRAPPIST-1e,41.0,False,3103.0,3.0,0.0,31.0,26.0,0881,D,32,S
0883_01,Earth,False,TRAPPIST-1e,13.0,False,875.0,5.0,10.0,18.0,0.0,0883,G,127,P
0885_01,Earth,True,TRAPPIST-1e,31.0,False,0.0,0.0,0.0,0.0,0.0,0885,G,133,S
0885_02,Earth,True,55 Cancri e,52.0,False,0.0,0.0,0.0,0.0,0.0,0885,G,133,S
0889_01,Europa,False,TRAPPIST-1e,48.0,False,0.0,0.0,0.0,0.0,0.0,0889,C,32,P
0889_02,Europa,False,55 Cancri e,27.0,,1.0,12804.0,0.0,10.0,52.0,0889,C,32,P
0890_01,Mars,False,TRAPPIST-1e,16.0,False,172.0,,338.0,9.0,0.0,0890,F,184,P
0893_01,Earth,True,55 Cancri e,32.0,False,0.0,0.0,0.0,0.0,0.0,0893,G,129,P
0898_01,Earth,True,TRAPPIST-1e,25.0,,0.0,0.0,0.0,0.0,0.0,0898,G,134,S
0899_01,Earth,False,TRAPPIST-1e,26.0,False,0.0,0.0,716.0,0.0,1.0,0899,F,187,P
0899_02,Earth,True,TRAPPIST-1e,44.0,False,0.0,0.0,0.0,0.0,0.0,0899,G,130,P
0901_01,Mars,False,TRAPPIST-1e,32.0,False,47.0,0.0,2552.0,0.0,0.0,0901,F,167,S
0902_01,Earth,False,TRAPPIST-1e,18.0,False,200.0,124.0,0.0,413.0,0.0,0902,F,188,P
0903_01,Earth,True,55 Cancri e,23.0,,0.0,0.0,0.0,,0.0,0903,G,135,S
0904_01,Europa,False,TRAPPIST-1e,44.0,False,0.0,2792.0,0.0,148.0,1043.0,0904,C,33,P
0905_01,Mars,False,PSO J318.5-22,29.0,False,4.0,0.0,421.0,435.0,19.0,0905,D,38,P
0906_01,Earth,False,55 Cancri e,19.0,False,0.0,388.0,469.0,,0.0,0906,F,168,S
0907_01,Europa,False,55 Cancri e,41.0,False,0.0,5738.0,7.0,9038.0,28.0,0907,B,34,P
0907_02,Europa,False,TRAPPIST-1e,28.0,False,0.0,1736.0,,145.0,634.0,0907,B,34,P
0910_01,Earth,True,TRAPPIST-1e,19.0,False,0.0,0.0,0.0,0.0,0.0,0910,G,137,S
0911_01,Mars,False,TRAPPIST-1e,32.0,True,2492.0,0.0,,136.0,4.0,0911,F,189,P
0911_02,,False,TRAPPIST-1e,74.0,False,853.0,0.0,543.0,31.0,0.0,0911,F,189,P
0912_01,Europa,False,TRAPPIST-1e,31.0,False,0.0,7461.0,0.0,369.0,450.0,0912,B,37,S
0913_01,Europa,False,55 Cancri e,38.0,,0.0,172.0,0.0,5907.0,34.0,0913,E,51,P
0915_01,Earth,False,TRAPPIST-1e,20.0,False,157.0,0.0,0.0,544.0,3.0,0915,G,138,S
0918_01,Earth,False,TRAPPIST-1e,24.0,False,47.0,0.0,10.0,139.0,1406.0,0918,E,66,S
0919_01,Earth,False,PSO J318.5-22,26.0,False,18.0,84.0,93.0,886.0,289.0,0919,F,190,P
0921_01,Earth,True,PSO J318.5-22,44.0,False,0.0,0.0,0.0,0.0,0.0,0921,G,139,S
0922_01,Europa,True,55 Cancri e,33.0,False,0.0,0.0,0.0,0.0,,0922,B,35,P
0922_02,Europa,False,55 Cancri e,31.0,False,0.0,1095.0,0.0,169.0,1226.0,0922,B,35,P
0923_01,Europa,False,55 Cancri e,,False,0.0,7767.0,0.0,15.0,2453.0,0923,C,38,S
0923_02,Europa,True,TRAPPIST-1e,22.0,False,0.0,0.0,0.0,0.0,0.0,0923,B,38,S
0924_01,Earth,False,TRAPPIST-1e,33.0,False,13.0,0.0,984.0,0.0,0.0,0924,E,67,S
0925_01,Mars,False,TRAPPIST-1e,34.0,False,379.0,0.0,1626.0,0.0,0.0,0925,F,191,P
0925_02,Mars,True,TRAPPIST-1e,11.0,False,0.0,0.0,0.0,0.0,0.0,0925,F,191,P
0925_03,Mars,True,TRAPPIST-1e,41.0,False,0.0,,0.0,0.0,0.0,0925,F,191,P
0926_01,Europa,False,55 Cancri e,30.0,False,0.0,7992.0,0.0,507.0,25.0,0926,B,39,S
0926_02,Europa,False,TRAPPIST-1e,30.0,False,0.0,760.0,234.0,2761.0,81.0,0926,B,39,S
0927_01,Earth,False,TRAPPIST-1e,25.0,False,0.0,,699.0,43.0,22.0,0927,G,140,S
0928_01,Earth,True,PSO J318.5-22,31.0,False,0.0,0.0,0.0,0.0,0.0,0928,G,133,P
0930_01,Earth,False,TRAPPIST-1e,38.0,False,646.0,0.0,0.0,135.0,260.0,0930,F,192,P
0930_02,Earth,True,TRAPPIST-1e,15.0,False,0.0,0.0,0.0,0.0,0.0,0930,G,134,P
0931_01,Earth,False,TRAPPIST-1e,19.0,False,0.0,,115.0,126.0,491.0,0931,F,193,P
0932_01,Mars,True,TRAPPIST-1e,29.0,False,0.0,0.0,0.0,0.0,0.0,0932,G,734,S
0933_01,Europa,False,TRAPPIST-1e,30.0,False,14.0,12045.0,0.0,2121.0,0.0,0933,C,35,P
0933_02,Europa,False,TRAPPIST-1e,29.0,False,0.0,1127.0,0.0,1867.0,1070.0,0933,C,35,P
0935_01,Earth,False,TRAPPIST-1e,36.0,False,0.0,11.0,0.0,18.0,872.0,0935,F,194,P
0938_01,Earth,False,TRAPPIST-1e,24.0,False,174.0,0.0,0.0,630.0,0.0,0938,F,172,S
0938_02,Earth,False,TRAPPIST-1e,30.0,False,0.0,0.0,871.0,0.0,0.0,0938,E,68,S
0938_03,Earth,False,TRAPPIST-1e,0.0,False,0.0,0.0,0.0,0.0,0.0,0938,G,143,S
0939_01,Earth,True,,15.0,False,0.0,0.0,0.0,0.0,0.0,0939,G,135,P
0940_01,Earth,False,TRAPPIST-1e,38.0,False,55.0,741.0,0.0,0.0,13.0,0940,G,136,P
0941_01,Earth,False,TRAPPIST-1e,13.0,False,0.0,7.0,0.0,1175.0,0.0,0941,F,195,P
0942_01,Mars,False,TRAPPIST-1e,18.0,False,594.0,0.0,555.0,0.0,0.0,0942,F,196,P
0944_01,Earth,False,TRAPPIST-1e,16.0,False,891.0,0.0,831.0,0.0,0.0,0944,G,137,P
0944_02,Earth,False,55 Cancri e,8.0,False,0.0,0.0,0.0,0.0,0.0,0944,G,137,P
0946_01,Earth,False,TRAPPIST-1e,19.0,False,72.0,5.0,0.0,342.0,188.0,0946,F,198,P
0947_01,Earth,False,55 Cancri e,26.0,False,0.0,474.0,0.0,0.0,201.0,0947,G,138,P
0949_01,Earth,True,55 Cancri e,15.0,False,0.0,0.0,0.0,0.0,0.0,0949,G,140,P
0951_01,Earth,True,PSO J318.5-22,38.0,False,0.0,0.0,0.0,0.0,0.0,0951,G,144,S
0952_01,Mars,False,TRAPPIST-1e,45.0,False,877.0,0.0,1383.0,0.0,0.0,0952,F,175,S
0953_01,Earth,False,PSO J318.5-22,48.0,False,0.0,306.0,3.0,,359.0,0953,F,199,P
0955_01,Earth,True,55 Cancri e,17.0,False,,0.0,0.0,0.0,0.0,0955,G,145,S
0956_01,Earth,False,TRAPPIST-1e,28.0,False,0.0,631.0,0.0,5.0,0.0,0956,E,70,S
0957_01,Mars,True,TRAPPIST-1e,41.0,False,0.0,0.0,0.0,0.0,0.0,0957,F,201,P
0960_01,Earth,False,TRAPPIST-1e,19.0,False,3.0,0.0,,0.0,788.0,0960,E,72,S
0961_01,Earth,False,55 Cancri e,14.0,False,0.0,885.0,8.0,0.0,0.0,0961,G,141,P
0964_01,Europa,True,TRAPPIST-1e,21.0,False,0.0,0.0,0.0,0.0,,0964,B,36,P
0964_02,Europa,True,TRAPPIST-1e,48.0,False,0.0,0.0,0.0,0.0,0.0,0964,B,36,P
0965_01,Mars,False,TRAPPIST-1e,19.0,False,631.0,0.0,834.0,304.0,0.0,0965,F,178,S
0966_01,Earth,False,TRAPPIST-1e,29.0,False,1377.0,0.0,0.0,167.0,0.0,0966,F,179,S
0968_01,Earth,False,TRAPPIST-1e,20.0,False,792.0,0.0,0.0,0.0,0.0,0968,E,53,P
0969_01,Mars,True,TRAPPIST-1e,44.0,False,0.0,0.0,0.0,0.0,0.0,0969,F,202,P
0970_01,Earth,True,TRAPPIST-1e,19.0,False,0.0,0.0,0.0,0.0,0.0,0970,G,142,P
0971_01,Earth,True,TRAPPIST-1e,64.0,False,0.0,0.0,0.0,0.0,0.0,0971,G,143,P
0972_01,Earth,False,TRAPPIST-1e,21.0,False,0.0,314.0,323.0,1026.0,6.0,0972,E,54,P
0975_01,Earth,False,55 Cancri e,32.0,False,58.0,317.0,448.0,3.0,0.0,0975,E,56,P
0976_01,Earth,True,TRAPPIST-1e,20.0,False,0.0,0.0,0.0,0.0,0.0,0976,G,146,S
0978_01,Earth,False,TRAPPIST-1e,24.0,False,,32.0,8.0,0.0,0.0,0978,F,203,P
0979_01,Europa,False,,44.0,False,0.0,0.0,0.0,0.0,0.0,0979,B,40,S
0982_01,Earth,True,PSO J318.5-22,57.0,False,0.0,0.0,0.0,0.0,0.0,0982,G,145,P
0982_02,Earth,False,TRAPPIST-1e,51.0,False,,,4.0,0.0,0.0,0982,G,145,P
0983_01,Earth,True,55 Cancri e,34.0,False,0.0,0.0,0.0,0.0,0.0,0983,G,149,S
0984_01,Earth,False,TRAPPIST-1e,45.0,False,0.0,1.0,13.0,0.0,873.0,0984,G,150,S
0984_02,Earth,False,TRAPPIST-1e,24.0,False,0.0,0.0,718.0,0.0,0.0,0984,F,182,S
0984_03,Earth,False,TRAPPIST-1e,23.0,False,0.0,0.0,490.0,0.0,319.0,0984,G,150,S
0984_04,Earth,True,TRAPPIST-1e,30.0,False,0.0,0.0,0.0,0.0,0.0,0984,G,150,S
0984_05,Earth,False,55 Cancri e,20.0,False,0.0,11.0,0.0,136.0,1088.0,0984,F,182,S
0984_06,Earth,True,TRAPPIST-1e,22.0,False,0.0,0.0,0.0,0.0,0.0,0984,G,150,S
0984_07,Earth,True,PSO J318.5-22,,False,0.0,0.0,0.0,0.0,0.0,0984,G,150,S
0984_08,Earth,True,TRAPPIST-1e,71.0,False,0.0,0.0,0.0,0.0,0.0,0984,G,150,S
0985_01,Earth,False,55 Cancri e,18.0,False,6.0,0.0,,12.0,704.0,0985,E,57,P
0987_01,Earth,False,TRAPPIST-1e,16.0,False,3.0,0.0,35.0,150.0,478.0,0987,F,204,P
0988_01,,False,TRAPPIST-1e,28.0,False,0.0,3.0,906.0,0.0,0.0,0988,G,151,S
0988_02,Earth,False,TRAPPIST-1e,36.0,False,1.0,784.0,0.0,55.0,149.0,0988,E,73,S
0989_01,Earth,False,TRAPPIST-1e,6.0,False,0.0,0.0,0.0,0.0,0.0,0989,G,146,P
0990_01,Earth,False,PSO J318.5-22,26.0,False,0.0,541.0,46.0,4.0,96.0,0990,F,183,S
0991_01,Earth,True,TRAPPIST-1e,27.0,,0.0,0.0,0.0,0.0,0.0,0991,G,152,S
0992_01,Europa,False,TRAPPIST-1e,49.0,False,31.0,2727.0,0.0,184.0,135.0,0992,D,35,S
0992_02,Europa,False,TRAPPIST-1e,29.0,False,387.0,942.0,0.0,9927.0,1341.0,0992,D,35,S
0992_03,Europa,False,55 Cancri e,46.0,False,1192.0,1736.0,17.0,21.0,0.0,0992,D,35,S
0992_04,Europa,False,55 Cancri e,35.0,True,8030.0,300.0,0.0,0.0,1436.0,0992,G,734,S
0992_05,Europa,True,55 Cancri e,17.0,False,0.0,0.0,0.0,0.0,0.0,0992,D,35,S
0992_06,Europa,False,55 Cancri e,37.0,False,4301.0,791.0,0.0,1748.0,91.0,0992,D,35,S
0993_01,Earth,False,55 Cancri e,24.0,False,252.0,0.0,0.0,449.0,0.0,0993,F,184,S
0994_01,Earth,True,TRAPPIST-1e,47.0,False,0.0,0.0,0.0,0.0,0.0,0994,G,153,S
0994_02,Earth,False,TRAPPIST-1e,26.0,False,621.0,1.0,98.0,11.0,135.0,0994,F,185,S
0995_01,Europa,True,55 Cancri e,46.0,False,0.0,0.0,0.0,0.0,0.0,0995,C,36,P
0997_01,Mars,False,TRAPPIST-1e,27.0,False,253.0,0.0,880.0,22.0,2.0,0997,F,186,S
0998_01,Europa,False,TRAPPIST-1e,56.0,False,0.0,7447.0,0.0,253.0,35.0,0998,C,37,P
1000_01,Mars,False,,18.0,False,885.0,0.0,32.0,0.0,0.0,1000,D,39,P
1001_01,Earth,True,TRAPPIST-1e,15.0,False,0.0,0.0,0.0,0.0,0.0,1001,G,154,S
1002_01,Mars,False,55 Cancri e,3.0,False,0.0,0.0,0.0,0.0,0.0,1002,F,187,S
1002_02,Mars,False,TRAPPIST-1e,42.0,False,1050.0,0.0,715.0,0.0,3.0,1002,F,187,S
1002_03,Mars,True,TRAPPIST-1e,1.0,False,0.0,0.0,0.0,0.0,0.0,1002,F,187,S
1004_01,Europa,True,55 Cancri e,56.0,,0.0,0.0,0.0,0.0,0.0,1004,A,11,S
1005_01,Earth,False,TRAPPIST-1e,20.0,False,0.0,0.0,4.0,9.0,773.0,1005,G,156,S
1006_01,Earth,False,TRAPPIST-1e,21.0,False,0.0,0.0,0.0,0.0,791.0,1006,E,74,S
1006_02,Earth,True,TRAPPIST-1e,5.0,False,0.0,0.0,0.0,0.0,0.0,1006,E,74,S
1006_03,Earth,False,TRAPPIST-1e,12.0,False,0.0,0.0,0.0,0.0,0.0,1006,G,734,S
1008_01,Europa,True,55 Cancri e,39.0,False,0.0,0.0,0.0,0.0,0.0,1008,C,39,S
1008_02,Europa,True,TRAPPIST-1e,60.0,False,0.0,0.0,0.0,0.0,0.0,1008,C,39,S
1011_01,Earth,False,TRAPPIST-1e,31.0,False,1633.0,4.0,49.0,6.0,0.0,1011,G,734,S
1011_02,Earth,True,TRAPPIST-1e,58.0,False,0.0,0.0,0.0,0.0,0.0,1011,G,148,P
1012_01,Earth,True,TRAPPIST-1e,19.0,False,0.0,0.0,0.0,0.0,0.0,1012,G,149,P
1013_01,Earth,True,TRAPPIST-1e,29.0,False,0.0,0.0,0.0,0.0,0.0,1013,G,158,S
1014_01,Mars,True,TRAPPIST-1e,19.0,False,0.0,0.0,0.0,0.0,0.0,1014,F,207,P
1015_01,Earth,False,TRAPPIST-1e,44.0,,0.0,131.0,267.0,554.0,0.0,1015,F,189,S
1017_01,Earth,False,TRAPPIST-1e,20.0,False,0.0,15.0,122.0,1125.0,0.0,1017,F,190,S
1018_01,Earth,True,TRAPPIST-1e,18.0,False,0.0,0.0,0.0,0.0,0.0,1018,G,150,P
1019_01,Earth,False,,36.0,False,1.0,1410.0,0.0,1.0,0.0,1019,F,191,S
1020_01,Mars,True,TRAPPIST-1e,25.0,False,0.0,0.0,0.0,0.0,0.0,1020,F,208,P
1022_01,Earth,False,TRAPPIST-1e,15.0,,48.0,6.0,0.0,954.0,0.0,1022,G,734,S
1024_01,Earth,False,55 Cancri e,18.0,False,187.0,12.0,0.0,1277.0,0.0,1024,F,209,P
1024_02,Earth,True,TRAPPIST-1e,0.0,False,0.0,0.0,0.0,0.0,0.0,1024,G,152,P
1024_03,,False,55 Cancri e,54.0,False,0.0,5.0,0.0,594.0,209.0,1024,G,152,P
1024_04,Earth,False,55 Cancri e,0.0,False,0.0,0.0,0.0,0.0,0.0,1024,G,152,P
1025_01,Earth,False,TRAPPIST-1e,20.0,False,759.0,0.0,106.0,202.0,0.0,1025,F,210,P
1026_01,Earth,True,TRAPPIST-1e,21.0,False,,0.0,0.0,0.0,0.0,1026,G,159,S
1027_01,Mars,False,TRAPPIST-1e,8.0,False,0.0,0.0,0.0,0.0,0.0,1027,F,211,P
1027_02,Mars,False,TRAPPIST-1e,46.0,False,1454.0,0.0,81.0,38.0,0.0,1027,F,211,P
1027_03,Mars,False,TRAPPIST-1e,31.0,False,231.0,0.0,,279.0,9.0,1027,F,211,P
1027_04,Mars,False,55 Cancri e,3.0,False,0.0,0.0,0.0,0.0,0.0,1027,F,211,P
1029_01,Mars,True,TRAPPIST-1e,30.0,False,0.0,0.0,0.0,0.0,0.0,1029,F,212,P
1030_01,Earth,False,TRAPPIST-1e,23.0,False,1081.0,0.0,0.0,0.0,7.0,1030,F,213,P
1031_01,Earth,False,TRAPPIST-1e,14.0,False,756.0,84.0,0.0,8.0,99.0,1031,F,194,S
1032_01,Earth,True,PSO J318.5-22,25.0,False,0.0,0.0,0.0,0.0,0.0,1032,G,153,P
1033_01,Earth,True,TRAPPIST-1e,61.0,False,0.0,0.0,0.0,0.0,0.0,1033,G,154,P
1034_01,Earth,False,TRAPPIST-1e,31.0,False,0.0,0.0,0.0,675.0,213.0,1034,G,155,P
1035_01,Mars,False,55 Cancri e,13.0,False,4.0,0.0,1973.0,0.0,39.0,1035,F,214,P
1036_01,Earth,True,PSO J318.5-22,24.0,False,0.0,,0.0,0.0,0.0,1036,G,161,S
1038_01,Earth,False,TRAPPIST-1e,47.0,False,0.0,306.0,84.0,499.0,0.0,1038,G,163,S
1040_01,Earth,False,PSO J318.5-22,15.0,False,521.0,162.0,62.0,5.0,0.0,1040,G,164,S
1041_01,Europa,True,TRAPPIST-1e,46.0,False,0.0,0.0,0.0,0.0,0.0,1041,G,734,S
1043_01,Earth,False,TRAPPIST-1e,49.0,False,0.0,0.0,1526.0,960.0,0.0,1043,F,215,P
1045_01,Europa,False,TRAPPIST-1e,37.0,False,0.0,0.0,0.0,0.0,0.0,1045,C,38,P
1045_02,Europa,False,TRAPPIST-1e,44.0,False,0.0,2349.0,7.0,815.0,10896.0,1045,C,38,P
1046_01,Earth,False,TRAPPIST-1e,16.0,False,507.0,0.0,0.0,0.0,,1046,F,196,S
1047_01,Earth,True,TRAPPIST-1e,58.0,False,0.0,0.0,0.0,0.0,0.0,1047,G,156,P
1048_01,Earth,False,TRAPPIST-1e,20.0,False,0.0,537.0,612.0,3.0,0.0,1048,F,216,P
1049_01,Mars,True,55 Cancri e,36.0,False,0.0,0.0,0.0,0.0,0.0,1049,F,217,P
1049_02,Mars,True,TRAPPIST-1e,31.0,False,0.0,0.0,0.0,0.0,0.0,1049,F,217,P
1051_01,Earth,False,TRAPPIST-1e,21.0,False,2.0,447.0,81.0,74.0,,1051,F,197,S
1052_01,Earth,False,55 Cancri e,22.0,False,,0.0,21.0,0.0,0.0,1052,F,198,S
1053_01,Earth,False,PSO J318.5-22,27.0,False,182.0,0.0,0.0,0.0,376.0,1053,F,199,S
1054_01,Earth,False,TRAPPIST-1e,58.0,False,0.0,0.0,828.0,0.0,96.0,1054,F,200,S
1056_01,,True,TRAPPIST-1e,38.0,False,0.0,0.0,0.0,0.0,0.0,1056,F,218,P
1056_02,Mars,True,55 Cancri e,30.0,False,0.0,0.0,0.0,0.0,0.0,1056,F,218,P
1057_01,Europa,True,55 Cancri e,20.0,False,0.0,0.0,0.0,0.0,0.0,1057,C,39,P
1058_01,Earth,False,TRAPPIST-1e,19.0,False,0.0,0.0,27.0,53.0,677.0,1058,F,201,S
1060_01,Earth,False,TRAPPIST-1e,57.0,False,,20.0,157.0,21.0,689.0,1060,G,166,S
1062_01,Earth,False,TRAPPIST-1e,26.0,False,0.0,773.0,48.0,0.0,149.0,1062,F,219,P
1063_01,,False,TRAPPIST-1e,38.0,False,0.0,3262.0,0.0,295.0,1374.0,1063,B,38,P
1063_02,Europa,True,TRAPPIST-1e,15.0,False,0.0,,0.0,0.0,0.0,1063,B,38,P
1065_01,Mars,True,TRAPPIST-1e,,,0.0,0.0,0.0,0.0,0.0,1065,F,202,S
1066_01,Mars,True,TRAPPIST-1e,35.0,False,0.0,0.0,0.0,0.0,0.0,1066,F,220,P
1068_01,Earth,True,PSO J318.5-22,38.0,False,0.0,0.0,0.0,0.0,0.0,1068,G,167,S
1071_01,,False,TRAPPIST-1e,35.0,False,415.0,1328.0,0.0,14.0,60.0,1071,T,0,P
1075_01,Europa,True,TRAPPIST-1e,14.0,False,0.0,0.0,0.0,0.0,0.0,1075,B,41,S
1075_02,Europa,True,TRAPPIST-1e,27.0,False,0.0,0.0,0.0,0.0,0.0,1075,B,41,S
1076_01,Earth,True,TRAPPIST-1e,25.0,False,0.0,0.0,0.0,0.0,0.0,1076,G,161,P
1077_01,Earth,,TRAPPIST-1e,37.0,False,0.0,113.0,0.0,283.0,455.0,1077,G,162,P
1078_01,Earth,False,55 Cancri e,25.0,False,79.0,709.0,0.0,0.0,0.0,1078,E,60,P
1079_01,Earth,False,55 Cancri e,41.0,False,638.0,0.0,133.0,0.0,,1079,G,163,P
1080_01,Mars,False,TRAPPIST-1e,50.0,False,202.0,,1108.0,0.0,0.0,1080,F,204,S
1082_01,Mars,False,TRAPPIST-1e,33.0,False,694.0,0.0,60.0,564.0,0.0,1082,F,205,S
1083_01,Mars,True,TRAPPIST-1e,27.0,False,0.0,0.0,0.0,0.0,0.0,1083,F,206,S
1083_02,Mars,True,TRAPPIST-1e,23.0,False,0.0,0.0,0.0,0.0,0.0,1083,F,206,S
1083_03,Mars,False,TRAPPIST-1e,18.0,False,556.0,0.0,0.0,852.0,6.0,1083,F,206,S
1084_01,Earth,False,TRAPPIST-1e,31.0,False,0.0,1.0,0.0,16.0,843.0,1084,F,207,S
1085_01,Earth,,TRAPPIST-1e,54.0,,0.0,0.0,0.0,0.0,0.0,1085,G,165,P
1086_01,Earth,True,TRAPPIST-1e,0.0,False,0.0,0.0,0.0,0.0,0.0,1086,G,166,P
1086_02,Earth,False,TRAPPIST-1e,11.0,False,0.0,0.0,0.0,0.0,,1086,G,166,P
1086_03,Earth,True,TRAPPIST-1e,4.0,False,0.0,0.0,0.0,0.0,0.0,1086,G,166,P
1086_04,Earth,False,,19.0,False,0.0,0.0,0.0,641.0,0.0,1086,E,61,P
1086_05,Earth,False,TRAPPIST-1e,7.0,False,0.0,0.0,0.0,0.0,0.0,1086,G,166,P
1088_01,Earth,True,PSO J318.5-22,20.0,False,0.0,0.0,0.0,0.0,0.0,1088,G,169,S
1089_01,,True,55 Cancri e,33.0,False,0.0,0.0,0.0,0.0,0.0,1089,D,41,P
1089_02,Europa,False,TRAPPIST-1e,26.0,False,0.0,565.0,1.0,677.0,794.0,1089,D,41,P
1091_01,Mars,True,TRAPPIST-1e,35.0,False,0.0,0.0,0.0,0.0,0.0,1091,F,223,P
1093_01,Mars,False,TRAPPIST-1e,23.0,False,1862.0,59.0,18.0,192.0,0.0,1093,D,42,P
1094_01,Earth,False,TRAPPIST-1e,60.0,,437.0,2.0,0.0,0.0,365.0,1094,F,224,P
1095_01,Europa,True,TRAPPIST-1e,34.0,False,0.0,0.0,0.0,0.0,0.0,1095,G,734,S
1096_01,Earth,False,TRAPPIST-1e,,False,233.0,0.0,0.0,0.0,488.0,1096,G,170,S
1097_01,Mars,True,TRAPPIST-1e,42.0,False,0.0,0.0,0.0,0.0,0.0,1097,E,76,S
1099_01,Earth,False,PSO J318.5-22,22.0,False,0.0,78.0,642.0,0.0,0.0,1099,F,225,P
1100_01,Mars,False,TRAPPIST-1e,18.0,False,490.0,355.0,298.0,245.0,0.0,1100,F,226,P
1100_02,Mars,False,TRAPPIST-1e,5.0,False,,0.0,0.0,0.0,0.0,1100,F,226,P
1100_03,Mars,False,TRAPPIST-1e,18.0,False,787.0,0.0,106.0,1710.0,0.0,1100,F,226,P
1100_04,Mars,False,TRAPPIST-1e,29.0,False,528.0,271.0,99.0,0.0,130.0,1100,E,62,P
1102_01,Mars,,PSO J318.5-22,39.0,False,173.0,0.0,660.0,1.0,781.0,1102,F,227,P
1105_01,Earth,False,TRAPPIST-1e,17.0,False,82.0,0.0,263.0,16.0,515.0,1105,F,208,S
1108_01,Mars,False,TRAPPIST-1e,58.0,False,55.0,0.0,756.0,246.0,100.0,1108,F,211,S
1108_02,Mars,True,TRAPPIST-1e,5.0,False,0.0,0.0,0.0,0.0,0.0,1108,F,211,S
1110_01,Europa,False,TRAPPIST-1e,23.0,False,0.0,24.0,0.0,55.0,7516.0,1110,C,42,S
1110_02,Europa,False,55 Cancri e,26.0,False,8.0,6138.0,0.0,3.0,754.0,1110,C,42,S
1112_01,Europa,False,55 Cancri e,40.0,False,0.0,4076.0,6124.0,58.0,100.0,1112,B,39,P
1113_01,Earth,False,TRAPPIST-1e,20.0,False,0.0,0.0,0.0,0.0,719.0,1113,E,78,S
1114_01,Mars,False,TRAPPIST-1e,38.0,True,936.0,0.0,363.0,0.0,0.0,1114,E,79,S
1114_02,Mars,False,TRAPPIST-1e,31.0,False,0.0,0.0,0.0,0.0,0.0,1114,E,79,S
1115_01,Earth,True,TRAPPIST-1e,34.0,False,0.0,0.0,0.0,0.0,0.0,1115,G,173,S
1116_01,Earth,False,TRAPPIST-1e,9.0,False,0.0,0.0,0.0,0.0,0.0,1116,G,174,S
1116_02,Earth,,TRAPPIST-1e,36.0,False,0.0,3011.0,0.0,0.0,98.0,1116,G,734,S
1116_03,Earth,True,TRAPPIST-1e,26.0,False,0.0,0.0,0.0,0.0,0.0,1116,G,174,S
1117_01,Earth,False,TRAPPIST-1e,18.0,False,855.0,0.0,51.0,0.0,0.0,1117,E,63,P
1121_01,Earth,False,PSO J318.5-22,55.0,,98.0,46.0,0.0,743.0,0.0,1121,F,229,P
1123_01,Europa,False,TRAPPIST-1e,28.0,False,0.0,402.0,0.0,135.0,9010.0,1123,B,40,P
1127_01,Europa,True,55 Cancri e,18.0,False,0.0,0.0,0.0,0.0,0.0,1127,B,43,S
1129_01,Earth,False,TRAPPIST-1e,28.0,False,2.0,0.0,0.0,787.0,3.0,1129,E,80,S
1130_01,Mars,True,TRAPPIST-1e,23.0,False,,0.0,0.0,0.0,0.0,1130,E,81,S
1130_02,Mars,False,55 Cancri e,20.0,False,,3.0,3505.0,199.0,17.0,1130,D,38,S
1132_01,Earth,True,TRAPPIST-1e,22.0,False,0.0,0.0,0.0,0.0,0.0,1132,G,734,S
1133_01,Mars,False,TRAPPIST-1e,27.0,False,0.0,0.0,0.0,0.0,0.0,1133,E,64,P
1134_01,Europa,True,55 Cancri e,13.0,False,0.0,0.0,0.0,0.0,0.0,1134,G,734,S
1136_01,Earth,False,TRAPPIST-1e,32.0,False,0.0,1755.0,0.0,0.0,67.0,1136,G,175,S
1140_01,Europa,False,TRAPPIST-1e,53.0,False,0.0,143.0,1632.0,3.0,756.0,1140,B,46,S
1140_02,Europa,True,TRAPPIST-1e,34.0,False,0.0,0.0,0.0,0.0,0.0,1140,B,46,S
1140_03,Europa,True,55 Cancri e,42.0,False,0.0,0.0,0.0,0.0,0.0,1140,B,46,S
1141_01,Earth,True,TRAPPIST-1e,19.0,False,0.0,0.0,0.0,0.0,0.0,1141,G,176,S
1142_01,Earth,False,TRAPPIST-1e,54.0,False,0.0,0.0,0.0,0.0,908.0,1142,G,173,P
1144_01,Earth,False,TRAPPIST-1e,12.0,False,0.0,0.0,0.0,0.0,0.0,1144,G,177,S
1144_02,Earth,False,TRAPPIST-1e,35.0,False,482.0,0.0,884.0,0.0,30.0,1144,F,217,S
1144_03,Earth,False,TRAPPIST-1e,55.0,False,412.0,97.0,3.0,0.0,,1144,G,177,S
1146_01,Earth,False,55 Cancri e,26.0,,620.0,0.0,187.0,0.0,1304.0,1146,F,232,P
1147_01,Europa,True,TRAPPIST-1e,49.0,False,0.0,0.0,0.0,0.0,0.0,1147,B,42,P
1148_01,Europa,True,55 Cancri e,22.0,False,0.0,,0.0,0.0,0.0,1148,C,42,P
1148_02,Europa,False,55 Cancri e,,False,0.0,122.0,2138.0,7368.0,1213.0,1148,C,42,P
1148_03,Europa,False,TRAPPIST-1e,30.0,False,0.0,5225.0,0.0,8.0,1933.0,1148,C,42,P
1148_04,Europa,False,55 Cancri e,39.0,False,0.0,5212.0,2.0,118.0,61.0,1148,G,734,S
1148_05,Europa,True,,14.0,False,0.0,0.0,0.0,0.0,0.0,1148,C,42,P
1148_06,Europa,True,TRAPPIST-1e,29.0,False,0.0,0.0,,0.0,0.0,1148,C,42,P
1148_07,Europa,False,55 Cancri e,34.0,False,2386.0,841.0,76.0,26.0,1693.0,1148,C,42,P
1149_01,Earth,False,55 Cancri e,8.0,False,0.0,0.0,0.0,0.0,0.0,1149,G,178,S
1149_02,Earth,False,TRAPPIST-1e,7.0,False,0.0,0.0,0.0,0.0,0.0,1149,G,178,S
1149_03,Earth,True,TRAPPIST-1e,3.0,False,0.0,0.0,0.0,0.0,0.0,1149,G,178,S
1149_04,Earth,False,TRAPPIST-1e,0.0,False,0.0,0.0,0.0,0.0,0.0,1149,G,178,S
1149_05,Earth,False,55 Cancri e,10.0,False,0.0,0.0,0.0,0.0,0.0,1149,G,178,S
1150_01,Earth,True,55 Cancri e,16.0,,,0.0,0.0,0.0,0.0,1150,G,179,S
1152_01,Mars,False,TRAPPIST-1e,41.0,False,29.0,0.0,1095.0,0.0,4.0,1152,F,218,S
1153_01,Earth,True,TRAPPIST-1e,18.0,False,0.0,0.0,0.0,0.0,0.0,1153,G,174,P
1154_01,Europa,True,TRAPPIST-1e,25.0,False,0.0,,0.0,,0.0,1154,B,43,P
1154_02,Europa,True,TRAPPIST-1e,32.0,False,0.0,0.0,0.0,0.0,0.0,1154,B,43,P
1154_03,Europa,True,55 Cancri e,26.0,False,0.0,0.0,0.0,0.0,0.0,1154,B,43,P
1155_01,Earth,False,TRAPPIST-1e,26.0,False,131.0,799.0,0.0,0.0,16.0,1155,F,233,P
1155_02,Earth,True,TRAPPIST-1e,18.0,False,0.0,0.0,0.0,0.0,0.0,1155,G,175,P
1156_01,Europa,False,TRAPPIST-1e,27.0,False,0.0,2987.0,2.0,3072.0,67.0,1156,B,47,S
1156_02,Europa,True,TRAPPIST-1e,26.0,False,0.0,0.0,0.0,0.0,0.0,1156,B,47,S
1161_01,Europa,False,55 Cancri e,28.0,False,0.0,11330.0,72.0,43.0,461.0,1161,B,48,S
1161_02,Europa,False,55 Cancri e,19.0,False,0.0,1291.0,0.0,16139.0,687.0,1161,B,48,S
1162_01,Europa,False,TRAPPIST-1e,31.0,False,0.0,1847.0,0.0,103.0,694.0,1162,C,45,S
1163_01,Earth,False,55 Cancri e,35.0,False,0.0,1328.0,5.0,0.0,7.0,1163,F,235,P
1165_01,Europa,False,55 Cancri e,46.0,False,0.0,7201.0,0.0,32.0,2587.0,1165,B,44,P
1165_02,Europa,False,TRAPPIST-1e,37.0,False,636.0,333.0,0.0,205.0,67.0,1165,B,44,P
1165_03,Europa,True,TRAPPIST-1e,29.0,False,0.0,0.0,0.0,0.0,0.0,1165,B,44,P
1165_04,Europa,True,TRAPPIST-1e,17.0,False,0.0,0.0,0.0,0.0,0.0,1165,B,44,P
1166_01,Europa,False,55 Cancri e,30.0,False,0.0,3564.0,926.0,1.0,1920.0,1166,C,43,P
1167_01,Mars,True,TRAPPIST-1e,28.0,False,0.0,0.0,,0.0,0.0,1167,F,236,P
1168_01,Earth,False,TRAPPIST-1e,16.0,False,0.0,58.0,12.0,68.0,653.0,1168,E,69,P
1169_01,Mars,,TRAPPIST-1e,40.0,False,2357.0,0.0,9.0,0.0,0.0,1169,F,221,S
1170_01,Earth,False,TRAPPIST-1e,23.0,False,0.0,0.0,279.0,0.0,512.0,1170,E,83,S
1173_01,Earth,False,PSO J318.5-22,24.0,,96.0,592.0,12.0,0.0,0.0,1173,G,182,S
1174_01,Earth,True,TRAPPIST-1e,36.0,False,0.0,0.0,,0.0,0.0,1174,G,176,P
1175_01,Mars,True,TRAPPIST-1e,34.0,False,0.0,0.0,0.0,0.0,0.0,1175,F,223,S
1177_01,Europa,True,TRAPPIST-1e,59.0,False,0.0,0.0,0.0,0.0,0.0,1177,C,44,P
1178_01,Earth,False,TRAPPIST-1e,20.0,False,0.0,0.0,600.0,0.0,0.0,1178,F,224,S
1179_01,Europa,True,TRAPPIST-1e,15.0,False,0.0,0.0,0.0,0.0,0.0,1179,B,49,S
1180_01,Earth,False,TRAPPIST-1e,19.0,False,0.0,,957.0,4.0,0.0,1180,F,225,S
1182_01,Mars,True,55 Cancri e,64.0,False,0.0,0.0,0.0,0.0,0.0,1182,F,237,P
1182_02,Mars,False,TRAPPIST-1e,24.0,False,2997.0,0.0,3.0,0.0,7.0,1182,E,70,P
1182_03,Mars,False,TRAPPIST-1e,23.0,,60.0,1356.0,0.0,0.0,0.0,1182,F,237,P
1185_01,Mars,False,TRAPPIST-1e,30.0,False,,0.0,0.0,679.0,0.0,1185,E,71,P
1186_01,Earth,False,TRAPPIST-1e,0.0,False,0.0,0.0,0.0,0.0,0.0,1186,G,183,S
1186_02,Earth,False,TRAPPIST-1e,8.0,,0.0,0.0,0.0,0.0,0.0,1186,G,183,S
1186_03,Earth,True,TRAPPIST-1e,1.0,False,0.0,0.0,0.0,0.0,0.0,1186,G,183,S
1186_04,Earth,False,TRAPPIST-1e,48.0,False,0.0,33.0,654.0,0.0,113.0,1186,F,227,S
1186_05,Earth,False,TRAPPIST-1e,12.0,False,0.0,0.0,0.0,0.0,0.0,1186,G,183,S
1187_01,Earth,False,TRAPPIST-1e,30.0,False,0.0,575.0,180.0,4.0,44.0,1187,F,228,S
1187_02,Earth,False,TRAPPIST-1e,10.0,False,0.0,0.0,0.0,0.0,0.0,1187,G,184,S
1187_03,Earth,False,TRAPPIST-1e,11.0,False,0.0,0.0,0.0,0.0,0.0,1187,G,184,S
1188_01,Europa,False,TRAPPIST-1e,58.0,False,204.0,4227.0,0.0,3026.0,61.0,1188,C,46,P
1190_01,Earth,False,TRAPPIST-1e,52.0,False,0.0,243.0,464.0,71.0,8.0,1190,E,72,P
1191_01,Earth,False,TRAPPIST-1e,36.0,False,0.0,0.0,0.0,0.0,1583.0,1191,F,229,S
1192_01,Earth,False,TRAPPIST-1e,32.0,False,600.0,670.0,0.0,187.0,0.0,1192,F,238,P
1193_01,Europa,True,TRAPPIST-1e,16.0,False,0.0,0.0,0.0,0.0,0.0,1193,B,50,S
1193_02,Europa,True,55 Cancri e,25.0,False,0.0,0.0,0.0,0.0,0.0,1193,B,50,S
1195_01,Earth,False,55 Cancri e,28.0,False,2.0,558.0,0.0,0.0,0.0,1195,F,239,P
1197_01,Europa,False,55 Cancri e,32.0,True,0.0,122.0,3700.0,337.0,1388.0,1197,B,45,P
1198_01,Mars,False,TRAPPIST-1e,28.0,,42.0,1116.0,0.0,0.0,0.0,1198,G,734,S
1199_01,Earth,False,TRAPPIST-1e,16.0,False,0.0,0.0,752.0,0.0,235.0,1199,E,73,P
1203_01,Europa,False,55 Cancri e,50.0,True,0.0,5473.0,0.0,703.0,6381.0,1203,B,51,S
1206_01,Earth,False,TRAPPIST-1e,20.0,False,71.0,8.0,513.0,354.0,0.0,1206,F,241,P
1208_01,Earth,False,TRAPPIST-1e,23.0,False,,0.0,6.0,30.0,200.0,1208,G,178,P
1210_01,Earth,True,TRAPPIST-1e,45.0,,0.0,0.0,0.0,0.0,0.0,1210,G,179,P
1210_02,Earth,False,TRAPPIST-1e,23.0,False,393.0,510.0,0.0,0.0,5.0,1210,G,179,P
1211_01,Earth,True,PSO J318.5-22,53.0,False,0.0,0.0,0.0,0.0,0.0,1211,G,186,S
1211_02,Earth,True,TRAPPIST-1e,8.0,False,0.0,0.0,0.0,0.0,0.0,1211,G,186,S
1211_03,Earth,True,TRAPPIST-1e,6.0,False,0.0,0.0,0.0,0.0,0.0,1211,G,186,S
1211_04,Earth,True,TRAPPIST-1e,3.0,False,0.0,0.0,0.0,0.0,0.0,1211,G,186,S
1211_05,Earth,False,55 Cancri e,13.0,False,1.0,212.0,843.0,78.0,10.0,1211,F,232,S
1211_06,Earth,True,TRAPPIST-1e,60.0,False,0.0,0.0,0.0,0.0,0.0,1211,G,186,S
1211_07,Earth,False,55 Cancri e,1.0,False,0.0,0.0,0.0,,0.0,1211,G,186,S
1212_01,Earth,False,TRAPPIST-1e,40.0,False,0.0,1.0,195.0,560.0,0.0,1212,G,180,P
1213_01,Earth,False,TRAPPIST-1e,51.0,False,0.0,,800.0,0.0,4.0,1213,F,242,P
1214_01,Earth,True,55 Cancri e,31.0,False,0.0,0.0,0.0,0.0,0.0,1214,G,181,P
1215_01,Earth,True,TRAPPIST-1e,28.0,False,0.0,0.0,0.0,0.0,0.0,1215,G,187,S
1216_01,Earth,False,TRAPPIST-1e,20.0,False,65.0,905.0,0.0,0.0,0.0,1216,G,182,P
1218_01,Earth,False,TRAPPIST-1e,14.0,False,0.0,0.0,0.0,2143.0,7.0,1218,F,243,P
1220_01,Europa,False,TRAPPIST-1e,23.0,False,0.0,592.0,0.0,345.0,810.0,1220,E,76,P
1221_01,Earth,False,TRAPPIST-1e,4.0,False,0.0,0.0,0.0,0.0,0.0,1221,G,188,S
1221_02,Earth,False,TRAPPIST-1e,20.0,False,0.0,0.0,0.0,1608.0,1.0,1221,E,87,S
1222_01,Earth,False,TRAPPIST-1e,75.0,False,0.0,493.0,0.0,131.0,132.0,1222,G,183,P
1223_01,Europa,True,55 Cancri e,24.0,False,0.0,0.0,0.0,0.0,0.0,1223,C,48,S
1225_01,Earth,False,TRAPPIST-1e,18.0,False,2.0,1311.0,60.0,28.0,1.0,1225,F,244,P
1228_01,Mars,True,TRAPPIST-1e,21.0,False,0.0,0.0,0.0,0.0,0.0,1228,G,734,S
1228_02,Mars,False,TRAPPIST-1e,59.0,False,142.0,0.0,907.0,0.0,0.0,1228,E,89,S
1229_01,Earth,False,TRAPPIST-1e,27.0,False,0.0,0.0,863.0,33.0,2.0,1229,F,245,P
1230_01,Earth,False,TRAPPIST-1e,38.0,False,354.0,34.0,0.0,291.0,229.0,1230,G,189,S
1231_01,Mars,True,TRAPPIST-1e,41.0,False,0.0,0.0,0.0,0.0,0.0,1231,E,77,P
1232_01,Europa,True,TRAPPIST-1e,36.0,False,0.0,0.0,0.0,0.0,0.0,1232,C,49,S
1232_02,Europa,False,55 Cancri e,29.0,False,0.0,42.0,0.0,4651.0,661.0,1232,C,49,S
1233_01,Earth,True,PSO J318.5-22,22.0,False,0.0,0.0,0.0,0.0,0.0,1233,G,184,P
1234_01,Earth,False,PSO J318.5-22,23.0,False,0.0,0.0,1250.0,0.0,0.0,1234,F,236,S
1235_01,Earth,False,TRAPPIST-1e,32.0,False,27.0,393.0,1061.0,27.0,0.0,1235,F,237,S
1236_01,Earth,False,55 Cancri e,21.0,False,614.0,43.0,0.0,1.0,0.0,1236,F,246,P
1238_01,Europa,False,TRAPPIST-1e,26.0,False,0.0,1026.0,3301.0,831.0,356.0,1238,C,50,S
1238_02,Europa,True,TRAPPIST-1e,61.0,False,0.0,0.0,0.0,0.0,0.0,1238,B,53,S
1239_01,Earth,False,PSO J318.5-22,30.0,False,585.0,13.0,122.0,40.0,105.0,1239,E,78,P
1240_01,Earth,False,TRAPPIST-1e,40.0,False,889.0,185.0,0.0,0.0,28.0,1240,F,238,S
1242_01,Europa,False,55 Cancri e,37.0,False,0.0,4677.0,0.0,115.0,223.0,1242,C,48,P
1243_01,Europa,False,TRAPPIST-1e,41.0,False,0.0,4224.0,0.0,1374.0,1281.0,1243,A,9,P
1243_02,Europa,False,TRAPPIST-1e,32.0,False,8168.0,69.0,11.0,371.0,0.0,1243,A,9,P
1246_01,Earth,False,TRAPPIST-1e,30.0,False,0.0,192.0,0.0,565.0,0.0,1246,G,185,P
1248_01,Earth,False,PSO J318.5-22,27.0,False,0.0,,0.0,0.0,0.0,1248,F,239,S
1250_01,Earth,False,TRAPPIST-1e,22.0,False,0.0,17.0,0.0,61.0,567.0,1250,F,240,S
1254_01,Mars,False,TRAPPIST-1e,54.0,False,704.0,0.0,431.0,0.0,47.0,1254,D,44,S
1254_02,Mars,False,TRAPPIST-1e,27.0,False,4.0,0.0,896.0,229.0,0.0,1254,F,241,S
1255_01,Mars,True,TRAPPIST-1e,52.0,False,0.0,0.0,0.0,,0.0,1255,F,242,S
1255_02,Mars,True,TRAPPIST-1e,15.0,False,0.0,0.0,0.0,0.0,0.0,1255,F,242,S
1256_01,Mars,False,TRAPPIST-1e,27.0,False,1277.0,0.0,1.0,10.0,9.0,1256,E,92,S
1258_01,Europa,False,55 Cancri e,30.0,False,0.0,3628.0,289.0,1737.0,4987.0,1258,A,10,P
1259_01,Earth,False,TRAPPIST-1e,19.0,False,0.0,0.0,619.0,0.0,142.0,1259,F,243,S
1260_01,Earth,True,PSO J318.5-22,22.0,False,0.0,0.0,0.0,0.0,0.0,1260,G,186,P
1261_01,Europa,False,55 Cancri e,43.0,False,1365.0,3106.0,0.0,50.0,2313.0,1261,C,49,P
1263_01,Mars,False,TRAPPIST-1e,25.0,False,1084.0,1.0,66.0,0.0,5.0,1263,F,244,S
1264_01,Earth,False,TRAPPIST-1e,51.0,False,0.0,1.0,0.0,51.0,945.0,1264,E,79,P
1267_01,Earth,True,PSO J318.5-22,34.0,,0.0,0.0,0.0,0.0,0.0,1267,G,191,S
1269_01,Mars,False,TRAPPIST-1e,21.0,False,2066.0,0.0,15.0,0.0,1.0,1269,E,80,P
1271_01,Earth,True,PSO J318.5-22,21.0,False,0.0,0.0,0.0,0.0,0.0,1271,G,189,P
1273_01,Earth,False,TRAPPIST-1e,23.0,False,0.0,0.0,0.0,759.0,0.0,1273,F,246,S
1274_01,Earth,False,55 Cancri e,38.0,False,0.0,0.0,591.0,40.0,173.0,1274,F,254,P
1278_01,Earth,True,TRAPPIST-1e,30.0,False,0.0,0.0,0.0,0.0,0.0,1278,G,190,P
1279_01,Europa,True,55 Cancri e,31.0,False,0.0,0.0,0.0,0.0,0.0,1279,C,50,P
1280_01,Earth,False,PSO J318.5-22,44.0,False,0.0,178.0,482.0,0.0,0.0,1280,F,257,P
1281_01,Earth,True,TRAPPIST-1e,14.0,False,0.0,0.0,0.0,0.0,0.0,1281,G,193,S
1282_01,Earth,True,PSO J318.5-22,18.0,,0.0,0.0,0.0,0.0,0.0,1282,G,191,P
1283_01,Earth,False,TRAPPIST-1e,19.0,False,6.0,,1.0,714.0,0.0,1283,G,194,S
1284_01,Mars,True,,,False,0.0,,0.0,0.0,0.0,1284,F,247,S
1285_01,Earth,False,55 Cancri e,36.0,False,286.0,415.0,16.0,0.0,0.0,1285,F,258,P
1286_01,Mars,True,TRAPPIST-1e,10.0,False,0.0,0.0,0.0,0.0,0.0,1286,F,248,S
1287_01,Mars,True,TRAPPIST-1e,1.0,False,0.0,0.0,0.0,0.0,0.0,1287,F,259,P
1287_02,Mars,True,55 Cancri e,4.0,False,0.0,0.0,0.0,,0.0,1287,F,259,P
1287_03,Mars,False,TRAPPIST-1e,21.0,False,733.0,0.0,1084.0,1.0,43.0,1287,F,259,P
1288_01,Earth,False,TRAPPIST-1e,24.0,False,621.0,0.0,0.0,0.0,0.0,1288,G,192,P
1289_01,Earth,False,TRAPPIST-1e,8.0,False,0.0,0.0,0.0,0.0,,1289,G,195,S
1289_02,Earth,False,TRAPPIST-1e,18.0,False,789.0,0.0,2.0,0.0,19.0,1289,G,195,S
1291_01,Mars,False,TRAPPIST-1e,33.0,False,1758.0,59.0,4.0,0.0,0.0,1291,F,260,P
1292_01,Europa,False,55 Cancri e,31.0,True,0.0,27723.0,3.0,202.0,3146.0,1292,B,55,S
1292_02,Europa,False,TRAPPIST-1e,43.0,False,105.0,368.0,268.0,842.0,13.0,1292,B,55,S
1293_01,Earth,False,TRAPPIST-1e,20.0,False,213.0,0.0,,0.0,584.0,1293,F,261,P
1294_01,Europa,True,TRAPPIST-1e,28.0,False,0.0,0.0,0.0,0.0,0.0,1294,A,14,S
1294_02,Europa,True,PSO J318.5-22,30.0,False,0.0,0.0,0.0,0.0,0.0,1294,A,14,S
1294_03,Europa,False,TRAPPIST-1e,28.0,True,,0.0,,0.0,0.0,1294,A,14,S
1295_01,Earth,,TRAPPIST-1e,19.0,False,68.0,0.0,0.0,719.0,0.0,1295,G,734,S
1299_01,Earth,False,TRAPPIST-1e,22.0,False,0.0,0.0,675.0,5.0,0.0,1299,F,250,S
1300_01,Earth,False,55 Cancri e,27.0,False,1.0,299.0,1.0,380.0,13.0,1300,F,251,S
1302_01,Mars,False,55 Cancri e,22.0,False,218.0,50.0,4817.0,146.0,256.0,1302,D,45,S
1304_01,Earth,True,55 Cancri e,2.0,False,0.0,0.0,0.0,0.0,0.0,1304,E,82,P
1304_02,Earth,False,TRAPPIST-1e,4.0,False,0.0,0.0,0.0,0.0,0.0,1304,E,82,P
1304_03,Earth,False,TRAPPIST-1e,10.0,False,0.0,0.0,,0.0,0.0,1304,E,82,P
1304_04,Earth,False,TRAPPIST-1e,9.0,False,0.0,0.0,0.0,0.0,0.0,1304,E,82,P
1304_05,Earth,True,TRAPPIST-1e,37.0,False,0.0,0.0,0.0,0.0,0.0,1304,E,82,P
1304_06,Earth,False,PSO J318.5-22,2.0,False,0.0,0.0,0.0,0.0,0.0,1304,E,82,P
1306_01,Europa,False,TRAPPIST-1e,44.0,False,0.0,3863.0,1.0,1010.0,514.0,1306,B,56,S
1306_02,Europa,False,55 Cancri e,11.0,False,0.0,0.0,0.0,0.0,0.0,1306,B,56,S
1307_01,Earth,True,TRAPPIST-1e,22.0,False,0.0,0.0,0.0,0.0,0.0,1307,G,193,P
1308_01,Europa,True,55 Cancri e,40.0,False,0.0,0.0,0.0,0.0,0.0,1308,G,734,S
1308_02,Europa,False,55 Cancri e,30.0,False,278.0,3300.0,0.0,8145.0,2519.0,1308,E,94,S
1308_03,Europa,False,55 Cancri e,37.0,False,0.0,439.0,0.0,3198.0,6.0,1308,E,94,S
1308_04,Europa,True,55 Cancri e,26.0,False,0.0,0.0,0.0,0.0,0.0,1308,E,94,S
1309_01,Earth,False,TRAPPIST-1e,19.0,False,0.0,4.0,109.0,0.0,671.0,1309,F,264,P
1310_01,Europa,False,TRAPPIST-1e,57.0,False,0.0,987.0,1.0,4948.0,53.0,1310,C,52,S
1311_01,Mars,False,,1.0,False,0.0,0.0,0.0,0.0,0.0,1311,F,265,P
1311_02,Mars,False,TRAPPIST-1e,17.0,False,948.0,47.0,292.0,0.0,0.0,1311,F,265,P
1311_03,Mars,False,TRAPPIST-1e,26.0,False,1946.0,4.0,4.0,0.0,623.0,1311,D,43,P
1312_01,Earth,True,55 Cancri e,21.0,False,0.0,0.0,0.0,0.0,0.0,1312,G,194,P
1316_01,Europa,True,TRAPPIST-1e,28.0,False,0.0,0.0,0.0,0.0,0.0,1316,E,95,S
1316_02,Europa,False,55 Cancri e,36.0,False,0.0,847.0,,4664.0,89.0,1316,E,95,S
1317_01,Mars,False,TRAPPIST-1e,25.0,False,2508.0,0.0,23.0,0.0,67.0,1317,F,266,P
1322_01,Earth,True,TRAPPIST-1e,40.0,False,0.0,0.0,0.0,0.0,0.0,1322,G,196,P
1323_01,Earth,True,55 Cancri e,23.0,False,0.0,0.0,0.0,0.0,0.0,1323,F,267,P
1324_01,Earth,True,55 Cancri e,2.0,False,0.0,0.0,0.0,0.0,0.0,1324,G,199,S
1324_02,Earth,False,55 Cancri e,10.0,False,0.0,0.0,0.0,0.0,0.0,1324,G,199,S
1324_03,Earth,True,TRAPPIST-1e,43.0,False,0.0,0.0,0.0,0.0,0.0,1324,G,199,S
1325_01,Earth,True,TRAPPIST-1e,0.0,False,0.0,0.0,0.0,0.0,0.0,1325,E,97,S
1325_02,Earth,False,TRAPPIST-1e,24.0,False,70.0,160.0,340.0,0.0,336.0,1325,E,97,S
1325_03,Earth,True,TRAPPIST-1e,42.0,False,0.0,0.0,0.0,0.0,0.0,1325,E,97,S
1326_01,Mars,False,TRAPPIST-1e,30.0,False,1450.0,0.0,,0.0,1147.0,1326,F,257,S
1326_02,Mars,False,TRAPPIST-1e,19.0,False,1507.0,0.0,260.0,0.0,0.0,1326,F,257,S
1328_01,Earth,True,TRAPPIST-1e,26.0,False,0.0,0.0,0.0,0.0,0.0,1328,G,198,P
1330_01,Mars,False,TRAPPIST-1e,47.0,False,405.0,0.0,193.0,458.0,0.0,1330,D,46,S
1330_02,Mars,False,TRAPPIST-1e,28.0,False,120.0,8.0,1128.0,1.0,7.0,1330,D,46,S
1331_01,Earth,True,PSO J318.5-22,24.0,False,0.0,0.0,0.0,0.0,0.0,1331,G,200,S
1332_01,Earth,False,TRAPPIST-1e,29.0,False,28.0,0.0,561.0,203.0,0.0,1332,E,98,S
1333_01,Earth,False,PSO J318.5-22,32.0,False,0.0,486.0,0.0,229.0,26.0,1333,F,269,P
1335_01,Earth,True,TRAPPIST-1e,44.0,False,0.0,0.0,0.0,0.0,0.0,1335,G,199,P
1336_01,Earth,True,TRAPPIST-1e,17.0,False,0.0,0.0,0.0,0.0,0.0,1336,G,201,S
1337_01,Earth,,55 Cancri e,35.0,False,775.0,14.0,0.0,610.0,4.0,1337,F,258,S
1340_01,Earth,True,TRAPPIST-1e,23.0,False,0.0,0.0,0.0,0.0,0.0,1340,G,203,S
1342_01,Earth,False,TRAPPIST-1e,34.0,False,0.0,118.0,5.0,0.0,761.0,1342,G,200,P
1345_01,Earth,False,TRAPPIST-1e,25.0,False,1174.0,0.0,18.0,721.0,0.0,1345,F,260,S
1347_01,,False,TRAPPIST-1e,67.0,False,0.0,761.0,0.0,1.0,0.0,1347,F,271,P
1348_01,Europa,False,TRAPPIST-1e,22.0,False,0.0,1531.0,0.0,369.0,2969.0,1348,B,57,S
1348_02,Europa,True,TRAPPIST-1e,,False,0.0,0.0,0.0,0.0,0.0,1348,B,57,S
1350_01,Earth,True,55 Cancri e,27.0,False,0.0,0.0,0.0,0.0,0.0,1350,G,206,S
1350_02,Earth,False,TRAPPIST-1e,14.0,False,1489.0,2.0,126.0,460.0,72.0,1350,F,261,S
1350_03,Earth,False,PSO J318.5-22,42.0,False,491.0,106.0,8.0,202.0,0.0,1350,G,206,S
1350_04,Earth,True,PSO J318.5-22,19.0,False,0.0,0.0,0.0,0.0,0.0,1350,G,206,S
1351_01,Earth,False,TRAPPIST-1e,22.0,False,0.0,0.0,0.0,0.0,0.0,1351,G,202,P
1352_01,Mars,False,TRAPPIST-1e,31.0,False,43.0,782.0,1.0,660.0,0.0,1352,F,272,P
1353_01,Mars,False,TRAPPIST-1e,10.0,False,0.0,0.0,0.0,0.0,0.0,1353,F,262,S
1353_02,Mars,False,TRAPPIST-1e,39.0,False,1535.0,0.0,340.0,0.0,723.0,1353,F,262,S
1353_03,Mars,True,TRAPPIST-1e,41.0,False,0.0,0.0,0.0,0.0,,1353,F,262,S
1353_04,Mars,False,TRAPPIST-1e,0.0,False,0.0,0.0,0.0,0.0,0.0,1353,F,262,S
1355_01,Earth,True,PSO J318.5-22,22.0,False,0.0,0.0,0.0,0.0,0.0,1355,G,203,P
1356_01,Earth,False,TRAPPIST-1e,21.0,False,0.0,39.0,0.0,310.0,539.0,1356,G,207,S
1357_01,Mars,True,TRAPPIST-1e,40.0,False,0.0,0.0,0.0,0.0,0.0,1357,D,48,S
1360_01,Earth,False,TRAPPIST-1e,25.0,False,0.0,997.0,0.0,0.0,0.0,1360,E,100,S
1362_01,Earth,False,TRAPPIST-1e,23.0,False,0.0,1268.0,0.0,119.0,2.0,1362,F,265,S
1365_01,Europa,False,55 Cancri e,33.0,False,77.0,2381.0,0.0,3656.0,150.0,1365,B,58,S
1365_02,Europa,True,TRAPPIST-1e,20.0,False,0.0,0.0,0.0,0.0,0.0,1365,B,58,S
1366_01,Earth,True,55 Cancri e,40.0,False,0.0,,0.0,0.0,0.0,1366,G,206,P
1368_01,Earth,True,TRAPPIST-1e,27.0,False,0.0,0.0,0.0,0.0,0.0,1368,G,208,P
1370_01,Earth,False,TRAPPIST-1e,21.0,False,965.0,0.0,23.0,3.0,0.0,1370,E,102,S
1371_01,Mars,,TRAPPIST-1e,25.0,False,591.0,466.0,0.0,0.0,0.0,1371,D,44,P
1375_01,Earth,False,TRAPPIST-1e,2.0,False,0.0,0.0,0.0,0.0,0.0,1375,G,208,S
1375_02,Earth,False,TRAPPIST-1e,19.0,False,0.0,3.0,946.0,0.0,0.0,1375,F,267,S
1376_01,Earth,True,TRAPPIST-1e,41.0,False,0.0,0.0,0.0,0.0,0.0,1376,G,211,P
1377_01,Europa,False,TRAPPIST-1e,43.0,False,0.0,2801.0,537.0,42.0,144.0,1377,C,52,P
1378_01,Earth,False,TRAPPIST-1e,19.0,False,245.0,41.0,550.0,,0.0,1378,G,212,P
1378_02,Earth,False,TRAPPIST-1e,22.0,False,926.0,0.0,0.0,0.0,78.0,1378,F,275,P
1379_01,Earth,False,TRAPPIST-1e,16.0,False,0.0,30.0,0.0,769.0,4.0,1379,F,268,S
1380_01,Europa,False,55 Cancri e,42.0,False,0.0,21.0,0.0,2735.0,3604.0,1380,C,53,S
1381_01,Earth,True,PSO J318.5-22,20.0,False,0.0,0.0,0.0,0.0,0.0,1381,G,209,S
1382_01,Earth,False,,35.0,False,0.0,1125.0,429.0,0.0,55.0,1382,E,104,S
1383_01,Europa,True,TRAPPIST-1e,53.0,False,0.0,0.0,0.0,0.0,0.0,1383,D,49,S
1384_01,Earth,False,TRAPPIST-1e,17.0,False,21.0,0.0,690.0,260.0,5.0,1384,E,105,S
1384_02,Earth,True,TRAPPIST-1e,6.0,False,0.0,0.0,0.0,0.0,0.0,1384,G,210,S
1384_03,Earth,False,TRAPPIST-1e,22.0,False,0.0,442.0,0.0,0.0,368.0,1384,F,269,S
1384_04,Earth,False,TRAPPIST-1e,41.0,False,338.0,0.0,377.0,2.0,86.0,1384,F,269,S
1384_05,Earth,False,,19.0,False,189.0,510.0,0.0,0.0,0.0,1384,E,105,S
1385_01,,False,TRAPPIST-1e,39.0,False,705.0,3.0,0.0,0.0,0.0,1385,G,213,P
1386_01,Earth,True,TRAPPIST-1e,23.0,False,0.0,0.0,0.0,0.0,0.0,1386,G,214,P
1387_01,Mars,False,TRAPPIST-1e,31.0,False,1088.0,0.0,280.0,0.0,0.0,1387,E,85,P
1389_01,Earth,True,55 Cancri e,38.0,False,0.0,0.0,0.0,0.0,0.0,1389,G,212,S
1390_01,Earth,True,PSO J318.5-22,1.0,False,0.0,0.0,,0.0,0.0,1390,G,215,P
1391_01,Mars,True,TRAPPIST-1e,13.0,False,0.0,0.0,0.0,0.0,0.0,1391,F,276,P
1391_02,Mars,False,TRAPPIST-1e,21.0,False,1072.0,79.0,46.0,16.0,0.0,1391,F,276,P
1391_03,Mars,False,,44.0,False,485.0,2.0,210.0,0.0,351.0,1391,F,276,P
1393_01,Mars,False,TRAPPIST-1e,36.0,False,42.0,0.0,212.0,151.0,1853.0,1393,F,270,S
1393_02,Mars,False,TRAPPIST-1e,19.0,False,2058.0,0.0,224.0,298.0,19.0,1393,F,270,S
1395_01,Earth,False,TRAPPIST-1e,7.0,False,0.0,0.0,0.0,0.0,0.0,1395,G,214,S
1397_01,Earth,False,TRAPPIST-1e,39.0,False,386.0,190.0,0.0,489.0,0.0,1397,F,271,S
1398_01,Earth,False,TRAPPIST-1e,28.0,False,0.0,508.0,334.0,0.0,46.0,1398,G,216,P
1399_01,Earth,False,TRAPPIST-1e,28.0,False,0.0,0.0,529.0,560.0,60.0,1399,F,272,S
1400_01,Earth,True,55 Cancri e,14.0,False,0.0,0.0,0.0,0.0,0.0,1400,G,217,P
1401_01,Earth,,TRAPPIST-1e,18.0,False,0.0,0.0,599.0,59.0,152.0,1401,G,218,P
1402_01,Earth,True,PSO J318.5-22,23.0,False,0.0,0.0,0.0,0.0,0.0,1402,G,215,S
1402_02,Earth,True,55 Cancri e,33.0,False,0.0,0.0,,0.0,0.0,1402,G,215,S
1403_01,Earth,False,TRAPPIST-1e,18.0,False,1656.0,0.0,0.0,,0.0,1403,E,86,P
1404_01,Europa,False,TRAPPIST-1e,47.0,False,1.0,734.0,28.0,78.0,3471.0,1404,B,60,S
1404_02,Europa,False,TRAPPIST-1e,42.0,False,0.0,51.0,0.0,4170.0,13.0,1404,G,734,S
1406_01,Mars,False,TRAPPIST-1e,17.0,False,36.0,0.0,1013.0,0.0,0.0,1406,E,106,S
1407_01,Earth,False,TRAPPIST-1e,21.0,False,737.0,4.0,27.0,8.0,0.0,1407,F,278,P
1407_02,Earth,False,PSO J318.5-22,17.0,False,8.0,222.0,3.0,401.0,0.0,1407,F,278,P
1408_01,Earth,False,PSO J318.5-22,26.0,False,4.0,770.0,0.0,0.0,0.0,1408,G,216,S
1410_01,Earth,False,TRAPPIST-1e,23.0,False,0.0,567.0,896.0,0.0,122.0,1410,F,279,P
1412_01,Earth,False,55 Cancri e,15.0,False,0.0,0.0,,0.0,832.0,1412,G,217,S
1413_01,Earth,True,PSO J318.5-22,18.0,False,0.0,0.0,0.0,0.0,0.0,1413,G,218,S
1414_01,Earth,False,TRAPPIST-1e,65.0,False,259.0,0.0,0.0,0.0,1916.0,1414,F,280,P
1415_01,Europa,False,55 Cancri e,33.0,False,13.0,,2011.0,17.0,32.0,1415,D,45,P
1416_01,Earth,True,TRAPPIST-1e,27.0,False,0.0,0.0,0.0,0.0,0.0,1416,G,219,P
1417_01,Europa,False,TRAPPIST-1e,41.0,False,0.0,184.0,0.0,1520.0,3358.0,1417,C,54,S
1419_01,Mars,False,TRAPPIST-1e,42.0,False,1381.0,0.0,1243.0,0.0,0.0,1419,F,273,S
1420_01,Mars,True,TRAPPIST-1e,,False,0.0,0.0,0.0,0.0,0.0,1420,E,108,S
1421_01,Mars,False,TRAPPIST-1e,37.0,False,328.0,6153.0,,26.0,820.0,1421,F,274,S
1421_02,Mars,False,55 Cancri e,17.0,False,891.0,0.0,243.0,0.0,5.0,1421,F,274,S
1423_01,Europa,True,TRAPPIST-1e,24.0,False,0.0,0.0,0.0,0.0,0.0,1423,B,61,S
1423_02,Europa,True,TRAPPIST-1e,39.0,False,0.0,0.0,0.0,0.0,0.0,1423,B,61,S
1423_03,Europa,True,55 Cancri e,59.0,False,0.0,0.0,0.0,0.0,0.0,1423,B,61,S
1424_01,Europa,True,TRAPPIST-1e,32.0,False,0.0,0.0,0.0,0.0,0.0,1424,B,47,P
1424_02,Europa,False,55 Cancri e,29.0,False,2988.0,2147.0,0.0,0.0,1779.0,1424,B,47,P
1424_03,Europa,False,TRAPPIST-1e,8.0,False,0.0,0.0,0.0,0.0,0.0,1424,B,47,P
1424_04,Europa,False,55 Cancri e,28.0,False,0.0,4380.0,0.0,692.0,0.0,1424,B,47,P
1424_05,Europa,True,TRAPPIST-1e,35.0,False,0.0,0.0,0.0,0.0,0.0,1424,B,47,P
1425_01,Earth,False,TRAPPIST-1e,24.0,False,711.0,0.0,0.0,59.0,57.0,1425,F,282,P
1425_02,Earth,True,TRAPPIST-1e,1.0,False,0.0,0.0,0.0,0.0,0.0,1425,G,220,P
1425_03,Earth,True,TRAPPIST-1e,4.0,False,0.0,0.0,0.0,0.0,0.0,1425,G,220,P
1426_01,Europa,True,55 Cancri e,28.0,False,0.0,0.0,0.0,0.0,0.0,1426,D,46,P
1427_01,Mars,True,,46.0,False,0.0,0.0,,0.0,0.0,1427,F,275,S
1427_02,Mars,False,TRAPPIST-1e,67.0,False,443.0,0.0,1721.0,250.0,2.0,1427,F,275,S
1428_01,Earth,False,TRAPPIST-1e,44.0,False,0.0,200.0,128.0,460.0,0.0,1428,E,109,S
1430_01,Earth,False,TRAPPIST-1e,14.0,False,360.0,0.0,2116.0,1.0,8.0,1430,F,283,P
1431_01,Earth,False,TRAPPIST-1e,23.0,False,0.0,0.0,4.0,0.0,965.0,1431,G,221,P
1433_01,Earth,True,TRAPPIST-1e,51.0,False,0.0,0.0,0.0,0.0,0.0,1433,G,219,S
1434_01,Earth,False,TRAPPIST-1e,20.0,False,0.0,258.0,331.0,133.0,,1434,G,222,P
1434_02,Earth,False,TRAPPIST-1e,0.0,False,0.0,0.0,0.0,0.0,0.0,1434,G,734,S
1434_03,Earth,True,TRAPPIST-1e,0.0,False,0.0,0.0,0.0,0.0,0.0,1434,G,222,P
1435_01,Earth,False,,23.0,False,0.0,20.0,26.0,0.0,659.0,1435,G,223,P
1438_01,Earth,False,TRAPPIST-1e,24.0,False,181.0,224.0,0.0,195.0,191.0,1438,E,89,P
1439_01,Mars,False,TRAPPIST-1e,41.0,False,112.0,186.0,228.0,760.0,0.0,1439,F,279,S
1439_02,Mars,False,TRAPPIST-1e,30.0,False,806.0,100.0,9.0,,47.0,1439,D,52,S
1440_01,Earth,False,TRAPPIST-1e,27.0,False,0.0,1826.0,39.0,11.0,649.0,1440,F,280,S
1442_01,Earth,True,PSO J318.5-22,13.0,False,0.0,0.0,0.0,0.0,0.0,1442,G,220,S
1443_01,Earth,True,TRAPPIST-1e,16.0,False,0.0,0.0,0.0,0.0,0.0,1443,G,225,P
1444_01,Europa,False,TRAPPIST-1e,30.0,False,50.0,1248.0,0.0,1.0,912.0,1444,C,55,S
1445_01,Earth,False,PSO J318.5-22,8.0,False,0.0,0.0,0.0,0.0,0.0,1445,G,221,S
1447_01,Earth,False,TRAPPIST-1e,59.0,False,0.0,0.0,0.0,0.0,755.0,1447,G,227,P
1450_01,Europa,True,55 Cancri e,43.0,False,0.0,0.0,0.0,0.0,0.0,1450,D,53,S
1450_02,Europa,False,55 Cancri e,30.0,False,0.0,138.0,0.0,5467.0,112.0,1450,D,53,S
1451_01,Europa,False,55 Cancri e,46.0,False,202.0,484.0,0.0,3208.0,2485.0,1451,C,56,S
1451_02,Europa,True,TRAPPIST-1e,39.0,False,0.0,0.0,0.0,0.0,0.0,1451,C,56,S
1452_01,Europa,False,TRAPPIST-1e,21.0,False,5.0,251.0,10.0,26.0,3384.0,1452,C,53,P
1452_02,Europa,True,TRAPPIST-1e,70.0,False,0.0,0.0,0.0,0.0,0.0,1452,G,734,S
1452_03,Europa,False,55 Cancri e,34.0,False,0.0,1646.0,0.0,51.0,1462.0,1452,C,53,P
1452_04,Europa,False,TRAPPIST-1e,33.0,False,0.0,774.0,0.0,6255.0,6.0,1452,C,53,P
1452_05,Europa,True,55 Cancri e,44.0,False,0.0,0.0,0.0,0.0,0.0,1452,C,53,P
1453_01,Earth,,55 Cancri e,16.0,,0.0,2838.0,32.0,5.0,3404.0,1453,G,229,P
1453_02,Earth,False,TRAPPIST-1e,63.0,False,3.0,801.0,0.0,0.0,5.0,1453,G,229,P
1454_01,Europa,False,TRAPPIST-1e,37.0,False,0.0,13561.0,15.0,4060.0,72.0,1454,D,54,S
1455_01,Europa,True,55 Cancri e,29.0,False,0.0,0.0,0.0,0.0,0.0,1455,B,62,S
1455_02,Europa,False,TRAPPIST-1e,29.0,False,0.0,2509.0,0.0,16.0,698.0,1455,B,62,S
1455_03,Europa,True,55 Cancri e,22.0,False,0.0,0.0,0.0,0.0,0.0,1455,B,62,S
1455_04,Europa,False,TRAPPIST-1e,26.0,False,0.0,533.0,2119.0,10.0,504.0,1455,B,62,S
1455_05,Europa,False,55 Cancri e,76.0,False,0.0,2732.0,422.0,16594.0,330.0,1455,B,62,S
1457_01,Earth,False,TRAPPIST-1e,61.0,False,0.0,368.0,3.0,4422.0,0.0,1457,E,110,S
1458_01,,False,TRAPPIST-1e,46.0,False,0.0,0.0,2020.0,323.0,0.0,1458,G,223,S
1460_01,Earth,False,,19.0,False,,905.0,387.0,0.0,0.0,1460,F,285,P
1460_02,Earth,True,PSO J318.5-22,13.0,False,0.0,0.0,0.0,0.0,0.0,1460,G,230,P
1461_01,Earth,True,TRAPPIST-1e,,False,0.0,,0.0,0.0,0.0,1461,G,224,S
1462_01,Earth,True,TRAPPIST-1e,30.0,False,0.0,0.0,0.0,0.0,0.0,1462,G,231,P
1463_01,Earth,False,PSO J318.5-22,23.0,False,200.0,414.0,73.0,1.0,1.0,1463,F,282,S
1465_01,Earth,False,PSO J318.5-22,63.0,False,356.0,287.0,0.0,0.0,248.0,1465,G,233,P
1467_01,,False,TRAPPIST-1e,21.0,False,894.0,1.0,0.0,61.0,26.0,1467,E,111,S
1474_01,Mars,True,TRAPPIST-1e,32.0,False,0.0,0.0,0.0,,0.0,1474,F,287,P
1478_01,Earth,False,TRAPPIST-1e,33.0,False,0.0,0.0,0.0,417.0,2372.0,1478,F,289,P
1478_02,Earth,False,PSO J318.5-22,39.0,False,,19.0,733.0,0.0,701.0,1478,F,289,P
1479_01,Mars,True,TRAPPIST-1e,49.0,False,0.0,0.0,0.0,0.0,0.0,1479,F,290,P
1481_01,Mars,False,TRAPPIST-1e,27.0,False,555.0,0.0,744.0,0.0,0.0,1481,E,91,P
1484_01,Earth,,TRAPPIST-1e,16.0,False,92.0,1.0,884.0,0.0,0.0,1484,E,93,P
1485_01,Mars,True,TRAPPIST-1e,38.0,False,0.0,0.0,0.0,0.0,0.0,1485,F,291,P
1488_01,Mars,True,TRAPPIST-1e,42.0,False,0.0,0.0,0.0,0.0,,1488,E,94,P
1489_01,Earth,False,TRAPPIST-1e,19.0,False,73.0,0.0,0.0,813.0,2.0,1489,G,229,S
1490_01,Europa,False,55 Cancri e,26.0,False,0.0,304.0,0.0,3998.0,,1490,D,47,P
1491_01,Earth,False,55 Cancri e,32.0,False,0.0,0.0,0.0,817.0,8.0,1491,G,240,P
1491_02,Earth,False,TRAPPIST-1e,56.0,False,0.0,51.0,0.0,2.0,706.0,1491,F,292,P
1491_03,Earth,False,TRAPPIST-1e,0.0,False,0.0,0.0,0.0,0.0,0.0,1491,G,240,P
1493_01,Earth,False,TRAPPIST-1e,38.0,False,35.0,0.0,0.0,0.0,713.0,1493,F,285,S
1498_01,Earth,False,TRAPPIST-1e,30.0,False,0.0,495.0,,0.0,153.0,1498,F,295,P
1499_01,Earth,False,TRAPPIST-1e,21.0,False,5.0,0.0,0.0,2.0,1061.0,1499,F,287,S
1500_01,Earth,False,TRAPPIST-1e,11.0,False,0.0,0.0,0.0,0.0,0.0,1500,G,230,S
1500_02,Earth,False,TRAPPIST-1e,3.0,False,0.0,0.0,0.0,0.0,0.0,1500,G,230,S
1500_03,Earth,False,55 Cancri e,17.0,False,0.0,55.0,913.0,0.0,55.0,1500,G,230,S
1500_04,Earth,,55 Cancri e,35.0,False,0.0,0.0,0.0,0.0,0.0,1500,G,230,S
1500_05,Earth,False,55 Cancri e,17.0,False,319.0,184.0,0.0,0.0,376.0,1500,F,288,S
1500_06,Earth,True,TRAPPIST-1e,0.0,False,0.0,0.0,0.0,0.0,0.0,1500,G,230,S
1500_07,Earth,True,TRAPPIST-1e,46.0,False,0.0,0.0,0.0,0.0,0.0,1500,G,230,S
1501_01,Earth,False,TRAPPIST-1e,63.0,False,0.0,216.0,0.0,594.0,0.0,1501,G,243,P
1503_01,Mars,False,TRAPPIST-1e,35.0,False,1890.0,0.0,497.0,1.0,0.0,1503,D,48,P
1503_02,Mars,False,TRAPPIST-1e,61.0,False,1114.0,0.0,68.0,0.0,0.0,1503,D,48,P
1506_01,Earth,False,,19.0,False,0.0,24.0,615.0,9.0,0.0,1506,F,298,P
1507_01,Earth,False,TRAPPIST-1e,43.0,False,0.0,0.0,1217.0,2.0,0.0,1507,F,289,S
1507_02,Earth,False,TRAPPIST-1e,14.0,False,1.0,1.0,683.0,419.0,0.0,1507,F,289,S
1507_03,Earth,False,TRAPPIST-1e,78.0,False,0.0,0.0,0.0,441.0,4.0,1507,G,231,S
1507_04,Earth,False,TRAPPIST-1e,21.0,False,398.0,490.0,0.0,,0.0,1507,F,289,S
1509_01,Mars,False,TRAPPIST-1e,32.0,,1240.0,0.0,58.0,0.0,0.0,1509,E,95,P
1510_01,Mars,False,TRAPPIST-1e,31.0,False,1226.0,0.0,1.0,0.0,0.0,1510,F,291,S
1511_01,Europa,False,TRAPPIST-1e,40.0,False,1006.0,,0.0,284.0,329.0,1511,B,63,S
1511_02,Europa,True,TRAPPIST-1e,13.0,False,0.0,0.0,0.0,0.0,0.0,1511,B,63,S
1511_03,Europa,False,TRAPPIST-1e,36.0,False,0.0,2345.0,0.0,1966.0,27.0,1511,B,63,S
1511_04,Europa,False,55 Cancri e,31.0,False,65.0,2121.0,0.0,6431.0,1.0,1511,B,63,S
1515_01,Earth,False,TRAPPIST-1e,18.0,False,765.0,0.0,13.0,0.0,0.0,1515,F,293,S
1520_01,Earth,True,TRAPPIST-1e,40.0,False,0.0,0.0,0.0,0.0,0.0,1520,G,235,S
1521_01,Mars,True,TRAPPIST-1e,28.0,False,0.0,0.0,0.0,0.0,0.0,1521,F,295,S
1523_01,Europa,True,55 Cancri e,41.0,False,0.0,,0.0,0.0,0.0,1523,B,64,S
1523_02,Europa,True,TRAPPIST-1e,35.0,False,0.0,0.0,0.0,0.0,0.0,1523,B,64,S
1524_01,Earth,True,TRAPPIST-1e,14.0,False,0.0,0.0,0.0,0.0,0.0,1524,G,236,S
1525_01,Mars,False,TRAPPIST-1e,20.0,False,539.0,1269.0,38.0,0.0,0.0,1525,F,299,P
1526_01,Earth,False,55 Cancri e,23.0,False,4.0,,2.0,254.0,521.0,1526,F,300,P
1527_01,Europa,True,55 Cancri e,22.0,False,0.0,0.0,0.0,0.0,0.0,1527,D,49,P
1527_02,Europa,False,TRAPPIST-1e,25.0,False,0.0,0.0,0.0,0.0,0.0,1527,D,49,P
1528_01,Mars,False,55 Cancri e,18.0,False,3992.0,673.0,1360.0,2.0,0.0,1528,D,50,P
1529_01,Europa,False,PSO J318.5-22,25.0,True,0.0,7069.0,0.0,45.0,282.0,1529,A,16,S
1529_02,Europa,False,TRAPPIST-1e,30.0,False,0.0,0.0,0.0,0.0,0.0,1529,A,16,S
1531_01,Earth,False,TRAPPIST-1e,46.0,False,0.0,0.0,533.0,277.0,0.0,1531,G,237,S
1532_01,Europa,False,TRAPPIST-1e,27.0,False,0.0,31.0,0.0,1.0,11378.0,1532,B,65,S
1533_01,Earth,False,TRAPPIST-1e,53.0,False,1015.0,0.0,0.0,0.0,1.0,1533,G,244,P
1536_01,Mars,True,TRAPPIST-1e,21.0,False,0.0,0.0,0.0,0.0,0.0,1536,F,297,S
1539_01,Europa,,55 Cancri e,32.0,False,54.0,3782.0,0.0,21.0,5.0,1539,A,17,S
1540_01,Europa,False,TRAPPIST-1e,32.0,False,1.0,470.0,0.0,1440.0,2114.0,1540,C,55,P
1540_02,Europa,False,TRAPPIST-1e,33.0,True,0.0,7139.0,22.0,0.0,553.0,1540,C,55,P
1540_03,Europa,False,TRAPPIST-1e,26.0,False,0.0,170.0,0.0,3718.0,0.0,1540,C,55,P
1541_01,Earth,False,TRAPPIST-1e,47.0,False,12.0,7.0,0.0,720.0,0.0,1541,F,298,S
1542_01,Mars,False,TRAPPIST-1e,13.0,False,7172.0,0.0,157.0,20.0,0.0,1542,F,299,S
1543_01,Europa,True,55 Cancri e,34.0,False,0.0,0.0,0.0,0.0,0.0,1543,C,56,P
1544_01,Earth,False,TRAPPIST-1e,21.0,False,9.0,0.0,0.0,0.0,800.0,1544,G,245,P
1545_01,Mars,False,TRAPPIST-1e,20.0,False,206.0,0.0,629.0,67.0,523.0,1545,G,734,S
1547_01,Earth,False,TRAPPIST-1e,21.0,False,163.0,0.0,661.0,32.0,0.0,1547,F,301,S
1548_01,Europa,True,55 Cancri e,51.0,,0.0,0.0,0.0,0.0,0.0,1548,B,50,P
1548_02,Europa,True,TRAPPIST-1e,18.0,False,0.0,0.0,0.0,0.0,0.0,1548,B,50,P
1550_01,Europa,False,TRAPPIST-1e,26.0,False,1.0,230.0,0.0,42.0,4030.0,1550,C,58,S
1550_02,Europa,False,55 Cancri e,53.0,True,5022.0,2376.0,0.0,0.0,235.0,1550,G,734,S
1551_01,Europa,False,TRAPPIST-1e,30.0,False,0.0,1376.0,43.0,0.0,1460.0,1551,E,96,P
1552_01,Earth,True,TRAPPIST-1e,37.0,False,0.0,0.0,0.0,0.0,0.0,1552,G,240,S
1555_01,Europa,False,TRAPPIST-1e,45.0,False,0.0,1389.0,0.0,2987.0,0.0,1555,A,18,S
1558_01,Earth,False,TRAPPIST-1e,62.0,False,877.0,15.0,0.0,0.0,1.0,1558,G,247,P
1560_01,Earth,False,TRAPPIST-1e,38.0,False,0.0,1.0,45.0,0.0,837.0,1560,G,242,S
1561_01,Earth,False,55 Cancri e,24.0,False,1030.0,0.0,0.0,0.0,1122.0,1561,F,305,P
1562_01,Earth,False,TRAPPIST-1e,18.0,False,341.0,0.0,332.0,102.0,0.0,1562,F,306,P
1564_01,Mars,True,TRAPPIST-1e,23.0,False,0.0,0.0,0.0,0.0,0.0,1564,F,303,S
1565_01,Earth,False,PSO J318.5-22,16.0,False,0.0,1519.0,0.0,0.0,766.0,1565,F,304,S
1567_01,Europa,True,TRAPPIST-1e,37.0,False,0.0,0.0,0.0,0.0,0.0,1567,B,53,P
1568_01,Earth,False,TRAPPIST-1e,22.0,False,1018.0,100.0,0.0,9.0,0.0,1568,G,734,S
1568_02,Earth,True,PSO J318.5-22,18.0,False,0.0,0.0,,0.0,0.0,1568,G,248,P
1569_01,Mars,True,TRAPPIST-1e,25.0,False,0.0,0.0,0.0,0.0,0.0,1569,F,308,P
1572_01,Earth,False,TRAPPIST-1e,26.0,,758.0,17.0,11.0,0.0,0.0,1572,G,249,P
1572_02,Earth,False,TRAPPIST-1e,25.0,False,4.0,0.0,146.0,723.0,0.0,1572,F,309,P
1573_01,Mars,False,TRAPPIST-1e,55.0,False,938.0,0.0,82.0,0.0,162.0,1573,D,56,S
1576_01,Mars,False,TRAPPIST-1e,28.0,False,641.0,0.0,372.0,0.0,16.0,1576,E,97,P
1577_01,Earth,False,,23.0,False,0.0,169.0,,0.0,0.0,1577,F,310,P
1578_01,Earth,False,TRAPPIST-1e,22.0,False,0.0,24.0,0.0,176.0,783.0,1578,E,98,P
1579_01,Earth,False,55 Cancri e,26.0,False,333.0,1819.0,0.0,1.0,0.0,1579,F,311,P
1580_01,Earth,False,TRAPPIST-1e,13.0,False,0.0,0.0,8.0,0.0,714.0,1580,G,246,S
1580_02,Earth,False,TRAPPIST-1e,18.0,False,428.0,0.0,36.0,0.0,424.0,1580,G,246,S
1581_01,Mars,True,TRAPPIST-1e,38.0,False,0.0,0.0,0.0,0.0,0.0,1581,F,312,P
1581_02,Mars,True,TRAPPIST-1e,28.0,False,0.0,0.0,0.0,0.0,0.0,1581,G,734,S
1584_01,Earth,False,TRAPPIST-1e,57.0,False,433.0,0.0,0.0,371.0,0.0,1584,F,314,P
1584_02,Earth,True,TRAPPIST-1e,0.0,False,,0.0,0.0,0.0,0.0,1584,G,251,P
1585_01,Earth,True,TRAPPIST-1e,18.0,False,0.0,0.0,0.0,0.0,0.0,1585,G,252,P
1588_01,Europa,True,TRAPPIST-1e,25.0,False,0.0,0.0,0.0,0.0,0.0,1588,E,99,P
1588_02,Europa,False,55 Cancri e,35.0,False,0.0,17394.0,0.0,724.0,0.0,1588,E,99,P
1590_01,Europa,False,TRAPPIST-1e,37.0,False,0.0,1336.0,2.0,12.0,7.0,1590,D,57,S
1590_02,Europa,False,55 Cancri e,33.0,False,0.0,26.0,1.0,33.0,2439.0,1590,D,57,S
1592_01,Europa,False,TRAPPIST-1e,35.0,False,305.0,3621.0,0.0,320.0,341.0,1592,C,60,S
1592_02,Europa,False,55 Cancri e,47.0,False,16.0,2127.0,1487.0,0.0,196.0,1592,C,60,S
1593_01,Earth,False,TRAPPIST-1e,23.0,False,5.0,51.0,0.0,732.0,0.0,1593,E,114,S
1594_01,Earth,False,TRAPPIST-1e,,False,0.0,3.0,0.0,2.0,923.0,1594,G,253,P
1595_01,Europa,False,55 Cancri e,27.0,False,0.0,4342.0,0.0,,36.0,1595,C,57,P
1596_01,Europa,True,TRAPPIST-1e,23.0,False,0.0,0.0,0.0,0.0,0.0,1596,B,54,P
1597_01,Earth,True,TRAPPIST-1e,31.0,False,0.0,0.0,0.0,0.0,,1597,G,254,P
1599_01,Europa,True,TRAPPIST-1e,19.0,False,0.0,0.0,,0.0,0.0,1599,C,58,P
1599_02,Europa,True,55 Cancri e,53.0,False,0.0,0.0,0.0,0.0,0.0,1599,C,58,P
1601_01,Earth,False,TRAPPIST-1e,37.0,False,22.0,5.0,0.0,747.0,0.0,1601,G,255,P
1602_01,Earth,False,TRAPPIST-1e,18.0,False,0.0,0.0,0.0,2681.0,55.0,1602,F,307,S
1603_01,Earth,False,TRAPPIST-1e,42.0,False,0.0,594.0,0.0,0.0,119.0,1603,F,317,P
1603_02,Earth,True,TRAPPIST-1e,7.0,False,0.0,0.0,0.0,0.0,0.0,1603,G,256,P
1603_03,Earth,False,55 Cancri e,7.0,False,0.0,0.0,0.0,0.0,0.0,1603,G,256,P
1604_01,Earth,False,TRAPPIST-1e,24.0,False,2.0,3.0,0.0,616.0,161.0,1604,G,257,P
1606_01,Europa,False,TRAPPIST-1e,20.0,False,13.0,817.0,0.0,1435.0,22.0,1606,E,116,S
1608_01,Earth,False,TRAPPIST-1e,24.0,False,1158.0,193.0,798.0,2.0,0.0,1608,F,319,P
1611_01,Earth,False,TRAPPIST-1e,42.0,False,0.0,865.0,0.0,0.0,44.0,1611,G,248,S
1612_01,Europa,False,TRAPPIST-1e,49.0,False,0.0,3750.0,0.0,2.0,341.0,1612,E,101,P
1612_02,Europa,True,TRAPPIST-1e,47.0,False,0.0,0.0,0.0,0.0,0.0,1612,E,101,P
1613_01,Earth,False,55 Cancri e,16.0,False,825.0,9.0,0.0,0.0,42.0,1613,G,734,S
1614_01,Mars,False,TRAPPIST-1e,26.0,True,432.0,0.0,965.0,35.0,0.0,1614,F,321,P
1615_01,Earth,False,TRAPPIST-1e,24.0,False,0.0,0.0,6.0,685.0,0.0,1615,F,322,P
1615_02,Earth,True,TRAPPIST-1e,38.0,False,0.0,0.0,,0.0,0.0,1615,G,259,P
1615_03,Earth,False,TRAPPIST-1e,0.0,False,0.0,0.0,0.0,0.0,0.0,1615,G,259,P
1617_01,Mars,False,PSO J318.5-22,37.0,False,295.0,1575.0,19.0,515.0,0.0,1617,D,53,P
1619_01,Earth,True,TRAPPIST-1e,39.0,False,0.0,0.0,0.0,0.0,0.0,1619,G,249,S
1621_01,Earth,False,55 Cancri e,25.0,False,553.0,0.0,1.0,239.0,8.0,1621,F,308,S
1621_02,Earth,False,PSO J318.5-22,25.0,False,172.0,129.0,41.0,0.0,341.0,1621,F,308,S
1622_01,Mars,True,TRAPPIST-1e,35.0,False,0.0,0.0,0.0,0.0,0.0,1622,F,323,P
1624_01,Earth,True,PSO J318.5-22,0.0,False,0.0,0.0,0.0,,0.0,1624,G,250,S
1624_02,Earth,False,55 Cancri e,46.0,False,612.0,0.0,62.0,0.0,0.0,1624,G,250,S
1624_03,Earth,,TRAPPIST-1e,4.0,False,0.0,0.0,0.0,0.0,,1624,G,250,S
1625_01,Europa,True,55 Cancri e,19.0,False,0.0,0.0,0.0,0.0,0.0,1625,C,59,P
1625_02,Europa,False,TRAPPIST-1e,29.0,False,0.0,930.0,0.0,2113.0,98.0,1625,C,59,P
1626_01,Earth,False,TRAPPIST-1e,19.0,False,,9.0,0.0,0.0,1.0,1626,F,324,P
1628_01,Europa,True,TRAPPIST-1e,47.0,False,0.0,0.0,0.0,0.0,0.0,1628,B,71,S
1630_01,Earth,True,PSO J318.5-22,1.0,False,0.0,0.0,0.0,0.0,0.0,1630,G,252,S
1630_02,Earth,True,TRAPPIST-1e,4.0,False,0.0,0.0,0.0,0.0,0.0,1630,G,252,S
1630_03,Earth,False,TRAPPIST-1e,37.0,False,0.0,27.0,11.0,732.0,5.0,1630,F,309,S
1631_01,Earth,False,TRAPPIST-1e,61.0,False,1215.0,32.0,0.0,0.0,362.0,1631,E,118,S
1632_01,Europa,True,TRAPPIST-1e,32.0,False,0.0,,0.0,0.0,0.0,1632,C,62,S
1633_01,Earth,True,TRAPPIST-1e,4.0,False,0.0,0.0,0.0,0.0,,1633,G,261,P
1633_02,Earth,True,TRAPPIST-1e,16.0,False,0.0,0.0,0.0,0.0,0.0,1633,G,261,P
1634_01,Earth,True,55 Cancri e,25.0,False,0.0,0.0,0.0,0.0,0.0,1634,G,253,S
1635_01,Earth,False,TRAPPIST-1e,22.0,False,1300.0,0.0,,0.0,1134.0,1635,F,325,P
1636_01,Earth,False,TRAPPIST-1e,41.0,False,139.0,666.0,6.0,71.0,25.0,1636,G,254,S
1637_01,Earth,True,TRAPPIST-1e,25.0,False,0.0,0.0,0.0,0.0,0.0,1637,G,255,S
1638_01,Earth,False,TRAPPIST-1e,19.0,False,414.0,0.0,66.0,307.0,0.0,1638,E,119,S
1640_01,Earth,False,TRAPPIST-1e,21.0,False,305.0,0.0,1.0,618.0,2.0,1640,G,262,P
1644_01,Earth,False,55 Cancri e,14.0,False,0.0,2.0,0.0,0.0,794.0,1644,F,327,P
1645_01,,True,55 Cancri e,18.0,False,0.0,0.0,0.0,0.0,0.0,1645,G,734,S
1646_01,Earth,False,TRAPPIST-1e,34.0,False,0.0,0.0,885.0,0.0,0.0,1646,G,264,P
1647_01,Earth,False,TRAPPIST-1e,33.0,False,954.0,0.0,10.0,3.0,2.0,1647,F,328,P
1649_01,Earth,True,55 Cancri e,14.0,False,0.0,0.0,0.0,0.0,0.0,1649,G,265,P
1650_01,Earth,True,55 Cancri e,28.0,False,0.0,0.0,0.0,0.0,0.0,1650,G,258,S
1651_01,Earth,True,PSO J318.5-22,43.0,False,0.0,0.0,0.0,,0.0,1651,G,266,P
1651_02,Earth,False,55 Cancri e,3.0,False,0.0,0.0,0.0,0.0,0.0,1651,G,266,P
1651_03,Earth,True,PSO J318.5-22,0.0,False,0.0,0.0,0.0,0.0,0.0,1651,G,266,P
1653_01,Europa,False,,47.0,False,4.0,1303.0,830.0,774.0,2.0,1653,A,19,S
1655_01,Earth,False,TRAPPIST-1e,28.0,False,3202.0,,0.0,0.0,5.0,1655,G,734,S
1655_02,Earth,False,TRAPPIST-1e,40.0,False,0.0,807.0,0.0,0.0,0.0,1655,F,310,S
1656_01,Earth,False,TRAPPIST-1e,17.0,False,1.0,160.0,37.0,0.0,,1656,F,311,S
1657_01,Earth,False,TRAPPIST-1e,21.0,False,0.0,0.0,218.0,109.0,5321.0,1657,G,267,P
1658_01,Mars,False,TRAPPIST-1e,,False,1150.0,0.0,6.0,4.0,0.0,1658,F,312,S
1659_01,Earth,False,TRAPPIST-1e,41.0,False,0.0,82.0,3.0,0.0,718.0,1659,F,313,S
1660_01,Earth,,TRAPPIST-1e,20.0,False,0.0,1.0,0.0,905.0,0.0,1660,E,122,S
1661_01,Europa,False,TRAPPIST-1e,56.0,False,0.0,0.0,0.0,0.0,0.0,1661,A,20,S
1661_02,Europa,False,TRAPPIST-1e,57.0,False,0.0,62.0,0.0,2136.0,178.0,1661,A,20,S
1661_03,Europa,True,TRAPPIST-1e,48.0,False,0.0,0.0,0.0,0.0,0.0,1661,A,20,S
1661_04,Europa,False,TRAPPIST-1e,37.0,False,0.0,2390.0,0.0,1306.0,,1661,A,20,S
1662_01,Earth,False,PSO J318.5-22,20.0,False,127.0,0.0,0.0,542.0,0.0,1662,F,314,S
1663_01,Earth,True,PSO J318.5-22,36.0,False,0.0,0.0,0.0,0.0,0.0,1663,G,268,P
1666_01,Europa,False,TRAPPIST-1e,38.0,False,158.0,787.0,2820.0,,86.0,1666,D,59,S
1668_01,Earth,False,TRAPPIST-1e,22.0,False,2.0,0.0,6.0,101.0,536.0,1668,F,316,S
1669_01,Mars,False,TRAPPIST-1e,31.0,False,2436.0,0.0,147.0,16.0,0.0,1669,F,317,S
1669_02,Mars,True,TRAPPIST-1e,0.0,False,0.0,0.0,0.0,0.0,0.0,1669,F,317,S
1669_03,Mars,False,55 Cancri e,21.0,False,1481.0,0.0,881.0,0.0,0.0,1669,F,317,S
1670_01,Earth,False,TRAPPIST-1e,49.0,False,0.0,67.0,213.0,2.0,1442.0,1670,G,269,P
1670_02,Earth,True,TRAPPIST-1e,44.0,False,0.0,0.0,0.0,0.0,0.0,1670,G,269,P
1671_01,Europa,False,55 Cancri e,,False,0.0,859.0,0.0,6704.0,64.0,1671,B,73,S
1672_01,Earth,False,TRAPPIST-1e,29.0,False,7.0,0.0,0.0,797.0,0.0,1672,F,318,S
1673_01,Earth,False,55 Cancri e,16.0,False,876.0,0.0,5.0,1.0,16.0,1673,F,330,P
1674_01,Earth,True,PSO J318.5-22,20.0,False,0.0,0.0,0.0,0.0,0.0,1674,G,260,S
1676_01,Earth,True,TRAPPIST-1e,26.0,False,0.0,0.0,0.0,0.0,0.0,1676,G,270,P
1677_01,Earth,False,TRAPPIST-1e,19.0,False,5.0,87.0,0.0,0.0,,1677,E,103,P
1681_01,Earth,False,TRAPPIST-1e,34.0,False,1.0,89.0,0.0,793.0,0.0,1681,G,261,S
1682_01,Mars,True,TRAPPIST-1e,38.0,False,0.0,0.0,0.0,0.0,0.0,1682,F,331,P
1685_01,Earth,False,55 Cancri e,51.0,False,0.0,260.0,91.0,0.0,264.0,1685,G,734,S
1685_02,Earth,False,55 Cancri e,7.0,False,0.0,0.0,0.0,0.0,0.0,1685,G,272,P
1685_03,Earth,True,TRAPPIST-1e,3.0,False,0.0,0.0,0.0,0.0,0.0,1685,G,272,P
1687_01,Mars,False,TRAPPIST-1e,26.0,True,714.0,450.0,208.0,0.0,44.0,1687,F,334,P
1688_01,Earth,False,TRAPPIST-1e,27.0,False,233.0,554.0,0.0,0.0,0.0,1688,E,124,S
1688_02,Earth,True,TRAPPIST-1e,7.0,False,,0.0,0.0,0.0,0.0,1688,G,734,S
1688_03,Earth,True,TRAPPIST-1e,19.0,False,,0.0,0.0,0.0,0.0,1688,G,262,S
1690_01,Earth,False,TRAPPIST-1e,28.0,False,0.0,26.0,88.0,5.0,754.0,1690,F,335,P
1691_01,Mars,False,TRAPPIST-1e,27.0,False,3482.0,1234.0,1155.0,0.0,0.0,1691,F,321,S
1694_01,Earth,True,PSO J318.5-22,31.0,False,0.0,,0.0,0.0,0.0,1694,G,263,S
1695_01,Earth,False,TRAPPIST-1e,26.0,False,324.0,0.0,201.0,2.0,256.0,1695,G,264,S
1696_01,Europa,False,TRAPPIST-1e,43.0,False,0.0,760.0,17.0,15331.0,427.0,1696,B,55,P
1697_01,Earth,False,TRAPPIST-1e,23.0,,0.0,13.0,0.0,773.0,0.0,1697,G,274,P
1698_01,,True,PSO J318.5-22,14.0,False,0.0,0.0,0.0,0.0,0.0,1698,E,125,S
1699_01,Earth,False,55 Cancri e,47.0,False,0.0,574.0,0.0,0.0,68.0,1699,F,336,P
1700_01,Europa,True,TRAPPIST-1e,17.0,False,0.0,0.0,0.0,0.0,0.0,1700,B,74,S
1700_02,Europa,False,TRAPPIST-1e,64.0,False,0.0,4.0,0.0,6200.0,622.0,1700,B,74,S
1704_01,Mars,False,TRAPPIST-1e,13.0,False,1112.0,0.0,687.0,0.0,3.0,1704,D,60,S
1704_02,Mars,False,55 Cancri e,18.0,False,86.0,1164.0,516.0,0.0,0.0,1704,D,60,S
1705_01,Mars,False,TRAPPIST-1e,29.0,True,0.0,0.0,0.0,0.0,0.0,1705,E,126,S
1708_01,Earth,False,PSO J318.5-22,70.0,False,0.0,3.0,1.0,2.0,1290.0,1708,F,338,P
1709_01,Mars,False,TRAPPIST-1e,23.0,False,31.0,0.0,1247.0,0.0,47.0,1709,F,326,S
1709_02,Mars,False,TRAPPIST-1e,23.0,False,2210.0,0.0,89.0,0.0,0.0,1709,D,61,S
1709_03,Mars,False,TRAPPIST-1e,35.0,False,1313.0,0.0,24.0,0.0,1.0,1709,G,734,S
1709_04,Mars,False,TRAPPIST-1e,17.0,False,1744.0,0.0,136.0,8.0,8.0,1709,E,127,S
1709_05,Mars,True,TRAPPIST-1e,26.0,False,0.0,0.0,0.0,0.0,0.0,1709,F,326,S
1709_06,Mars,False,TRAPPIST-1e,15.0,False,1554.0,0.0,646.0,20.0,1241.0,1709,D,61,S
1709_07,Mars,False,TRAPPIST-1e,19.0,False,285.0,54.0,1246.0,102.0,0.0,1709,F,326,S
1710_01,Earth,True,PSO J318.5-22,20.0,False,0.0,0.0,0.0,0.0,0.0,1710,G,276,P
1711_01,Earth,,TRAPPIST-1e,51.0,False,437.0,244.0,908.0,825.0,0.0,1711,F,327,S
1712_01,Mars,,TRAPPIST-1e,17.0,False,139.0,0.0,959.0,21.0,0.0,1712,F,339,P
1712_02,Mars,False,TRAPPIST-1e,27.0,False,103.0,1.0,49.0,2421.0,24.0,1712,F,339,P
1713_01,Earth,False,TRAPPIST-1e,43.0,False,84.0,726.0,2.0,0.0,0.0,1713,G,277,P
1714_01,Earth,False,TRAPPIST-1e,5.0,False,0.0,0.0,0.0,0.0,0.0,1714,G,265,S
1715_01,Earth,True,TRAPPIST-1e,17.0,False,0.0,0.0,0.0,0.0,0.0,1715,G,266,S
1717_01,Earth,False,TRAPPIST-1e,40.0,False,813.0,0.0,473.0,236.0,0.0,1717,E,105,P
1717_02,Earth,False,TRAPPIST-1e,38.0,False,4.0,0.0,0.0,0.0,1679.0,1717,E,105,P
1718_01,Earth,True,TRAPPIST-1e,20.0,False,0.0,0.0,0.0,0.0,0.0,1718,G,734,S
1719_01,Earth,True,TRAPPIST-1e,13.0,False,0.0,0.0,,0.0,0.0,1719,G,278,P
1721_01,Earth,False,TRAPPIST-1e,15.0,False,320.0,36.0,5.0,0.0,640.0,1721,F,341,P
1723_01,Earth,False,TRAPPIST-1e,15.0,,852.0,0.0,0.0,135.0,0.0,1723,E,128,S
1724_01,Europa,False,55 Cancri e,59.0,False,8.0,1563.0,0.0,73.0,31.0,1724,A,21,S
1725_01,Earth,False,TRAPPIST-1e,24.0,False,0.0,201.0,0.0,0.0,603.0,1725,F,328,S
1727_01,Mars,True,,,False,0.0,0.0,0.0,0.0,0.0,1727,F,342,P
1727_02,Mars,False,55 Cancri e,52.0,False,1279.0,0.0,1061.0,359.0,0.0,1727,D,54,P
1728_01,Earth,False,TRAPPIST-1e,38.0,False,553.0,0.0,0.0,87.0,243.0,1728,G,280,P
1729_01,Earth,False,TRAPPIST-1e,26.0,False,21.0,0.0,499.0,568.0,0.0,1729,F,343,P
1730_01,Earth,False,55 Cancri e,17.0,False,68.0,0.0,0.0,0.0,795.0,1730,E,106,P
1731_01,Earth,True,PSO J318.5-22,17.0,False,0.0,0.0,0.0,0.0,0.0,1731,G,281,P
1731_02,Earth,False,55 Cancri e,20.0,False,1.0,808.0,0.0,0.0,0.0,1731,G,281,P
1733_01,Earth,False,TRAPPIST-1e,15.0,False,1336.0,108.0,0.0,0.0,0.0,1733,F,344,P
1734_01,Earth,True,TRAPPIST-1e,30.0,False,0.0,0.0,0.0,0.0,0.0,1734,G,283,P
1736_01,Earth,True,PSO J318.5-22,22.0,False,0.0,0.0,0.0,0.0,0.0,1736,G,284,P
1738_01,Earth,False,TRAPPIST-1e,18.0,False,0.0,0.0,19.0,467.0,,1738,E,129,S
1738_02,Earth,True,55 Cancri e,22.0,False,0.0,0.0,0.0,0.0,0.0,1738,G,268,S
1739_01,Earth,True,PSO J318.5-22,20.0,False,0.0,0.0,0.0,0.0,0.0,1739,G,269,S
1740_01,Earth,False,TRAPPIST-1e,22.0,False,762.0,13.0,10.0,0.0,0.0,1740,G,270,S
1742_01,Mars,False,PSO J318.5-22,34.0,True,49.0,478.0,387.0,0.0,0.0,1742,D,55,P
1745_01,Europa,False,TRAPPIST-1e,28.0,False,0.0,1310.0,0.0,221.0,6064.0,1745,E,130,S
1746_01,Mars,True,TRAPPIST-1e,50.0,False,0.0,0.0,0.0,0.0,0.0,1746,F,331,S
1747_01,Earth,False,55 Cancri e,19.0,False,0.0,0.0,496.0,13.0,0.0,1747,G,271,S
1748_01,Earth,False,TRAPPIST-1e,21.0,False,0.0,0.0,0.0,2.0,807.0,1748,G,287,P
1748_02,Earth,False,TRAPPIST-1e,0.0,False,0.0,0.0,0.0,0.0,0.0,1748,G,287,P
1748_03,Earth,False,TRAPPIST-1e,4.0,False,0.0,0.0,0.0,0.0,0.0,1748,G,287,P
1749_01,Earth,True,PSO J318.5-22,59.0,False,0.0,0.0,0.0,0.0,0.0,1749,G,288,P
1752_01,Earth,False,55 Cancri e,15.0,False,1006.0,1.0,0.0,0.0,308.0,1752,F,333,S
1753_01,Earth,True,TRAPPIST-1e,24.0,False,0.0,0.0,0.0,0.0,0.0,1753,G,272,S
1755_01,Earth,True,TRAPPIST-1e,26.0,False,0.0,0.0,0.0,0.0,0.0,1755,G,273,S
1757_01,Earth,False,TRAPPIST-1e,67.0,False,26.0,809.0,0.0,39.0,26.0,1757,F,334,S
1758_01,Earth,False,TRAPPIST-1e,55.0,False,587.0,0.0,0.0,318.0,3.0,1758,G,274,S
1760_01,Earth,False,TRAPPIST-1e,50.0,False,742.0,21.0,10.0,26.0,4.0,1760,F,336,S
1761_01,Earth,False,55 Cancri e,23.0,False,145.0,490.0,17.0,49.0,1.0,1761,F,347,P
1762_01,Earth,False,PSO J318.5-22,21.0,False,2400.0,7.0,0.0,20.0,0.0,1762,E,132,S
1762_02,Earth,False,,15.0,False,104.0,,0.0,174.0,253.0,1762,G,275,S
1763_01,Europa,False,TRAPPIST-1e,41.0,False,0.0,3240.0,0.0,59.0,0.0,1763,E,133,S
1764_01,Mars,True,TRAPPIST-1e,59.0,False,0.0,0.0,0.0,0.0,0.0,1764,F,337,S
1764_02,Mars,False,TRAPPIST-1e,18.0,False,0.0,0.0,0.0,0.0,0.0,1764,E,134,S
1766_01,Earth,False,55 Cancri e,21.0,False,112.0,0.0,0.0,0.0,1333.0,1766,F,338,S
1767_01,Europa,True,55 Cancri e,14.0,False,0.0,0.0,0.0,0.0,0.0,1767,C,65,S
1767_02,Europa,False,TRAPPIST-1e,50.0,False,3677.0,782.0,0.0,6.0,1168.0,1767,C,65,S
1767_03,Europa,False,TRAPPIST-1e,32.0,False,2973.0,3368.0,124.0,57.0,42.0,1767,C,65,S
1767_04,Europa,True,TRAPPIST-1e,46.0,False,0.0,0.0,0.0,0.0,0.0,1767,C,65,S
1768_01,Earth,False,TRAPPIST-1e,,False,0.0,24.0,0.0,732.0,0.0,1768,G,276,S
1769_01,Mars,True,TRAPPIST-1e,58.0,False,0.0,0.0,0.0,0.0,0.0,1769,F,339,S
1770_01,Europa,True,55 Cancri e,15.0,False,0.0,0.0,0.0,0.0,0.0,1770,B,75,S
1771_01,Earth,False,TRAPPIST-1e,35.0,False,0.0,338.0,436.0,,0.0,1771,G,291,P
1772_01,Mars,False,TRAPPIST-1e,30.0,False,1220.0,0.0,49.0,39.0,0.0,1772,F,348,P
1774_01,Mars,True,TRAPPIST-1e,30.0,False,0.0,0.0,0.0,0.0,0.0,1774,E,135,S
1775_01,Earth,False,TRAPPIST-1e,43.0,False,0.0,0.0,870.0,0.0,14.0,1775,G,277,S
1776_01,Earth,False,TRAPPIST-1e,21.0,False,0.0,0.0,809.0,0.0,0.0,1776,G,278,S
1778_01,Earth,True,PSO J318.5-22,15.0,False,0.0,0.0,0.0,0.0,0.0,1778,G,279,S
1779_01,Earth,False,55 Cancri e,37.0,False,164.0,603.0,0.0,0.0,11.0,1779,F,349,P
1781_01,Europa,False,55 Cancri e,28.0,False,0.0,11026.0,0.0,0.0,12.0,1781,C,66,S
1782_01,Earth,True,TRAPPIST-1e,28.0,False,0.0,0.0,0.0,0.0,0.0,1782,G,734,S
1782_02,Earth,False,TRAPPIST-1e,40.0,,596.0,,135.0,73.0,0.0,1782,F,341,S
1783_01,Earth,False,55 Cancri e,42.0,False,28.0,0.0,0.0,0.0,591.0,1783,G,281,S
1783_02,Earth,True,PSO J318.5-22,21.0,False,0.0,0.0,0.0,,0.0,1783,G,281,S
1785_01,Mars,True,55 Cancri e,31.0,False,0.0,0.0,0.0,,0.0,1785,E,107,P
1786_01,Earth,False,TRAPPIST-1e,51.0,False,28.0,94.0,0.0,34.0,638.0,1786,F,342,S
1792_01,Mars,False,TRAPPIST-1e,73.0,False,27.0,2.0,71.0,1208.0,0.0,1792,F,352,P
1796_01,Europa,True,TRAPPIST-1e,26.0,,0.0,0.0,0.0,0.0,0.0,1796,C,67,S
1797_01,Europa,True,55 Cancri e,33.0,False,0.0,0.0,0.0,0.0,0.0,1797,B,57,P
1798_01,Earth,False,TRAPPIST-1e,39.0,False,1.0,275.0,33.0,376.0,105.0,1798,E,137,S
1799_01,Earth,False,TRAPPIST-1e,19.0,,5.0,639.0,0.0,84.0,180.0,1799,G,295,P
1800_01,Earth,False,55 Cancri e,12.0,False,0.0,0.0,0.0,0.0,0.0,1800,G,283,S
1800_02,Earth,True,55 Cancri e,10.0,False,0.0,0.0,0.0,0.0,0.0,1800,G,283,S
1800_03,Earth,True,TRAPPIST-1e,0.0,False,0.0,0.0,0.0,0.0,0.0,1800,G,283,S
1800_04,Earth,False,TRAPPIST-1e,0.0,False,0.0,0.0,0.0,0.0,0.0,1800,G,283,S
1800_05,Earth,True,TRAPPIST-1e,1.0,False,0.0,0.0,0.0,0.0,0.0,1800,G,283,S
1802_01,Earth,False,TRAPPIST-1e,33.0,False,0.0,0.0,2.0,787.0,1.0,1802,E,109,P
1803_01,Earth,False,55 Cancri e,23.0,False,0.0,169.0,0.0,553.0,0.0,1803,F,354,P
1804_01,Mars,True,TRAPPIST-1e,5.0,False,0.0,0.0,0.0,0.0,0.0,1804,F,355,P
1805_01,Earth,True,TRAPPIST-1e,24.0,False,0.0,0.0,0.0,0.0,0.0,1805,G,284,S
1806_01,Mars,False,TRAPPIST-1e,26.0,False,0.0,0.0,0.0,0.0,0.0,1806,E,138,S
1807_01,Europa,False,55 Cancri e,30.0,False,0.0,3722.0,4.0,140.0,4045.0,1807,B,58,P
1808_01,Earth,False,TRAPPIST-1e,33.0,False,0.0,763.0,8.0,2.0,30.0,1808,F,346,S
1810_01,Mars,False,TRAPPIST-1e,56.0,False,4694.0,0.0,2661.0,51.0,0.0,1810,F,356,P
1811_01,Earth,True,PSO J318.5-22,25.0,False,0.0,0.0,0.0,0.0,0.0,1811,G,285,S
1811_02,Earth,False,TRAPPIST-1e,,,928.0,20.0,0.0,0.0,0.0,1811,F,347,S
1812_01,,False,TRAPPIST-1e,25.0,False,9.0,852.0,73.0,12.0,57.0,1812,F,357,P
1813_01,Earth,False,55 Cancri e,18.0,False,0.0,0.0,454.0,0.0,263.0,1813,F,358,P
1816_01,Europa,False,TRAPPIST-1e,60.0,True,1891.0,640.0,0.0,360.0,52.0,1816,C,68,S
1816_02,Europa,False,TRAPPIST-1e,41.0,False,0.0,2334.0,1.0,6.0,23.0,1816,C,68,S
1817_01,Earth,False,PSO J318.5-22,16.0,False,112.0,0.0,38.0,77.0,443.0,1817,F,349,S
1818_01,Earth,True,TRAPPIST-1e,17.0,False,0.0,0.0,0.0,0.0,0.0,1818,G,297,P
1821_01,Earth,False,TRAPPIST-1e,26.0,False,,4.0,361.0,0.0,19.0,1821,G,298,P
1822_01,Earth,False,TRAPPIST-1e,31.0,False,2.0,811.0,0.0,0.0,0.0,1822,G,299,P
1823_01,,False,TRAPPIST-1e,67.0,False,143.0,68.0,496.0,182.0,9.0,1823,G,734,S
1826_01,Earth,False,55 Cancri e,16.0,False,,231.0,569.0,2.0,0.0,1826,F,351,S
1827_01,Earth,False,55 Cancri e,24.0,False,0.0,94.0,1.0,56.0,427.0,1827,F,352,S
1828_01,Earth,False,,19.0,False,0.0,1333.0,3.0,624.0,254.0,1828,F,361,P
1829_01,Europa,False,55 Cancri e,48.0,False,0.0,3578.0,80.0,123.0,,1829,D,56,P
1829_02,Europa,False,TRAPPIST-1e,30.0,False,1.0,6398.0,0.0,2.0,295.0,1829,D,56,P
1829_03,Europa,False,TRAPPIST-1e,22.0,False,0.0,8882.0,21.0,2204.0,19.0,1829,D,56,P
1829_04,Europa,False,TRAPPIST-1e,28.0,True,0.0,4424.0,3.0,207.0,1572.0,1829,D,56,P
1829_05,Europa,True,55 Cancri e,23.0,False,0.0,0.0,0.0,0.0,0.0,1829,D,56,P
1829_06,Europa,False,TRAPPIST-1e,29.0,False,0.0,699.0,0.0,0.0,1955.0,1829,D,56,P
1831_01,Earth,True,TRAPPIST-1e,22.0,False,0.0,0.0,0.0,0.0,,1831,G,288,S
1833_01,Europa,False,55 Cancri e,48.0,False,140.0,127.0,0.0,4102.0,521.0,1833,C,61,P
1834_01,Mars,False,,26.0,False,17.0,0.0,1582.0,0.0,0.0,1834,F,354,S
1836_01,Earth,False,TRAPPIST-1e,23.0,False,1639.0,1218.0,0.0,1.0,0.0,1836,F,362,P
1841_01,Earth,False,TRAPPIST-1e,55.0,False,1104.0,0.0,0.0,0.0,0.0,1841,F,365,P
1843_01,Europa,False,TRAPPIST-1e,46.0,False,2249.0,153.0,137.0,,194.0,1843,E,112,P
1844_01,Earth,False,PSO J318.5-22,38.0,False,0.0,0.0,0.0,0.0,1381.0,1844,F,355,S
1844_02,Earth,True,TRAPPIST-1e,2.0,False,0.0,0.0,0.0,0.0,0.0,1844,G,289,S
1844_03,Earth,True,TRAPPIST-1e,3.0,False,0.0,0.0,0.0,0.0,0.0,1844,G,289,S
1846_01,Earth,False,TRAPPIST-1e,20.0,False,0.0,0.0,0.0,788.0,16.0,1846,F,366,P
1847_01,Earth,False,TRAPPIST-1e,65.0,False,5.0,317.0,,0.0,123.0,1847,G,290,S
1848_01,Earth,False,TRAPPIST-1e,,False,181.0,0.0,2.0,0.0,663.0,1848,G,291,S
1849_01,Earth,False,TRAPPIST-1e,25.0,False,113.0,0.0,0.0,1282.0,0.0,1849,F,367,P
1850_01,Earth,False,PSO J318.5-22,54.0,False,0.0,316.0,257.0,0.0,0.0,1850,F,356,S
1850_02,Earth,False,55 Cancri e,25.0,False,0.0,0.0,1.0,735.0,25.0,1850,F,356,S
1853_01,Earth,True,TRAPPIST-1e,14.0,False,0.0,0.0,0.0,0.0,0.0,1853,G,302,P
1854_01,Europa,False,55 Cancri e,53.0,False,0.0,13527.0,0.0,0.0,771.0,1854,A,22,S
1855_01,Earth,True,TRAPPIST-1e,0.0,False,0.0,0.0,0.0,0.0,0.0,1855,G,303,P
1855_02,Earth,False,TRAPPIST-1e,39.0,False,0.0,43.0,864.0,0.0,85.0,1855,E,113,P
1856_01,Earth,False,TRAPPIST-1e,22.0,False,8.0,710.0,0.0,27.0,0.0,1856,F,368,P
1857_01,Mars,False,55 Cancri e,31.0,False,120.0,0.0,657.0,52.0,0.0,1857,D,63,S
1859_01,Mars,True,,24.0,False,0.0,0.0,0.0,0.0,0.0,1859,F,357,S
1860_01,Europa,False,TRAPPIST-1e,35.0,True,0.0,1.0,0.0,0.0,3156.0,1860,A,13,P
1860_02,Europa,False,55 Cancri e,35.0,False,95.0,3441.0,0.0,391.0,318.0,1860,A,13,P
1861_01,Mars,True,TRAPPIST-1e,32.0,False,0.0,0.0,0.0,0.0,0.0,1861,F,358,S
1861_02,Mars,False,TRAPPIST-1e,61.0,False,953.0,415.0,974.0,0.0,133.0,1861,F,358,S
1863_01,Earth,False,55 Cancri e,58.0,False,14.0,0.0,1081.0,0.0,0.0,1863,F,370,P
1864_01,Mars,False,TRAPPIST-1e,26.0,False,1752.0,22.0,0.0,4.0,,1864,D,64,S
1865_01,Earth,True,TRAPPIST-1e,4.0,,0.0,0.0,0.0,0.0,0.0,1865,G,292,S
1865_02,Earth,False,TRAPPIST-1e,1.0,False,0.0,0.0,0.0,0.0,0.0,1865,G,292,S
1865_03,Earth,False,TRAPPIST-1e,8.0,False,0.0,0.0,0.0,0.0,0.0,1865,G,292,S
1865_04,Earth,False,TRAPPIST-1e,7.0,False,0.0,0.0,0.0,0.0,,1865,G,292,S
1865_05,Earth,,TRAPPIST-1e,25.0,False,0.0,60.0,0.0,646.0,1115.0,1865,G,292,S
1865_06,,False,TRAPPIST-1e,6.0,False,0.0,0.0,0.0,0.0,0.0,1865,G,292,S
1866_01,Earth,False,TRAPPIST-1e,29.0,False,0.0,0.0,0.0,0.0,865.0,1866,F,371,P
1868_01,Mars,True,TRAPPIST-1e,64.0,False,0.0,0.0,0.0,0.0,0.0,1868,F,372,P
1871_01,Europa,False,TRAPPIST-1e,31.0,,0.0,1983.0,0.0,172.0,52.0,1871,C,70,S
1872_01,Mars,True,TRAPPIST-1e,25.0,False,0.0,0.0,0.0,0.0,0.0,1872,E,139,S
1873_01,Earth,True,TRAPPIST-1e,30.0,False,0.0,,0.0,0.0,0.0,1873,G,293,S
1874_01,Earth,True,TRAPPIST-1e,0.0,False,0.0,0.0,0.0,0.0,0.0,1874,G,305,P
1874_02,Earth,,PSO J318.5-22,29.0,False,0.0,0.0,0.0,486.0,1479.0,1874,F,374,P
1877_01,Earth,False,TRAPPIST-1e,37.0,False,28.0,25.0,26.0,806.0,3.0,1877,G,306,P
1878_01,Earth,False,TRAPPIST-1e,49.0,False,0.0,0.0,0.0,724.0,0.0,1878,F,375,P
1879_01,Europa,False,TRAPPIST-1e,36.0,False,0.0,583.0,1789.0,19.0,1009.0,1879,D,58,P
1880_01,Earth,False,55 Cancri e,20.0,False,470.0,128.0,0.0,0.0,9.0,1880,F,376,P
1881_01,Earth,False,TRAPPIST-1e,20.0,False,2215.0,0.0,0.0,86.0,0.0,1881,F,377,P
1882_01,Europa,,55 Cancri e,18.0,False,0.0,16263.0,72.0,0.0,15.0,1882,C,71,S
1882_02,Europa,True,55 Cancri e,17.0,False,0.0,0.0,0.0,0.0,0.0,1882,G,734,S
1884_01,Mars,True,TRAPPIST-1e,48.0,False,0.0,0.0,0.0,0.0,0.0,1884,E,140,S
1886_01,Earth,False,TRAPPIST-1e,26.0,False,0.0,3.0,176.0,611.0,0.0,1886,E,141,S
1887_01,Earth,False,TRAPPIST-1e,35.0,False,0.0,88.0,718.0,46.0,0.0,1887,G,295,S
1888_01,Earth,False,TRAPPIST-1e,30.0,False,116.0,0.0,0.0,728.0,29.0,1888,F,361,S
1889_01,Earth,False,TRAPPIST-1e,22.0,False,0.0,0.0,22.0,0.0,702.0,1889,F,378,P
1889_02,Earth,True,TRAPPIST-1e,5.0,False,0.0,0.0,0.0,0.0,0.0,1889,G,307,P
1890_01,Earth,True,55 Cancri e,43.0,False,0.0,0.0,0.0,0.0,0.0,1890,G,308,P
1891_01,Mars,True,TRAPPIST-1e,52.0,False,0.0,0.0,0.0,0.0,0.0,1891,E,142,S
1892_01,Europa,False,TRAPPIST-1e,50.0,False,5.0,809.0,0.0,309.0,731.0,1892,D,59,P
1892_02,Europa,False,TRAPPIST-1e,29.0,False,4.0,841.0,0.0,363.0,1107.0,1892,G,734,S
1892_03,Europa,False,55 Cancri e,19.0,False,0.0,748.0,158.0,5037.0,44.0,1892,D,59,P
1897_01,Europa,False,55 Cancri e,39.0,False,0.0,10153.0,1.0,78.0,5063.0,1897,C,72,S
1897_02,Europa,False,TRAPPIST-1e,38.0,False,0.0,354.0,0.0,1806.0,0.0,1897,C,72,S
1898_01,Earth,True,55 Cancri e,21.0,False,,0.0,0.0,0.0,0.0,1898,G,296,S
1899_01,Earth,False,PSO J318.5-22,25.0,False,11.0,44.0,397.0,0.0,0.0,1899,G,297,S
1901_01,Europa,True,55 Cancri e,42.0,False,0.0,0.0,0.0,0.0,0.0,1901,A,14,P
1901_02,Europa,True,55 Cancri e,36.0,False,0.0,0.0,0.0,0.0,0.0,1901,A,14,P
1902_01,Earth,False,TRAPPIST-1e,19.0,False,42.0,0.0,345.0,1431.0,0.0,1902,G,298,S
1903_01,Earth,True,TRAPPIST-1e,42.0,False,0.0,0.0,0.0,0.0,0.0,1903,G,309,P
1905_01,Earth,False,55 Cancri e,40.0,False,1465.0,39.0,0.0,0.0,1225.0,1905,F,364,S
1906_01,Earth,True,TRAPPIST-1e,14.0,False,0.0,0.0,0.0,0.0,0.0,1906,G,299,S
1907_01,Europa,False,TRAPPIST-1e,50.0,False,,1810.0,0.0,126.0,247.0,1907,D,60,P
1908_01,Mars,False,TRAPPIST-1e,18.0,False,1218.0,0.0,34.0,1095.0,0.0,1908,E,115,P
1911_01,Earth,False,TRAPPIST-1e,46.0,False,8.0,652.0,0.0,5.0,90.0,1911,G,300,S
1915_01,Earth,False,TRAPPIST-1e,,False,0.0,51.0,0.0,37.0,704.0,1915,E,116,P
1916_01,Europa,True,TRAPPIST-1e,15.0,False,0.0,0.0,0.0,0.0,0.0,1916,D,61,P
1916_02,Europa,False,55 Cancri e,22.0,False,1744.0,79.0,0.0,12.0,1514.0,1916,D,61,P
1918_01,Europa,True,TRAPPIST-1e,0.0,False,0.0,0.0,0.0,0.0,0.0,1918,A,23,S
1918_02,Europa,True,TRAPPIST-1e,52.0,False,0.0,0.0,0.0,0.0,0.0,1918,A,23,S
1918_03,Europa,False,TRAPPIST-1e,38.0,False,34.0,2043.0,0.0,1339.0,0.0,1918,A,23,S
1920_01,Mars,False,TRAPPIST-1e,46.0,False,731.0,0.0,288.0,0.0,2.0,1920,E,117,P
1922_01,Earth,True,55 Cancri e,23.0,False,0.0,0.0,0.0,0.0,0.0,1922,G,303,S
1923_01,Europa,False,TRAPPIST-1e,63.0,False,0.0,4286.0,18.0,4.0,872.0,1923,C,65,P
1923_02,Europa,True,55 Cancri e,24.0,False,0.0,0.0,0.0,0.0,0.0,1923,C,65,P
1925_01,Earth,True,TRAPPIST-1e,50.0,False,0.0,0.0,0.0,0.0,0.0,1925,G,304,S
1926_01,,True,TRAPPIST-1e,20.0,False,0.0,0.0,0.0,0.0,0.0,1926,G,305,S
1927_01,Mars,False,TRAPPIST-1e,55.0,False,2424.0,0.0,1.0,0.0,284.0,1927,D,66,S
1928_01,Earth,False,PSO J318.5-22,21.0,False,0.0,0.0,107.0,166.0,388.0,1928,E,144,S
1931_01,Europa,True,55 Cancri e,56.0,False,0.0,0.0,0.0,0.0,0.0,1931,C,73,S
1933_01,Earth,False,TRAPPIST-1e,45.0,False,10.0,0.0,0.0,,0.0,1933,E,118,P
1935_01,Earth,True,55 Cancri e,18.0,False,0.0,0.0,0.0,0.0,0.0,1935,G,307,S
1937_01,Earth,False,TRAPPIST-1e,47.0,False,7.0,877.0,17.0,0.0,0.0,1937,F,368,S
1938_01,Earth,False,TRAPPIST-1e,36.0,False,0.0,0.0,1508.0,110.0,117.0,1938,F,369,S
1939_01,Mars,False,TRAPPIST-1e,57.0,True,975.0,0.0,295.0,39.0,0.0,1939,F,385,P
1939_02,Mars,False,TRAPPIST-1e,13.0,False,3037.0,10.0,43.0,0.0,0.0,1939,D,62,P
1940_01,Mars,False,TRAPPIST-1e,27.0,False,120.0,0.0,1476.0,3.0,0.0,1940,F,386,P
1941_01,Earth,False,TRAPPIST-1e,20.0,False,717.0,0.0,0.0,0.0,0.0,1941,F,370,S
1942_01,Earth,False,TRAPPIST-1e,47.0,False,0.0,444.0,328.0,56.0,,1942,G,312,P
1945_01,Earth,False,TRAPPIST-1e,15.0,False,0.0,0.0,787.0,0.0,0.0,1945,E,120,P
1946_01,Earth,False,TRAPPIST-1e,34.0,False,0.0,0.0,53.0,731.0,0.0,1946,G,313,P
1947_01,Earth,False,TRAPPIST-1e,21.0,False,942.0,0.0,0.0,0.0,7.0,1947,F,372,S
1950_01,Earth,False,TRAPPIST-1e,51.0,False,0.0,0.0,0.0,101.0,1357.0,1950,F,374,S
1952_01,Earth,False,TRAPPIST-1e,23.0,False,382.0,0.0,398.0,8.0,0.0,1952,E,121,P
1953_01,Earth,False,TRAPPIST-1e,58.0,False,0.0,0.0,0.0,0.0,717.0,1953,F,387,P
1956_01,Mars,False,TRAPPIST-1e,37.0,False,2765.0,0.0,1134.0,0.0,0.0,1956,D,68,S
1956_02,Mars,False,PSO J318.5-22,44.0,,708.0,0.0,5.0,0.0,74.0,1956,D,68,S
1957_01,Earth,True,TRAPPIST-1e,25.0,False,0.0,0.0,0.0,0.0,0.0,1957,G,309,S
1959_01,Europa,True,TRAPPIST-1e,15.0,False,0.0,0.0,0.0,0.0,0.0,1959,C,66,P
1959_02,Europa,False,TRAPPIST-1e,40.0,False,0.0,382.0,0.0,1.0,3822.0,1959,C,66,P
1959_03,Europa,False,55 Cancri e,29.0,False,0.0,433.0,4899.0,393.0,260.0,1959,C,66,P
1960_01,Earth,True,TRAPPIST-1e,36.0,False,0.0,0.0,0.0,0.0,0.0,1960,E,122,P
1960_02,Earth,False,PSO J318.5-22,21.0,False,0.0,0.0,677.0,4.0,0.0,1960,E,122,P
1961_01,Earth,False,TRAPPIST-1e,35.0,False,302.0,6.0,0.0,6.0,613.0,1961,G,315,P
1962_01,Earth,False,TRAPPIST-1e,24.0,False,3.0,361.0,94.0,824.0,160.0,1962,F,390,P
1962_02,Earth,False,55 Cancri e,2.0,False,0.0,0.0,0.0,0.0,0.0,1962,G,316,P
1962_03,Earth,True,TRAPPIST-1e,0.0,False,,0.0,0.0,0.0,0.0,1962,G,316,P
1963_01,Earth,False,TRAPPIST-1e,43.0,False,0.0,0.0,0.0,1200.0,17.0,1963,F,391,P
1964_01,Europa,False,TRAPPIST-1e,63.0,False,,869.0,1.0,375.0,3377.0,1964,C,74,S
1967_01,Earth,True,TRAPPIST-1e,30.0,,0.0,0.0,0.0,0.0,0.0,1967,G,318,P
1968_01,Earth,True,PSO J318.5-22,38.0,False,0.0,0.0,0.0,0.0,0.0,1968,G,319,P
1969_01,Europa,False,55 Cancri e,27.0,False,,21066.0,0.0,2448.0,2293.0,1969,C,75,S
1971_01,Earth,False,PSO J318.5-22,54.0,False,3.0,0.0,56.0,633.0,0.0,1971,F,375,S
1973_01,Europa,True,55 Cancri e,39.0,False,0.0,0.0,0.0,0.0,0.0,1973,A,24,S
1974_01,Mars,False,TRAPPIST-1e,41.0,False,3702.0,0.0,1.0,0.0,18.0,1974,D,63,P
1975_01,Earth,False,TRAPPIST-1e,22.0,False,0.0,0.0,0.0,10.0,761.0,1975,G,310,S
1976_01,Europa,False,55 Cancri e,23.0,False,0.0,8037.0,,1.0,2.0,1976,B,82,S
1976_02,Europa,False,TRAPPIST-1e,34.0,False,15.0,3578.0,0.0,,473.0,1976,B,82,S
1976_03,Europa,True,55 Cancri e,26.0,True,0.0,0.0,0.0,0.0,0.0,1976,B,82,S
1976_04,Europa,False,TRAPPIST-1e,39.0,False,1.0,2972.0,0.0,3175.0,1.0,1976,B,82,S
1976_05,Europa,True,55 Cancri e,15.0,False,0.0,0.0,0.0,0.0,0.0,1976,B,82,S
1976_06,Europa,True,TRAPPIST-1e,64.0,False,0.0,0.0,0.0,0.0,0.0,1976,B,82,S
1976_07,Europa,True,TRAPPIST-1e,25.0,False,0.0,0.0,0.0,0.0,0.0,1976,B,82,S
1977_01,Mars,True,TRAPPIST-1e,35.0,False,0.0,0.0,0.0,0.0,0.0,1977,F,393,P
1978_01,,True,TRAPPIST-1e,19.0,False,0.0,0.0,0.0,0.0,0.0,1978,G,311,S
1979_01,Earth,False,TRAPPIST-1e,26.0,False,401.0,0.0,693.0,62.0,0.0,1979,F,376,S
1980_01,Earth,True,TRAPPIST-1e,3.0,False,0.0,0.0,0.0,0.0,0.0,1980,G,312,S
1980_02,Earth,False,TRAPPIST-1e,29.0,False,1434.0,5.0,0.0,0.0,0.0,1980,G,312,S
1980_03,Earth,True,TRAPPIST-1e,44.0,False,0.0,0.0,0.0,0.0,0.0,1980,G,312,S
1981_01,Earth,False,TRAPPIST-1e,27.0,False,196.0,602.0,0.0,0.0,198.0,1981,E,124,P
1983_01,Earth,False,PSO J318.5-22,17.0,False,414.0,0.0,139.0,28.0,173.0,1983,G,320,P
1984_01,Europa,False,55 Cancri e,37.0,False,0.0,3166.0,0.0,91.0,6.0,1984,G,734,S
1985_01,Mars,True,55 Cancri e,19.0,False,0.0,0.0,0.0,0.0,0.0,1985,F,394,P
1988_01,Earth,True,TRAPPIST-1e,44.0,False,0.0,0.0,0.0,0.0,0.0,1988,G,321,P
1991_01,Earth,False,55 Cancri e,22.0,,0.0,0.0,30.0,499.0,138.0,1991,F,378,S
1991_02,Earth,False,TRAPPIST-1e,22.0,False,213.0,85.0,352.0,12.0,1.0,1991,E,146,S
1992_01,Mars,True,TRAPPIST-1e,21.0,False,,0.0,0.0,0.0,0.0,1992,F,379,S
1993_01,Earth,False,TRAPPIST-1e,31.0,False,1062.0,0.0,802.0,71.0,0.0,1993,F,380,S
1994_01,Earth,False,TRAPPIST-1e,17.0,False,0.0,0.0,249.0,537.0,5.0,1994,E,125,P
1995_01,Earth,False,PSO J318.5-22,30.0,False,231.0,0.0,0.0,274.0,26.0,1995,G,314,S
1996_01,Earth,False,TRAPPIST-1e,15.0,False,12.0,25.0,197.0,631.0,0.0,1996,F,381,S
1997_01,Earth,,TRAPPIST-1e,42.0,False,37.0,1670.0,0.0,0.0,0.0,1997,G,315,S
1999_01,Earth,False,TRAPPIST-1e,55.0,False,373.0,1.0,1.0,496.0,0.0,1999,F,383,S
2000_01,Europa,False,55 Cancri e,28.0,False,5.0,2676.0,13.0,0.0,157.0,2000,C,76,S
2001_01,Earth,False,TRAPPIST-1e,33.0,False,673.0,194.0,548.0,59.0,40.0,2001,F,396,P
2003_01,Earth,False,TRAPPIST-1e,19.0,,3.0,6.0,20.0,60.0,719.0,2003,G,323,P
2006_01,Earth,False,TRAPPIST-1e,24.0,False,,856.0,0.0,0.0,5.0,2006,F,386,S
2006_02,Earth,False,TRAPPIST-1e,4.0,False,0.0,0.0,0.0,0.0,0.0,2006,G,317,S
2006_03,Earth,True,TRAPPIST-1e,2.0,False,0.0,0.0,0.0,0.0,0.0,2006,G,317,S
2007_01,Europa,False,55 Cancri e,30.0,False,0.0,5734.0,0.0,5.0,1.0,2007,A,25,S
2009_01,Europa,False,TRAPPIST-1e,31.0,False,0.0,0.0,0.0,0.0,0.0,2009,B,59,P
2009_02,Europa,True,TRAPPIST-1e,17.0,False,0.0,0.0,0.0,0.0,0.0,2009,B,59,P
2009_03,Europa,True,55 Cancri e,40.0,False,0.0,0.0,0.0,0.0,0.0,2009,B,59,P
2010_01,Earth,True,PSO J318.5-22,33.0,False,0.0,0.0,0.0,0.0,,2010,G,324,P
2011_01,Earth,True,PSO J318.5-22,46.0,False,0.0,0.0,0.0,0.0,,2011,G,318,S
2012_01,Europa,False,55 Cancri e,30.0,True,1250.0,865.0,0.0,3725.0,5416.0,2012,B,60,P
2013_01,Earth,False,TRAPPIST-1e,17.0,False,0.0,0.0,0.0,0.0,804.0,2013,F,398,P
2015_01,Earth,False,TRAPPIST-1e,19.0,False,1139.0,18.0,0.0,0.0,671.0,2015,F,387,S
2019_01,Europa,False,55 Cancri e,22.0,False,0.0,5183.0,0.0,1080.0,2.0,2019,B,83,S
2019_02,Europa,,55 Cancri e,20.0,False,0.0,162.0,0.0,148.0,7619.0,2019,B,83,S
2022_01,Earth,False,PSO J318.5-22,36.0,False,0.0,809.0,0.0,86.0,0.0,2022,F,390,S
2024_01,,False,TRAPPIST-1e,0.0,False,0.0,0.0,0.0,0.0,0.0,2024,G,322,S
2024_02,Earth,False,55 Cancri e,17.0,False,44.0,1535.0,10.0,51.0,0.0,2024,E,150,S
2026_01,Earth,True,TRAPPIST-1e,,False,0.0,0.0,0.0,0.0,0.0,2026,G,323,S
2026_02,Earth,True,PSO J318.5-22,15.0,False,0.0,0.0,0.0,0.0,0.0,2026,G,323,S
2026_03,Earth,False,TRAPPIST-1e,20.0,False,0.0,4.0,429.0,0.0,287.0,2026,G,323,S
2027_01,Earth,False,55 Cancri e,19.0,False,30.0,1.0,1051.0,0.0,6.0,2027,F,399,P
2028_01,Earth,False,PSO J318.5-22,24.0,False,662.0,0.0,0.0,0.0,9.0,2028,F,391,S
2029_01,Earth,False,55 Cancri e,43.0,False,0.0,6.0,730.0,1.0,0.0,2029,F,400,P
2032_01,Mars,True,TRAPPIST-1e,26.0,False,0.0,0.0,0.0,0.0,0.0,2032,F,402,P
2034_01,Earth,False,TRAPPIST-1e,42.0,False,399.0,75.0,38.0,771.0,0.0,2034,F,393,S
2038_01,Earth,False,TRAPPIST-1e,21.0,False,6.0,133.0,503.0,0.0,2.0,2038,F,404,P
2040_01,Europa,True,TRAPPIST-1e,50.0,False,0.0,0.0,0.0,0.0,0.0,2040,B,85,S
2040_02,Europa,True,TRAPPIST-1e,25.0,False,0.0,0.0,0.0,0.0,0.0,2040,B,85,S
2041_01,Earth,True,TRAPPIST-1e,64.0,False,,0.0,0.0,0.0,0.0,2041,G,327,P
2042_01,Earth,False,TRAPPIST-1e,50.0,False,0.0,0.0,0.0,785.0,19.0,2042,F,394,S
2043_01,Mars,True,TRAPPIST-1e,24.0,False,,0.0,0.0,0.0,0.0,2043,F,395,S
2044_01,Earth,False,TRAPPIST-1e,27.0,,0.0,0.0,634.0,1.0,23.0,2044,F,396,S
2045_01,Earth,True,55 Cancri e,42.0,False,0.0,0.0,0.0,0.0,,2045,G,324,S
2046_01,Earth,True,55 Cancri e,30.0,False,0.0,0.0,0.0,0.0,0.0,2046,G,328,P
2051_01,Earth,False,TRAPPIST-1e,20.0,False,2.0,0.0,694.0,0.0,22.0,2051,E,126,P
2052_01,Mars,False,TRAPPIST-1e,31.0,False,162.0,1211.0,4.0,0.0,1.0,2052,E,151,S
2053_01,Europa,False,55 Cancri e,26.0,False,281.0,741.0,13.0,0.0,4724.0,2053,C,68,P
2054_01,Europa,False,55 Cancri e,39.0,False,0.0,,0.0,1528.0,1119.0,2054,C,69,P
2055_01,Earth,False,TRAPPIST-1e,,False,0.0,0.0,0.0,0.0,0.0,2055,G,330,P
2055_02,,False,PSO J318.5-22,32.0,False,0.0,58.0,0.0,0.0,642.0,2055,G,330,P
2055_03,Earth,True,TRAPPIST-1e,25.0,False,0.0,0.0,0.0,0.0,0.0,2055,G,330,P
2055_04,Earth,False,TRAPPIST-1e,6.0,False,0.0,0.0,0.0,0.0,0.0,2055,G,330,P
2055_05,Earth,True,TRAPPIST-1e,3.0,False,0.0,0.0,0.0,0.0,0.0,2055,G,330,P
2055_06,Earth,True,TRAPPIST-1e,11.0,False,0.0,0.0,0.0,0.0,0.0,2055,G,330,P
2056_01,Earth,True,TRAPPIST-1e,52.0,False,0.0,0.0,0.0,0.0,0.0,2056,G,331,P
2056_02,Earth,False,TRAPPIST-1e,14.0,False,16.0,0.0,0.0,712.0,149.0,2056,F,407,P
2056_03,Earth,False,TRAPPIST-1e,68.0,False,0.0,286.0,0.0,1739.0,13.0,2056,F,407,P
2056_04,Earth,True,PSO J318.5-22,18.0,False,0.0,0.0,0.0,0.0,0.0,2056,G,331,P
2059_01,Earth,False,TRAPPIST-1e,55.0,False,2.0,0.0,0.0,0.0,907.0,2059,G,333,P
2060_01,,False,55 Cancri e,22.0,False,1430.0,0.0,0.0,0.0,423.0,2060,G,327,S
2061_01,Europa,False,TRAPPIST-1e,34.0,False,0.0,5063.0,0.0,56.0,327.0,2061,D,65,P
2062_01,Mars,,TRAPPIST-1e,17.0,False,583.0,0.0,753.0,0.0,0.0,2062,F,398,S
2063_01,Earth,True,PSO J318.5-22,38.0,False,0.0,0.0,0.0,0.0,0.0,2063,G,328,S
2065_01,Earth,False,TRAPPIST-1e,13.0,False,12.0,0.0,0.0,0.0,1963.0,2065,F,410,P
2066_01,Earth,True,TRAPPIST-1e,19.0,False,0.0,0.0,0.0,0.0,0.0,2066,G,329,S
2067_01,Europa,True,TRAPPIST-1e,30.0,False,0.0,0.0,0.0,0.0,0.0,2067,C,70,P
2067_02,Europa,False,TRAPPIST-1e,27.0,True,0.0,0.0,72.0,668.0,2713.0,2067,C,70,P
2070_01,Earth,False,TRAPPIST-1e,17.0,False,,1.0,533.0,326.0,0.0,2070,E,127,P
2071_01,Europa,False,55 Cancri e,45.0,False,0.0,3559.0,0.0,3615.0,163.0,2071,C,78,S
2071_02,Europa,False,55 Cancri e,28.0,False,167.0,2406.0,71.0,283.0,650.0,2071,C,78,S
2073_01,Earth,False,TRAPPIST-1e,23.0,False,177.0,0.0,7.0,0.0,448.0,2073,F,401,S
2074_01,Europa,False,TRAPPIST-1e,24.0,False,1289.0,3343.0,0.0,4996.0,729.0,2074,D,69,S
2074_02,Europa,False,TRAPPIST-1e,23.0,False,9.0,4081.0,0.0,0.0,16.0,2074,D,69,S
2075_01,Earth,False,55 Cancri e,29.0,False,270.0,0.0,0.0,25.0,343.0,2075,F,402,S
2080_01,Earth,False,TRAPPIST-1e,46.0,False,430.0,0.0,340.0,52.0,61.0,2080,G,334,P
2081_01,Earth,False,PSO J318.5-22,17.0,False,8.0,911.0,0.0,0.0,0.0,2081,F,411,P
2082_01,Earth,False,TRAPPIST-1e,20.0,False,0.0,0.0,4.0,35.0,769.0,2082,G,335,P
2083_01,Earth,False,TRAPPIST-1e,24.0,False,121.0,20.0,0.0,68.0,506.0,2083,F,407,S
2084_01,Europa,False,TRAPPIST-1e,40.0,False,19.0,10.0,1.0,4759.0,6007.0,2084,A,16,P
2084_02,Europa,True,TRAPPIST-1e,,False,0.0,0.0,0.0,0.0,0.0,2084,A,16,P
2085_01,Europa,False,TRAPPIST-1e,38.0,False,0.0,590.0,2640.0,6202.0,99.0,2085,C,72,P
2086_01,Europa,False,TRAPPIST-1e,65.0,False,51.0,4451.0,0.0,20.0,397.0,2086,A,26,S
2086_02,Europa,False,TRAPPIST-1e,19.0,False,0.0,1342.0,0.0,152.0,556.0,2086,A,26,S
2087_01,Earth,False,TRAPPIST-1e,54.0,False,0.0,0.0,872.0,0.0,1.0,2087,F,408,S
2088_01,Earth,False,55 Cancri e,38.0,False,0.0,717.0,0.0,0.0,0.0,2088,F,409,S
2088_02,Earth,False,TRAPPIST-1e,40.0,False,51.0,0.0,1.0,368.0,509.0,2088,G,331,S
2089_01,Earth,False,PSO J318.5-22,21.0,False,,2.0,133.0,0.0,549.0,2089,F,412,P
2090_01,Earth,False,TRAPPIST-1e,22.0,False,8.0,0.0,801.0,0.0,12.0,2090,F,413,P
2091_01,Earth,False,TRAPPIST-1e,33.0,False,356.0,,0.0,245.0,0.0,2091,F,414,P
2092_01,Mars,False,TRAPPIST-1e,18.0,False,29.0,0.0,2315.0,0.0,1.0,2092,D,70,S
2092_02,Mars,False,TRAPPIST-1e,43.0,False,546.0,0.0,41.0,710.0,0.0,2092,E,153,S
2092_03,Mars,False,TRAPPIST-1e,13.0,,6726.0,0.0,1605.0,1266.0,0.0,2092,G,734,S
2092_04,Mars,False,TRAPPIST-1e,26.0,False,1751.0,0.0,0.0,0.0,0.0,2092,F,410,S
2092_05,Mars,False,TRAPPIST-1e,22.0,False,2300.0,0.0,22.0,256.0,0.0,2092,D,70,S
2094_01,Mars,True,TRAPPIST-1e,21.0,False,0.0,0.0,0.0,0.0,0.0,2094,F,415,P
2095_01,Earth,False,PSO J318.5-22,25.0,False,0.0,11.0,0.0,13.0,1344.0,2095,F,411,S
2096_01,Mars,False,TRAPPIST-1e,29.0,False,216.0,10.0,611.0,594.0,0.0,2096,F,412,S
2096_02,Mars,False,TRAPPIST-1e,49.0,False,1624.0,0.0,68.0,,0.0,2096,F,412,S
2097_01,Europa,True,55 Cancri e,29.0,False,0.0,0.0,0.0,0.0,0.0,2097,B,86,S
2099_01,Mars,False,,45.0,False,10.0,1095.0,1474.0,0.0,0.0,2099,D,71,S
2100_01,Earth,False,PSO J318.5-22,45.0,False,0.0,0.0,734.0,3.0,5.0,2100,F,413,S
2102_01,Europa,False,TRAPPIST-1e,30.0,False,63.0,9314.0,249.0,2624.0,4538.0,2102,C,79,S
2104_01,Earth,False,TRAPPIST-1e,29.0,False,776.0,0.0,4.0,0.0,23.0,2104,F,414,S
2104_02,Earth,False,TRAPPIST-1e,26.0,False,0.0,0.0,0.0,0.0,0.0,2104,G,734,S
2105_01,Earth,True,55 Cancri e,16.0,False,0.0,0.0,0.0,0.0,0.0,2105,G,335,S
2106_01,Earth,False,55 Cancri e,20.0,False,1.0,0.0,0.0,4926.0,1.0,2106,G,336,S
2107_01,Earth,False,TRAPPIST-1e,33.0,False,235.0,2.0,1.0,650.0,0.0,2107,G,338,P
2110_01,Earth,True,TRAPPIST-1e,18.0,False,0.0,0.0,0.0,0.0,0.0,2110,G,339,P
2111_01,Mars,False,TRAPPIST-1e,24.0,False,600.0,593.0,1404.0,0.0,1.0,2111,F,417,P
2112_01,Mars,False,TRAPPIST-1e,29.0,False,860.0,305.0,18.0,1415.0,0.0,2112,F,418,P
2114_01,Europa,True,55 Cancri e,40.0,False,0.0,0.0,0.0,0.0,0.0,2114,B,87,S
2115_01,Europa,True,TRAPPIST-1e,27.0,False,0.0,0.0,0.0,0.0,0.0,2115,D,72,S
2116_01,Earth,True,TRAPPIST-1e,35.0,False,0.0,0.0,0.0,0.0,0.0,2116,G,339,S
2117_01,Europa,False,TRAPPIST-1e,31.0,False,0.0,8718.0,0.0,13036.0,267.0,2117,G,734,S
2118_01,Earth,True,PSO J318.5-22,26.0,False,0.0,0.0,0.0,0.0,0.0,2118,G,340,P
2120_01,Mars,False,TRAPPIST-1e,49.0,False,0.0,0.0,1058.0,0.0,0.0,2120,D,73,S
2121_01,Earth,True,TRAPPIST-1e,23.0,False,0.0,0.0,0.0,0.0,0.0,2121,G,341,P
2123_01,Earth,True,PSO J318.5-22,23.0,False,0.0,0.0,0.0,0.0,0.0,2123,G,342,P
2123_02,Earth,True,PSO J318.5-22,14.0,False,0.0,0.0,0.0,0.0,0.0,2123,G,342,P
2124_01,Earth,False,55 Cancri e,21.0,False,770.0,0.0,0.0,40.0,0.0,2124,G,341,S
2125_01,Earth,False,TRAPPIST-1e,18.0,False,0.0,1.0,0.0,80.0,826.0,2125,G,343,P
2126_01,Earth,False,TRAPPIST-1e,,False,717.0,0.0,0.0,0.0,0.0,2126,F,415,S
2127_01,Earth,False,TRAPPIST-1e,19.0,False,721.0,62.0,7.0,0.0,0.0,2127,F,419,P
2128_01,Earth,False,TRAPPIST-1e,22.0,False,624.0,0.0,0.0,0.0,185.0,2128,G,344,P
2129_01,Earth,False,TRAPPIST-1e,17.0,False,736.0,0.0,2.0,20.0,0.0,2129,F,420,P
2130_01,Earth,False,PSO J318.5-22,13.0,False,0.0,2.0,480.0,10.0,176.0,2130,F,421,P
2131_01,Earth,False,TRAPPIST-1e,26.0,False,0.0,,0.0,91.0,900.0,2131,E,128,P
2133_01,Mars,False,TRAPPIST-1e,,False,1054.0,0.0,43.0,85.0,0.0,2133,D,74,S
2133_02,Mars,True,TRAPPIST-1e,16.0,False,0.0,0.0,0.0,0.0,0.0,2133,F,416,S
2134_01,Mars,False,TRAPPIST-1e,20.0,False,1146.0,0.0,0.0,0.0,3.0,2134,F,422,P
2135_01,Earth,False,TRAPPIST-1e,20.0,False,75.0,0.0,0.0,1545.0,0.0,2135,E,129,P
2135_02,Earth,,TRAPPIST-1e,23.0,False,426.0,0.0,362.0,0.0,0.0,2135,E,129,P
2136_01,Earth,False,TRAPPIST-1e,61.0,False,2.0,0.0,17.0,868.0,28.0,2136,G,343,S
2137_01,Mars,True,TRAPPIST-1e,27.0,False,0.0,0.0,0.0,0.0,0.0,2137,F,423,P
2137_02,Mars,False,55 Cancri e,3.0,False,0.0,0.0,0.0,0.0,0.0,2137,F,423,P
2137_03,Mars,False,55 Cancri e,4.0,False,0.0,0.0,0.0,0.0,0.0,2137,F,423,P
2138_01,Earth,True,55 Cancri e,13.0,,0.0,0.0,0.0,0.0,0.0,2138,G,344,S
2139_01,Mars,True,TRAPPIST-1e,19.0,False,0.0,0.0,0.0,0.0,0.0,2139,F,417,S
2140_01,Earth,False,TRAPPIST-1e,18.0,False,0.0,0.0,698.0,0.0,0.0,2140,F,424,P
2141_01,Earth,False,55 Cancri e,66.0,False,0.0,0.0,1610.0,0.0,0.0,2141,E,130,P
2142_01,Mars,True,TRAPPIST-1e,39.0,,0.0,0.0,0.0,0.0,0.0,2142,F,418,S
2143_01,Earth,False,TRAPPIST-1e,21.0,False,0.0,1433.0,0.0,1234.0,0.0,2143,F,419,S
2143_02,Earth,True,TRAPPIST-1e,7.0,False,0.0,0.0,0.0,0.0,0.0,2143,G,345,S
2144_01,Earth,True,TRAPPIST-1e,56.0,False,0.0,0.0,0.0,0.0,0.0,2144,G,734,S
2145_01,Earth,False,TRAPPIST-1e,15.0,False,0.0,951.0,128.0,0.0,0.0,2145,F,425,P
2147_01,Mars,False,TRAPPIST-1e,,False,1146.0,0.0,47.0,0.0,105.0,2147,E,155,S
2148_01,Earth,False,TRAPPIST-1e,13.0,False,579.0,226.0,61.0,1.0,7.0,2148,F,420,S
2149_01,Europa,True,TRAPPIST-1e,18.0,False,0.0,0.0,0.0,0.0,0.0,2149,B,89,S
2150_01,Earth,True,PSO J318.5-22,38.0,False,0.0,0.0,0.0,0.0,0.0,2150,G,346,P
2152_01,Earth,False,TRAPPIST-1e,45.0,False,2138.0,0.0,0.0,659.0,0.0,2152,F,426,P
2153_01,Earth,True,TRAPPIST-1e,21.0,False,0.0,0.0,0.0,0.0,,2153,G,347,P
2154_01,Earth,False,TRAPPIST-1e,19.0,False,78.0,0.0,0.0,550.0,0.0,2154,G,348,P
2156_01,Earth,False,TRAPPIST-1e,49.0,False,651.0,25.0,0.0,849.0,2.0,2156,F,421,S
2158_01,Earth,False,TRAPPIST-1e,21.0,False,0.0,820.0,0.0,45.0,0.0,2158,F,423,S
2159_01,Earth,False,TRAPPIST-1e,18.0,False,0.0,402.0,2027.0,0.0,0.0,2159,F,424,S
2161_01,Mars,True,TRAPPIST-1e,43.0,False,0.0,0.0,0.0,0.0,0.0,2161,F,429,P
2162_01,Mars,True,PSO J318.5-22,27.0,False,0.0,0.0,0.0,0.0,0.0,2162,F,425,S
2162_02,Mars,False,TRAPPIST-1e,0.0,False,0.0,0.0,0.0,0.0,0.0,2162,F,425,S
2163_01,Earth,False,TRAPPIST-1e,27.0,False,0.0,0.0,6.0,745.0,22.0,2163,G,349,P
2164_01,Europa,True,TRAPPIST-1e,21.0,,0.0,0.0,0.0,0.0,0.0,2164,B,63,P
2167_01,Earth,False,PSO J318.5-22,20.0,False,38.0,220.0,495.0,0.0,,2167,F,431,P
2168_01,Mars,True,TRAPPIST-1e,35.0,False,0.0,0.0,0.0,0.0,0.0,2168,F,427,S
2168_02,Mars,False,TRAPPIST-1e,20.0,False,212.0,0.0,991.0,0.0,13.0,2168,F,427,S
2171_01,Earth,False,TRAPPIST-1e,24.0,False,388.0,0.0,7.0,409.0,0.0,2171,F,433,P
2171_02,Earth,False,TRAPPIST-1e,41.0,False,2.0,0.0,551.0,5577.0,68.0,2171,G,351,P
2172_01,Earth,False,PSO J318.5-22,23.0,False,0.0,774.0,0.0,0.0,0.0,2172,G,347,S
2173_01,Earth,True,PSO J318.5-22,27.0,False,0.0,0.0,0.0,0.0,0.0,2173,G,352,P
2175_01,Earth,True,55 Cancri e,58.0,False,0.0,0.0,0.0,0.0,0.0,2175,G,348,S
2177_01,Mars,True,TRAPPIST-1e,53.0,False,0.0,0.0,0.0,,0.0,2177,F,435,P
2179_01,Europa,False,TRAPPIST-1e,30.0,False,437.0,3585.0,0.0,4488.0,281.0,2179,C,80,S
2180_01,Earth,False,55 Cancri e,24.0,False,1.0,0.0,0.0,318.0,247.0,2180,F,428,S
2182_01,Europa,False,TRAPPIST-1e,31.0,False,46.0,1935.0,0.0,995.0,1254.0,2182,B,64,P
2183_01,Mars,False,PSO J318.5-22,46.0,False,607.0,0.0,41.0,334.0,251.0,2183,F,429,S
2183_02,Mars,False,TRAPPIST-1e,20.0,False,938.0,59.0,31.0,12.0,0.0,2183,F,429,S
2186_01,Earth,True,TRAPPIST-1e,20.0,False,0.0,0.0,0.0,0.0,0.0,2186,G,350,S
2187_01,Earth,False,TRAPPIST-1e,30.0,False,0.0,236.0,0.0,1149.0,0.0,2187,F,437,P
2188_01,Earth,False,55 Cancri e,24.0,False,0.0,421.0,0.0,207.0,63.0,2188,F,438,P
2189_01,Earth,,TRAPPIST-1e,34.0,False,0.0,0.0,0.0,628.0,0.0,2189,G,354,P
2190_01,Earth,False,,20.0,False,1750.0,0.0,446.0,0.0,76.0,2190,F,430,S
2191_01,Mars,True,TRAPPIST-1e,48.0,False,0.0,0.0,0.0,0.0,0.0,2191,F,431,S
2193_01,Earth,False,PSO J318.5-22,25.0,False,0.0,0.0,619.0,0.0,70.0,2193,F,439,P
2194_01,Earth,True,TRAPPIST-1e,43.0,False,0.0,0.0,0.0,0.0,0.0,2194,G,352,S
2195_01,Earth,False,TRAPPIST-1e,27.0,False,0.0,280.0,119.0,646.0,5.0,2195,F,440,P
2196_01,Europa,False,TRAPPIST-1e,47.0,False,,32.0,0.0,4027.0,1440.0,2196,B,65,P
2196_02,Europa,False,55 Cancri e,26.0,False,26.0,4587.0,0.0,102.0,0.0,2196,B,65,P
2196_03,Europa,True,TRAPPIST-1e,37.0,False,0.0,0.0,0.0,0.0,0.0,2196,B,65,P
2196_04,Europa,False,55 Cancri e,42.0,False,0.0,1180.0,0.0,2677.0,283.0,2196,B,65,P
2198_01,Earth,False,55 Cancri e,61.0,False,0.0,654.0,902.0,0.0,68.0,2198,E,156,S
2200_01,Mars,False,TRAPPIST-1e,29.0,False,1443.0,1108.0,47.0,0.0,0.0,2200,F,442,P
2201_01,Europa,False,55 Cancri e,32.0,False,0.0,1968.0,13.0,1051.0,,2201,D,75,S
2202_01,Mars,False,TRAPPIST-1e,51.0,False,1671.0,0.0,17.0,0.0,0.0,2202,F,443,P
2203_01,Mars,False,TRAPPIST-1e,43.0,False,2019.0,0.0,560.0,0.0,0.0,2203,D,76,S
2204_01,Europa,True,55 Cancri e,25.0,False,0.0,0.0,0.0,0.0,0.0,2204,B,90,S
2205_01,Earth,False,TRAPPIST-1e,31.0,False,0.0,0.0,187.0,602.0,0.0,2205,E,157,S
2206_01,Earth,False,PSO J318.5-22,13.0,False,0.0,14.0,857.0,0.0,72.0,2206,F,432,S
2207_01,Earth,False,TRAPPIST-1e,20.0,False,546.0,0.0,228.0,0.0,0.0,2207,G,354,S
2209_01,Earth,False,TRAPPIST-1e,29.0,False,1356.0,20.0,0.0,13.0,0.0,2209,F,433,S
2210_01,Earth,True,TRAPPIST-1e,16.0,False,0.0,0.0,0.0,0.0,0.0,2210,G,355,S
2211_01,Earth,False,TRAPPIST-1e,15.0,False,0.0,2347.0,0.0,380.0,0.0,2211,F,434,S
2212_01,Earth,False,TRAPPIST-1e,50.0,False,0.0,5.0,0.0,2170.0,0.0,2212,F,445,P
2215_01,Europa,False,55 Cancri e,41.0,True,0.0,29813.0,0.0,1257.0,6.0,2215,A,27,S
2215_02,Europa,False,TRAPPIST-1e,43.0,False,2.0,2229.0,33.0,6.0,198.0,2215,A,27,S
2215_03,Europa,True,TRAPPIST-1e,32.0,False,0.0,0.0,0.0,0.0,0.0,2215,A,27,S
2215_04,Europa,False,,36.0,False,0.0,3206.0,0.0,698.0,72.0,2215,A,27,S
2219_01,Earth,True,55 Cancri e,18.0,False,0.0,0.0,0.0,0.0,0.0,2219,G,734,S
2220_01,Earth,False,TRAPPIST-1e,47.0,False,0.0,0.0,880.0,0.0,2.0,2220,G,357,S
2221_01,Earth,True,PSO J318.5-22,29.0,False,0.0,0.0,0.0,0.0,0.0,2221,G,355,P
2223_01,Earth,False,TRAPPIST-1e,,False,0.0,86.0,0.0,252.0,570.0,2223,G,358,S
2224_01,Earth,False,TRAPPIST-1e,14.0,False,0.0,600.0,0.0,204.0,0.0,2224,F,435,S
2225_01,Earth,True,PSO J318.5-22,25.0,False,0.0,0.0,0.0,0.0,0.0,2225,G,356,P
2228_01,Mars,False,TRAPPIST-1e,63.0,False,1172.0,0.0,1.0,,0.0,2228,E,158,S
2229_01,Earth,False,TRAPPIST-1e,22.0,False,48.0,329.0,182.0,26.0,154.0,2229,F,437,S
2231_01,Mars,False,TRAPPIST-1e,32.0,False,2.0,416.0,26.0,510.0,0.0,2231,E,159,S
2232_01,Earth,False,55 Cancri e,31.0,False,0.0,14.0,671.0,1.0,3.0,2232,F,438,S
2232_02,Earth,False,TRAPPIST-1e,24.0,False,0.0,1220.0,0.0,140.0,0.0,2232,F,438,S
2233_01,Earth,False,TRAPPIST-1e,39.0,False,9.0,18.0,0.0,2.0,878.0,2233,G,359,P
2234_01,Mars,True,55 Cancri e,20.0,False,0.0,0.0,0.0,0.0,0.0,2234,F,448,P
2234_02,Mars,True,55 Cancri e,20.0,False,0.0,0.0,0.0,0.0,0.0,2234,F,448,P
2234_03,Mars,False,TRAPPIST-1e,19.0,False,0.0,0.0,0.0,0.0,0.0,2234,E,134,P
2234_04,Mars,False,55 Cancri e,20.0,False,552.0,8.0,1348.0,5.0,,2234,E,134,P
2234_05,Mars,False,TRAPPIST-1e,31.0,False,21.0,0.0,1031.0,0.0,,2234,D,66,P
2234_06,Mars,True,55 Cancri e,17.0,False,0.0,0.0,0.0,0.0,0.0,2234,F,448,P
2234_07,Mars,,TRAPPIST-1e,24.0,False,2538.0,0.0,61.0,0.0,0.0,2234,F,448,P
2235_01,Earth,False,TRAPPIST-1e,27.0,False,203.0,539.0,0.0,0.0,0.0,2235,F,449,P
2237_01,Europa,False,55 Cancri e,28.0,False,0.0,162.0,741.0,3733.0,99.0,2237,C,83,S
2237_02,Europa,True,TRAPPIST-1e,41.0,False,0.0,0.0,0.0,0.0,0.0,2237,C,83,S
2238_01,Europa,True,55 Cancri e,25.0,False,0.0,0.0,0.0,0.0,0.0,2238,A,28,S
2239_01,Earth,False,PSO J318.5-22,26.0,False,93.0,0.0,469.0,0.0,0.0,2239,F,439,S
2241_01,Earth,False,TRAPPIST-1e,27.0,False,485.0,1109.0,921.0,0.0,1.0,2241,F,451,P
2243_01,Earth,False,TRAPPIST-1e,22.0,False,38.0,483.0,80.0,47.0,121.0,2243,G,362,P
2251_01,Europa,False,55 Cancri e,62.0,False,320.0,1179.0,756.0,4996.0,85.0,2251,A,29,S
2251_02,Europa,False,TRAPPIST-1e,58.0,False,2.0,1.0,14.0,2.0,1153.0,2251,A,29,S
2252_01,Earth,False,,37.0,False,0.0,1368.0,0.0,,960.0,2252,G,363,P
2253_01,Earth,False,TRAPPIST-1e,54.0,False,701.0,32.0,171.0,8.0,0.0,2253,G,359,S
2254_01,Earth,False,TRAPPIST-1e,26.0,False,0.0,10.0,0.0,702.0,1.0,2254,F,455,P
2255_01,Europa,True,55 Cancri e,44.0,False,0.0,0.0,0.0,0.0,0.0,2255,C,75,P
2255_02,Europa,True,TRAPPIST-1e,34.0,False,0.0,0.0,0.0,0.0,0.0,2255,C,75,P
2256_01,Earth,True,TRAPPIST-1e,47.0,False,0.0,0.0,0.0,0.0,0.0,2256,G,360,S
2257_01,Europa,False,TRAPPIST-1e,27.0,True,0.0,3341.0,,80.0,654.0,2257,C,76,P
2257_02,Europa,True,55 Cancri e,22.0,False,0.0,0.0,0.0,0.0,0.0,2257,B,66,P
2258_01,Earth,True,TRAPPIST-1e,46.0,False,,0.0,0.0,0.0,0.0,2258,G,364,P
2261_01,Earth,False,TRAPPIST-1e,29.0,False,0.0,0.0,885.0,0.0,0.0,2261,F,441,S
2262_01,Earth,False,55 Cancri e,43.0,False,485.0,4.0,136.0,48.0,0.0,2262,G,365,P
2263_01,Earth,False,TRAPPIST-1e,42.0,False,0.0,0.0,32.0,772.0,0.0,2263,F,456,P
2264_01,Earth,False,TRAPPIST-1e,39.0,False,0.0,0.0,13.0,0.0,868.0,2264,F,442,S
2266_01,Mars,False,TRAPPIST-1e,30.0,False,616.0,0.0,185.0,210.0,475.0,2266,F,457,P
2267_01,Mars,False,TRAPPIST-1e,43.0,False,2318.0,0.0,647.0,81.0,0.0,2267,E,161,S
2268_01,Earth,True,TRAPPIST-1e,19.0,False,0.0,0.0,0.0,0.0,0.0,2268,G,366,P
2269_01,Mars,True,TRAPPIST-1e,26.0,False,0.0,0.0,0.0,0.0,0.0,2269,F,458,P
2270_01,Mars,False,TRAPPIST-1e,46.0,False,171.0,0.0,1257.0,5.0,0.0,2270,F,459,P
2272_01,Earth,False,TRAPPIST-1e,3.0,False,0.0,0.0,0.0,0.0,0.0,2272,G,367,P
2272_02,Earth,True,55 Cancri e,21.0,False,0.0,0.0,0.0,0.0,0.0,2272,G,734,S
2272_03,Earth,False,TRAPPIST-1e,1.0,False,0.0,0.0,0.0,0.0,0.0,2272,G,367,P
2273_01,Earth,False,TRAPPIST-1e,22.0,False,0.0,0.0,0.0,10.0,778.0,2273,E,162,S
2274_01,Europa,True,55 Cancri e,27.0,False,0.0,0.0,0.0,0.0,0.0,2274,C,79,P
2274_02,Europa,True,55 Cancri e,28.0,False,0.0,0.0,0.0,0.0,0.0,2274,C,79,P
2275_01,Mars,False,PSO J318.5-22,36.0,False,241.0,0.0,670.0,0.0,0.0,2275,F,460,P
2277_01,Earth,False,TRAPPIST-1e,19.0,False,26.0,313.0,470.0,0.0,0.0,2277,G,362,S
2278_01,Europa,True,55 Cancri e,18.0,False,0.0,0.0,,0.0,0.0,2278,C,80,P
2279_01,Europa,False,55 Cancri e,47.0,False,0.0,140.0,,85.0,3970.0,2279,B,91,S
2280_01,Europa,False,TRAPPIST-1e,18.0,False,20.0,1064.0,0.0,0.0,11643.0,2280,B,92,S
2281_01,Earth,False,TRAPPIST-1e,6.0,False,0.0,0.0,0.0,0.0,0.0,2281,E,136,P
2282_01,Earth,,TRAPPIST-1e,20.0,False,0.0,544.0,1.0,0.0,378.0,2282,F,461,P
2284_01,Mars,False,TRAPPIST-1e,18.0,False,262.0,302.0,1127.0,4225.0,0.0,2284,F,463,P
2287_01,Earth,False,TRAPPIST-1e,37.0,False,0.0,1.0,0.0,219.0,,2287,F,464,P
2288_01,Earth,False,TRAPPIST-1e,22.0,False,12.0,746.0,802.0,58.0,0.0,2288,E,163,S
2289_01,Mars,False,TRAPPIST-1e,37.0,False,20.0,0.0,2559.0,20.0,0.0,2289,F,465,P
2291_01,Earth,,55 Cancri e,6.0,False,0.0,0.0,0.0,,0.0,2291,G,365,S
2291_02,Earth,False,TRAPPIST-1e,36.0,False,3.0,0.0,435.0,8.0,277.0,2291,G,365,S
2291_03,Earth,False,55 Cancri e,46.0,False,426.0,37.0,0.0,0.0,568.0,2291,F,445,S
2295_01,Earth,False,TRAPPIST-1e,75.0,False,0.0,0.0,1224.0,,1769.0,2295,F,466,P
2295_02,Earth,False,TRAPPIST-1e,37.0,False,0.0,8.0,70.0,360.0,258.0,2295,F,466,P
2296_01,Earth,True,TRAPPIST-1e,22.0,False,0.0,0.0,,0.0,0.0,2296,G,369,P
2298_01,Earth,False,PSO J318.5-22,33.0,False,270.0,412.0,1.0,,5.0,2298,F,467,P
2299_01,Mars,False,TRAPPIST-1e,35.0,False,174.0,0.0,381.0,0.0,62.0,2299,F,448,S
2300_01,Europa,False,55 Cancri e,19.0,False,0.0,,0.0,0.0,8195.0,2300,C,81,P
2300_02,Europa,False,55 Cancri e,34.0,False,0.0,22.0,,3028.0,3768.0,2300,C,81,P
2301_01,Earth,False,TRAPPIST-1e,23.0,False,1010.0,0.0,33.0,10.0,0.0,2301,F,449,S
2301_02,Earth,False,55 Cancri e,37.0,False,1508.0,,0.0,1.0,0.0,2301,G,367,S
2301_03,Earth,False,55 Cancri e,24.0,False,1367.0,0.0,1.0,0.0,0.0,2301,F,449,S
2302_01,Europa,False,TRAPPIST-1e,54.0,True,0.0,3381.0,0.0,4463.0,34.0,2302,A,18,P
2303_01,Mars,False,55 Cancri e,52.0,False,1377.0,0.0,32.0,22.0,0.0,2303,F,468,P
2305_01,Earth,True,TRAPPIST-1e,60.0,False,0.0,0.0,0.0,0.0,0.0,2305,G,368,S
2306_01,Europa,False,TRAPPIST-1e,1.0,False,0.0,0.0,0.0,0.0,0.0,2306,C,82,P
2306_02,Europa,False,TRAPPIST-1e,,False,0.0,0.0,0.0,0.0,0.0,2306,C,82,P
2306_03,Europa,False,TRAPPIST-1e,22.0,False,0.0,297.0,3.0,676.0,2924.0,2306,C,82,P
2306_04,Europa,False,55 Cancri e,27.0,False,0.0,12077.0,0.0,75.0,0.0,2306,C,82,P
2306_05,Europa,True,55 Cancri e,48.0,False,0.0,0.0,0.0,0.0,0.0,2306,C,82,P
2306_06,Europa,False,55 Cancri e,47.0,False,1320.0,428.0,4.0,24.0,0.0,2306,C,82,P
2308_01,Europa,True,TRAPPIST-1e,25.0,False,0.0,0.0,0.0,0.0,0.0,2308,D,77,S
2308_02,Europa,False,55 Cancri e,49.0,False,9.0,2426.0,95.0,1249.0,168.0,2308,D,77,S
2308_03,Europa,False,TRAPPIST-1e,33.0,False,0.0,2012.0,1.0,9124.0,4.0,2308,D,77,S
2308_04,Europa,False,TRAPPIST-1e,67.0,False,0.0,4715.0,0.0,599.0,6.0,2308,D,77,S
2309_01,Earth,True,PSO J318.5-22,5.0,False,0.0,0.0,0.0,0.0,0.0,2309,G,371,P
2310_01,Europa,True,55 Cancri e,60.0,False,0.0,0.0,0.0,0.0,0.0,2310,D,68,P
2310_02,Europa,True,TRAPPIST-1e,56.0,False,0.0,0.0,0.0,0.0,0.0,2310,D,68,P
2310_03,Europa,False,TRAPPIST-1e,59.0,False,0.0,2210.0,0.0,4085.0,11.0,2310,D,68,P
2310_04,Europa,True,TRAPPIST-1e,44.0,False,0.0,0.0,0.0,0.0,0.0,2310,D,68,P
2311_01,Earth,False,TRAPPIST-1e,33.0,False,0.0,763.0,1.0,66.0,84.0,2311,G,372,P
2312_01,,True,TRAPPIST-1e,28.0,False,0.0,0.0,,0.0,0.0,2312,G,369,S
2313_01,Mars,False,TRAPPIST-1e,29.0,False,1365.0,0.0,791.0,210.0,0.0,2313,F,469,P
2314_01,Earth,True,TRAPPIST-1e,13.0,False,0.0,0.0,0.0,0.0,0.0,2314,G,370,S
2315_01,Europa,True,55 Cancri e,34.0,False,0.0,0.0,0.0,0.0,0.0,2315,B,67,P
2316_01,Earth,True,PSO J318.5-22,45.0,False,0.0,0.0,0.0,0.0,0.0,2316,G,371,S
2317_01,Earth,False,TRAPPIST-1e,39.0,False,0.0,454.0,0.0,454.0,0.0,2317,G,372,S
2318_01,Earth,False,TRAPPIST-1e,18.0,False,128.0,37.0,626.0,0.0,5.0,2318,F,470,P
2319_01,,True,PSO J318.5-22,57.0,False,0.0,0.0,0.0,0.0,0.0,2319,G,373,P
2320_01,Earth,False,55 Cancri e,,False,0.0,760.0,0.0,21.0,23.0,2320,F,450,S
2321_01,Earth,True,PSO J318.5-22,25.0,False,0.0,0.0,0.0,0.0,0.0,2321,G,373,S
2325_01,Earth,True,PSO J318.5-22,22.0,False,0.0,0.0,0.0,0.0,0.0,2325,G,374,S
2327_01,Europa,False,TRAPPIST-1e,32.0,False,0.0,4106.0,388.0,892.0,2.0,2327,B,68,P
2329_01,Mars,True,TRAPPIST-1e,29.0,False,0.0,,0.0,0.0,0.0,2329,F,472,P
2332_01,Earth,False,TRAPPIST-1e,21.0,False,556.0,0.0,20.0,1589.0,0.0,2332,F,453,S
2333_01,Mars,False,TRAPPIST-1e,16.0,False,0.0,0.0,0.0,0.0,0.0,2333,E,137,P
2336_01,Europa,True,55 Cancri e,45.0,False,0.0,0.0,0.0,0.0,0.0,2336,A,30,S
2336_02,Europa,False,TRAPPIST-1e,44.0,True,1409.0,910.0,17.0,1452.0,3782.0,2336,A,30,S
2338_01,Earth,True,55 Cancri e,27.0,False,0.0,0.0,0.0,0.0,0.0,2338,G,376,P
2338_02,Earth,False,TRAPPIST-1e,26.0,False,14.0,0.0,0.0,857.0,0.0,2338,F,474,P
2339_01,Mars,False,TRAPPIST-1e,46.0,False,1290.0,0.0,57.0,0.0,0.0,2339,F,475,P
2340_01,Earth,False,PSO J318.5-22,24.0,False,0.0,0.0,648.0,0.0,0.0,2340,F,454,S
2341_01,Earth,False,TRAPPIST-1e,15.0,False,0.0,785.0,0.0,0.0,0.0,2341,F,455,S
2345_01,Earth,True,PSO J318.5-22,53.0,False,0.0,,0.0,0.0,0.0,2345,G,378,S
2347_01,Earth,,55 Cancri e,28.0,False,613.0,22.0,0.0,0.0,0.0,2347,F,477,P
2347_02,Earth,True,TRAPPIST-1e,11.0,False,0.0,0.0,0.0,0.0,0.0,2347,G,377,P
2347_03,Earth,True,TRAPPIST-1e,7.0,False,0.0,0.0,0.0,0.0,0.0,2347,G,377,P
2347_04,Earth,True,PSO J318.5-22,0.0,False,0.0,0.0,0.0,0.0,0.0,2347,G,377,P
2347_05,Earth,True,55 Cancri e,15.0,False,0.0,0.0,0.0,0.0,0.0,2347,G,377,P
2347_06,Earth,False,55 Cancri e,31.0,False,1.0,,2.0,605.0,0.0,2347,G,377,P
2347_07,Earth,False,TRAPPIST-1e,9.0,False,,0.0,0.0,0.0,0.0,2347,G,377,P
2348_01,Europa,False,55 Cancri e,44.0,True,0.0,1223.0,78.0,1418.0,1239.0,2348,D,78,S
2349_01,Earth,False,TRAPPIST-1e,35.0,False,0.0,722.0,0.0,0.0,185.0,2349,G,379,S
2353_01,Earth,False,TRAPPIST-1e,30.0,False,27.0,5412.0,86.0,,0.0,2353,G,380,S
2353_02,Earth,False,55 Cancri e,13.0,False,880.0,0.0,0.0,0.0,0.0,2353,F,457,S
2356_01,Mars,False,TRAPPIST-1e,45.0,True,773.0,82.0,0.0,6.0,0.0,2356,D,80,S
2356_02,Mars,True,TRAPPIST-1e,4.0,False,0.0,,0.0,0.0,0.0,2356,D,80,S
2356_03,Mars,True,TRAPPIST-1e,21.0,False,0.0,,0.0,0.0,0.0,2356,D,80,S
2357_01,Earth,False,TRAPPIST-1e,20.0,False,0.0,409.0,994.0,215.0,0.0,2357,E,139,P
2360_01,Earth,True,TRAPPIST-1e,24.0,False,0.0,0.0,0.0,0.0,0.0,2360,G,379,P
2361_01,Earth,True,PSO J318.5-22,3.0,False,0.0,0.0,0.0,0.0,0.0,2361,G,380,P
2361_02,Earth,False,,29.0,False,0.0,0.0,792.0,0.0,0.0,2361,F,481,P
2363_01,Europa,False,TRAPPIST-1e,28.0,False,2416.0,8926.0,41.0,1.0,462.0,2363,C,85,S
2364_01,Earth,False,TRAPPIST-1e,44.0,False,0.0,4.0,6.0,864.0,33.0,2364,G,381,P
2365_01,Europa,True,TRAPPIST-1e,50.0,False,0.0,0.0,,0.0,0.0,2365,D,71,P
2366_01,Mars,True,TRAPPIST-1e,35.0,False,0.0,0.0,0.0,0.0,0.0,2366,F,482,P
2367_01,Earth,False,TRAPPIST-1e,19.0,False,0.0,0.0,1.0,644.0,0.0,2367,F,483,P
2368_01,Mars,False,TRAPPIST-1e,22.0,False,579.0,0.0,267.0,0.0,108.0,2368,E,141,P
2369_01,Earth,False,TRAPPIST-1e,30.0,False,3.0,0.0,880.0,0.0,40.0,2369,F,484,P
2373_01,Europa,False,TRAPPIST-1e,36.0,False,0.0,4756.0,0.0,7818.0,96.0,2373,D,81,S
2374_01,Mars,False,TRAPPIST-1e,20.0,False,464.0,0.0,1432.0,0.0,0.0,2374,E,166,S
2375_01,Earth,False,55 Cancri e,22.0,False,0.0,0.0,659.0,94.0,0.0,2375,G,383,P
2376_01,Earth,False,55 Cancri e,22.0,False,0.0,30.0,0.0,0.0,673.0,2376,F,459,S
2377_01,Europa,True,PSO J318.5-22,32.0,False,0.0,0.0,0.0,0.0,0.0,2377,C,83,P
2379_01,Earth,False,TRAPPIST-1e,35.0,False,194.0,0.0,678.0,0.0,0.0,2379,F,487,P
2382_01,Earth,False,55 Cancri e,41.0,False,0.0,33.0,0.0,1324.0,0.0,2382,F,488,P
2384_01,Earth,True,TRAPPIST-1e,57.0,False,0.0,0.0,0.0,0.0,0.0,2384,G,383,S
2384_02,Earth,True,PSO J318.5-22,3.0,False,0.0,0.0,0.0,0.0,0.0,2384,G,383,S
2384_03,Earth,False,55 Cancri e,11.0,False,0.0,0.0,0.0,0.0,0.0,2384,G,383,S
2384_04,Earth,False,TRAPPIST-1e,4.0,False,0.0,0.0,0.0,0.0,0.0,2384,G,383,S
2384_05,Earth,True,TRAPPIST-1e,17.0,False,0.0,0.0,0.0,,0.0,2384,G,383,S
2384_06,Earth,,TRAPPIST-1e,30.0,False,0.0,0.0,0.0,0.0,0.0,2384,G,383,S
2384_07,,True,TRAPPIST-1e,11.0,False,0.0,0.0,0.0,0.0,0.0,2384,G,734,S
2385_01,Mars,False,TRAPPIST-1e,23.0,False,1773.0,0.0,78.0,0.0,3.0,2385,F,461,S
2387_01,Earth,False,TRAPPIST-1e,58.0,False,,400.0,0.0,690.0,490.0,2387,E,142,P
2389_01,Earth,False,TRAPPIST-1e,22.0,False,0.0,46.0,0.0,676.0,0.0,2389,G,384,S
2390_01,Earth,,TRAPPIST-1e,24.0,False,0.0,0.0,,59.0,4120.0,2390,G,385,P
2391_01,Earth,False,TRAPPIST-1e,20.0,False,768.0,19.0,0.0,1.0,0.0,2391,E,143,P
2392_01,,True,TRAPPIST-1e,37.0,False,0.0,0.0,0.0,0.0,0.0,2392,G,386,P
2395_01,Earth,False,TRAPPIST-1e,49.0,False,712.0,1.0,0.0,0.0,,2395,G,387,P
2396_01,Earth,False,TRAPPIST-1e,46.0,False,0.0,557.0,0.0,287.0,781.0,2396,E,168,S
2396_02,Earth,False,TRAPPIST-1e,30.0,False,854.0,0.0,30.0,0.0,0.0,2396,G,386,S
2397_01,Earth,False,55 Cancri e,36.0,False,0.0,810.0,0.0,0.0,0.0,2397,G,387,S
2398_01,Earth,False,TRAPPIST-1e,21.0,False,0.0,780.0,44.0,0.0,5.0,2398,F,490,P
2399_01,Mars,False,TRAPPIST-1e,25.0,True,854.0,0.0,319.0,0.0,0.0,2399,E,169,S
2401_01,Earth,True,PSO J318.5-22,42.0,False,0.0,0.0,0.0,0.0,0.0,2401,G,388,P
2402_01,Earth,True,TRAPPIST-1e,13.0,False,0.0,0.0,,0.0,0.0,2402,G,389,P
2403_01,Earth,False,,25.0,False,7.0,0.0,0.0,877.0,0.0,2403,G,388,S
2404_01,Europa,False,TRAPPIST-1e,29.0,False,0.0,544.0,7.0,2650.0,1561.0,2404,C,86,S
2404_02,Europa,True,TRAPPIST-1e,17.0,False,0.0,0.0,0.0,0.0,0.0,2404,C,86,S
2404_03,Europa,False,55 Cancri e,36.0,False,828.0,5553.0,130.0,47.0,1171.0,2404,C,86,S
2404_04,,True,TRAPPIST-1e,44.0,False,0.0,0.0,0.0,0.0,0.0,2404,C,86,S
2406_01,Mars,True,TRAPPIST-1e,18.0,False,0.0,0.0,0.0,0.0,0.0,2406,F,465,S
2409_01,Earth,False,55 Cancri e,22.0,False,292.0,395.0,0.0,0.0,3.0,2409,F,492,P
2409_02,Earth,True,TRAPPIST-1e,22.0,False,0.0,0.0,0.0,0.0,0.0,2409,G,390,P
2410_01,Earth,True,TRAPPIST-1e,43.0,False,0.0,0.0,,0.0,0.0,2410,G,391,P
2411_01,Earth,False,TRAPPIST-1e,29.0,False,19.0,2115.0,17.0,,0.0,2411,F,493,P
2412_01,Earth,True,TRAPPIST-1e,24.0,False,0.0,0.0,0.0,0.0,0.0,2412,G,392,P
2413_01,Earth,True,PSO J318.5-22,18.0,False,0.0,0.0,0.0,0.0,0.0,2413,G,390,S
2414_01,Europa,False,TRAPPIST-1e,42.0,False,0.0,1829.0,2.0,3133.0,2447.0,2414,T,1,P
2416_01,Earth,False,TRAPPIST-1e,43.0,False,9.0,0.0,1079.0,0.0,729.0,2416,G,391,S
2417_01,Earth,False,TRAPPIST-1e,32.0,False,11.0,31.0,0.0,836.0,9.0,2417,G,393,P
2419_01,Earth,True,TRAPPIST-1e,15.0,False,0.0,0.0,0.0,0.0,0.0,2419,G,394,P
2421_01,Mars,False,TRAPPIST-1e,22.0,,0.0,0.0,0.0,0.0,0.0,2421,E,145,P
2423_01,Earth,True,TRAPPIST-1e,20.0,False,0.0,0.0,0.0,0.0,0.0,2423,G,395,P
2424_01,Earth,False,TRAPPIST-1e,34.0,False,34.0,223.0,1559.0,0.0,0.0,2424,G,393,S
2426_01,Mars,True,TRAPPIST-1e,70.0,False,0.0,0.0,0.0,0.0,0.0,2426,F,466,S
2426_02,Mars,True,TRAPPIST-1e,18.0,False,0.0,0.0,0.0,0.0,0.0,2426,F,466,S
2427_01,Europa,True,TRAPPIST-1e,26.0,False,0.0,0.0,0.0,0.0,0.0,2427,B,94,S
2429_01,Earth,False,TRAPPIST-1e,17.0,False,112.0,56.0,332.0,0.0,606.0,2429,F,497,P
2431_01,Earth,False,TRAPPIST-1e,13.0,False,0.0,2.0,0.0,566.0,208.0,2431,F,498,P
2432_01,Earth,False,TRAPPIST-1e,19.0,False,0.0,0.0,79.0,,0.0,2432,F,499,P
2433_01,Europa,True,TRAPPIST-1e,32.0,False,0.0,0.0,0.0,,0.0,2433,C,84,P
2435_01,Earth,False,TRAPPIST-1e,33.0,False,4.0,0.0,28.0,0.0,2757.0,2435,F,467,S
2436_01,Earth,False,TRAPPIST-1e,21.0,False,759.0,0.0,0.0,,40.0,2436,F,501,P
2438_01,Mars,True,TRAPPIST-1e,23.0,False,0.0,0.0,0.0,0.0,0.0,2438,F,503,P
2439_01,Earth,False,TRAPPIST-1e,24.0,False,227.0,537.0,13.0,0.0,0.0,2439,F,504,P
2441_01,Earth,False,55 Cancri e,17.0,False,0.0,11.0,493.0,0.0,372.0,2441,F,468,S
2442_01,Mars,True,TRAPPIST-1e,34.0,,0.0,0.0,0.0,0.0,0.0,2442,F,505,P
2443_01,,False,TRAPPIST-1e,31.0,False,1458.0,421.0,76.0,0.0,0.0,2443,D,72,P
2444_01,Earth,False,55 Cancri e,43.0,False,6.0,236.0,3.0,448.0,54.0,2444,F,506,P
2445_01,Earth,False,,43.0,False,602.0,3.0,27.0,89.0,69.0,2445,E,170,S
2446_01,Earth,False,TRAPPIST-1e,33.0,False,0.0,0.0,661.0,0.0,94.0,2446,F,507,P
2449_01,Mars,True,TRAPPIST-1e,28.0,False,0.0,0.0,0.0,0.0,0.0,2449,F,508,P
2449_02,Mars,True,TRAPPIST-1e,27.0,False,0.0,0.0,0.0,0.0,0.0,2449,E,146,P
2449_03,Mars,True,TRAPPIST-1e,7.0,False,0.0,0.0,0.0,0.0,0.0,2449,F,508,P
2451_01,,True,PSO J318.5-22,16.0,False,0.0,0.0,0.0,0.0,0.0,2451,G,395,S
2452_01,Earth,False,55 Cancri e,42.0,False,526.0,2.0,28.0,161.0,,2452,F,470,S
2453_01,Mars,True,TRAPPIST-1e,27.0,False,0.0,0.0,0.0,0.0,0.0,2453,E,147,P
2454_01,Earth,False,TRAPPIST-1e,19.0,False,0.0,0.0,0.0,157.0,644.0,2454,F,510,P
2455_01,Mars,False,TRAPPIST-1e,42.0,False,554.0,0.0,1168.0,0.0,275.0,2455,F,471,S
2456_01,Earth,True,PSO J318.5-22,13.0,False,0.0,0.0,0.0,0.0,0.0,2456,G,399,P
2457_01,Earth,True,TRAPPIST-1e,16.0,False,0.0,0.0,0.0,0.0,0.0,2457,G,400,P
2458_01,Earth,False,TRAPPIST-1e,21.0,False,31.0,93.0,578.0,0.0,0.0,2458,F,511,P
2460_01,Earth,True,PSO J318.5-22,28.0,False,0.0,0.0,0.0,0.0,0.0,2460,G,402,P
2461_01,,True,TRAPPIST-1e,69.0,False,0.0,0.0,0.0,0.0,0.0,2461,G,396,S
2462_01,Earth,True,PSO J318.5-22,15.0,,0.0,0.0,0.0,0.0,0.0,2462,G,397,S
2463_01,Earth,False,TRAPPIST-1e,48.0,False,58.0,0.0,12.0,,0.0,2463,E,171,S
2466_01,Earth,False,TRAPPIST-1e,42.0,False,,1.0,61.0,897.0,0.0,2466,F,472,S
2467_01,Mars,False,TRAPPIST-1e,42.0,False,999.0,0.0,49.0,0.0,11.0,2467,D,83,S
2470_01,Earth,False,TRAPPIST-1e,23.0,False,139.0,0.0,0.0,567.0,0.0,2470,G,398,S
2470_02,Earth,False,TRAPPIST-1e,26.0,False,0.0,,0.0,543.0,,2470,G,398,S
2471_01,Earth,False,TRAPPIST-1e,45.0,False,0.0,0.0,450.0,94.0,364.0,2471,G,403,P
2472_01,Earth,False,TRAPPIST-1e,30.0,False,756.0,4.0,30.0,0.0,0.0,2472,E,173,S
2474_01,Mars,True,TRAPPIST-1e,36.0,False,0.0,0.0,,0.0,0.0,2474,F,475,S
2475_01,Europa,False,TRAPPIST-1e,,False,0.0,27.0,0.0,3573.0,3643.0,2475,C,85,P
2476_01,Earth,False,TRAPPIST-1e,35.0,,0.0,0.0,1.0,0.0,1264.0,2476,F,512,P
2477_01,Europa,True,TRAPPIST-1e,21.0,False,0.0,,0.0,0.0,0.0,2477,C,86,P
2477_02,Europa,True,55 Cancri e,50.0,False,0.0,0.0,0.0,0.0,0.0,2477,C,86,P
2478_01,Earth,True,TRAPPIST-1e,52.0,False,0.0,0.0,0.0,0.0,0.0,2478,G,404,P
2479_01,Earth,True,PSO J318.5-22,21.0,False,0.0,0.0,0.0,0.0,0.0,2479,G,734,S
2480_01,Earth,False,55 Cancri e,41.0,False,682.0,0.0,0.0,0.0,17.0,2480,F,476,S
2483_01,Earth,False,55 Cancri e,35.0,False,2594.0,195.0,0.0,0.0,0.0,2483,F,477,S
2486_01,Earth,False,TRAPPIST-1e,26.0,False,552.0,192.0,30.0,0.0,1.0,2486,F,513,P
2486_02,Earth,False,TRAPPIST-1e,17.0,False,584.0,738.0,54.0,0.0,621.0,2486,F,513,P
2488_01,Mars,False,TRAPPIST-1e,69.0,False,4483.0,0.0,525.0,0.0,500.0,2488,D,85,S
2489_01,Europa,True,TRAPPIST-1e,27.0,False,0.0,0.0,0.0,0.0,0.0,2489,B,72,P
2491_01,Earth,False,PSO J318.5-22,25.0,False,2.0,2762.0,552.0,0.0,1391.0,2491,G,401,S
2492_01,Mars,True,TRAPPIST-1e,27.0,False,0.0,0.0,0.0,0.0,0.0,2492,F,480,S
2496_01,Earth,False,TRAPPIST-1e,25.0,False,64.0,0.0,0.0,660.0,0.0,2496,F,481,S
2497_01,Earth,False,55 Cancri e,36.0,False,0.0,0.0,0.0,33.0,619.0,2497,G,734,S
2498_01,Earth,False,TRAPPIST-1e,14.0,False,148.0,0.0,34.0,808.0,0.0,2498,E,176,S
2499_01,Europa,True,55 Cancri e,27.0,False,0.0,0.0,0.0,0.0,0.0,2499,C,89,S
2500_01,Earth,False,TRAPPIST-1e,22.0,False,272.0,44.0,0.0,1064.0,418.0,2500,G,403,S
2502_01,Earth,False,TRAPPIST-1e,24.0,False,873.0,12.0,1.0,0.0,3.0,2502,G,404,S
2503_01,Mars,False,TRAPPIST-1e,,False,311.0,0.0,745.0,232.0,0.0,2503,F,516,P
2503_02,Mars,False,TRAPPIST-1e,4.0,False,0.0,0.0,0.0,0.0,0.0,2503,F,516,P
2505_01,,False,TRAPPIST-1e,19.0,False,0.0,13.0,291.0,481.0,2.0,2505,E,149,P
2505_02,Earth,False,TRAPPIST-1e,19.0,False,0.0,5.0,4.0,541.0,238.0,2505,E,149,P
2506_01,,False,55 Cancri e,38.0,False,0.0,2506.0,46.0,11001.0,5.0,2506,A,19,P
2506_02,Europa,True,55 Cancri e,39.0,False,0.0,0.0,0.0,0.0,0.0,2506,A,19,P
2506_03,Europa,False,55 Cancri e,23.0,False,36.0,2467.0,0.0,381.0,803.0,2506,A,19,P
2508_01,Europa,True,55 Cancri e,57.0,False,0.0,,0.0,0.0,0.0,2508,D,86,S
2508_02,Europa,True,TRAPPIST-1e,18.0,False,0.0,0.0,0.0,0.0,0.0,2508,D,86,S
2509_01,Earth,False,TRAPPIST-1e,43.0,False,0.0,9.0,1145.0,0.0,0.0,2509,F,483,S
2510_01,Mars,False,TRAPPIST-1e,28.0,False,34.0,0.0,1342.0,91.0,0.0,2510,F,517,P
2512_01,Europa,False,55 Cancri e,33.0,False,0.0,8759.0,0.0,2788.0,4513.0,2512,C,91,S
2512_02,Europa,True,55 Cancri e,37.0,False,0.0,0.0,0.0,0.0,0.0,2512,C,91,S
2513_01,Earth,False,TRAPPIST-1e,28.0,False,0.0,55.0,0.0,656.0,0.0,2513,G,734,S
2515_01,Europa,False,55 Cancri e,28.0,True,2.0,2144.0,0.0,435.0,5872.0,2515,B,96,S
2515_02,Europa,True,55 Cancri e,18.0,False,0.0,0.0,0.0,0.0,0.0,2515,B,96,S
2516_01,Earth,False,55 Cancri e,29.0,False,75.0,17.0,0.0,211.0,506.0,2516,G,406,P
2518_01,Europa,True,TRAPPIST-1e,29.0,False,0.0,0.0,0.0,0.0,0.0,2518,C,87,P
2518_02,Europa,True,55 Cancri e,28.0,False,0.0,0.0,0.0,0.0,0.0,2518,C,87,P
2519_01,Earth,False,TRAPPIST-1e,24.0,False,172.0,775.0,344.0,0.0,0.0,2519,F,485,S
2520_01,Europa,False,TRAPPIST-1e,59.0,False,0.0,5407.0,0.0,285.0,1135.0,2520,C,88,P
2521_01,Mars,True,TRAPPIST-1e,43.0,,0.0,0.0,0.0,0.0,0.0,2521,E,151,P
2522_01,Mars,True,TRAPPIST-1e,20.0,,0.0,0.0,0.0,0.0,0.0,2522,F,520,P
2523_01,Europa,True,55 Cancri e,23.0,False,0.0,0.0,,0.0,0.0,2523,B,73,P
2524_01,Europa,True,55 Cancri e,27.0,False,0.0,0.0,0.0,,0.0,2524,D,74,P
2526_01,Europa,True,55 Cancri e,38.0,False,0.0,0.0,0.0,0.0,0.0,2526,B,74,P
2527_01,Earth,True,PSO J318.5-22,38.0,,0.0,0.0,0.0,0.0,0.0,2527,G,405,S
2528_01,Mars,False,TRAPPIST-1e,48.0,False,639.0,412.0,110.0,0.0,0.0,2528,F,487,S
2530_01,Mars,False,TRAPPIST-1e,25.0,False,1734.0,1.0,189.0,1.0,0.0,2530,F,488,S
2531_01,Earth,True,PSO J318.5-22,25.0,False,0.0,0.0,0.0,0.0,0.0,2531,G,407,P
2532_01,Mars,False,TRAPPIST-1e,24.0,False,737.0,37.0,1682.0,0.0,0.0,2532,F,489,S
2532_02,Mars,True,TRAPPIST-1e,69.0,False,0.0,0.0,0.0,0.0,0.0,2532,F,489,S
2534_01,Europa,False,55 Cancri e,20.0,False,0.0,646.0,0.0,,1425.0,2534,B,75,P
2534_02,Europa,True,55 Cancri e,18.0,False,0.0,0.0,0.0,0.0,0.0,2534,B,75,P
2535_01,Earth,True,TRAPPIST-1e,28.0,False,0.0,0.0,0.0,0.0,0.0,2535,G,409,P
2537_01,Earth,False,PSO J318.5-22,23.0,False,0.0,9.0,292.0,35.0,349.0,2537,E,152,P
2540_01,Mars,False,TRAPPIST-1e,24.0,False,345.0,0.0,451.0,0.0,582.0,2540,E,177,S
2541_01,Europa,False,,44.0,False,0.0,1482.0,127.0,1555.0,1257.0,2541,B,77,P
2542_01,Mars,False,TRAPPIST-1e,29.0,False,834.0,0.0,28.0,117.0,41.0,2542,E,153,P
2544_01,Europa,False,55 Cancri e,6.0,False,0.0,0.0,0.0,0.0,0.0,2544,B,97,S
2544_02,Europa,False,TRAPPIST-1e,42.0,False,41.0,1912.0,0.0,1899.0,43.0,2544,B,97,S
2545_01,Earth,True,55 Cancri e,78.0,False,0.0,0.0,0.0,0.0,0.0,2545,G,410,P
2546_01,Earth,False,TRAPPIST-1e,36.0,False,548.0,179.0,24.0,0.0,77.0,2546,F,491,S
2547_01,Europa,False,55 Cancri e,37.0,False,0.0,100.0,0.0,1402.0,1462.0,2547,G,734,S
2547_02,Europa,False,55 Cancri e,41.0,False,0.0,12809.0,2.0,2835.0,1514.0,2547,A,20,P
2548_01,Earth,False,TRAPPIST-1e,18.0,False,852.0,48.0,0.0,7.0,0.0,2548,G,407,S
2549_01,Mars,False,TRAPPIST-1e,62.0,False,1663.0,0.0,23.0,2.0,12.0,2549,F,522,P
2549_02,Mars,False,TRAPPIST-1e,0.0,False,0.0,0.0,0.0,0.0,0.0,2549,F,522,P
2549_03,Mars,False,TRAPPIST-1e,55.0,False,1281.0,0.0,7.0,1.0,0.0,2549,F,522,P
2550_01,Earth,True,TRAPPIST-1e,16.0,False,0.0,0.0,0.0,0.0,0.0,2550,G,411,P
2551_01,Earth,False,TRAPPIST-1e,32.0,False,238.0,156.0,3.0,2.0,324.0,2551,F,523,P
2552_01,Earth,False,TRAPPIST-1e,19.0,False,0.0,1124.0,4.0,0.0,0.0,2552,F,492,S
2552_02,Earth,False,55 Cancri e,7.0,False,0.0,0.0,0.0,0.0,,2552,G,408,S
2552_03,Earth,False,55 Cancri e,4.0,False,0.0,0.0,0.0,0.0,0.0,2552,G,408,S
2553_01,Europa,True,TRAPPIST-1e,30.0,False,0.0,0.0,0.0,0.0,0.0,2553,D,87,S
2555_01,Europa,True,55 Cancri e,24.0,False,0.0,0.0,0.0,0.0,0.0,2555,B,78,P
2555_02,Europa,True,TRAPPIST-1e,34.0,False,0.0,0.0,0.0,0.0,0.0,2555,B,78,P
2557_01,Europa,True,TRAPPIST-1e,30.0,False,0.0,0.0,0.0,0.0,0.0,2557,C,92,S
2558_01,Mars,False,TRAPPIST-1e,3.0,False,0.0,0.0,0.0,0.0,0.0,2558,F,525,P
2558_02,Mars,,TRAPPIST-1e,32.0,False,0.0,0.0,0.0,0.0,0.0,2558,F,525,P
2558_03,Mars,False,TRAPPIST-1e,55.0,False,403.0,0.0,922.0,0.0,0.0,2558,F,525,P
2558_04,Mars,True,TRAPPIST-1e,0.0,False,0.0,0.0,0.0,0.0,0.0,2558,F,525,P
2559_01,Europa,False,TRAPPIST-1e,51.0,False,0.0,1949.0,0.0,2549.0,39.0,2559,G,734,S
2560_01,Earth,True,PSO J318.5-22,0.0,False,0.0,0.0,0.0,0.0,0.0,2560,G,412,P
2560_02,Earth,False,TRAPPIST-1e,21.0,False,882.0,0.0,0.0,,0.0,2560,G,412,P
2560_03,Earth,False,TRAPPIST-1e,2.0,False,0.0,0.0,0.0,0.0,0.0,2560,G,412,P
2561_01,Earth,False,TRAPPIST-1e,19.0,False,194.0,44.0,0.0,549.0,1.0,2561,E,178,S
2562_01,Mars,True,TRAPPIST-1e,24.0,False,0.0,0.0,0.0,0.0,0.0,2562,F,526,P
2562_02,Mars,False,TRAPPIST-1e,20.0,False,2502.0,0.0,96.0,0.0,0.0,2562,F,526,P
2564_01,Europa,False,TRAPPIST-1e,42.0,False,2.0,3024.0,0.0,89.0,10.0,2564,E,179,S
2565_01,Mars,True,TRAPPIST-1e,17.0,False,0.0,0.0,0.0,0.0,0.0,2565,F,527,P
2565_02,Mars,False,TRAPPIST-1e,32.0,False,598.0,0.0,138.0,0.0,624.0,2565,E,155,P
2571_01,Earth,False,TRAPPIST-1e,28.0,False,145.0,8.0,557.0,0.0,74.0,2571,G,414,P
2572_01,Europa,True,55 Cancri e,21.0,False,0.0,0.0,0.0,0.0,0.0,2572,C,93,S
2572_02,Europa,True,55 Cancri e,56.0,True,0.0,0.0,0.0,0.0,0.0,2572,C,93,S
2573_01,Europa,True,55 Cancri e,28.0,False,0.0,0.0,0.0,0.0,0.0,2573,C,90,P
2574_01,Earth,False,TRAPPIST-1e,42.0,False,10.0,303.0,12.0,0.0,478.0,2574,F,496,S
2578_01,Earth,False,TRAPPIST-1e,18.0,False,1153.0,0.0,0.0,1409.0,195.0,2578,F,498,S
2580_01,Earth,False,TRAPPIST-1e,24.0,False,19.0,676.0,0.0,26.0,0.0,2580,G,412,S
2581_01,Earth,False,TRAPPIST-1e,20.0,False,496.0,20.0,16.0,0.0,254.0,2581,E,156,P
2581_02,Earth,False,TRAPPIST-1e,22.0,False,26.0,0.0,0.0,0.0,733.0,2581,F,531,P
2582_01,Earth,False,TRAPPIST-1e,22.0,False,98.0,0.0,46.0,641.0,0.0,2582,G,415,P
2584_01,Earth,,PSO J318.5-22,21.0,False,0.0,0.0,,0.0,0.0,2584,G,417,P
2588_01,Earth,False,TRAPPIST-1e,28.0,False,4.0,166.0,743.0,0.0,0.0,2588,G,419,P
2589_01,Europa,True,TRAPPIST-1e,26.0,False,0.0,0.0,0.0,0.0,0.0,2589,C,91,P
2589_02,Europa,True,55 Cancri e,50.0,False,0.0,0.0,0.0,0.0,0.0,2589,C,91,P
2589_03,Europa,False,TRAPPIST-1e,26.0,False,0.0,8150.0,0.0,3508.0,99.0,2589,C,91,P
2589_04,Europa,False,TRAPPIST-1e,30.0,True,0.0,632.0,0.0,673.0,2272.0,2589,C,91,P
2589_05,Europa,True,TRAPPIST-1e,29.0,False,0.0,0.0,0.0,0.0,0.0,2589,C,91,P
2590_01,Earth,False,TRAPPIST-1e,8.0,False,0.0,0.0,0.0,0.0,0.0,2590,G,420,P
2590_02,Earth,False,TRAPPIST-1e,45.0,False,406.0,148.0,285.0,0.0,0.0,2590,G,420,P
2590_03,Earth,True,PSO J318.5-22,35.0,False,0.0,0.0,0.0,0.0,0.0,2590,G,420,P
2591_01,Earth,False,PSO J318.5-22,18.0,False,9.0,419.0,0.0,201.0,7.0,2591,F,499,S
2591_02,Earth,False,TRAPPIST-1e,23.0,False,0.0,121.0,0.0,568.0,128.0,2591,G,413,S
2592_01,Mars,False,TRAPPIST-1e,29.0,True,803.0,0.0,0.0,58.0,0.0,2592,D,75,P
2592_02,Mars,False,TRAPPIST-1e,18.0,False,1102.0,9.0,2628.0,0.0,0.0,2592,D,75,P
2593_01,Earth,False,TRAPPIST-1e,28.0,False,804.0,2.0,13.0,0.0,62.0,2593,G,421,P
2594_01,Europa,True,TRAPPIST-1e,34.0,False,0.0,0.0,0.0,0.0,0.0,2594,B,98,S
2595_01,Mars,False,55 Cancri e,0.0,False,0.0,0.0,0.0,0.0,0.0,2595,F,533,P
2595_02,Mars,,TRAPPIST-1e,4.0,False,0.0,0.0,0.0,0.0,0.0,2595,F,533,P
2595_03,Mars,False,TRAPPIST-1e,28.0,False,938.0,61.0,0.0,53.0,4.0,2595,D,76,P
2595_04,Mars,False,TRAPPIST-1e,8.0,False,0.0,0.0,0.0,0.0,0.0,2595,F,533,P
2596_01,Mars,False,TRAPPIST-1e,20.0,False,59.0,0.0,1646.0,1657.0,0.0,2596,D,77,P
2596_02,Mars,True,TRAPPIST-1e,20.0,False,0.0,0.0,0.0,0.0,0.0,2596,F,534,P
2597_01,Mars,True,TRAPPIST-1e,25.0,False,0.0,0.0,0.0,0.0,0.0,2597,F,500,S
2597_02,,False,55 Cancri e,31.0,False,995.0,7.0,1213.0,0.0,687.0,2597,F,500,S
2598_01,Mars,False,TRAPPIST-1e,37.0,False,27.0,0.0,1131.0,0.0,1318.0,2598,F,535,P
2599_01,Earth,True,TRAPPIST-1e,21.0,False,0.0,0.0,0.0,0.0,0.0,2599,G,734,S
2601_01,Mars,True,TRAPPIST-1e,24.0,False,0.0,0.0,0.0,0.0,0.0,2601,F,536,P
2602_01,Mars,True,TRAPPIST-1e,34.0,False,0.0,0.0,0.0,0.0,0.0,2602,E,158,P
2602_02,Mars,False,55 Cancri e,0.0,False,0.0,0.0,0.0,0.0,0.0,2602,E,158,P
2602_03,Mars,True,TRAPPIST-1e,25.0,False,0.0,0.0,0.0,0.0,0.0,2602,E,158,P
2605_01,Mars,True,55 Cancri e,43.0,False,0.0,0.0,0.0,0.0,0.0,2605,D,88,S
2606_01,Earth,False,TRAPPIST-1e,,False,900.0,0.0,0.0,0.0,1.0,2606,F,537,P
2606_02,Earth,False,TRAPPIST-1e,45.0,False,10.0,16.0,801.0,73.0,,2606,F,537,P
2607_01,Europa,True,TRAPPIST-1e,63.0,False,0.0,0.0,0.0,0.0,0.0,2607,B,99,S
2607_02,Europa,True,TRAPPIST-1e,17.0,False,0.0,0.0,0.0,0.0,0.0,2607,B,99,S
2607_03,Europa,False,55 Cancri e,35.0,False,0.0,1471.0,2.0,445.0,533.0,2607,B,99,S
2607_04,Europa,False,TRAPPIST-1e,12.0,False,0.0,0.0,0.0,0.0,0.0,2607,B,99,S
2609_01,Earth,True,PSO J318.5-22,,False,0.0,0.0,0.0,0.0,0.0,2609,G,416,S
2616_01,Earth,,TRAPPIST-1e,17.0,False,0.0,604.0,0.0,0.0,218.0,2616,F,541,P
2617_01,Earth,False,PSO J318.5-22,32.0,False,59.0,0.0,469.0,0.0,0.0,2617,G,424,P
2618_01,,True,TRAPPIST-1e,23.0,False,0.0,0.0,0.0,0.0,0.0,2618,E,159,P
2619_01,Earth,False,55 Cancri e,17.0,False,2000.0,0.0,0.0,0.0,0.0,2619,F,504,S
2622_01,Earth,False,55 Cancri e,34.0,False,492.0,0.0,13.0,55.0,0.0,2622,F,505,S
2624_01,Earth,False,TRAPPIST-1e,15.0,False,0.0,0.0,875.0,3.0,,2624,F,542,P
2625_01,Earth,True,TRAPPIST-1e,14.0,False,0.0,0.0,0.0,0.0,0.0,2625,G,426,P
2625_02,Earth,False,TRAPPIST-1e,22.0,False,0.0,1.0,271.0,0.0,1348.0,2625,E,160,P
2626_01,Earth,False,TRAPPIST-1e,19.0,False,232.0,0.0,479.0,0.0,5.0,2626,F,543,P
2627_01,Earth,False,PSO J318.5-22,40.0,,0.0,228.0,5.0,454.0,1.0,2627,F,544,P
2628_01,Europa,True,55 Cancri e,25.0,False,0.0,0.0,0.0,0.0,0.0,2628,A,21,P
2628_02,Europa,False,55 Cancri e,51.0,False,0.0,6.0,0.0,2085.0,67.0,2628,A,21,P
2629_01,Earth,False,TRAPPIST-1e,22.0,False,91.0,6.0,0.0,17.0,693.0,2629,G,427,P
2631_01,Mars,True,55 Cancri e,50.0,False,0.0,0.0,0.0,0.0,0.0,2631,F,545,P
2633_01,Earth,False,55 Cancri e,26.0,False,0.0,0.0,0.0,0.0,,2633,G,428,P
2634_01,Mars,True,TRAPPIST-1e,39.0,False,0.0,0.0,0.0,0.0,,2634,F,508,S
2635_01,Mars,False,TRAPPIST-1e,18.0,False,1867.0,0.0,29.0,72.0,,2635,D,78,P
2636_01,Earth,False,TRAPPIST-1e,22.0,False,,0.0,137.0,671.0,,2636,G,419,S
2638_01,Earth,False,TRAPPIST-1e,26.0,False,0.0,29.0,0.0,759.0,0.0,2638,E,181,S
2640_01,Earth,False,TRAPPIST-1e,19.0,False,0.0,0.0,0.0,0.0,1051.0,2640,F,510,S
2641_01,Earth,True,PSO J318.5-22,16.0,False,0.0,0.0,0.0,0.0,0.0,2641,G,420,S
2642_01,,False,TRAPPIST-1e,24.0,False,0.0,0.0,17.0,0.0,793.0,2642,G,430,P
2643_01,Earth,False,PSO J318.5-22,34.0,False,122.0,0.0,6.0,739.0,0.0,2643,F,511,S
2645_01,Europa,False,TRAPPIST-1e,55.0,False,0.0,815.0,1558.0,3.0,1334.0,2645,C,95,S
2645_02,Europa,False,TRAPPIST-1e,42.0,False,3.0,2174.0,0.0,10860.0,2564.0,2645,C,95,S
2645_03,Europa,True,TRAPPIST-1e,14.0,False,0.0,0.0,0.0,0.0,0.0,2645,C,95,S
2645_04,Europa,False,55 Cancri e,28.0,False,0.0,3053.0,0.0,839.0,2153.0,2645,C,95,S
2645_05,Europa,True,55 Cancri e,26.0,False,0.0,0.0,0.0,0.0,0.0,2645,C,95,S
2646_01,Europa,False,55 Cancri e,33.0,False,0.0,286.0,1795.0,712.0,7041.0,2646,B,80,P
2647_01,Earth,False,TRAPPIST-1e,24.0,False,0.0,0.0,0.0,636.0,68.0,2647,F,547,P
2648_01,Earth,False,TRAPPIST-1e,23.0,False,490.0,313.0,0.0,6.0,0.0,2648,G,421,S
2649_01,Mars,False,TRAPPIST-1e,16.0,False,46.0,0.0,1994.0,0.0,677.0,2649,D,79,P
2650_01,Earth,True,TRAPPIST-1e,36.0,False,0.0,0.0,0.0,0.0,0.0,2650,G,431,P
2651_01,Europa,True,55 Cancri e,44.0,False,0.0,0.0,0.0,0.0,0.0,2651,B,100,S
2652_01,Earth,False,TRAPPIST-1e,22.0,False,0.0,0.0,670.0,0.0,32.0,2652,F,513,S
2655_01,Earth,True,TRAPPIST-1e,30.0,False,0.0,0.0,0.0,0.0,0.0,2655,G,422,S
2657_01,Earth,False,TRAPPIST-1e,20.0,False,0.0,27.0,1.0,686.0,1.0,2657,F,514,S
2658_01,Earth,False,TRAPPIST-1e,21.0,,366.0,1136.0,795.0,132.0,0.0,2658,F,549,P
2659_01,Mars,False,TRAPPIST-1e,14.0,False,,0.0,0.0,0.0,0.0,2659,E,182,S
2660_01,Earth,False,TRAPPIST-1e,27.0,False,0.0,0.0,,2.0,1215.0,2660,F,550,P
2661_01,Earth,False,TRAPPIST-1e,19.0,False,1.0,4.0,0.0,750.0,3.0,2661,F,515,S
2661_02,Earth,True,TRAPPIST-1e,21.0,False,0.0,0.0,0.0,0.0,0.0,2661,G,423,S
2662_01,Mars,False,55 Cancri e,,False,1722.0,4.0,937.0,0.0,0.0,2662,F,551,P
2663_01,Earth,False,55 Cancri e,13.0,False,0.0,0.0,0.0,4.0,811.0,2663,F,552,P
2664_01,Mars,True,PSO J318.5-22,71.0,False,0.0,0.0,0.0,0.0,0.0,2664,E,183,S
2666_01,Mars,True,TRAPPIST-1e,28.0,False,0.0,0.0,0.0,0.0,0.0,2666,E,184,S
2666_02,Mars,False,55 Cancri e,18.0,False,1874.0,0.0,260.0,0.0,0.0,2666,E,184,S
2668_01,Earth,False,55 Cancri e,23.0,False,29.0,34.0,1.0,2838.0,0.0,2668,F,516,S
2668_02,Earth,False,55 Cancri e,34.0,False,0.0,382.0,0.0,87.0,236.0,2668,G,424,S
2670_01,Earth,False,TRAPPIST-1e,20.0,False,4.0,790.0,0.0,15.0,0.0,2670,G,432,P
2671_01,Earth,False,55 Cancri e,17.0,False,0.0,33.0,0.0,56.0,708.0,2671,F,554,P
2672_01,Earth,False,PSO J318.5-22,21.0,False,970.0,0.0,213.0,8.0,86.0,2672,F,555,P
2675_01,Europa,False,TRAPPIST-1e,33.0,False,0.0,1554.0,3813.0,0.0,1435.0,2675,C,97,S
2676_01,Europa,False,55 Cancri e,34.0,False,3551.0,1284.0,1865.0,90.0,0.0,2676,B,81,P
2677_01,Europa,False,TRAPPIST-1e,51.0,False,0.0,302.0,0.0,1367.0,669.0,2677,D,90,S
2678_01,Earth,False,TRAPPIST-1e,21.0,False,0.0,680.0,0.0,10.0,0.0,2678,F,517,S
2679_01,Earth,True,TRAPPIST-1e,,False,0.0,0.0,0.0,0.0,0.0,2679,G,426,S
2682_01,Earth,False,TRAPPIST-1e,31.0,False,880.0,0.0,0.0,8.0,0.0,2682,G,434,P
2683_01,Europa,False,TRAPPIST-1e,36.0,False,2.0,1297.0,0.0,4.0,0.0,2683,A,32,S
2684_01,Europa,False,TRAPPIST-1e,39.0,False,0.0,7116.0,0.0,13208.0,1515.0,2684,B,83,P
2685_01,Earth,False,TRAPPIST-1e,26.0,False,886.0,0.0,0.0,0.0,21.0,2685,G,435,P
2687_01,Earth,False,TRAPPIST-1e,51.0,False,0.0,1347.0,0.0,43.0,0.0,2687,F,556,P
2688_01,,False,TRAPPIST-1e,24.0,False,13.0,193.0,0.0,0.0,591.0,2688,F,557,P
2690_01,Earth,False,55 Cancri e,27.0,False,339.0,104.0,116.0,160.0,0.0,2690,E,185,S
2691_01,Earth,False,TRAPPIST-1e,31.0,False,0.0,243.0,1.0,559.0,0.0,2691,F,558,P
2692_01,Earth,False,TRAPPIST-1e,24.0,False,0.0,0.0,21.0,0.0,695.0,2692,G,734,S
2693_01,Europa,False,TRAPPIST-1e,57.0,False,0.0,1514.0,0.0,72.0,1393.0,2693,A,22,P
2693_02,Europa,False,55 Cancri e,36.0,True,11.0,79.0,0.0,210.0,1895.0,2693,A,22,P
2693_03,Europa,False,TRAPPIST-1e,55.0,False,0.0,846.0,0.0,263.0,2024.0,2693,A,22,P
2693_04,Europa,True,55 Cancri e,,False,0.0,0.0,0.0,0.0,0.0,2693,A,22,P
2695_01,Mars,False,TRAPPIST-1e,18.0,False,947.0,0.0,4.0,4.0,0.0,2695,E,186,S
2697_01,Mars,False,TRAPPIST-1e,27.0,,1893.0,487.0,4.0,0.0,0.0,2697,D,91,S
2698_01,Europa,False,TRAPPIST-1e,50.0,False,0.0,2684.0,0.0,153.0,1751.0,2698,C,94,P
2700_01,Earth,False,TRAPPIST-1e,24.0,False,45.0,138.0,1.0,0.0,530.0,2700,F,520,S
2701_01,Earth,True,PSO J318.5-22,20.0,False,0.0,0.0,0.0,0.0,0.0,2701,G,428,S
2702_01,Earth,True,TRAPPIST-1e,24.0,False,0.0,0.0,0.0,0.0,0.0,2702,G,437,P
2703_01,Earth,False,TRAPPIST-1e,18.0,False,0.0,617.0,0.0,0.0,10.0,2703,G,429,S
2704_01,Earth,False,TRAPPIST-1e,44.0,False,1178.0,1.0,348.0,0.0,0.0,2704,F,521,S
2706_01,Europa,True,55 Cancri e,27.0,False,0.0,0.0,0.0,0.0,0.0,2706,B,102,S
2707_01,Europa,False,TRAPPIST-1e,58.0,False,1113.0,1650.0,0.0,194.0,510.0,2707,B,103,S
2707_02,Europa,True,PSO J318.5-22,29.0,False,0.0,0.0,0.0,0.0,0.0,2707,B,103,S
2708_01,Earth,False,PSO J318.5-22,23.0,False,3.0,548.0,37.0,0.0,12.0,2708,F,522,S
2709_01,Mars,True,TRAPPIST-1e,3.0,False,0.0,0.0,0.0,0.0,0.0,2709,F,523,S
2709_02,Mars,False,TRAPPIST-1e,0.0,False,0.0,0.0,0.0,0.0,0.0,2709,F,523,S
2709_03,Mars,False,,33.0,False,361.0,0.0,381.0,1622.0,0.0,2709,F,523,S
2709_04,Mars,False,TRAPPIST-1e,12.0,,0.0,0.0,0.0,0.0,0.0,2709,F,523,S
2712_01,Europa,True,TRAPPIST-1e,44.0,False,0.0,0.0,0.0,0.0,0.0,2712,B,105,S
2713_01,Earth,True,TRAPPIST-1e,20.0,False,0.0,0.0,0.0,0.0,0.0,2713,G,438,P
2714_01,Earth,False,55 Cancri e,59.0,,269.0,1776.0,0.0,0.0,12.0,2714,F,561,P
2717_01,Earth,False,TRAPPIST-1e,18.0,False,130.0,0.0,13.0,191.0,554.0,2717,G,431,S
2718_01,Europa,True,TRAPPIST-1e,72.0,False,0.0,0.0,0.0,0.0,0.0,2718,B,106,S
2720_01,Earth,False,PSO J318.5-22,23.0,False,171.0,2373.0,1.0,30.0,985.0,2720,G,439,P
2720_02,Earth,False,TRAPPIST-1e,11.0,False,0.0,0.0,0.0,0.0,0.0,2720,G,439,P
2720_03,Earth,True,TRAPPIST-1e,1.0,False,0.0,0.0,0.0,0.0,0.0,2720,G,439,P
2721_01,Earth,False,PSO J318.5-22,25.0,False,21.0,746.0,55.0,0.0,4.0,2721,F,563,P
2722_01,Mars,True,55 Cancri e,25.0,False,0.0,0.0,0.0,0.0,0.0,2722,D,93,S
2723_01,Europa,True,TRAPPIST-1e,24.0,False,0.0,0.0,0.0,0.0,0.0,2723,C,99,S
2723_02,Europa,False,TRAPPIST-1e,54.0,False,0.0,5876.0,0.0,0.0,914.0,2723,C,99,S
2724_01,Mars,True,55 Cancri e,17.0,False,0.0,0.0,0.0,0.0,0.0,2724,F,564,P
2724_02,Mars,False,TRAPPIST-1e,48.0,False,1200.0,0.0,38.0,48.0,0.0,2724,F,564,P
2725_01,Earth,False,TRAPPIST-1e,40.0,False,0.0,0.0,362.0,272.0,0.0,2725,F,565,P
2726_01,Earth,True,TRAPPIST-1e,2.0,False,0.0,0.0,0.0,0.0,0.0,2726,G,440,P
2727_01,Earth,False,TRAPPIST-1e,32.0,False,0.0,9.0,11.0,784.0,63.0,2727,F,525,S
2729_01,Earth,True,TRAPPIST-1e,15.0,False,0.0,0.0,0.0,0.0,0.0,2729,G,432,S
2730_01,,True,TRAPPIST-1e,52.0,False,0.0,0.0,0.0,0.0,0.0,2730,G,433,S
2730_02,Earth,False,TRAPPIST-1e,16.0,False,0.0,1115.0,0.0,1674.0,132.0,2730,F,527,S
2730_03,Earth,True,TRAPPIST-1e,16.0,False,0.0,,0.0,0.0,0.0,2730,G,433,S
2732_01,Earth,True,55 Cancri e,16.0,,0.0,0.0,0.0,0.0,0.0,2732,G,435,S
2732_02,Earth,False,55 Cancri e,6.0,False,0.0,0.0,0.0,0.0,0.0,2732,G,435,S
2734_01,Mars,False,TRAPPIST-1e,10.0,False,0.0,0.0,0.0,0.0,0.0,2734,F,567,P
2736_01,Mars,False,TRAPPIST-1e,27.0,True,1709.0,4.0,24.0,0.0,0.0,2736,D,81,P
2737_01,Europa,False,55 Cancri e,45.0,False,0.0,726.0,0.0,281.0,1257.0,2737,C,100,S
2737_02,Europa,False,TRAPPIST-1e,26.0,False,2381.0,1772.0,0.0,0.0,2618.0,2737,C,100,S
2738_01,Mars,False,TRAPPIST-1e,29.0,False,1049.0,0.0,0.0,0.0,0.0,2738,E,187,S
2739_01,Earth,True,PSO J318.5-22,38.0,False,0.0,0.0,0.0,,0.0,2739,G,442,P
2740_01,Earth,False,TRAPPIST-1e,19.0,False,1.0,143.0,0.0,254.0,107.0,2740,E,163,P
2741_01,Mars,False,TRAPPIST-1e,43.0,False,471.0,0.0,133.0,2.0,692.0,2741,E,164,P
2743_01,Earth,False,TRAPPIST-1e,15.0,False,746.0,0.0,2.0,0.0,11.0,2743,F,528,S
2745_01,Mars,False,,31.0,False,1511.0,0.0,310.0,0.0,0.0,2745,F,568,P
2746_01,Mars,False,TRAPPIST-1e,52.0,False,758.0,0.0,356.0,5.0,0.0,2746,F,569,P
2747_01,Mars,,TRAPPIST-1e,49.0,,0.0,0.0,0.0,0.0,0.0,2747,F,570,P
2748_01,Earth,False,55 Cancri e,29.0,False,143.0,548.0,0.0,0.0,0.0,2748,F,529,S
2750_01,Earth,False,TRAPPIST-1e,18.0,,600.0,0.0,0.0,179.0,11.0,2750,F,571,P
2751_01,Mars,True,,41.0,False,0.0,0.0,0.0,0.0,0.0,2751,F,530,S
2752_01,Earth,False,TRAPPIST-1e,9.0,False,0.0,0.0,0.0,0.0,0.0,2752,G,444,P
2752_02,Earth,True,PSO J318.5-22,,False,0.0,0.0,0.0,0.0,0.0,2752,G,444,P
2752_03,Earth,False,TRAPPIST-1e,58.0,False,0.0,82.0,0.0,758.0,0.0,2752,E,165,P
2753_01,Earth,False,PSO J318.5-22,39.0,False,0.0,0.0,0.0,0.0,907.0,2753,E,188,S
2754_01,Earth,False,TRAPPIST-1e,13.0,False,911.0,1.0,0.0,74.0,0.0,2754,E,166,P
2755_01,Europa,True,55 Cancri e,36.0,False,0.0,0.0,0.0,0.0,0.0,2755,B,85,P
2756_01,Mars,False,55 Cancri e,23.0,False,253.0,0.0,0.0,888.0,0.0,2756,F,572,P
2758_01,Earth,True,PSO J318.5-22,24.0,False,,0.0,0.0,0.0,0.0,2758,G,446,P
2759_01,Earth,False,TRAPPIST-1e,33.0,False,0.0,0.0,170.0,14.0,810.0,2759,E,167,P
2760_01,Earth,,TRAPPIST-1e,18.0,False,0.0,0.0,0.0,0.0,0.0,2760,G,438,S
2760_02,Earth,True,TRAPPIST-1e,2.0,False,0.0,0.0,0.0,0.0,0.0,2760,G,438,S
2760_03,Earth,True,TRAPPIST-1e,0.0,False,0.0,0.0,0.0,0.0,0.0,2760,G,438,S
2762_01,Earth,False,TRAPPIST-1e,36.0,False,625.0,0.0,260.0,0.0,0.0,2762,G,439,S
2762_02,Earth,False,55 Cancri e,15.0,False,254.0,0.0,10.0,180.0,0.0,2762,G,439,S
2763_01,Earth,False,TRAPPIST-1e,31.0,False,91.0,756.0,0.0,0.0,12.0,2763,E,168,P
2764_01,Earth,False,TRAPPIST-1e,42.0,False,0.0,0.0,213.0,166.0,1209.0,2764,E,189,S
2765_01,Mars,False,TRAPPIST-1e,27.0,False,1502.0,1.0,0.0,0.0,0.0,2765,F,532,S
2768_01,Earth,False,TRAPPIST-1e,36.0,False,123.0,3.0,,7.0,0.0,2768,F,533,S
2768_02,Earth,False,TRAPPIST-1e,0.0,False,0.0,0.0,0.0,0.0,0.0,2768,G,442,S
2768_03,Earth,True,TRAPPIST-1e,3.0,False,0.0,0.0,0.0,0.0,0.0,2768,G,442,S
2769_01,Earth,False,PSO J318.5-22,22.0,False,0.0,837.0,192.0,0.0,,2769,F,573,P
2770_01,Earth,False,TRAPPIST-1e,56.0,False,0.0,1721.0,0.0,96.0,0.0,2770,G,443,S
2772_01,Earth,False,TRAPPIST-1e,23.0,False,0.0,0.0,0.0,757.0,0.0,2772,G,444,S
2773_01,Mars,False,TRAPPIST-1e,25.0,False,314.0,2.0,648.0,92.0,0.0,2773,D,94,S
2774_01,Earth,False,TRAPPIST-1e,29.0,False,3.0,0.0,3.0,0.0,697.0,2774,F,575,P
2774_02,Earth,False,TRAPPIST-1e,17.0,False,0.0,1195.0,31.0,0.0,0.0,2774,F,575,P
2774_03,Earth,False,TRAPPIST-1e,13.0,False,412.0,4.0,0.0,0.0,551.0,2774,F,575,P
2778_01,Mars,False,TRAPPIST-1e,35.0,,2301.0,0.0,414.0,,0.0,2778,D,82,P
2778_02,Mars,True,55 Cancri e,53.0,False,,0.0,0.0,0.0,0.0,2778,F,576,P
2780_01,Earth,False,TRAPPIST-1e,24.0,False,14.0,702.0,0.0,0.0,0.0,2780,F,578,P
2781_01,Earth,True,TRAPPIST-1e,38.0,False,0.0,0.0,0.0,0.0,0.0,2781,G,447,P
2783_01,Europa,True,55 Cancri e,21.0,False,0.0,0.0,0.0,0.0,0.0,2783,D,83,P
2783_02,Europa,False,55 Cancri e,29.0,False,2.0,8.0,0.0,2864.0,155.0,2783,D,83,P
2784_01,Earth,False,TRAPPIST-1e,46.0,False,0.0,0.0,1661.0,52.0,8.0,2784,G,448,P
2785_01,Europa,True,TRAPPIST-1e,58.0,False,,0.0,0.0,0.0,0.0,2785,C,102,S
2786_01,Earth,False,PSO J318.5-22,53.0,False,0.0,1.0,0.0,195.0,493.0,2786,E,190,S
2787_01,Earth,False,55 Cancri e,21.0,False,13.0,,1098.0,64.0,1.0,2787,F,535,S
2788_01,Earth,True,PSO J318.5-22,27.0,False,0.0,0.0,0.0,0.0,0.0,2788,G,449,P
2789_01,Earth,True,TRAPPIST-1e,31.0,False,0.0,0.0,0.0,0.0,0.0,2789,G,450,P
2790_01,Europa,True,55 Cancri e,23.0,,0.0,0.0,0.0,0.0,0.0,2790,B,86,P
2790_02,Europa,False,55 Cancri e,41.0,False,0.0,320.0,4333.0,1313.0,51.0,2790,B,86,P
2790_03,Europa,False,TRAPPIST-1e,29.0,False,3.0,933.0,0.0,674.0,731.0,2790,B,86,P
2790_04,Europa,False,55 Cancri e,54.0,False,0.0,37.0,0.0,4689.0,0.0,2790,B,86,P
2790_05,Europa,False,55 Cancri e,43.0,False,0.0,9923.0,660.0,10.0,266.0,2790,B,86,P
2792_01,Earth,True,PSO J318.5-22,36.0,False,0.0,0.0,0.0,0.0,0.0,2792,G,446,S
2793_01,Earth,False,TRAPPIST-1e,48.0,False,784.0,87.0,0.0,0.0,1.0,2793,E,169,P
2795_01,Europa,False,TRAPPIST-1e,34.0,False,10.0,5659.0,15.0,3.0,0.0,2795,C,103,S
2795_02,Europa,False,TRAPPIST-1e,42.0,False,0.0,802.0,0.0,2622.0,671.0,2795,C,103,S
2796_01,Earth,False,55 Cancri e,17.0,False,0.0,0.0,0.0,863.0,0.0,2796,F,536,S
2797_01,Earth,False,TRAPPIST-1e,22.0,False,0.0,0.0,0.0,0.0,1345.0,2797,F,580,P
2798_01,Europa,False,TRAPPIST-1e,37.0,False,6.0,437.0,,54.0,3030.0,2798,A,23,P
2798_02,Europa,True,55 Cancri e,38.0,False,0.0,0.0,0.0,0.0,0.0,2798,A,23,P
2799_01,Earth,False,TRAPPIST-1e,21.0,False,3.0,0.0,0.0,881.0,0.0,2799,G,447,S
2799_02,,True,PSO J318.5-22,23.0,False,0.0,0.0,0.0,0.0,0.0,2799,G,447,S
2801_01,Europa,False,TRAPPIST-1e,27.0,False,1.0,767.0,0.0,13104.0,3657.0,2801,B,87,P
2802_01,Earth,False,TRAPPIST-1e,23.0,False,18.0,2595.0,0.0,0.0,122.0,2802,F,581,P
2805_01,Earth,False,TRAPPIST-1e,19.0,False,0.0,0.0,366.0,268.0,0.0,2805,F,582,P
2806_01,Mars,False,TRAPPIST-1e,28.0,False,948.0,0.0,64.0,170.0,0.0,2806,D,95,S
2807_01,Earth,False,TRAPPIST-1e,33.0,False,0.0,0.0,154.0,22.0,820.0,2807,E,171,P
2807_02,Earth,True,PSO J318.5-22,24.0,False,0.0,0.0,0.0,0.0,0.0,2807,G,452,P
2807_03,Earth,True,TRAPPIST-1e,0.0,False,0.0,0.0,0.0,0.0,0.0,2807,G,452,P
2809_01,Earth,True,TRAPPIST-1e,41.0,False,0.0,0.0,0.0,0.0,0.0,2809,G,453,P
2810_01,Earth,True,TRAPPIST-1e,19.0,False,0.0,0.0,0.0,0.0,0.0,2810,G,454,P
2811_01,Earth,False,TRAPPIST-1e,44.0,False,0.0,0.0,0.0,0.0,871.0,2811,F,537,S
2812_01,Mars,False,55 Cancri e,43.0,False,803.0,0.0,384.0,120.0,0.0,2812,F,538,S
2813_01,Earth,True,TRAPPIST-1e,14.0,False,0.0,0.0,0.0,0.0,0.0,2813,G,449,S
2814_01,,True,PSO J318.5-22,18.0,False,0.0,0.0,0.0,0.0,0.0,2814,G,455,P
2817_01,,False,TRAPPIST-1e,25.0,False,237.0,0.0,910.0,0.0,12.0,2817,F,584,P
2818_01,Mars,False,TRAPPIST-1e,0.0,False,0.0,0.0,0.0,0.0,0.0,2818,F,585,P
2818_02,Mars,True,55 Cancri e,4.0,False,0.0,0.0,0.0,0.0,0.0,2818,F,585,P
2818_03,Mars,False,TRAPPIST-1e,24.0,False,165.0,0.0,981.0,2.0,0.0,2818,F,585,P
2819_01,Earth,False,TRAPPIST-1e,38.0,False,77.0,169.0,0.0,0.0,470.0,2819,F,586,P
2820_01,Earth,True,TRAPPIST-1e,44.0,False,0.0,0.0,0.0,0.0,0.0,2820,G,457,P
2821_01,Earth,True,55 Cancri e,57.0,False,0.0,0.0,0.0,0.0,0.0,2821,G,458,P
2822_01,,True,55 Cancri e,3.0,False,0.0,0.0,,0.0,0.0,2822,G,450,S
2822_02,Earth,,TRAPPIST-1e,5.0,,0.0,0.0,0.0,0.0,,2822,G,450,S
2822_03,Earth,True,55 Cancri e,3.0,False,0.0,,0.0,0.0,0.0,2822,G,450,S
2822_04,Earth,True,,18.0,False,0.0,0.0,0.0,0.0,0.0,2822,G,450,S
2822_05,,True,TRAPPIST-1e,8.0,False,0.0,0.0,0.0,0.0,0.0,2822,G,450,S
2823_01,Mars,True,TRAPPIST-1e,21.0,False,0.0,0.0,0.0,0.0,0.0,2823,F,587,P
2824_01,Europa,True,55 Cancri e,35.0,False,0.0,0.0,0.0,0.0,0.0,2824,C,104,S
2825_01,Mars,,TRAPPIST-1e,47.0,False,0.0,0.0,0.0,0.0,0.0,2825,F,539,S
2826_01,Europa,False,55 Cancri e,28.0,False,1581.0,213.0,0.0,18.0,3051.0,2826,C,96,P
2826_02,Europa,False,TRAPPIST-1e,49.0,False,20.0,6807.0,174.0,3538.0,2473.0,2826,C,96,P
2831_01,Europa,False,TRAPPIST-1e,23.0,False,0.0,824.0,0.0,495.0,1479.0,2831,D,86,P
2831_02,Europa,False,TRAPPIST-1e,19.0,False,0.0,1.0,0.0,2085.0,55.0,2831,D,86,P
2832_01,Earth,False,TRAPPIST-1e,34.0,False,0.0,250.0,23.0,0.0,514.0,2832,E,173,P
2834_01,Europa,False,TRAPPIST-1e,40.0,True,0.0,11.0,0.0,2205.0,1295.0,2834,C,105,S
2835_01,Europa,False,55 Cancri e,26.0,True,0.0,186.0,,548.0,5058.0,2835,A,24,P
2837_01,Earth,False,PSO J318.5-22,23.0,False,0.0,0.0,,3.0,1919.0,2837,F,588,P
2838_01,Mars,False,TRAPPIST-1e,22.0,False,0.0,0.0,0.0,0.0,0.0,2838,E,174,P
2839_01,Europa,False,TRAPPIST-1e,51.0,False,1.0,3935.0,0.0,146.0,0.0,2839,C,107,S
2840_01,Earth,False,55 Cancri e,44.0,False,672.0,0.0,0.0,0.0,20.0,2840,F,540,S
2843_01,Mars,False,TRAPPIST-1e,50.0,False,357.0,0.0,657.0,0.0,0.0,2843,E,175,P
2846_01,Earth,True,TRAPPIST-1e,28.0,False,0.0,0.0,0.0,0.0,0.0,2846,G,452,S
2847_01,Earth,True,TRAPPIST-1e,13.0,False,0.0,0.0,0.0,0.0,0.0,2847,G,464,P
2852_01,Earth,False,,21.0,False,33.0,126.0,0.0,461.0,0.0,2852,G,465,P
2853_01,Earth,False,TRAPPIST-1e,20.0,False,56.0,757.0,111.0,0.0,0.0,2853,F,544,S
2854_01,Earth,False,55 Cancri e,14.0,False,0.0,,14.0,692.0,809.0,2854,F,591,P
2856_01,Europa,False,55 Cancri e,38.0,False,0.0,896.0,0.0,,4168.0,2856,C,108,S
2857_01,Earth,False,PSO J318.5-22,29.0,False,631.0,,0.0,40.0,0.0,2857,F,545,S
2858_01,Europa,True,TRAPPIST-1e,36.0,False,0.0,0.0,0.0,0.0,0.0,2858,C,109,S
2858_02,Europa,True,TRAPPIST-1e,16.0,False,0.0,0.0,0.0,0.0,0.0,2858,C,109,S
2858_03,Europa,True,TRAPPIST-1e,40.0,False,0.0,,0.0,0.0,0.0,2858,C,109,S
2859_01,Europa,True,55 Cancri e,,False,0.0,0.0,0.0,0.0,0.0,2859,C,98,P
2860_01,Earth,False,PSO J318.5-22,18.0,False,154.0,22.0,77.0,1053.0,0.0,2860,F,546,S
2861_01,Earth,False,TRAPPIST-1e,17.0,False,5.0,756.0,0.0,0.0,0.0,2861,F,547,S
2862_01,Mars,True,TRAPPIST-1e,32.0,False,0.0,0.0,0.0,0.0,0.0,2862,E,193,S
2863_01,Earth,False,TRAPPIST-1e,27.0,False,0.0,2.0,49.0,0.0,801.0,2863,G,466,P
2865_01,Mars,False,TRAPPIST-1e,34.0,False,2904.0,23.0,7.0,0.0,81.0,2865,D,88,P
2865_02,Mars,False,TRAPPIST-1e,53.0,False,520.0,0.0,442.0,0.0,0.0,2865,D,88,P
2866_01,Europa,True,TRAPPIST-1e,36.0,True,0.0,0.0,0.0,0.0,0.0,2866,C,110,S
2867_01,Mars,False,TRAPPIST-1e,41.0,False,71.0,0.0,1617.0,31.0,0.0,2867,D,89,P
2867_02,Mars,False,TRAPPIST-1e,51.0,False,819.0,4.0,92.0,38.0,0.0,2867,E,176,P
2869_01,Earth,True,PSO J318.5-22,61.0,False,0.0,0.0,0.0,0.0,0.0,2869,G,467,P
2870_01,Earth,False,TRAPPIST-1e,59.0,False,0.0,0.0,1.0,920.0,1.0,2870,G,454,S
2871_01,Europa,True,TRAPPIST-1e,17.0,False,0.0,0.0,0.0,,0.0,2871,B,88,P
2871_02,Europa,True,TRAPPIST-1e,27.0,False,0.0,0.0,0.0,0.0,0.0,2871,B,88,P
2872_01,Earth,False,PSO J318.5-22,57.0,False,0.0,1431.0,0.0,30.0,337.0,2872,G,455,S
2873_01,Mars,False,55 Cancri e,39.0,False,2127.0,,23.0,0.0,0.0,2873,E,194,S
2875_01,Europa,True,55 Cancri e,55.0,False,0.0,0.0,0.0,0.0,0.0,2875,B,107,S
2876_01,Earth,False,TRAPPIST-1e,42.0,False,173.0,656.0,0.0,0.0,23.0,2876,G,456,S
2877_01,Earth,False,TRAPPIST-1e,36.0,False,418.0,40.0,7.0,338.0,0.0,2877,F,592,P
2878_01,Mars,False,TRAPPIST-1e,42.0,False,44.0,0.0,3648.0,0.0,9.0,2878,F,593,P
2880_01,Earth,True,PSO J318.5-22,32.0,False,0.0,0.0,0.0,0.0,0.0,2880,G,468,P
2881_01,Earth,False,55 Cancri e,6.0,False,0.0,0.0,0.0,0.0,0.0,2881,G,457,S
2882_01,Earth,True,TRAPPIST-1e,15.0,False,0.0,0.0,0.0,0.0,0.0,2882,G,458,S
2883_01,Earth,False,TRAPPIST-1e,28.0,False,0.0,93.0,1282.0,0.0,0.0,2883,F,595,P
2884_01,Mars,False,TRAPPIST-1e,37.0,False,912.0,0.0,0.0,,0.0,2884,D,90,P
2887_01,Earth,False,TRAPPIST-1e,44.0,False,0.0,0.0,744.0,62.0,3.0,2887,G,459,S
2888_01,Mars,False,TRAPPIST-1e,71.0,True,901.0,0.0,1698.0,0.0,0.0,2888,F,597,P
2890_01,Europa,False,TRAPPIST-1e,44.0,False,0.0,351.0,0.0,3.0,3447.0,2890,B,89,P
2890_02,Europa,True,TRAPPIST-1e,36.0,False,0.0,0.0,0.0,0.0,0.0,2890,B,89,P
2891_01,Earth,False,TRAPPIST-1e,18.0,False,4.0,904.0,0.0,0.0,1.0,2891,G,460,S
2892_01,Earth,False,PSO J318.5-22,3.0,False,0.0,0.0,0.0,0.0,0.0,2892,G,469,P
2892_02,Earth,True,55 Cancri e,12.0,False,0.0,0.0,0.0,0.0,0.0,2892,G,469,P
2892_03,Earth,True,55 Cancri e,0.0,False,0.0,0.0,0.0,0.0,0.0,2892,G,469,P
2892_04,Earth,False,TRAPPIST-1e,29.0,False,0.0,1311.0,0.0,0.0,0.0,2892,F,598,P
2892_05,Earth,False,TRAPPIST-1e,9.0,False,0.0,0.0,0.0,0.0,0.0,2892,G,469,P
2893_01,Earth,False,55 Cancri e,27.0,False,688.0,307.0,779.0,0.0,19.0,2893,G,470,P
2894_01,Earth,False,PSO J318.5-22,24.0,False,0.0,0.0,443.0,244.0,1.0,2894,F,599,P
2897_01,Earth,False,TRAPPIST-1e,38.0,False,1.0,0.0,288.0,0.0,556.0,2897,G,461,S
2899_01,Mars,False,TRAPPIST-1e,28.0,False,523.0,0.0,0.0,970.0,0.0,2899,F,600,P
2900_01,Mars,True,TRAPPIST-1e,26.0,False,0.0,0.0,0.0,0.0,0.0,2900,G,734,S
2901_01,Earth,False,TRAPPIST-1e,16.0,False,0.0,20.0,0.0,300.0,681.0,2901,F,601,P
2901_02,Earth,False,PSO J318.5-22,24.0,False,,2.0,25.0,,707.0,2901,F,601,P
2902_01,Earth,False,TRAPPIST-1e,33.0,False,123.0,760.0,0.0,0.0,0.0,2902,G,471,P
2905_01,Earth,False,55 Cancri e,24.0,False,489.0,0.0,,0.0,0.0,2905,G,462,S
2906_01,Earth,False,,29.0,False,1.0,0.0,133.0,104.0,574.0,2906,G,463,S
2907_01,Earth,False,TRAPPIST-1e,25.0,False,0.0,9.0,2005.0,0.0,5.0,2907,F,552,S
2908_01,Earth,False,,0.0,False,0.0,0.0,0.0,0.0,0.0,2908,G,464,S
2908_02,,False,TRAPPIST-1e,13.0,False,649.0,2.0,0.0,124.0,143.0,2908,F,553,S
2909_01,Earth,True,55 Cancri e,7.0,False,0.0,0.0,0.0,0.0,0.0,2909,G,473,P
2910_01,Earth,False,PSO J318.5-22,32.0,False,0.0,0.0,736.0,0.0,0.0,2910,F,602,P
2912_01,Mars,True,TRAPPIST-1e,34.0,False,0.0,0.0,0.0,0.0,0.0,2912,E,178,P
2913_01,Mars,False,TRAPPIST-1e,49.0,False,21.0,25.0,1509.0,0.0,1042.0,2913,F,603,P
2919_01,Mars,False,TRAPPIST-1e,43.0,False,13.0,2119.0,315.0,0.0,261.0,2919,D,96,S
2919_02,Mars,False,TRAPPIST-1e,0.0,False,0.0,0.0,0.0,0.0,0.0,2919,F,555,S
2919_03,Mars,True,TRAPPIST-1e,6.0,False,,0.0,0.0,0.0,0.0,2919,F,555,S
2920_01,Earth,False,TRAPPIST-1e,23.0,False,0.0,179.0,569.0,0.0,0.0,2920,F,606,P
2925_01,Mars,False,TRAPPIST-1e,43.0,False,336.0,11.0,796.0,15.0,0.0,2925,F,609,P
2925_02,Mars,True,55 Cancri e,23.0,False,0.0,0.0,0.0,0.0,0.0,2925,F,609,P
2926_01,Mars,False,TRAPPIST-1e,43.0,False,828.0,25.0,545.0,107.0,0.0,2926,G,734,S
2927_01,Mars,True,55 Cancri e,41.0,False,0.0,0.0,0.0,0.0,0.0,2927,F,611,P
2928_01,Europa,False,55 Cancri e,54.0,True,0.0,2062.0,2.0,19.0,1618.0,2928,B,92,P
2928_02,Europa,True,TRAPPIST-1e,51.0,False,0.0,0.0,,0.0,0.0,2928,B,92,P
2928_03,Europa,True,TRAPPIST-1e,44.0,False,0.0,0.0,0.0,0.0,0.0,2928,B,92,P
2929_01,Earth,True,PSO J318.5-22,48.0,False,0.0,0.0,0.0,0.0,0.0,2929,G,467,S
2930_01,Earth,False,TRAPPIST-1e,45.0,False,,9.0,0.0,857.0,16.0,2930,G,474,P
2934_01,Earth,False,PSO J318.5-22,20.0,False,0.0,689.0,0.0,0.0,0.0,2934,F,557,S
2935_01,Europa,False,TRAPPIST-1e,33.0,False,0.0,28.0,0.0,6841.0,543.0,2935,T,2,P
2936_01,Earth,False,TRAPPIST-1e,21.0,False,15.0,30.0,11.0,2.0,388.0,2936,G,468,S
2938_01,Europa,True,TRAPPIST-1e,68.0,False,0.0,0.0,0.0,0.0,0.0,2938,C,100,P
2940_01,Earth,False,PSO J318.5-22,23.0,False,5.0,308.0,363.0,7.0,0.0,2940,F,615,P
2941_01,Earth,False,TRAPPIST-1e,16.0,,24.0,0.0,13.0,717.0,0.0,2941,G,477,P
2942_01,Earth,False,TRAPPIST-1e,35.0,False,198.0,44.0,97.0,30.0,510.0,2942,F,558,S
2943_01,Earth,True,TRAPPIST-1e,22.0,False,0.0,0.0,0.0,0.0,0.0,2943,G,478,P
2944_01,Earth,False,TRAPPIST-1e,51.0,False,214.0,3.0,16.0,569.0,0.0,2944,F,559,S
2944_02,Earth,False,PSO J318.5-22,2.0,False,,0.0,0.0,0.0,0.0,2944,G,469,S
2944_03,Earth,True,55 Cancri e,29.0,False,0.0,0.0,0.0,0.0,0.0,2944,G,469,S
2944_04,Earth,False,TRAPPIST-1e,0.0,False,0.0,0.0,0.0,0.0,0.0,2944,G,469,S
2945_01,Earth,True,55 Cancri e,39.0,False,0.0,0.0,0.0,0.0,0.0,2945,G,479,P
2948_01,Europa,False,TRAPPIST-1e,55.0,False,0.0,1971.0,77.0,577.0,1050.0,2948,C,112,S
2949_01,Earth,True,TRAPPIST-1e,22.0,False,0.0,0.0,0.0,,0.0,2949,G,482,P
2950_01,Earth,False,TRAPPIST-1e,20.0,False,310.0,0.0,374.0,0.0,5.0,2950,F,617,P
2953_01,,False,55 Cancri e,25.0,False,0.0,641.0,0.0,2.0,0.0,2953,E,179,P
2954_01,Earth,False,55 Cancri e,18.0,False,235.0,0.0,101.0,0.0,316.0,2954,F,619,P
2956_01,Earth,False,PSO J318.5-22,28.0,False,3.0,141.0,0.0,0.0,1689.0,2956,G,470,S
2958_01,Earth,False,TRAPPIST-1e,26.0,False,1822.0,0.0,4.0,107.0,1204.0,2958,F,561,S
2959_01,Earth,False,PSO J318.5-22,28.0,False,1.0,0.0,933.0,614.0,0.0,2959,F,620,P
2960_01,Earth,False,TRAPPIST-1e,54.0,False,,,0.0,0.0,0.0,2960,F,562,S
2961_01,Earth,False,TRAPPIST-1e,56.0,False,0.0,54.0,0.0,724.0,0.0,2961,F,621,P
2962_01,Mars,False,TRAPPIST-1e,25.0,False,1228.0,0.0,132.0,0.0,0.0,2962,E,180,P
2964_01,Europa,False,TRAPPIST-1e,26.0,False,2050.0,8525.0,0.0,270.0,636.0,2964,A,35,S
2965_01,Earth,False,TRAPPIST-1e,14.0,False,0.0,0.0,709.0,258.0,3.0,2965,F,622,P
2966_01,Earth,False,TRAPPIST-1e,21.0,False,2.0,417.0,323.0,0.0,84.0,2966,E,181,P
2968_01,Earth,True,TRAPPIST-1e,43.0,False,0.0,,0.0,0.0,0.0,2968,G,485,P
2969_01,Earth,False,,37.0,False,221.0,0.0,32.0,38.0,516.0,2969,G,486,P
2970_01,Earth,False,TRAPPIST-1e,,False,740.0,82.0,6.0,,1.0,2970,G,734,S
2971_01,Europa,False,TRAPPIST-1e,38.0,False,0.0,3135.0,0.0,26.0,3.0,2971,T,3,P
2972_01,Earth,False,TRAPPIST-1e,14.0,False,0.0,1.0,1441.0,0.0,190.0,2972,E,182,P
2975_01,Earth,,PSO J318.5-22,20.0,False,0.0,0.0,585.0,0.0,10.0,2975,F,564,S
2979_01,Europa,False,TRAPPIST-1e,33.0,False,0.0,0.0,0.0,0.0,0.0,2979,B,93,P
2982_01,Europa,True,55 Cancri e,33.0,False,0.0,0.0,0.0,0.0,0.0,2982,B,111,S
2983_01,Earth,False,TRAPPIST-1e,13.0,False,0.0,0.0,31.0,0.0,810.0,2983,E,183,P
2984_01,Europa,False,TRAPPIST-1e,37.0,False,0.0,210.0,0.0,4114.0,0.0,2984,D,97,S
2986_01,Mars,False,TRAPPIST-1e,15.0,False,5711.0,0.0,2516.0,0.0,1370.0,2986,E,197,S
2988_01,Europa,False,55 Cancri e,33.0,False,396.0,1280.0,7.0,308.0,4941.0,2988,A,36,S
2990_01,Earth,True,PSO J318.5-22,24.0,False,0.0,0.0,0.0,0.0,0.0,2990,G,472,S
2992_01,,False,PSO J318.5-22,49.0,False,0.0,,0.0,160.0,528.0,2992,F,570,S
2993_01,Earth,False,TRAPPIST-1e,24.0,False,1252.0,6.0,,123.0,706.0,2993,F,571,S
2994_01,Earth,False,TRAPPIST-1e,24.0,False,173.0,0.0,14.0,0.0,603.0,2994,E,198,S
2995_01,Europa,True,55 Cancri e,26.0,False,0.0,0.0,0.0,0.0,0.0,2995,B,94,P
2995_02,Europa,True,55 Cancri e,40.0,False,0.0,0.0,0.0,0.0,0.0,2995,B,94,P
2996_01,Earth,False,55 Cancri e,31.0,False,0.0,611.0,2.0,4.0,22.0,2996,F,626,P
2998_01,Europa,False,,47.0,False,0.0,5252.0,0.0,124.0,300.0,2998,C,113,S
3000_01,Earth,False,TRAPPIST-1e,19.0,False,736.0,0.0,0.0,0.0,1.0,3000,F,627,P
3001_01,Europa,False,55 Cancri e,38.0,True,0.0,1577.0,0.0,425.0,4359.0,3001,C,101,P
3001_02,Europa,False,55 Cancri e,33.0,False,0.0,1001.0,2280.0,,29.0,3001,C,101,P
3003_01,Europa,True,TRAPPIST-1e,45.0,False,0.0,0.0,0.0,0.0,0.0,3003,C,114,S
3004_01,Earth,True,TRAPPIST-1e,1.0,False,0.0,0.0,0.0,0.0,0.0,3004,G,473,S
3004_02,Earth,False,TRAPPIST-1e,32.0,False,0.0,53.0,0.0,744.0,0.0,3004,F,572,S
3005_01,Mars,True,TRAPPIST-1e,70.0,False,0.0,0.0,0.0,0.0,0.0,3005,F,573,S
3006_01,Earth,False,PSO J318.5-22,19.0,False,23.0,0.0,0.0,0.0,732.0,3006,G,474,S
3009_01,Mars,True,PSO J318.5-22,55.0,False,0.0,0.0,0.0,0.0,0.0,3009,E,185,P
3010_01,Europa,False,TRAPPIST-1e,48.0,False,0.0,8403.0,0.0,7627.0,83.0,3010,B,96,P
3012_01,Earth,False,TRAPPIST-1e,66.0,False,1187.0,1.0,,6.0,0.0,3012,G,475,S
3013_01,,False,TRAPPIST-1e,13.0,False,,256.0,0.0,207.0,409.0,3013,F,629,P
3014_01,Europa,False,55 Cancri e,40.0,False,82.0,1390.0,0.0,347.0,6237.0,3014,C,115,S
3015_01,Earth,False,TRAPPIST-1e,35.0,False,0.0,1438.0,0.0,112.0,74.0,3015,E,199,S
3018_01,Earth,False,TRAPPIST-1e,32.0,False,0.0,49.0,2.0,639.0,0.0,3018,F,630,P
3019_01,Mars,False,TRAPPIST-1e,51.0,False,1644.0,0.0,234.0,157.0,64.0,3019,E,187,P
3020_01,Europa,False,TRAPPIST-1e,37.0,False,0.0,216.0,0.0,5391.0,3372.0,3020,B,112,S
3021_01,Earth,False,TRAPPIST-1e,31.0,False,517.0,1.0,301.0,60.0,4.0,3021,G,476,S
3021_02,Earth,False,TRAPPIST-1e,37.0,False,608.0,0.0,6.0,0.0,1637.0,3021,F,574,S
3022_01,Europa,False,TRAPPIST-1e,38.0,False,0.0,3331.0,270.0,2.0,3510.0,3022,C,102,P
3022_02,Europa,False,55 Cancri e,19.0,False,0.0,329.0,0.0,3154.0,312.0,3022,C,102,P
3023_01,Mars,True,TRAPPIST-1e,33.0,False,0.0,0.0,0.0,0.0,0.0,3023,F,631,P
3024_01,Earth,False,TRAPPIST-1e,19.0,False,0.0,0.0,1752.0,187.0,0.0,3024,F,632,P
3025_01,Earth,False,TRAPPIST-1e,31.0,False,2.0,788.0,0.0,128.0,9.0,3025,G,477,S
3025_02,Earth,False,TRAPPIST-1e,43.0,False,45.0,8.0,0.0,607.0,44.0,3025,G,477,S
3026_01,Earth,True,TRAPPIST-1e,22.0,False,0.0,0.0,0.0,0.0,0.0,3026,G,492,P
3027_01,Earth,True,TRAPPIST-1e,24.0,False,0.0,0.0,0.0,0.0,0.0,3027,G,493,P
3029_01,Europa,False,55 Cancri e,21.0,False,0.0,878.0,82.0,360.0,1784.0,3029,C,103,P
3029_02,Europa,,TRAPPIST-1e,14.0,False,0.0,0.0,0.0,0.0,0.0,3029,C,103,P
3030_01,Europa,False,55 Cancri e,30.0,False,728.0,2551.0,0.0,48.0,1804.0,3030,B,97,P
3030_02,Europa,True,TRAPPIST-1e,22.0,False,0.0,0.0,0.0,0.0,0.0,3030,B,97,P
3032_01,Earth,False,TRAPPIST-1e,11.0,False,0.0,0.0,0.0,0.0,0.0,3032,G,478,S
3032_02,Earth,True,TRAPPIST-1e,4.0,False,0.0,0.0,0.0,0.0,0.0,3032,G,478,S
3032_03,Earth,False,TRAPPIST-1e,0.0,False,0.0,0.0,0.0,0.0,0.0,3032,G,478,S
3032_04,Earth,False,TRAPPIST-1e,30.0,False,479.0,12.0,25.0,643.0,283.0,3032,F,575,S
3033_01,Earth,False,PSO J318.5-22,21.0,False,0.0,27.0,1181.0,0.0,513.0,3033,G,479,S
3034_01,Europa,False,TRAPPIST-1e,40.0,False,0.0,0.0,0.0,0.0,0.0,3034,G,734,S
3036_01,Earth,False,PSO J318.5-22,57.0,False,506.0,0.0,1.0,178.0,0.0,3036,F,634,P
3038_01,Mars,False,TRAPPIST-1e,35.0,,1228.0,0.0,0.0,0.0,0.0,3038,F,576,S
3039_01,Europa,False,TRAPPIST-1e,32.0,False,0.0,0.0,0.0,0.0,0.0,3039,A,37,S
3040_01,Mars,False,TRAPPIST-1e,32.0,False,2616.0,0.0,2.0,5.0,0.0,3040,F,577,S
3042_01,Earth,False,TRAPPIST-1e,30.0,False,0.0,0.0,301.0,0.0,437.0,3042,F,578,S
3044_01,Earth,False,TRAPPIST-1e,69.0,False,577.0,139.0,0.0,0.0,0.0,3044,F,636,P
3045_01,Earth,True,TRAPPIST-1e,21.0,False,0.0,0.0,0.0,0.0,0.0,3045,G,480,S
3047_01,Mars,True,PSO J318.5-22,17.0,False,0.0,,0.0,0.0,0.0,3047,E,190,P
3047_02,Mars,False,TRAPPIST-1e,16.0,False,995.0,0.0,6.0,48.0,0.0,3047,E,190,P
3048_01,Mars,True,TRAPPIST-1e,25.0,False,0.0,0.0,0.0,,0.0,3048,E,200,S
3050_01,Europa,False,TRAPPIST-1e,25.0,False,1586.0,2342.0,947.0,1.0,276.0,3050,E,191,P
3053_01,Europa,False,55 Cancri e,52.0,False,0.0,2.0,0.0,10976.0,810.0,3053,G,734,S
3054_01,Earth,False,TRAPPIST-1e,13.0,False,578.0,77.0,0.0,306.0,5.0,3054,F,579,S
3055_01,Earth,False,TRAPPIST-1e,37.0,False,1086.0,0.0,0.0,41.0,0.0,3055,F,637,P
3060_01,Mars,False,TRAPPIST-1e,13.0,False,760.0,2.0,2.0,,0.0,3060,F,581,S
3060_02,Mars,False,TRAPPIST-1e,45.0,False,3309.0,0.0,10.0,0.0,0.0,3060,D,98,S
3060_03,Mars,,TRAPPIST-1e,55.0,False,0.0,0.0,0.0,0.0,0.0,3060,E,201,S
3061_01,Earth,False,TRAPPIST-1e,22.0,False,664.0,0.0,0.0,65.0,0.0,3061,F,638,P
3061_02,Earth,False,TRAPPIST-1e,39.0,False,0.0,0.0,0.0,1745.0,72.0,3061,G,498,P
3062_01,Mars,False,TRAPPIST-1e,35.0,False,741.0,0.0,31.0,0.0,36.0,3062,D,99,S
3063_01,Earth,True,PSO J318.5-22,19.0,False,0.0,0.0,0.0,0.0,0.0,3063,G,499,P
3063_02,Earth,True,TRAPPIST-1e,7.0,False,0.0,0.0,0.0,0.0,0.0,3063,G,499,P
3063_03,Earth,False,TRAPPIST-1e,19.0,False,1.0,0.0,0.0,450.0,254.0,3063,E,192,P
3064_01,Earth,True,TRAPPIST-1e,21.0,False,0.0,0.0,0.0,0.0,0.0,3064,G,482,S
3065_01,Europa,False,55 Cancri e,37.0,False,0.0,2065.0,1650.0,356.0,1.0,3065,D,94,P
3066_01,Earth,False,TRAPPIST-1e,35.0,False,1609.0,0.0,0.0,0.0,0.0,3066,E,193,P
3067_01,Earth,True,TRAPPIST-1e,22.0,False,0.0,0.0,0.0,0.0,0.0,3067,G,483,S
3068_01,Earth,False,TRAPPIST-1e,62.0,False,379.0,453.0,0.0,7.0,0.0,3068,G,500,P
3070_01,Earth,True,TRAPPIST-1e,41.0,False,0.0,0.0,0.0,0.0,0.0,3070,G,501,P
3071_01,Europa,True,TRAPPIST-1e,16.0,False,,0.0,0.0,0.0,0.0,3071,B,113,S
3071_02,Europa,False,TRAPPIST-1e,26.0,False,0.0,,8.0,21.0,6023.0,3071,B,113,S
3073_01,Mars,True,TRAPPIST-1e,36.0,False,0.0,0.0,0.0,0.0,0.0,3073,F,640,P
3076_01,Earth,True,PSO J318.5-22,,False,0.0,0.0,0.0,0.0,0.0,3076,G,502,P
3079_01,Earth,False,55 Cancri e,22.0,False,35.0,0.0,36.0,581.0,0.0,3079,F,642,P
3080_01,Earth,False,TRAPPIST-1e,40.0,False,0.0,0.0,0.0,822.0,2.0,3080,F,584,S
3081_01,Europa,False,55 Cancri e,50.0,False,0.0,1547.0,0.0,1784.0,1.0,3081,C,118,S
3081_02,Europa,True,TRAPPIST-1e,57.0,False,0.0,0.0,0.0,0.0,0.0,3081,C,118,S
3082_01,Earth,False,PSO J318.5-22,15.0,False,1.0,30.0,1793.0,0.0,0.0,3082,G,503,P
3083_01,Europa,False,55 Cancri e,23.0,False,0.0,587.0,0.0,1497.0,1014.0,3083,D,100,S
3084_01,Mars,True,55 Cancri e,60.0,False,0.0,0.0,0.0,0.0,0.0,3084,D,101,S
3085_01,Earth,,TRAPPIST-1e,73.0,False,0.0,0.0,0.0,153.0,556.0,3085,G,504,P
3087_01,Earth,,TRAPPIST-1e,35.0,False,0.0,0.0,0.0,0.0,0.0,3087,G,505,P
3088_01,Europa,False,TRAPPIST-1e,28.0,False,0.0,0.0,0.0,0.0,0.0,3088,A,25,P
3090_01,Europa,False,TRAPPIST-1e,27.0,True,0.0,6013.0,0.0,820.0,31.0,3090,B,115,S
3091_01,Europa,False,TRAPPIST-1e,14.0,False,0.0,946.0,0.0,7860.0,384.0,3091,G,734,S
3091_02,Europa,True,TRAPPIST-1e,26.0,False,,0.0,0.0,0.0,0.0,3091,D,102,S
3092_01,Earth,False,TRAPPIST-1e,22.0,False,,0.0,102.0,43.0,700.0,3092,G,506,P
3093_01,Mars,False,55 Cancri e,22.0,False,2229.0,0.0,1349.0,121.0,0.0,3093,E,194,P
3095_01,Mars,False,PSO J318.5-22,71.0,False,924.0,1284.0,10.0,9.0,0.0,3095,F,585,S
3096_01,Mars,False,55 Cancri e,25.0,False,5.0,1.0,633.0,0.0,188.0,3096,D,103,S
3099_01,Mars,True,TRAPPIST-1e,27.0,False,0.0,0.0,0.0,0.0,0.0,3099,E,203,S
3100_01,Earth,False,TRAPPIST-1e,1.0,False,0.0,0.0,0.0,0.0,0.0,3100,G,485,S
3100_02,Earth,False,TRAPPIST-1e,52.0,False,809.0,0.0,0.0,0.0,0.0,3100,F,586,S
3100_03,Earth,True,TRAPPIST-1e,0.0,False,0.0,0.0,0.0,0.0,0.0,3100,G,485,S
3102_01,Europa,True,55 Cancri e,30.0,False,0.0,0.0,0.0,0.0,0.0,3102,B,101,P
3103_01,Europa,False,TRAPPIST-1e,52.0,True,0.0,7452.0,0.0,1158.0,7979.0,3103,B,102,P
3104_01,Earth,False,TRAPPIST-1e,12.0,False,0.0,0.0,0.0,0.0,0.0,3104,G,507,P
3104_02,Earth,True,TRAPPIST-1e,22.0,False,0.0,,0.0,0.0,0.0,3104,G,507,P
3110_01,Earth,False,TRAPPIST-1e,24.0,False,520.0,0.0,0.0,195.0,0.0,3110,G,509,P
3111_01,Mars,False,TRAPPIST-1e,22.0,False,1173.0,0.0,0.0,9.0,0.0,3111,D,95,P
3112_01,Earth,True,PSO J318.5-22,15.0,,0.0,0.0,0.0,0.0,0.0,3112,G,488,S
3113_01,Mars,True,TRAPPIST-1e,21.0,False,,0.0,0.0,0.0,0.0,3113,D,96,P
3113_02,Mars,True,55 Cancri e,56.0,False,0.0,0.0,0.0,0.0,0.0,3113,D,96,P
3114_01,Mars,False,TRAPPIST-1e,50.0,False,1598.0,0.0,155.0,26.0,0.0,3114,D,97,P
3116_01,Earth,False,TRAPPIST-1e,20.0,False,127.0,0.0,656.0,0.0,21.0,3116,F,645,P
3117_01,Earth,False,TRAPPIST-1e,32.0,False,0.0,0.0,47.0,857.0,23.0,3117,F,646,P
3118_01,Earth,True,TRAPPIST-1e,28.0,False,0.0,0.0,0.0,0.0,0.0,3118,G,510,P
3119_01,Earth,False,TRAPPIST-1e,74.0,False,571.0,0.0,0.0,277.0,0.0,3119,G,490,S
3120_01,Mars,True,TRAPPIST-1e,25.0,False,0.0,0.0,0.0,0.0,0.0,3120,E,204,S
3120_02,Mars,False,TRAPPIST-1e,31.0,False,691.0,3.0,68.0,286.0,0.0,3120,E,204,S
3121_01,Earth,True,PSO J318.5-22,6.0,False,0.0,0.0,0.0,0.0,0.0,3121,G,491,S
3123_01,Earth,True,,17.0,False,0.0,0.0,0.0,0.0,0.0,3123,G,511,P
3124_01,Mars,True,TRAPPIST-1e,12.0,False,0.0,0.0,0.0,0.0,0.0,3124,F,648,P
3124_02,Mars,False,TRAPPIST-1e,47.0,False,1130.0,8.0,299.0,0.0,0.0,3124,F,648,P
3124_03,Mars,True,TRAPPIST-1e,46.0,False,0.0,0.0,0.0,0.0,0.0,3124,F,648,P
3126_01,Europa,False,55 Cancri e,31.0,False,139.0,4018.0,13.0,232.0,1140.0,3126,B,116,S
3126_02,Europa,False,TRAPPIST-1e,36.0,False,0.0,0.0,0.0,0.0,0.0,3126,B,116,S
3128_01,Earth,False,55 Cancri e,15.0,False,62.0,57.0,2646.0,1104.0,312.0,3128,G,512,P
3130_01,Mars,False,TRAPPIST-1e,38.0,False,886.0,0.0,618.0,0.0,0.0,3130,F,588,S
3131_01,Earth,True,55 Cancri e,48.0,False,0.0,0.0,0.0,0.0,0.0,3131,G,492,S
3131_02,Earth,True,TRAPPIST-1e,21.0,False,0.0,0.0,0.0,0.0,0.0,3131,G,492,S
3131_03,,True,TRAPPIST-1e,4.0,False,0.0,0.0,0.0,0.0,0.0,3131,G,492,S
3132_01,Mars,True,TRAPPIST-1e,31.0,False,0.0,0.0,0.0,0.0,0.0,3132,F,649,P
3133_01,Earth,False,PSO J318.5-22,31.0,False,0.0,140.0,394.0,0.0,0.0,3133,G,513,P
3134_01,Europa,False,PSO J318.5-22,62.0,True,0.0,4513.0,0.0,85.0,1437.0,3134,C,119,S
3136_01,Earth,True,TRAPPIST-1e,29.0,False,0.0,0.0,0.0,0.0,0.0,3136,G,514,P
3138_01,Earth,False,TRAPPIST-1e,30.0,False,0.0,4.0,1604.0,678.0,1681.0,3138,G,734,S
3140_01,Mars,False,TRAPPIST-1e,26.0,False,912.0,0.0,43.0,0.0,0.0,3140,E,206,S
3142_01,Mars,False,TRAPPIST-1e,43.0,False,33.0,1117.0,59.0,0.0,16.0,3142,F,591,S
3142_02,Mars,False,TRAPPIST-1e,32.0,False,1087.0,0.0,71.0,0.0,0.0,3142,F,591,S
3143_01,Mars,True,55 Cancri e,24.0,False,0.0,0.0,0.0,0.0,,3143,F,592,S
3145_01,Mars,True,TRAPPIST-1e,49.0,False,0.0,0.0,0.0,0.0,0.0,3145,F,652,P
3147_01,Earth,False,TRAPPIST-1e,21.0,False,17.0,427.0,31.0,257.0,0.0,3147,F,594,S
3149_01,Earth,False,TRAPPIST-1e,18.0,False,0.0,730.0,79.0,0.0,,3149,G,494,S
3149_02,Earth,True,TRAPPIST-1e,18.0,False,0.0,0.0,0.0,0.0,0.0,3149,G,494,S
3152_01,Earth,True,TRAPPIST-1e,14.0,False,0.0,0.0,0.0,0.0,0.0,3152,G,496,S
3158_01,Mars,False,TRAPPIST-1e,21.0,False,1507.0,,3.0,2.0,1196.0,3158,D,100,P
3159_01,Mars,True,55 Cancri e,25.0,False,0.0,0.0,0.0,0.0,0.0,3159,F,654,P
3161_01,Europa,False,55 Cancri e,56.0,False,0.0,323.0,971.0,58.0,4240.0,3161,E,208,S
3162_01,Earth,False,TRAPPIST-1e,0.0,False,0.0,0.0,0.0,0.0,0.0,3162,G,500,S
3162_02,Earth,False,TRAPPIST-1e,55.0,False,0.0,0.0,5.0,0.0,2409.0,3162,F,596,S
3162_03,Earth,True,TRAPPIST-1e,14.0,False,0.0,0.0,0.0,0.0,0.0,3162,G,500,S
3163_01,Mars,False,TRAPPIST-1e,13.0,False,1007.0,0.0,142.0,295.0,0.0,3163,F,656,P
3163_02,Mars,,55 Cancri e,43.0,False,4.0,0.0,1834.0,1.0,66.0,3163,F,656,P
3164_01,Earth,True,TRAPPIST-1e,39.0,,0.0,0.0,0.0,0.0,0.0,3164,G,516,P
3166_01,Mars,True,TRAPPIST-1e,,False,,0.0,0.0,0.0,0.0,3166,F,657,P
3168_01,Earth,False,TRAPPIST-1e,24.0,False,0.0,7.0,548.0,4.0,0.0,3168,F,658,P
3169_01,Earth,False,TRAPPIST-1e,26.0,False,207.0,350.0,74.0,0.0,3.0,3169,F,598,S
3171_01,Earth,True,55 Cancri e,22.0,False,0.0,0.0,0.0,0.0,0.0,3171,G,502,S
3172_01,,False,TRAPPIST-1e,26.0,False,0.0,0.0,1352.0,5.0,0.0,3172,F,659,P
3174_01,Mars,False,,19.0,False,155.0,0.0,1632.0,3.0,0.0,3174,D,101,P
3174_02,Mars,True,TRAPPIST-1e,38.0,False,0.0,0.0,0.0,0.0,0.0,3174,F,660,P
3175_01,Europa,True,55 Cancri e,38.0,False,0.0,0.0,0.0,0.0,0.0,3175,B,104,P
3176_01,Europa,False,TRAPPIST-1e,77.0,False,0.0,9032.0,0.0,128.0,1464.0,3176,E,196,P
3179_01,Earth,False,55 Cancri e,28.0,False,2840.0,0.0,0.0,0.0,0.0,3179,F,599,S
3180_01,Earth,False,TRAPPIST-1e,22.0,False,,1.0,379.0,0.0,336.0,3180,F,663,P
3181_01,Earth,False,TRAPPIST-1e,20.0,False,4.0,353.0,193.0,241.0,0.0,3181,E,197,P
3182_01,Earth,False,TRAPPIST-1e,18.0,False,0.0,0.0,699.0,0.0,0.0,3182,F,600,S
3184_01,Europa,False,55 Cancri e,10.0,False,0.0,0.0,0.0,0.0,0.0,3184,B,117,S
3184_02,Europa,True,55 Cancri e,34.0,False,0.0,0.0,0.0,0.0,0.0,3184,B,117,S
3185_01,Earth,False,TRAPPIST-1e,43.0,False,0.0,788.0,0.0,0.0,1191.0,3185,F,601,S
3188_01,Mars,True,55 Cancri e,31.0,False,0.0,0.0,0.0,0.0,0.0,3188,E,209,S
3189_01,Mars,True,55 Cancri e,40.0,False,0.0,0.0,0.0,0.0,0.0,3189,D,102,P
3189_02,Mars,,TRAPPIST-1e,25.0,False,1299.0,0.0,0.0,0.0,0.0,3189,D,102,P
3191_01,Mars,True,TRAPPIST-1e,68.0,False,0.0,0.0,0.0,0.0,0.0,3191,F,603,S
3192_01,Earth,False,TRAPPIST-1e,20.0,False,0.0,0.0,147.0,,0.0,3192,F,665,P
3193_01,Mars,False,TRAPPIST-1e,27.0,True,309.0,,849.0,0.0,0.0,3193,F,666,P
3195_01,Earth,False,TRAPPIST-1e,1.0,False,0.0,0.0,0.0,0.0,0.0,3195,G,505,S
3195_02,Earth,False,PSO J318.5-22,60.0,False,0.0,31.0,6.0,223.0,356.0,3195,G,505,S
3195_03,Earth,False,55 Cancri e,28.0,False,0.0,0.0,675.0,31.0,0.0,3195,G,505,S
3195_04,Earth,False,PSO J318.5-22,11.0,False,0.0,0.0,0.0,0.0,0.0,3195,G,505,S
3195_05,Earth,False,55 Cancri e,0.0,False,0.0,0.0,0.0,0.0,0.0,3195,G,734,S
3195_06,Earth,True,TRAPPIST-1e,9.0,False,0.0,0.0,0.0,0.0,0.0,3195,G,505,S
3196_01,Mars,False,TRAPPIST-1e,38.0,False,1046.0,0.0,1553.0,0.0,0.0,3196,F,667,P
3197_01,Earth,False,55 Cancri e,18.0,False,0.0,0.0,,588.0,0.0,3197,F,668,P
3200_01,Earth,False,TRAPPIST-1e,40.0,False,4.0,11.0,669.0,0.0,773.0,3200,F,669,P
3201_01,Earth,False,TRAPPIST-1e,21.0,False,330.0,11.0,0.0,0.0,398.0,3201,F,670,P
3203_01,Earth,True,TRAPPIST-1e,24.0,False,0.0,0.0,0.0,0.0,0.0,3203,G,506,S
3204_01,Europa,False,TRAPPIST-1e,26.0,False,,1653.0,7.0,227.0,1457.0,3204,A,27,P
3204_02,Europa,False,TRAPPIST-1e,47.0,False,3865.0,3810.0,0.0,12.0,196.0,3204,A,27,P
3204_03,Europa,False,TRAPPIST-1e,46.0,False,0.0,131.0,,8873.0,469.0,3204,A,27,P
3205_01,Earth,True,55 Cancri e,55.0,False,0.0,0.0,0.0,0.0,0.0,3205,G,507,S
3206_01,Earth,False,TRAPPIST-1e,50.0,False,293.0,0.0,21.0,573.0,0.0,3206,G,520,P
3209_01,Mars,True,TRAPPIST-1e,10.0,False,0.0,0.0,0.0,0.0,0.0,3209,F,672,P
3210_01,Europa,False,55 Cancri e,17.0,False,454.0,19.0,0.0,,3219.0,3210,E,211,S
3210_02,Europa,False,55 Cancri e,20.0,False,11.0,596.0,0.0,3583.0,266.0,3210,E,211,S
3210_03,Europa,False,TRAPPIST-1e,37.0,False,76.0,2804.0,0.0,1287.0,1229.0,3210,E,211,S
3211_01,Earth,False,TRAPPIST-1e,24.0,False,11.0,0.0,9.0,2645.0,2.0,3211,F,673,P
3211_02,Earth,False,55 Cancri e,43.0,False,511.0,233.0,,0.0,144.0,3211,G,521,P
3211_03,Earth,False,TRAPPIST-1e,0.0,False,0.0,0.0,0.0,0.0,0.0,3211,G,521,P
3212_01,Earth,False,TRAPPIST-1e,24.0,False,180.0,264.0,0.0,1225.0,0.0,3212,E,212,S
3213_01,Mars,False,TRAPPIST-1e,22.0,False,715.0,0.0,726.0,325.0,0.0,3213,D,103,P
3215_01,,True,TRAPPIST-1e,14.0,False,0.0,0.0,0.0,0.0,0.0,3215,G,508,S
3216_01,Earth,True,TRAPPIST-1e,3.0,False,0.0,0.0,0.0,0.0,0.0,3216,G,509,S
3216_02,Earth,True,55 Cancri e,22.0,False,0.0,0.0,0.0,0.0,0.0,3216,G,509,S
3216_03,Earth,False,TRAPPIST-1e,23.0,False,0.0,1573.0,0.0,36.0,0.0,3216,E,213,S
3217_01,Mars,False,TRAPPIST-1e,56.0,False,324.0,574.0,116.0,0.0,0.0,3217,E,198,P
3218_01,Earth,False,TRAPPIST-1e,36.0,False,5.0,623.0,88.0,5.0,1.0,3218,F,606,S
3218_02,Earth,False,55 Cancri e,58.0,False,52.0,0.0,5.0,517.0,0.0,3218,F,606,S
3218_03,Earth,False,TRAPPIST-1e,1.0,False,0.0,0.0,0.0,0.0,0.0,3218,G,510,S
3219_01,Mars,True,TRAPPIST-1e,39.0,False,0.0,0.0,0.0,0.0,0.0,3219,E,214,S
3220_01,Earth,False,TRAPPIST-1e,33.0,False,0.0,0.0,75.0,709.0,0.0,3220,G,522,P
3221_01,Earth,False,PSO J318.5-22,19.0,False,0.0,0.0,616.0,0.0,0.0,3221,G,511,S
3223_01,Earth,False,TRAPPIST-1e,,False,16.0,0.0,799.0,0.0,37.0,3223,G,523,P
3224_01,Earth,,TRAPPIST-1e,33.0,False,0.0,950.0,0.0,102.0,0.0,3224,F,607,S
3225_01,Europa,True,55 Cancri e,17.0,False,0.0,0.0,0.0,0.0,0.0,3225,C,120,S
3225_02,Europa,False,TRAPPIST-1e,28.0,False,0.0,3281.0,0.0,68.0,341.0,3225,C,120,S
3227_01,Earth,False,TRAPPIST-1e,21.0,False,63.0,15.0,407.0,397.0,0.0,3227,G,513,S
3229_01,Europa,False,TRAPPIST-1e,45.0,False,3.0,2344.0,1100.0,498.0,0.0,3229,B,118,S
3230_01,Mars,True,TRAPPIST-1e,62.0,False,0.0,0.0,0.0,0.0,0.0,3230,F,674,P
3232_01,Mars,True,TRAPPIST-1e,43.0,False,0.0,0.0,0.0,0.0,0.0,3232,F,609,S
3235_01,Earth,False,TRAPPIST-1e,27.0,False,158.0,0.0,1271.0,0.0,71.0,3235,F,610,S
3236_01,Earth,True,55 Cancri e,1.0,False,0.0,0.0,0.0,0.0,0.0,3236,G,524,P
3236_02,Earth,False,TRAPPIST-1e,31.0,False,593.0,540.0,238.0,0.0,77.0,3236,F,676,P
3236_03,Earth,False,TRAPPIST-1e,18.0,False,0.0,30.0,0.0,756.0,5.0,3236,E,200,P
3237_01,Mars,False,TRAPPIST-1e,21.0,False,1097.0,0.0,80.0,589.0,0.0,3237,D,104,P
3237_02,Mars,False,TRAPPIST-1e,7.0,False,0.0,0.0,0.0,0.0,0.0,3237,F,677,P
3237_03,Mars,False,TRAPPIST-1e,22.0,False,2646.0,0.0,599.0,117.0,0.0,3237,D,104,P
3238_01,Mars,True,TRAPPIST-1e,26.0,False,0.0,0.0,0.0,0.0,0.0,3238,E,215,S
3239_01,Earth,True,TRAPPIST-1e,30.0,False,0.0,0.0,0.0,0.0,0.0,3239,G,515,S
3240_01,Earth,False,TRAPPIST-1e,17.0,False,0.0,382.0,402.0,0.0,7.0,3240,E,216,S
3241_01,Earth,True,TRAPPIST-1e,,False,0.0,0.0,0.0,0.0,0.0,3241,G,525,P
3243_01,Earth,False,55 Cancri e,10.0,False,0.0,,0.0,0.0,,3243,G,516,S
3247_01,Earth,False,TRAPPIST-1e,25.0,False,764.0,16.0,0.0,8.0,0.0,3247,E,202,P
3248_01,Earth,False,TRAPPIST-1e,21.0,False,0.0,,0.0,0.0,0.0,3248,G,526,P
3252_01,Earth,False,55 Cancri e,53.0,False,8.0,0.0,236.0,0.0,2049.0,3252,F,613,S
3253_01,Earth,False,TRAPPIST-1e,21.0,False,0.0,0.0,687.0,46.0,20.0,3253,G,528,P
3254_01,Europa,False,TRAPPIST-1e,28.0,False,0.0,3315.0,0.0,594.0,85.0,3254,C,121,S
3255_01,Earth,True,PSO J318.5-22,20.0,False,0.0,0.0,0.0,0.0,0.0,3255,G,517,S
3256_01,Europa,True,55 Cancri e,54.0,False,0.0,0.0,0.0,0.0,0.0,3256,E,217,S
3258_01,Earth,True,TRAPPIST-1e,9.0,False,0.0,0.0,0.0,0.0,0.0,3258,G,529,P
3259_01,Earth,False,TRAPPIST-1e,20.0,False,508.0,0.0,1.0,1372.0,0.0,3259,G,530,P
3260_01,Earth,False,,19.0,False,0.0,165.0,0.0,699.0,0.0,3260,F,615,S
3262_01,Earth,False,TRAPPIST-1e,32.0,False,0.0,632.0,0.0,0.0,0.0,3262,F,681,P
3268_01,Mars,False,TRAPPIST-1e,22.0,False,0.0,0.0,0.0,0.0,0.0,3268,E,219,S
3269_01,Europa,False,55 Cancri e,35.0,False,74.0,5082.0,0.0,893.0,1937.0,3269,C,122,S
3270_01,Earth,False,TRAPPIST-1e,26.0,False,0.0,56.0,322.0,6.0,243.0,3270,G,531,P
3271_01,Earth,True,TRAPPIST-1e,51.0,False,0.0,0.0,0.0,0.0,0.0,3271,G,532,P
3271_02,Earth,False,55 Cancri e,8.0,False,0.0,0.0,0.0,0.0,0.0,3271,G,532,P
3272_01,Earth,,TRAPPIST-1e,40.0,False,0.0,0.0,895.0,0.0,0.0,3272,G,518,S
3272_02,Earth,True,55 Cancri e,2.0,False,0.0,0.0,0.0,0.0,0.0,3272,G,518,S
3273_01,Earth,True,PSO J318.5-22,19.0,False,0.0,0.0,0.0,0.0,0.0,3273,G,519,S
3274_01,Earth,True,TRAPPIST-1e,32.0,False,0.0,0.0,0.0,0.0,0.0,3274,G,533,P
3274_02,Earth,False,55 Cancri e,16.0,False,1612.0,4.0,0.0,184.0,0.0,3274,G,533,P
3274_03,Earth,False,TRAPPIST-1e,64.0,,0.0,0.0,16.0,733.0,159.0,3274,G,533,P
3275_01,Earth,False,55 Cancri e,35.0,False,256.0,0.0,341.0,35.0,0.0,3275,F,617,S
3276_01,Europa,False,TRAPPIST-1e,33.0,False,20.0,653.0,0.0,121.0,483.0,3276,A,29,P
3279_01,Europa,False,55 Cancri e,9.0,False,0.0,0.0,0.0,0.0,0.0,3279,C,123,S
3279_02,Europa,True,TRAPPIST-1e,21.0,False,0.0,0.0,0.0,,0.0,3279,C,123,S
3279_03,Europa,True,TRAPPIST-1e,28.0,False,0.0,0.0,0.0,0.0,0.0,3279,C,123,S
3279_04,Europa,True,TRAPPIST-1e,28.0,False,0.0,0.0,0.0,0.0,0.0,3279,C,123,S
3280_01,Earth,True,PSO J318.5-22,31.0,False,0.0,0.0,0.0,0.0,0.0,3280,G,534,P
3280_02,Earth,False,55 Cancri e,32.0,False,1150.0,201.0,0.0,0.0,8.0,3280,F,684,P
3282_01,Europa,True,55 Cancri e,43.0,False,0.0,0.0,0.0,0.0,0.0,3282,B,120,S
3282_02,Europa,True,TRAPPIST-1e,60.0,,0.0,0.0,0.0,0.0,0.0,3282,B,120,S
3282_03,Europa,False,TRAPPIST-1e,43.0,False,0.0,1440.0,0.0,85.0,150.0,3282,B,120,S
3283_01,Earth,False,TRAPPIST-1e,43.0,False,0.0,16.0,34.0,753.0,1.0,3283,F,619,S
3283_02,Earth,False,TRAPPIST-1e,19.0,False,64.0,0.0,453.0,174.0,6.0,3283,F,619,S
3283_03,Earth,False,TRAPPIST-1e,21.0,False,0.0,0.0,0.0,646.0,138.0,3283,G,521,S
3283_04,Earth,False,TRAPPIST-1e,38.0,False,0.0,0.0,0.0,846.0,0.0,3283,G,521,S
3284_01,Earth,True,PSO J318.5-22,17.0,False,0.0,0.0,0.0,0.0,0.0,3284,G,535,P
3284_02,Earth,True,PSO J318.5-22,29.0,False,0.0,0.0,0.0,0.0,0.0,3284,G,535,P
3287_01,Earth,False,PSO J318.5-22,2.0,False,,0.0,0.0,0.0,0.0,3287,G,522,S
3287_02,Earth,False,TRAPPIST-1e,22.0,False,718.0,2.0,50.0,0.0,0.0,3287,G,734,S
3287_03,Earth,False,55 Cancri e,18.0,False,0.0,,14.0,625.0,0.0,3287,F,621,S
3289_01,Earth,True,TRAPPIST-1e,16.0,False,0.0,0.0,0.0,0.0,0.0,3289,G,536,P
3292_01,Europa,True,TRAPPIST-1e,52.0,False,0.0,0.0,0.0,0.0,0.0,3292,B,121,S
3292_02,Europa,False,55 Cancri e,52.0,False,13.0,6074.0,0.0,10385.0,299.0,3292,G,734,S
3292_03,Europa,True,55 Cancri e,14.0,False,,0.0,0.0,,0.0,3292,B,121,S
3292_04,Europa,False,TRAPPIST-1e,25.0,True,0.0,0.0,0.0,0.0,0.0,3292,B,121,S
3292_05,Europa,True,TRAPPIST-1e,34.0,False,0.0,0.0,0.0,0.0,0.0,3292,B,121,S
3293_01,Mars,False,TRAPPIST-1e,20.0,False,915.0,12.0,25.0,205.0,311.0,3293,F,623,S
3294_01,Earth,True,PSO J318.5-22,28.0,False,0.0,0.0,0.0,0.0,0.0,3294,G,537,P
3294_02,Earth,True,TRAPPIST-1e,,False,0.0,0.0,0.0,0.0,0.0,3294,G,537,P
3295_01,Earth,False,55 Cancri e,20.0,False,2598.0,927.0,0.0,866.0,2.0,3295,G,538,P
3296_01,Earth,False,55 Cancri e,44.0,False,632.0,0.0,101.0,5.0,0.0,3296,F,624,S
3297_01,Earth,False,TRAPPIST-1e,64.0,False,313.0,782.0,8.0,0.0,0.0,3297,F,686,P
3298_01,Earth,False,,27.0,False,0.0,0.0,775.0,127.0,0.0,3298,F,687,P
3299_01,Earth,,TRAPPIST-1e,24.0,False,0.0,0.0,0.0,0.0,0.0,3299,G,524,S
3300_01,Mars,True,,38.0,False,0.0,0.0,0.0,0.0,0.0,3300,F,688,P
3300_02,Mars,False,TRAPPIST-1e,47.0,False,378.0,0.0,117.0,1147.0,132.0,3300,F,688,P
3301_01,Earth,True,55 Cancri e,8.0,False,0.0,0.0,0.0,0.0,0.0,3301,G,525,S
3301_02,Earth,False,TRAPPIST-1e,1.0,False,0.0,0.0,0.0,0.0,0.0,3301,G,525,S
3301_03,Earth,False,55 Cancri e,0.0,False,0.0,0.0,0.0,0.0,0.0,3301,G,525,S
3301_04,Earth,,TRAPPIST-1e,20.0,False,0.0,0.0,0.0,0.0,0.0,3301,G,525,S
3304_01,Europa,True,TRAPPIST-1e,41.0,False,0.0,0.0,0.0,0.0,0.0,3304,D,105,P
3305_01,Mars,True,TRAPPIST-1e,35.0,False,0.0,0.0,0.0,0.0,0.0,3305,D,106,P
3305_02,Mars,False,55 Cancri e,31.0,False,1065.0,13.0,150.0,36.0,0.0,3305,D,106,P
3308_01,Earth,False,PSO J318.5-22,14.0,False,0.0,43.0,504.0,125.0,0.0,3308,F,690,P
3309_01,Earth,False,TRAPPIST-1e,25.0,False,0.0,0.0,762.0,0.0,50.0,3309,G,539,P
3310_01,Europa,True,TRAPPIST-1e,26.0,False,0.0,0.0,0.0,0.0,0.0,3310,D,107,P
3311_01,Europa,False,TRAPPIST-1e,26.0,False,0.0,1638.0,0.0,476.0,226.0,3311,E,221,S
3312_01,Europa,False,TRAPPIST-1e,30.0,False,0.0,1076.0,0.0,3725.0,9.0,3312,E,203,P
3313_01,Europa,True,55 Cancri e,49.0,False,0.0,0.0,0.0,0.0,0.0,3313,B,122,S
3314_01,Earth,False,TRAPPIST-1e,19.0,False,260.0,0.0,238.0,139.0,8.0,3314,F,626,S
3315_01,Earth,,TRAPPIST-1e,15.0,False,10.0,0.0,99.0,,2031.0,3315,F,627,S
3317_01,Earth,False,TRAPPIST-1e,27.0,False,0.0,0.0,0.0,0.0,1765.0,3317,G,540,P
3318_01,Europa,False,TRAPPIST-1e,39.0,False,0.0,957.0,0.0,22.0,401.0,3318,B,123,S
3318_02,Europa,True,55 Cancri e,32.0,False,0.0,0.0,0.0,0.0,0.0,3318,B,123,S
3318_03,Europa,False,TRAPPIST-1e,11.0,False,0.0,0.0,0.0,0.0,0.0,3318,B,123,S
3318_04,Europa,True,,44.0,False,,0.0,0.0,0.0,0.0,3318,B,123,S
3318_05,Europa,True,TRAPPIST-1e,36.0,False,0.0,0.0,0.0,0.0,0.0,3318,B,123,S
3319_01,Earth,False,TRAPPIST-1e,56.0,False,0.0,335.0,532.0,15.0,26.0,3319,G,541,P
3322_01,Earth,True,TRAPPIST-1e,42.0,False,0.0,0.0,0.0,0.0,0.0,3322,G,542,P
3323_01,Europa,True,55 Cancri e,40.0,False,0.0,0.0,0.0,0.0,0.0,3323,C,110,P
3323_02,Europa,True,55 Cancri e,53.0,False,0.0,0.0,0.0,0.0,0.0,3323,C,110,P
3324_01,Mars,True,TRAPPIST-1e,31.0,False,0.0,0.0,0.0,0.0,0.0,3324,F,630,S
3324_02,Mars,True,TRAPPIST-1e,14.0,False,0.0,0.0,0.0,0.0,0.0,3324,F,630,S
3325_01,Earth,True,PSO J318.5-22,31.0,False,0.0,0.0,0.0,0.0,0.0,3325,G,543,P
3326_01,Earth,False,TRAPPIST-1e,42.0,False,0.0,,1519.0,0.0,4.0,3326,E,222,S
3327_01,Earth,False,TRAPPIST-1e,32.0,False,0.0,0.0,0.0,0.0,772.0,3327,G,528,S
3328_01,Earth,False,TRAPPIST-1e,34.0,False,578.0,0.0,0.0,0.0,323.0,3328,F,691,P
3329_01,Earth,True,TRAPPIST-1e,55.0,False,0.0,0.0,0.0,0.0,0.0,3329,G,544,P
3330_01,Mars,False,TRAPPIST-1e,42.0,False,1633.0,0.0,29.0,4.0,102.0,3330,F,692,P
3331_01,,False,TRAPPIST-1e,40.0,False,666.0,4.0,83.0,0.0,50.0,3331,F,631,S
3332_01,Mars,False,55 Cancri e,48.0,,824.0,2.0,830.0,298.0,0.0,3332,D,107,S
3332_02,Mars,True,TRAPPIST-1e,37.0,False,0.0,0.0,0.0,0.0,0.0,3332,D,107,S
3332_03,Mars,True,55 Cancri e,17.0,False,0.0,0.0,0.0,0.0,0.0,3332,D,107,S
3336_01,Mars,True,TRAPPIST-1e,60.0,False,0.0,0.0,0.0,0.0,0.0,3336,F,693,P
3337_01,Europa,True,55 Cancri e,19.0,False,0.0,0.0,0.0,0.0,0.0,3337,B,125,S
3337_02,Europa,False,TRAPPIST-1e,30.0,False,0.0,180.0,90.0,7740.0,142.0,3337,B,125,S
3337_03,Europa,False,TRAPPIST-1e,32.0,False,0.0,0.0,7.0,3653.0,226.0,3337,B,125,S
3338_01,Earth,True,PSO J318.5-22,28.0,False,0.0,0.0,0.0,0.0,0.0,3338,G,546,P
3339_01,Earth,True,TRAPPIST-1e,26.0,False,0.0,0.0,,0.0,0.0,3339,G,530,S
3342_01,Earth,True,TRAPPIST-1e,24.0,False,0.0,0.0,0.0,0.0,0.0,3342,G,531,S
3343_01,Earth,True,55 Cancri e,47.0,False,0.0,0.0,0.0,0.0,0.0,3343,G,532,S
3348_01,Earth,False,TRAPPIST-1e,32.0,False,180.0,25.0,584.0,0.0,0.0,3348,E,225,S
3349_01,Europa,True,TRAPPIST-1e,73.0,True,0.0,0.0,0.0,,0.0,3349,C,111,P
3350_01,Earth,False,TRAPPIST-1e,17.0,False,3.0,2126.0,0.0,0.0,0.0,3350,F,633,S
3352_01,Earth,True,PSO J318.5-22,47.0,False,0.0,0.0,0.0,0.0,0.0,3352,G,547,P
3353_01,Europa,False,TRAPPIST-1e,,False,0.0,216.0,191.0,12062.0,59.0,3353,C,125,S
3353_02,Europa,True,55 Cancri e,13.0,False,0.0,0.0,0.0,0.0,0.0,3353,C,125,S
3353_03,Europa,False,TRAPPIST-1e,22.0,False,0.0,5.0,0.0,12.0,6111.0,3353,C,125,S
3353_04,Europa,False,TRAPPIST-1e,61.0,False,0.0,4082.0,0.0,265.0,201.0,3353,C,125,S
3353_05,Europa,False,55 Cancri e,19.0,False,0.0,4494.0,0.0,11.0,3460.0,3353,C,125,S
3353_06,Europa,False,TRAPPIST-1e,45.0,False,0.0,1897.0,0.0,880.0,605.0,3353,C,125,S
3357_01,Earth,True,PSO J318.5-22,18.0,False,0.0,0.0,0.0,0.0,0.0,3357,G,535,S
3359_01,Earth,False,TRAPPIST-1e,32.0,False,0.0,810.0,0.0,0.0,2.0,3359,G,536,S
3360_01,Europa,False,TRAPPIST-1e,52.0,True,0.0,1429.0,0.0,1371.0,488.0,3360,A,30,P
3361_01,Mars,True,TRAPPIST-1e,25.0,False,0.0,0.0,0.0,0.0,0.0,3361,F,635,S
3361_02,Mars,True,TRAPPIST-1e,9.0,False,0.0,0.0,0.0,0.0,0.0,3361,F,635,S
3361_03,Mars,True,TRAPPIST-1e,18.0,False,0.0,0.0,0.0,0.0,0.0,3361,F,635,S
3361_04,,False,PSO J318.5-22,26.0,False,717.0,0.0,84.0,0.0,0.0,3361,D,108,S
3363_01,Earth,False,TRAPPIST-1e,20.0,False,1.0,52.0,533.0,0.0,1022.0,3363,E,205,P
3363_02,Earth,False,TRAPPIST-1e,6.0,False,0.0,0.0,0.0,0.0,0.0,3363,G,550,P
3363_03,Earth,False,PSO J318.5-22,5.0,False,0.0,0.0,0.0,0.0,0.0,3363,G,550,P
3364_01,Europa,False,55 Cancri e,40.0,False,0.0,372.0,7.0,5.0,1467.0,3364,A,31,P
3365_01,Earth,True,PSO J318.5-22,20.0,False,0.0,0.0,0.0,0.0,0.0,3365,G,537,S
3370_01,Mars,False,TRAPPIST-1e,18.0,False,2532.0,0.0,46.0,0.0,0.0,3370,D,109,S
3371_01,Earth,False,TRAPPIST-1e,42.0,False,0.0,3.0,0.0,898.0,1.0,3371,F,694,P
3372_01,Earth,True,PSO J318.5-22,14.0,False,0.0,0.0,0.0,0.0,0.0,3372,G,551,P
3377_01,Mars,True,TRAPPIST-1e,33.0,False,0.0,0.0,0.0,0.0,0.0,3377,F,638,S
3380_01,Earth,False,55 Cancri e,23.0,False,664.0,17.0,0.0,0.0,,3380,F,696,P
3381_01,Earth,True,TRAPPIST-1e,35.0,False,0.0,0.0,0.0,0.0,0.0,3381,G,539,S
3382_01,Earth,False,PSO J318.5-22,53.0,False,2.0,18.0,705.0,0.0,1.0,3382,F,697,P
3382_02,Earth,True,TRAPPIST-1e,56.0,False,0.0,0.0,0.0,0.0,0.0,3382,G,553,P
3383_01,Earth,False,55 Cancri e,35.0,False,1.0,0.0,37.0,719.0,0.0,3383,F,698,P
3384_01,Earth,False,TRAPPIST-1e,18.0,False,1.0,56.0,0.0,602.0,205.0,3384,F,699,P
3384_02,Earth,False,TRAPPIST-1e,25.0,False,106.0,46.0,,0.0,843.0,3384,E,207,P
3384_03,Earth,True,55 Cancri e,20.0,False,0.0,0.0,0.0,0.0,0.0,3384,G,554,P
3386_01,Mars,True,TRAPPIST-1e,44.0,False,0.0,0.0,0.0,0.0,0.0,3386,F,641,S
3387_01,Earth,True,TRAPPIST-1e,26.0,False,0.0,0.0,0.0,0.0,0.0,3387,G,540,S
3389_01,Mars,False,TRAPPIST-1e,23.0,False,24.0,1.0,1264.0,0.0,0.0,3389,F,642,S
3390_01,Mars,True,TRAPPIST-1e,39.0,False,0.0,0.0,0.0,0.0,,3390,F,643,S
3391_01,Europa,True,TRAPPIST-1e,25.0,False,0.0,0.0,0.0,0.0,0.0,3391,B,105,P
3391_02,Europa,False,55 Cancri e,42.0,False,0.0,1209.0,0.0,1026.0,636.0,3391,B,105,P
3392_01,Earth,False,TRAPPIST-1e,20.0,False,0.0,39.0,830.0,17.0,0.0,3392,G,541,S
3392_02,Earth,True,TRAPPIST-1e,4.0,False,0.0,0.0,0.0,0.0,0.0,3392,G,541,S
3392_03,Earth,True,TRAPPIST-1e,64.0,False,0.0,0.0,0.0,0.0,0.0,3392,G,541,S
3392_04,Earth,False,TRAPPIST-1e,0.0,False,0.0,0.0,0.0,0.0,0.0,3392,G,541,S
3394_01,Earth,False,PSO J318.5-22,19.0,False,0.0,463.0,269.0,0.0,4.0,3394,F,700,P
3395_01,Earth,False,55 Cancri e,6.0,False,0.0,0.0,0.0,0.0,0.0,3395,G,542,S
3396_01,Europa,True,TRAPPIST-1e,23.0,False,0.0,0.0,0.0,0.0,0.0,3396,B,106,P
3397_01,Earth,False,TRAPPIST-1e,22.0,False,0.0,269.0,0.0,100.0,28.0,3397,G,543,S
3401_01,Earth,False,TRAPPIST-1e,18.0,False,0.0,0.0,1435.0,0.0,,3401,G,545,S
3402_01,Mars,False,TRAPPIST-1e,21.0,False,2.0,0.0,898.0,148.0,0.0,3402,E,231,S
3403_01,Earth,False,PSO J318.5-22,37.0,False,308.0,35.0,415.0,10.0,0.0,3403,G,556,P
3404_01,Earth,True,55 Cancri e,24.0,False,0.0,0.0,0.0,0.0,0.0,3404,G,557,P
3405_01,Earth,True,TRAPPIST-1e,38.0,False,0.0,0.0,0.0,0.0,0.0,3405,G,546,S
3405_02,Earth,False,TRAPPIST-1e,11.0,False,0.0,0.0,0.0,0.0,0.0,3405,G,546,S
3405_03,Earth,False,55 Cancri e,6.0,False,0.0,0.0,0.0,0.0,0.0,3405,G,546,S
3406_01,Europa,False,TRAPPIST-1e,49.0,False,0.0,104.0,809.0,3668.0,7.0,3406,C,112,P
3406_02,Europa,False,TRAPPIST-1e,55.0,False,0.0,5971.0,158.0,4125.0,1984.0,3406,C,112,P
3408_01,Earth,True,TRAPPIST-1e,15.0,False,0.0,0.0,0.0,0.0,0.0,3408,G,547,S
3409_01,Earth,False,TRAPPIST-1e,19.0,False,90.0,0.0,0.0,74.0,595.0,3409,F,701,P
3410_01,Earth,True,TRAPPIST-1e,16.0,False,0.0,0.0,0.0,0.0,,3410,G,558,P
3412_01,Europa,False,TRAPPIST-1e,48.0,False,0.0,12.0,0.0,7967.0,15.0,3412,B,107,P
3412_02,Europa,True,55 Cancri e,25.0,False,0.0,0.0,0.0,0.0,0.0,3412,B,107,P
3412_03,Europa,False,TRAPPIST-1e,23.0,False,2.0,6748.0,0.0,23.0,0.0,3412,B,107,P
3413_01,Earth,True,PSO J318.5-22,27.0,False,0.0,0.0,0.0,0.0,0.0,3413,G,559,P
3415_01,Earth,False,TRAPPIST-1e,39.0,False,505.0,178.0,181.0,0.0,0.0,3415,F,702,P
3417_01,,False,TRAPPIST-1e,28.0,False,0.0,1376.0,4.0,0.0,0.0,3417,F,703,P
3418_01,Mars,True,TRAPPIST-1e,72.0,False,,0.0,0.0,0.0,0.0,3418,F,646,S
3419_01,Mars,False,TRAPPIST-1e,47.0,False,2267.0,0.0,117.0,0.0,0.0,3419,D,108,P
3420_01,Earth,True,TRAPPIST-1e,65.0,False,0.0,0.0,0.0,0.0,0.0,3420,G,548,S
3421_01,Earth,False,PSO J318.5-22,40.0,False,15.0,0.0,0.0,670.0,,3421,F,704,P
3422_01,Europa,,55 Cancri e,18.0,False,0.0,0.0,0.0,0.0,0.0,3422,E,209,P
3422_02,Europa,True,TRAPPIST-1e,27.0,False,0.0,0.0,0.0,0.0,0.0,3422,E,209,P
3423_01,Earth,True,TRAPPIST-1e,21.0,,0.0,0.0,0.0,0.0,0.0,3423,G,561,P
3424_01,Earth,False,TRAPPIST-1e,37.0,False,190.0,0.0,2.0,799.0,0.0,3424,E,233,S
3425_01,Europa,False,TRAPPIST-1e,31.0,False,0.0,1216.0,0.0,897.0,478.0,3425,E,234,S
3426_01,Earth,False,TRAPPIST-1e,33.0,False,22.0,37.0,415.0,0.0,333.0,3426,G,549,S
3428_01,Europa,True,55 Cancri e,53.0,False,0.0,0.0,0.0,0.0,0.0,3428,C,113,P
3428_02,Europa,False,TRAPPIST-1e,27.0,False,0.0,18481.0,0.0,2.0,3875.0,3428,C,113,P
3430_01,Earth,False,TRAPPIST-1e,74.0,False,0.0,193.0,581.0,0.0,0.0,3430,G,551,S
3431_01,Mars,True,TRAPPIST-1e,,False,0.0,0.0,0.0,0.0,0.0,3431,F,705,P
3432_01,Earth,False,PSO J318.5-22,23.0,False,381.0,0.0,137.0,104.0,8.0,3432,F,706,P
3433_01,Europa,False,55 Cancri e,74.0,False,0.0,1026.0,0.0,6616.0,119.0,3433,C,114,P
3434_01,Earth,True,TRAPPIST-1e,23.0,False,0.0,0.0,0.0,0.0,0.0,3434,G,562,P
3437_01,Earth,False,PSO J318.5-22,26.0,False,6.0,0.0,400.0,2.0,373.0,3437,G,553,S
3437_02,Earth,True,TRAPPIST-1e,0.0,False,0.0,0.0,0.0,0.0,0.0,3437,G,553,S
3438_01,Earth,True,TRAPPIST-1e,0.0,False,0.0,0.0,0.0,0.0,0.0,3438,G,564,P
3438_02,Earth,False,55 Cancri e,24.0,False,95.0,35.0,1442.0,0.0,0.0,3438,F,707,P
3439_01,Europa,True,TRAPPIST-1e,28.0,False,0.0,,0.0,0.0,0.0,3439,B,130,S
3439_02,Europa,,TRAPPIST-1e,17.0,False,0.0,0.0,0.0,0.0,0.0,3439,B,130,S
3439_03,,True,55 Cancri e,26.0,False,0.0,0.0,0.0,0.0,0.0,3439,B,130,S
3439_04,Europa,False,TRAPPIST-1e,39.0,False,0.0,2.0,0.0,909.0,3291.0,3439,B,130,S
3440_01,Earth,False,TRAPPIST-1e,17.0,False,0.0,83.0,0.0,0.0,943.0,3440,G,565,P
3441_01,Earth,False,55 Cancri e,15.0,False,350.0,0.0,91.0,198.0,0.0,3441,F,647,S
3442_01,Earth,False,TRAPPIST-1e,37.0,False,503.0,0.0,26.0,0.0,116.0,3442,F,708,P
3443_01,Earth,False,TRAPPIST-1e,38.0,False,792.0,0.0,,1.0,29.0,3443,F,648,S
3444_01,Europa,False,55 Cancri e,33.0,False,0.0,27071.0,0.0,15.0,0.0,3444,B,131,S
3444_02,Europa,True,TRAPPIST-1e,16.0,False,0.0,0.0,0.0,0.0,0.0,3444,B,131,S
3444_03,Europa,False,TRAPPIST-1e,41.0,True,0.0,649.0,0.0,945.0,,3444,B,131,S
3444_04,Europa,False,TRAPPIST-1e,7.0,False,0.0,0.0,0.0,0.0,0.0,3444,B,131,S
3445_01,Earth,False,TRAPPIST-1e,20.0,False,1.0,760.0,,21.0,0.0,3445,G,554,S
3446_01,Earth,True,PSO J318.5-22,44.0,False,0.0,0.0,0.0,0.0,0.0,3446,G,555,S
3447_01,Earth,False,TRAPPIST-1e,42.0,False,1196.0,0.0,0.0,68.0,1.0,3447,F,649,S
3449_01,Earth,False,TRAPPIST-1e,29.0,False,0.0,4.0,0.0,0.0,904.0,3449,G,556,S
3450_01,Europa,False,55 Cancri e,22.0,False,0.0,4209.0,26.0,2462.0,466.0,3450,B,132,S
3450_02,Europa,False,TRAPPIST-1e,21.0,False,0.0,2834.0,0.0,414.0,558.0,3450,B,132,S
3453_01,Earth,True,TRAPPIST-1e,21.0,False,0.0,0.0,0.0,0.0,0.0,3453,G,567,P
3454_01,Earth,True,TRAPPIST-1e,21.0,False,0.0,0.0,0.0,0.0,0.0,3454,G,568,P
3455_01,Mars,True,TRAPPIST-1e,13.0,False,0.0,0.0,0.0,0.0,0.0,3455,F,709,P
3456_01,Earth,True,PSO J318.5-22,16.0,False,0.0,0.0,0.0,0.0,0.0,3456,G,558,S
3458_01,Mars,True,55 Cancri e,36.0,False,0.0,0.0,0.0,,0.0,3458,F,710,P
3459_01,Earth,True,TRAPPIST-1e,36.0,False,0.0,0.0,0.0,0.0,0.0,3459,G,560,S
3461_01,Earth,False,PSO J318.5-22,26.0,False,86.0,377.0,0.0,0.0,77.0,3461,G,569,P
3462_01,Europa,True,TRAPPIST-1e,28.0,,0.0,,0.0,0.0,0.0,3462,C,115,P
3464_01,Earth,False,TRAPPIST-1e,14.0,False,0.0,0.0,533.0,266.0,93.0,3464,G,561,S
3464_02,Earth,True,TRAPPIST-1e,29.0,False,0.0,0.0,0.0,0.0,0.0,3464,G,561,S
3465_01,Mars,False,TRAPPIST-1e,19.0,False,506.0,0.0,395.0,159.0,229.0,3465,F,711,P
3467_01,Earth,False,TRAPPIST-1e,51.0,False,90.0,0.0,0.0,881.0,0.0,3467,F,712,P
3468_01,Earth,True,TRAPPIST-1e,64.0,False,0.0,0.0,0.0,0.0,0.0,3468,G,562,S
3469_01,Europa,True,TRAPPIST-1e,41.0,False,0.0,0.0,0.0,0.0,0.0,3469,B,109,P
3470_01,Earth,True,TRAPPIST-1e,,False,0.0,0.0,0.0,0.0,0.0,3470,G,563,S
3470_02,Earth,True,55 Cancri e,16.0,False,0.0,0.0,0.0,0.0,0.0,3470,G,563,S
3473_01,Earth,False,TRAPPIST-1e,20.0,False,0.0,880.0,5.0,25.0,490.0,3473,F,654,S
3474_01,Europa,True,TRAPPIST-1e,31.0,False,0.0,0.0,0.0,0.0,0.0,3474,B,110,P
3474_02,Europa,False,TRAPPIST-1e,38.0,False,0.0,952.0,0.0,0.0,1790.0,3474,B,110,P
3474_03,Europa,True,55 Cancri e,59.0,False,0.0,0.0,0.0,0.0,0.0,3474,B,110,P
3474_04,Europa,True,TRAPPIST-1e,18.0,False,0.0,0.0,,0.0,0.0,3474,B,110,P
3475_01,Europa,True,TRAPPIST-1e,33.0,False,0.0,0.0,0.0,0.0,0.0,3475,C,126,S
3475_02,Europa,False,TRAPPIST-1e,33.0,False,0.0,590.0,,3.0,6569.0,3475,C,126,S
3475_03,Europa,False,55 Cancri e,49.0,False,0.0,8766.0,15.0,149.0,178.0,3475,C,126,S
3476_01,Earth,,55 Cancri e,4.0,False,0.0,,0.0,0.0,0.0,3476,G,571,P
3476_02,Earth,False,55 Cancri e,0.0,False,0.0,0.0,0.0,0.0,0.0,3476,G,571,P
3476_03,Earth,False,55 Cancri e,0.0,False,0.0,0.0,0.0,,0.0,3476,G,571,P
3476_04,Earth,False,TRAPPIST-1e,24.0,False,1.0,467.0,4.0,0.0,341.0,3476,G,571,P
3478_01,Europa,False,TRAPPIST-1e,52.0,False,0.0,0.0,0.0,0.0,0.0,3478,B,111,P
3480_01,Earth,False,PSO J318.5-22,50.0,False,121.0,558.0,0.0,10.0,0.0,3480,F,655,S
3483_01,Earth,False,PSO J318.5-22,31.0,False,0.0,627.0,1.0,0.0,13.0,3483,F,717,P
3484_01,Earth,True,TRAPPIST-1e,25.0,False,0.0,0.0,0.0,0.0,0.0,3484,G,573,P
3484_02,Earth,False,PSO J318.5-22,62.0,False,3.0,0.0,2908.0,0.0,0.0,3484,F,718,P
3485_01,Europa,False,TRAPPIST-1e,49.0,False,0.0,1855.0,0.0,166.0,1655.0,3485,E,237,S
3485_02,Europa,True,TRAPPIST-1e,24.0,False,0.0,0.0,0.0,0.0,0.0,3485,E,237,S
3485_03,Europa,False,TRAPPIST-1e,33.0,False,0.0,3157.0,0.0,131.0,0.0,3485,E,237,S
3486_01,Earth,False,TRAPPIST-1e,20.0,False,0.0,559.0,21.0,0.0,5.0,3486,F,656,S
3487_01,Europa,False,55 Cancri e,46.0,False,0.0,0.0,0.0,1529.0,3069.0,3487,A,39,S
3488_01,Europa,False,TRAPPIST-1e,26.0,False,0.0,0.0,0.0,0.0,0.0,3488,D,110,P
3488_02,Europa,False,TRAPPIST-1e,52.0,False,6.0,2333.0,11.0,1149.0,1.0,3488,D,110,P
3489_01,Mars,,TRAPPIST-1e,28.0,False,274.0,0.0,693.0,944.0,0.0,3489,F,719,P
3489_02,Mars,True,TRAPPIST-1e,39.0,False,0.0,0.0,0.0,0.0,0.0,3489,F,719,P
3490_01,Europa,False,TRAPPIST-1e,29.0,False,4.0,3439.0,0.0,0.0,0.0,3490,D,111,P
3490_02,Europa,False,55 Cancri e,19.0,False,0.0,1347.0,0.0,1756.0,37.0,3490,D,111,P
3491_01,Earth,False,TRAPPIST-1e,15.0,False,0.0,0.0,0.0,6.0,607.0,3491,F,720,P
3492_01,Earth,False,TRAPPIST-1e,33.0,False,44.0,630.0,18.0,96.0,0.0,3492,E,238,S
3495_01,Europa,False,TRAPPIST-1e,47.0,False,0.0,10679.0,0.0,273.0,80.0,3495,C,127,S
3495_02,Europa,False,TRAPPIST-1e,34.0,False,0.0,6229.0,0.0,2279.0,587.0,3495,C,127,S
3495_03,Europa,True,55 Cancri e,26.0,False,0.0,0.0,0.0,0.0,0.0,3495,C,127,S
3495_04,Europa,True,TRAPPIST-1e,15.0,False,0.0,0.0,0.0,0.0,0.0,3495,C,127,S
3496_01,Mars,True,TRAPPIST-1e,,False,0.0,0.0,0.0,0.0,0.0,3496,F,722,P
3496_02,Mars,False,TRAPPIST-1e,27.0,False,542.0,0.0,1231.0,0.0,1.0,3496,F,722,P
3497_01,Mars,False,TRAPPIST-1e,38.0,True,66.0,0.0,991.0,0.0,0.0,3497,D,113,P
3499_01,Earth,False,TRAPPIST-1e,21.0,False,196.0,5.0,674.0,12.0,20.0,3499,G,574,P
3499_02,Earth,False,TRAPPIST-1e,1.0,False,0.0,0.0,0.0,0.0,0.0,3499,G,574,P
3499_03,Earth,False,TRAPPIST-1e,38.0,False,0.0,1025.0,23.0,0.0,0.0,3499,F,723,P
3499_04,Earth,False,TRAPPIST-1e,0.0,False,0.0,0.0,0.0,0.0,0.0,3499,G,574,P
3501_01,Mars,False,TRAPPIST-1e,32.0,False,1272.0,0.0,1103.0,9.0,0.0,3501,G,734,S
3504_01,Earth,True,TRAPPIST-1e,27.0,False,0.0,0.0,0.0,0.0,0.0,3504,G,575,P
3506_01,Europa,True,55 Cancri e,48.0,False,0.0,0.0,0.0,0.0,0.0,3506,B,113,P
3511_01,Mars,False,55 Cancri e,22.0,False,124.0,0.0,1763.0,0.0,1014.0,3511,F,661,S
3512_01,Earth,False,55 Cancri e,28.0,False,1.0,0.0,857.0,0.0,0.0,3512,F,662,S
3514_01,Earth,False,TRAPPIST-1e,19.0,False,122.0,170.0,52.0,0.0,465.0,3514,G,576,P
3515_01,Mars,True,TRAPPIST-1e,37.0,False,0.0,0.0,0.0,0.0,0.0,3515,F,725,P
3515_02,Mars,True,TRAPPIST-1e,46.0,False,0.0,0.0,0.0,0.0,0.0,3515,F,725,P
3518_01,Earth,True,TRAPPIST-1e,26.0,,0.0,0.0,0.0,0.0,0.0,3518,G,566,S
3519_01,Earth,False,TRAPPIST-1e,16.0,False,0.0,0.0,722.0,0.0,1.0,3519,G,577,P
3519_02,Earth,True,TRAPPIST-1e,0.0,False,0.0,0.0,0.0,0.0,0.0,3519,G,577,P
3519_03,Earth,True,TRAPPIST-1e,0.0,False,0.0,0.0,0.0,0.0,0.0,3519,G,577,P
3520_01,,False,TRAPPIST-1e,26.0,False,0.0,597.0,0.0,0.0,212.0,3520,G,578,P
3520_02,Earth,True,PSO J318.5-22,13.0,False,0.0,0.0,0.0,0.0,0.0,3520,G,734,S
3521_01,Europa,True,55 Cancri e,23.0,False,0.0,0.0,0.0,0.0,0.0,3521,G,734,S
3521_02,Europa,True,TRAPPIST-1e,70.0,False,0.0,0.0,0.0,0.0,0.0,3521,B,135,S
3523_01,,True,TRAPPIST-1e,21.0,False,0.0,0.0,0.0,0.0,0.0,3523,F,664,S
3525_01,Mars,True,TRAPPIST-1e,40.0,False,0.0,0.0,0.0,0.0,0.0,3525,F,727,P
3527_01,Mars,False,TRAPPIST-1e,18.0,True,733.0,0.0,688.0,1.0,0.0,3527,F,729,P
3528_01,Earth,False,TRAPPIST-1e,23.0,False,1.0,0.0,778.0,8.0,,3528,F,666,S
3530_01,Earth,True,TRAPPIST-1e,15.0,False,0.0,0.0,0.0,0.0,0.0,3530,G,568,S
3531_01,Mars,False,55 Cancri e,28.0,False,809.0,0.0,31.0,733.0,0.0,3531,F,731,P
3531_02,Mars,True,TRAPPIST-1e,45.0,,,0.0,0.0,0.0,0.0,3531,F,731,P
3533_01,Mars,False,TRAPPIST-1e,18.0,False,1749.0,50.0,280.0,2.0,0.0,3533,E,211,P
3534_01,Earth,False,TRAPPIST-1e,23.0,False,0.0,30.0,0.0,106.0,566.0,3534,F,732,P
3535_01,Mars,False,TRAPPIST-1e,36.0,False,1304.0,0.0,7.0,18.0,0.0,3535,G,734,S
3535_02,Mars,True,TRAPPIST-1e,25.0,False,0.0,0.0,0.0,0.0,0.0,3535,F,668,S
3536_01,Europa,True,55 Cancri e,28.0,False,0.0,0.0,0.0,0.0,0.0,3536,A,40,S
3537_01,Earth,False,55 Cancri e,29.0,False,0.0,10.0,0.0,0.0,715.0,3537,F,733,P
3539_01,Earth,False,TRAPPIST-1e,31.0,False,1.0,110.0,274.0,27.0,376.0,3539,E,239,S
3540_01,Earth,True,PSO J318.5-22,14.0,False,0.0,0.0,0.0,0.0,0.0,3540,G,579,P
3542_01,Mars,True,TRAPPIST-1e,31.0,False,0.0,0.0,0.0,0.0,0.0,3542,F,669,S
3543_01,Europa,False,TRAPPIST-1e,39.0,False,0.0,2804.0,0.0,130.0,139.0,3543,C,116,P
3543_02,Europa,True,55 Cancri e,17.0,False,0.0,0.0,0.0,0.0,0.0,3543,C,116,P
3543_03,Europa,True,TRAPPIST-1e,56.0,False,0.0,0.0,0.0,0.0,0.0,3543,C,116,P
3546_01,Earth,False,TRAPPIST-1e,36.0,False,0.0,10.0,0.0,0.0,,3546,F,672,S
3547_01,Mars,False,55 Cancri e,21.0,False,1099.0,,1820.0,0.0,0.0,3547,D,112,S
3548_01,Earth,False,TRAPPIST-1e,48.0,False,0.0,1794.0,0.0,0.0,5.0,3548,G,580,P
3550_01,Earth,True,TRAPPIST-1e,53.0,False,0.0,0.0,0.0,0.0,0.0,3550,G,570,S
3550_02,Earth,True,PSO J318.5-22,5.0,False,0.0,0.0,0.0,0.0,0.0,3550,G,570,S
3550_03,Earth,True,TRAPPIST-1e,21.0,False,0.0,0.0,0.0,0.0,0.0,3550,G,570,S
3552_01,Europa,False,55 Cancri e,50.0,False,4.0,217.0,0.0,2581.0,436.0,3552,B,136,S
3552_02,Europa,True,TRAPPIST-1e,18.0,False,0.0,0.0,0.0,0.0,0.0,3552,B,136,S
3553_01,Mars,False,TRAPPIST-1e,28.0,False,3.0,0.0,0.0,327.0,2054.0,3553,G,734,S
3555_01,Earth,False,TRAPPIST-1e,28.0,False,766.0,0.0,1.0,258.0,26.0,3555,F,735,P
3556_01,Earth,True,TRAPPIST-1e,18.0,False,0.0,0.0,0.0,0.0,0.0,3556,G,572,S
3558_01,Mars,False,TRAPPIST-1e,37.0,False,78.0,0.0,0.0,2948.0,0.0,3558,D,115,P
3558_02,Mars,True,TRAPPIST-1e,19.0,False,0.0,0.0,0.0,0.0,0.0,3558,F,737,P
3559_01,Mars,False,TRAPPIST-1e,27.0,False,249.0,0.0,65.0,812.0,55.0,3559,D,116,P
3560_01,Mars,False,PSO J318.5-22,37.0,False,3.0,0.0,800.0,76.0,0.0,3560,D,117,P
3561_01,Mars,True,TRAPPIST-1e,43.0,False,0.0,0.0,0.0,0.0,0.0,3561,F,738,P
3561_02,Mars,False,TRAPPIST-1e,17.0,False,1617.0,0.0,1777.0,0.0,0.0,3561,D,118,P
3562_01,Mars,False,55 Cancri e,21.0,False,2581.0,354.0,1158.0,139.0,548.0,3562,E,212,P
3562_02,Mars,False,55 Cancri e,55.0,False,14.0,0.0,0.0,3778.0,1.0,3562,D,119,P
3563_01,Earth,True,TRAPPIST-1e,14.0,False,0.0,0.0,0.0,0.0,0.0,3563,G,581,P
3564_01,Earth,True,TRAPPIST-1e,24.0,False,0.0,0.0,0.0,0.0,0.0,3564,G,582,P
3565_01,Earth,True,PSO J318.5-22,26.0,False,0.0,0.0,0.0,0.0,0.0,3565,G,583,P
3566_01,Earth,False,55 Cancri e,19.0,False,0.0,336.0,508.0,1.0,0.0,3566,G,573,S
3567_01,Earth,False,TRAPPIST-1e,20.0,False,0.0,0.0,2687.0,35.0,340.0,3567,F,739,P
3568_01,Earth,False,TRAPPIST-1e,14.0,False,30.0,59.0,0.0,572.0,0.0,3568,F,740,P
3569_01,Mars,True,TRAPPIST-1e,19.0,False,0.0,0.0,0.0,0.0,0.0,3569,F,741,P
3570_01,,False,PSO J318.5-22,15.0,False,85.0,373.0,160.0,5.0,0.0,3570,G,574,S
3572_01,Earth,False,TRAPPIST-1e,25.0,False,19.0,0.0,0.0,1679.0,0.0,3572,G,584,P
3573_01,Earth,False,PSO J318.5-22,24.0,False,0.0,33.0,0.0,84.0,1062.0,3573,F,673,S
3576_01,Earth,False,TRAPPIST-1e,22.0,False,0.0,4.0,0.0,0.0,1267.0,3576,F,742,P
3577_01,Mars,False,TRAPPIST-1e,26.0,False,1178.0,7.0,0.0,7.0,0.0,3577,F,743,P
3578_01,Mars,True,55 Cancri e,23.0,False,0.0,0.0,0.0,0.0,0.0,3578,G,734,S
3579_01,Earth,False,PSO J318.5-22,20.0,False,0.0,0.0,1.0,0.0,2260.0,3579,F,675,S
3582_01,Earth,False,TRAPPIST-1e,53.0,False,323.0,120.0,14.0,450.0,0.0,3582,G,585,P
3584_01,Earth,False,TRAPPIST-1e,55.0,False,42.0,4.0,1215.0,0.0,3.0,3584,F,676,S
3586_01,Earth,False,TRAPPIST-1e,22.0,False,0.0,0.0,0.0,739.0,29.0,3586,G,586,P
3588_01,Mars,False,TRAPPIST-1e,35.0,False,576.0,0.0,459.0,22.0,0.0,3588,D,120,P
3588_02,Mars,False,TRAPPIST-1e,40.0,False,787.0,0.0,88.0,0.0,0.0,3588,D,120,P
3591_01,Earth,False,TRAPPIST-1e,22.0,False,0.0,0.0,0.0,0.0,1609.0,3591,E,214,P
3592_01,Mars,False,PSO J318.5-22,22.0,False,193.0,1.0,640.0,15.0,30.0,3592,D,121,P
3592_02,Mars,False,TRAPPIST-1e,21.0,False,354.0,113.0,,487.0,0.0,3592,E,215,P
3594_01,Earth,True,PSO J318.5-22,64.0,False,0.0,0.0,0.0,0.0,0.0,3594,G,588,P
3595_01,Europa,True,TRAPPIST-1e,40.0,False,0.0,0.0,0.0,0.0,0.0,3595,B,139,S
3596_01,Mars,False,TRAPPIST-1e,8.0,False,0.0,0.0,0.0,0.0,0.0,3596,F,745,P
3597_01,Earth,False,TRAPPIST-1e,25.0,False,0.0,813.0,89.0,12.0,0.0,3597,G,589,P
3598_01,Earth,False,55 Cancri e,19.0,False,616.0,0.0,46.0,0.0,14.0,3598,G,734,S
3600_01,Earth,True,TRAPPIST-1e,24.0,False,0.0,0.0,0.0,0.0,0.0,3600,G,580,S
3602_01,Mars,,TRAPPIST-1e,11.0,False,0.0,0.0,0.0,0.0,0.0,3602,F,678,S
3605_01,Earth,True,55 Cancri e,31.0,False,0.0,0.0,0.0,0.0,0.0,3605,G,592,P
3606_01,Earth,True,TRAPPIST-1e,46.0,False,0.0,0.0,0.0,0.0,0.0,3606,G,593,P
3607_01,Mars,True,,31.0,False,0.0,0.0,0.0,0.0,0.0,3607,F,747,P
3608_01,Europa,True,55 Cancri e,17.0,False,0.0,0.0,0.0,0.0,0.0,3608,D,122,P
3608_02,Europa,True,TRAPPIST-1e,16.0,False,0.0,0.0,0.0,0.0,0.0,3608,D,122,P
3608_03,Europa,,TRAPPIST-1e,57.0,False,0.0,0.0,0.0,0.0,0.0,3608,D,122,P
3609_01,Europa,False,55 Cancri e,28.0,False,5.0,2052.0,0.0,3340.0,,3609,C,118,P
3609_02,Europa,False,TRAPPIST-1e,27.0,False,0.0,325.0,0.0,8.0,1622.0,3609,C,118,P
3609_03,Europa,,55 Cancri e,28.0,False,0.0,0.0,0.0,0.0,0.0,3609,C,118,P
3609_04,Europa,True,55 Cancri e,26.0,False,0.0,0.0,0.0,0.0,0.0,3609,C,118,P
3610_01,Earth,True,,17.0,False,0.0,0.0,0.0,0.0,0.0,3610,G,582,S
3610_02,Earth,False,TRAPPIST-1e,36.0,False,5.0,,896.0,0.0,1.0,3610,F,680,S
3612_01,Earth,False,TRAPPIST-1e,24.0,False,1.0,790.0,0.0,0.0,0.0,3612,E,241,S
3613_01,Earth,False,TRAPPIST-1e,18.0,False,0.0,733.0,0.0,0.0,0.0,3613,F,748,P
3614_01,Earth,False,TRAPPIST-1e,20.0,False,2.0,0.0,7.0,2.0,547.0,3614,F,749,P
3615_01,Earth,False,55 Cancri e,10.0,False,0.0,0.0,0.0,0.0,0.0,3615,G,583,S
3615_02,Earth,False,TRAPPIST-1e,,False,2.0,753.0,5.0,0.0,0.0,3615,F,682,S
3616_01,Earth,True,55 Cancri e,23.0,False,0.0,0.0,0.0,0.0,0.0,3616,G,584,S
3619_01,Europa,False,TRAPPIST-1e,36.0,False,43.0,2.0,0.0,14.0,16337.0,3619,B,114,P
3620_01,Europa,True,55 Cancri e,27.0,False,0.0,0.0,0.0,0.0,0.0,3620,B,115,P
3622_01,Europa,True,55 Cancri e,54.0,False,0.0,0.0,0.0,0.0,0.0,3622,C,119,P
3622_02,Europa,False,55 Cancri e,38.0,False,,3456.0,0.0,1486.0,1157.0,3622,C,119,P
3624_01,,False,TRAPPIST-1e,29.0,False,0.0,0.0,0.0,0.0,0.0,3624,G,594,P
3625_01,Earth,False,TRAPPIST-1e,37.0,False,0.0,559.0,366.0,0.0,62.0,3625,E,216,P
3626_01,Earth,True,TRAPPIST-1e,36.0,False,0.0,0.0,0.0,0.0,0.0,3626,G,586,S
3628_01,Earth,False,55 Cancri e,18.0,False,42.0,103.0,0.0,498.0,0.0,3628,F,752,P
3629_01,Mars,True,TRAPPIST-1e,28.0,False,0.0,0.0,0.0,0.0,0.0,3629,F,753,P
3630_01,Earth,False,PSO J318.5-22,61.0,False,0.0,1.0,276.0,410.0,54.0,3630,F,754,P
3631_01,Earth,False,TRAPPIST-1e,19.0,False,0.0,0.0,0.0,484.0,344.0,3631,F,755,P
3634_01,Earth,False,TRAPPIST-1e,29.0,False,25.0,692.0,0.0,0.0,1.0,3634,E,242,S
3636_01,Mars,False,TRAPPIST-1e,37.0,False,1280.0,0.0,1.0,111.0,408.0,3636,D,123,P
3639_01,Europa,False,TRAPPIST-1e,29.0,False,125.0,5151.0,9.0,1.0,1.0,3639,B,140,S
3640_01,Earth,False,55 Cancri e,38.0,False,0.0,695.0,0.0,49.0,876.0,3640,E,244,S
3640_02,Earth,True,TRAPPIST-1e,41.0,False,0.0,0.0,0.0,0.0,0.0,3640,G,589,S
3641_01,Earth,True,PSO J318.5-22,23.0,False,0.0,0.0,0.0,0.0,0.0,3641,G,595,P
3641_02,Earth,False,TRAPPIST-1e,48.0,False,,0.0,1.0,0.0,0.0,3641,G,595,P
3641_03,Earth,False,TRAPPIST-1e,0.0,False,0.0,0.0,0.0,0.0,0.0,3641,G,734,S
3642_01,Earth,False,TRAPPIST-1e,46.0,False,105.0,335.0,0.0,72.0,388.0,3642,F,757,P
3644_01,Mars,True,TRAPPIST-1e,36.0,False,0.0,0.0,0.0,0.0,0.0,3644,F,686,S
3645_01,Mars,True,TRAPPIST-1e,42.0,False,0.0,0.0,0.0,0.0,0.0,3645,D,124,P
3645_02,Mars,True,TRAPPIST-1e,,False,0.0,0.0,0.0,0.0,0.0,3645,D,124,P
3645_03,Mars,True,TRAPPIST-1e,16.0,False,0.0,0.0,0.0,0.0,0.0,3645,D,124,P
3645_04,Mars,True,TRAPPIST-1e,43.0,False,0.0,0.0,0.0,0.0,0.0,3645,D,124,P
3645_05,Mars,True,TRAPPIST-1e,40.0,False,0.0,0.0,,0.0,,3645,D,124,P
3647_01,Europa,True,55 Cancri e,22.0,False,0.0,0.0,0.0,0.0,0.0,3647,C,132,S
3648_01,Earth,False,PSO J318.5-22,39.0,False,0.0,0.0,0.0,1144.0,0.0,3648,F,687,S
3650_01,Earth,True,TRAPPIST-1e,37.0,False,0.0,0.0,0.0,0.0,0.0,3650,G,596,P
3652_01,Earth,True,TRAPPIST-1e,28.0,False,0.0,0.0,0.0,0.0,0.0,3652,G,591,S
3653_01,Earth,False,TRAPPIST-1e,29.0,False,97.0,0.0,444.0,366.0,0.0,3653,G,592,S
3654_01,Earth,False,55 Cancri e,14.0,False,1.0,0.0,827.0,0.0,3.0,3654,F,689,S
3654_02,Earth,False,TRAPPIST-1e,15.0,False,0.0,398.0,0.0,467.0,0.0,3654,F,689,S
3655_01,Earth,False,TRAPPIST-1e,17.0,False,0.0,432.0,0.0,3003.0,0.0,3655,F,690,S
3658_01,Earth,True,TRAPPIST-1e,4.0,False,0.0,0.0,0.0,0.0,0.0,3658,G,593,S
3658_02,Earth,False,TRAPPIST-1e,24.0,False,3.0,2053.0,335.0,0.0,4.0,3658,E,245,S
3660_01,Earth,False,TRAPPIST-1e,,False,42.0,0.0,671.0,71.0,0.0,3660,G,594,S
3662_01,Europa,False,55 Cancri e,22.0,False,,171.0,2233.0,1.0,800.0,3662,B,142,S
3662_02,Europa,True,55 Cancri e,38.0,False,0.0,0.0,0.0,0.0,0.0,3662,B,142,S
3664_01,Mars,True,TRAPPIST-1e,30.0,False,0.0,,0.0,0.0,0.0,3664,F,691,S
3665_01,Earth,True,55 Cancri e,29.0,False,0.0,0.0,,0.0,0.0,3665,G,595,S
3667_01,Europa,True,55 Cancri e,26.0,False,0.0,0.0,0.0,0.0,0.0,3667,A,42,S
3668_01,Europa,True,55 Cancri e,41.0,False,0.0,0.0,0.0,0.0,0.0,3668,C,120,P
3671_01,Earth,False,TRAPPIST-1e,50.0,False,43.0,661.0,1.0,85.0,0.0,3671,E,246,S
3674_01,Earth,False,55 Cancri e,34.0,False,232.0,457.0,1.0,218.0,0.0,3674,G,600,S
3677_01,Earth,False,PSO J318.5-22,24.0,False,105.0,0.0,37.0,518.0,0.0,3677,F,694,S
3678_01,Earth,False,TRAPPIST-1e,24.0,False,0.0,0.0,788.0,0.0,3.0,3678,E,247,S
3679_01,Europa,False,TRAPPIST-1e,45.0,False,0.0,0.0,0.0,0.0,0.0,3679,B,116,P
3680_01,Europa,False,55 Cancri e,35.0,False,0.0,388.0,0.0,1792.0,2891.0,3680,C,121,P
3680_02,Europa,True,55 Cancri e,23.0,False,0.0,0.0,0.0,0.0,0.0,3680,C,121,P
3681_01,Europa,True,55 Cancri e,23.0,False,0.0,0.0,0.0,0.0,0.0,3681,B,144,S
3681_02,Europa,False,TRAPPIST-1e,21.0,False,4.0,,137.0,1640.0,455.0,3681,B,144,S
3682_01,Mars,True,TRAPPIST-1e,19.0,False,0.0,0.0,0.0,0.0,0.0,3682,F,761,P
3686_01,Earth,False,TRAPPIST-1e,24.0,False,25.0,284.0,0.0,330.0,64.0,3686,F,696,S
3688_01,Mars,False,55 Cancri e,2.0,False,0.0,0.0,0.0,0.0,0.0,3688,F,697,S
3688_02,Mars,False,TRAPPIST-1e,0.0,False,0.0,0.0,0.0,0.0,0.0,3688,F,697,S
3688_03,Mars,True,TRAPPIST-1e,20.0,False,0.0,0.0,0.0,0.0,0.0,3688,F,697,S
3690_01,Earth,False,TRAPPIST-1e,35.0,False,0.0,30.0,357.0,435.0,0.0,3690,F,762,P
3691_01,Mars,False,TRAPPIST-1e,34.0,False,1404.0,0.0,4.0,359.0,0.0,3691,F,763,P
3692_01,Earth,False,TRAPPIST-1e,26.0,False,808.0,60.0,0.0,16.0,3.0,3692,G,598,P
3693_01,Earth,True,TRAPPIST-1e,26.0,False,0.0,0.0,0.0,0.0,0.0,3693,G,603,S
3699_01,Europa,True,55 Cancri e,32.0,False,0.0,0.0,0.0,0.0,0.0,3699,C,123,P
3699_02,Europa,False,55 Cancri e,25.0,,0.0,17432.0,0.0,241.0,2102.0,3699,C,123,P
3699_03,Europa,True,55 Cancri e,30.0,False,0.0,0.0,0.0,0.0,0.0,3699,C,123,P
3699_04,Europa,False,TRAPPIST-1e,57.0,False,0.0,3859.0,13.0,195.0,3874.0,3699,C,123,P
3700_01,Earth,False,TRAPPIST-1e,23.0,False,58.0,396.0,15.0,,180.0,3700,F,767,P
3702_01,Mars,True,TRAPPIST-1e,32.0,False,0.0,0.0,0.0,0.0,0.0,3702,E,220,P
3703_01,,True,TRAPPIST-1e,27.0,False,,0.0,0.0,0.0,0.0,3703,F,768,P
3703_02,Mars,False,TRAPPIST-1e,20.0,False,1377.0,267.0,36.0,0.0,0.0,3703,F,768,P
3704_01,Earth,False,TRAPPIST-1e,21.0,False,120.0,235.0,0.0,,0.0,3704,F,699,S
3705_01,Earth,False,TRAPPIST-1e,19.0,False,238.0,1.0,28.0,207.0,119.0,3705,F,769,P
3706_01,Mars,False,TRAPPIST-1e,16.0,False,424.0,0.0,246.0,370.0,0.0,3706,F,770,P
3706_02,Mars,False,TRAPPIST-1e,18.0,False,131.0,0.0,980.0,1.0,0.0,3706,F,770,P
3707_01,Earth,False,TRAPPIST-1e,18.0,False,622.0,53.0,8.0,47.0,39.0,3707,G,604,S
3707_02,Earth,False,,22.0,False,0.0,0.0,889.0,0.0,0.0,3707,G,604,S
3708_01,Earth,True,55 Cancri e,,False,0.0,0.0,0.0,0.0,0.0,3708,G,600,P
3710_01,Earth,False,55 Cancri e,35.0,False,432.0,0.0,377.0,0.0,0.0,3710,G,601,P
3710_02,Earth,False,TRAPPIST-1e,8.0,False,0.0,0.0,0.0,0.0,0.0,3710,G,601,P
3710_03,Earth,True,55 Cancri e,5.0,False,0.0,0.0,0.0,0.0,0.0,3710,G,601,P
3711_01,Mars,True,TRAPPIST-1e,40.0,False,0.0,0.0,0.0,0.0,0.0,3711,F,700,S
3711_02,Mars,False,TRAPPIST-1e,31.0,False,3471.0,0.0,232.0,0.0,0.0,3711,F,700,S
3711_03,Mars,True,TRAPPIST-1e,9.0,False,0.0,0.0,0.0,0.0,0.0,3711,F,700,S
3713_01,Europa,True,TRAPPIST-1e,56.0,False,0.0,0.0,0.0,0.0,0.0,3713,C,133,S
3713_02,Europa,True,55 Cancri e,39.0,False,0.0,0.0,0.0,0.0,0.0,3713,C,133,S
3713_03,Europa,True,TRAPPIST-1e,18.0,False,0.0,0.0,0.0,0.0,0.0,3713,C,133,S
3714_01,Mars,,TRAPPIST-1e,45.0,False,48.0,1652.0,761.0,138.0,0.0,3714,F,702,S
3714_02,Mars,False,PSO J318.5-22,33.0,False,33.0,397.0,354.0,,0.0,3714,D,116,S
3715_01,Earth,True,PSO J318.5-22,2.0,False,,0.0,0.0,0.0,0.0,3715,G,602,P
3715_02,Earth,True,TRAPPIST-1e,1.0,False,0.0,0.0,0.0,0.0,0.0,3715,G,602,P
3715_03,Earth,False,TRAPPIST-1e,2.0,False,0.0,0.0,0.0,0.0,0.0,3715,G,602,P
3715_04,Earth,True,TRAPPIST-1e,16.0,False,0.0,0.0,0.0,0.0,0.0,3715,G,602,P
3716_01,Earth,False,TRAPPIST-1e,18.0,False,18.0,2.0,1769.0,1.0,2.0,3716,G,603,P
3719_01,Mars,False,TRAPPIST-1e,28.0,True,1193.0,0.0,2509.0,0.0,0.0,3719,G,734,S
3719_02,Mars,True,TRAPPIST-1e,45.0,False,0.0,0.0,0.0,0.0,0.0,3719,F,704,S
3724_01,Earth,True,TRAPPIST-1e,24.0,False,0.0,0.0,0.0,0.0,0.0,3724,G,609,S
3726_01,Earth,True,TRAPPIST-1e,35.0,False,0.0,0.0,0.0,,0.0,3726,G,604,P
3728_01,Earth,True,PSO J318.5-22,16.0,False,0.0,0.0,0.0,0.0,0.0,3728,G,612,S
3729_01,Earth,True,PSO J318.5-22,40.0,False,0.0,0.0,0.0,0.0,0.0,3729,G,605,P
3732_01,Europa,True,55 Cancri e,5.0,False,,0.0,0.0,0.0,0.0,3732,A,43,S
3732_02,Europa,False,TRAPPIST-1e,29.0,False,0.0,8444.0,0.0,2989.0,8735.0,3732,A,43,S
3732_03,Europa,True,TRAPPIST-1e,31.0,False,0.0,0.0,0.0,0.0,0.0,3732,A,43,S
3732_04,Europa,False,55 Cancri e,27.0,False,3340.0,588.0,,173.0,71.0,3732,A,43,S
3733_01,Europa,False,TRAPPIST-1e,34.0,True,0.0,4.0,0.0,685.0,1779.0,3733,D,118,S
3734_01,Earth,True,PSO J318.5-22,15.0,False,0.0,0.0,0.0,0.0,0.0,3734,G,606,P
3735_01,Europa,False,TRAPPIST-1e,43.0,False,2.0,3846.0,0.0,3.0,346.0,3735,D,119,S
3735_02,Europa,False,55 Cancri e,30.0,False,0.0,787.0,116.0,1924.0,2.0,3735,D,119,S
3736_01,Europa,False,TRAPPIST-1e,61.0,False,328.0,5193.0,0.0,20.0,533.0,3736,B,145,S
3737_01,Earth,False,TRAPPIST-1e,48.0,False,0.0,0.0,632.0,250.0,0.0,3737,G,614,S
3737_02,Earth,True,55 Cancri e,17.0,False,0.0,0.0,0.0,0.0,0.0,3737,G,614,S
3739_01,Earth,False,TRAPPIST-1e,19.0,False,0.0,312.0,2.0,76.0,418.0,3739,G,615,S
3741_01,Europa,True,TRAPPIST-1e,29.0,False,0.0,0.0,0.0,0.0,0.0,3741,B,117,P
3742_01,Earth,True,55 Cancri e,2.0,False,0.0,0.0,,0.0,0.0,3742,G,607,P
3742_02,Earth,True,TRAPPIST-1e,24.0,False,0.0,0.0,0.0,0.0,0.0,3742,G,607,P
3743_01,Earth,False,TRAPPIST-1e,19.0,False,0.0,827.0,5.0,55.0,0.0,3743,G,616,S
3744_01,Mars,False,PSO J318.5-22,34.0,True,0.0,490.0,869.0,0.0,0.0,3744,E,249,S
3745_01,Earth,False,TRAPPIST-1e,19.0,False,,2.0,14.0,755.0,0.0,3745,G,608,P
3747_01,Europa,False,TRAPPIST-1e,39.0,False,0.0,2576.0,0.0,234.0,237.0,3747,B,118,P
3747_02,Europa,True,TRAPPIST-1e,26.0,False,0.0,0.0,0.0,0.0,0.0,3747,B,118,P
3747_03,Europa,,TRAPPIST-1e,53.0,False,0.0,3377.0,0.0,193.0,5563.0,3747,B,118,P
3747_04,Europa,True,55 Cancri e,18.0,False,0.0,0.0,0.0,0.0,0.0,3747,B,118,P
3748_01,Mars,True,TRAPPIST-1e,,False,0.0,0.0,0.0,0.0,0.0,3748,F,774,P
3749_01,Europa,True,55 Cancri e,45.0,False,0.0,0.0,0.0,0.0,0.0,3749,B,119,P
3749_02,Europa,True,TRAPPIST-1e,32.0,False,0.0,0.0,0.0,0.0,0.0,3749,B,119,P
3750_01,Earth,False,TRAPPIST-1e,18.0,False,64.0,0.0,3.0,3440.0,5.0,3750,F,775,P
3750_02,Earth,False,TRAPPIST-1e,48.0,False,396.0,0.0,,0.0,297.0,3750,G,610,P
3751_01,Earth,False,TRAPPIST-1e,24.0,False,0.0,274.0,594.0,35.0,658.0,3751,G,734,S
3752_01,Europa,False,TRAPPIST-1e,52.0,False,0.0,5.0,0.0,108.0,1788.0,3752,D,120,S
3753_01,Earth,False,55 Cancri e,55.0,False,0.0,519.0,131.0,63.0,3.0,3753,F,776,P
3754_01,Earth,True,TRAPPIST-1e,43.0,False,0.0,0.0,0.0,0.0,,3754,G,611,P
3755_01,Earth,True,TRAPPIST-1e,24.0,False,0.0,0.0,0.0,0.0,0.0,3755,G,734,S
3755_02,Earth,True,PSO J318.5-22,8.0,False,0.0,0.0,0.0,0.0,0.0,3755,G,612,P
3756_01,Mars,True,TRAPPIST-1e,18.0,False,,0.0,0.0,0.0,0.0,3756,F,707,S
3757_01,Earth,True,TRAPPIST-1e,38.0,False,0.0,0.0,0.0,0.0,0.0,3757,G,617,S
3758_01,Earth,False,TRAPPIST-1e,18.0,False,381.0,4.0,0.0,0.0,368.0,3758,G,618,S
3758_02,Earth,True,PSO J318.5-22,23.0,False,0.0,0.0,0.0,0.0,0.0,3758,G,618,S
3759_01,Earth,True,TRAPPIST-1e,26.0,False,0.0,0.0,0.0,0.0,0.0,3759,G,619,S
3760_01,Earth,True,PSO J318.5-22,21.0,False,0.0,0.0,0.0,0.0,0.0,3760,G,613,P
3761_01,,False,55 Cancri e,45.0,False,824.0,2196.0,385.0,19.0,1113.0,3761,E,222,P
3765_01,Mars,True,TRAPPIST-1e,24.0,False,0.0,0.0,0.0,,0.0,3765,F,709,S
3767_01,Europa,False,55 Cancri e,44.0,False,0.0,280.0,112.0,0.0,9244.0,3767,B,146,S
3768_01,Earth,False,TRAPPIST-1e,20.0,False,0.0,0.0,717.0,0.0,0.0,3768,F,710,S
3769_01,Mars,False,TRAPPIST-1e,47.0,False,1037.0,0.0,258.0,4.0,0.0,3769,E,251,S
3770_01,Earth,True,TRAPPIST-1e,16.0,False,0.0,0.0,0.0,,0.0,3770,G,615,P
3771_01,Europa,False,TRAPPIST-1e,28.0,False,80.0,828.0,0.0,4494.0,4269.0,3771,B,120,P
3772_01,Earth,False,55 Cancri e,8.0,False,0.0,0.0,0.0,0.0,0.0,3772,G,616,P
3772_02,Earth,False,TRAPPIST-1e,20.0,False,0.0,,422.0,0.0,0.0,3772,F,777,P
3773_01,Earth,False,PSO J318.5-22,22.0,False,2.0,257.0,348.0,2.0,0.0,3773,F,711,S
3773_02,Earth,False,TRAPPIST-1e,42.0,False,55.0,0.0,1503.0,0.0,0.0,3773,F,711,S
3773_03,Earth,False,PSO J318.5-22,23.0,False,0.0,552.0,44.0,0.0,661.0,3773,F,711,S
3774_01,Earth,False,TRAPPIST-1e,30.0,False,513.0,0.0,0.0,0.0,317.0,3774,F,778,P
3774_02,Earth,True,TRAPPIST-1e,18.0,False,0.0,0.0,0.0,0.0,0.0,3774,G,617,P
3774_03,Earth,False,TRAPPIST-1e,35.0,False,227.0,117.0,394.0,9.0,56.0,3774,F,778,P
3775_01,Mars,True,TRAPPIST-1e,42.0,False,0.0,0.0,0.0,0.0,0.0,3775,F,712,S
3775_02,Mars,True,TRAPPIST-1e,46.0,False,0.0,0.0,0.0,0.0,,3775,F,712,S
3776_01,Europa,False,TRAPPIST-1e,29.0,False,2.0,407.0,4509.0,1433.0,9.0,3776,C,134,S
3777_01,Europa,True,55 Cancri e,35.0,False,0.0,0.0,0.0,0.0,0.0,3777,B,147,S
3778_01,Earth,False,TRAPPIST-1e,48.0,False,0.0,21.0,0.0,0.0,786.0,3778,F,713,S
3779_01,Earth,False,TRAPPIST-1e,24.0,False,1.0,677.0,13.0,10.0,0.0,3779,F,714,S
3781_01,Europa,False,TRAPPIST-1e,38.0,False,821.0,960.0,0.0,27.0,321.0,3781,A,44,S
3783_01,Earth,False,55 Cancri e,51.0,False,183.0,0.0,1.0,0.0,1103.0,3783,F,780,P
3784_01,Earth,False,TRAPPIST-1e,77.0,False,0.0,,131.0,3981.0,108.0,3784,G,618,P
3785_01,Earth,True,TRAPPIST-1e,22.0,False,0.0,0.0,0.0,0.0,0.0,3785,G,619,P
3786_01,Mars,False,TRAPPIST-1e,38.0,True,,0.0,1355.0,0.0,0.0,3786,E,252,S
3786_02,Mars,False,TRAPPIST-1e,42.0,False,913.0,4.0,1.0,1465.0,0.0,3786,D,121,S
3787_01,Mars,True,TRAPPIST-1e,55.0,False,0.0,0.0,0.0,0.0,0.0,3787,F,716,S
3787_02,Mars,False,TRAPPIST-1e,7.0,False,0.0,0.0,0.0,0.0,0.0,3787,F,716,S
3787_03,Mars,False,TRAPPIST-1e,,False,132.0,75.0,849.0,0.0,0.0,3787,D,122,S
3788_01,Mars,False,TRAPPIST-1e,25.0,False,519.0,0.0,284.0,0.0,0.0,3788,D,127,P
3789_01,Earth,True,TRAPPIST-1e,15.0,False,0.0,0.0,0.0,0.0,0.0,3789,G,620,S
3790_01,,True,TRAPPIST-1e,13.0,False,0.0,,0.0,,0.0,3790,G,620,P
3793_01,Earth,True,55 Cancri e,23.0,False,0.0,0.0,0.0,0.0,0.0,3793,G,622,S
3795_01,Europa,True,55 Cancri e,,False,0.0,0.0,0.0,0.0,0.0,3795,C,136,S
3796_01,Europa,False,55 Cancri e,33.0,False,90.0,26830.0,0.0,27.0,703.0,3796,B,121,P
3797_01,Europa,False,TRAPPIST-1e,26.0,False,0.0,0.0,0.0,0.0,0.0,3797,B,122,P
3798_01,Europa,True,TRAPPIST-1e,67.0,False,0.0,0.0,0.0,0.0,0.0,3798,E,253,S
3801_01,Earth,False,55 Cancri e,27.0,False,0.0,0.0,0.0,36.0,437.0,3801,G,622,P
3803_01,Mars,False,TRAPPIST-1e,33.0,False,25.0,0.0,1376.0,604.0,0.0,3803,F,782,P
3804_01,Earth,False,TRAPPIST-1e,18.0,False,0.0,17.0,0.0,0.0,784.0,3804,F,783,P
3805_01,Earth,False,TRAPPIST-1e,36.0,False,357.0,0.0,114.0,0.0,,3805,F,784,P
3807_01,Earth,True,TRAPPIST-1e,18.0,False,0.0,0.0,0.0,0.0,0.0,3807,G,623,S
3810_01,Earth,False,TRAPPIST-1e,51.0,False,406.0,0.0,53.0,0.0,350.0,3810,G,624,S
3811_01,Mars,True,TRAPPIST-1e,54.0,False,0.0,0.0,0.0,0.0,0.0,3811,F,786,P
3811_02,Mars,False,TRAPPIST-1e,33.0,False,3361.0,0.0,13.0,15.0,0.0,3811,D,128,P
3812_01,Earth,False,TRAPPIST-1e,18.0,False,14.0,651.0,11.0,17.0,,3812,F,717,S
3814_01,Europa,True,TRAPPIST-1e,57.0,False,0.0,0.0,0.0,0.0,0.0,3814,D,129,P
3815_01,Earth,False,TRAPPIST-1e,23.0,False,0.0,0.0,0.0,724.0,80.0,3815,F,787,P
3816_01,Earth,False,TRAPPIST-1e,24.0,False,58.0,0.0,4.0,789.0,54.0,3816,E,225,P
3817_01,Mars,False,TRAPPIST-1e,20.0,False,984.0,1.0,921.0,0.0,,3817,E,226,P
3818_01,Earth,False,TRAPPIST-1e,32.0,False,0.0,600.0,80.0,0.0,18.0,3818,G,734,S
3820_01,Mars,True,TRAPPIST-1e,21.0,False,0.0,0.0,0.0,0.0,0.0,3820,F,790,P
3821_01,Earth,False,PSO J318.5-22,,False,0.0,2.0,0.0,0.0,867.0,3821,G,734,S
3822_01,Earth,False,PSO J318.5-22,41.0,False,0.0,122.0,0.0,104.0,486.0,3822,F,718,S
3823_01,Mars,False,TRAPPIST-1e,27.0,False,1192.0,0.0,0.0,0.0,0.0,3823,F,719,S
3824_01,Earth,False,PSO J318.5-22,49.0,False,0.0,51.0,101.0,50.0,,3824,G,625,S
3826_01,,False,TRAPPIST-1e,18.0,False,0.0,0.0,0.0,1565.0,224.0,3826,G,626,S
3830_01,Earth,False,55 Cancri e,34.0,False,71.0,0.0,242.0,393.0,0.0,3830,G,627,S
3831_01,Mars,False,TRAPPIST-1e,73.0,False,799.0,0.0,190.0,68.0,0.0,3831,D,123,S
3832_01,Earth,False,TRAPPIST-1e,40.0,False,1387.0,614.0,1564.0,5.0,0.0,3832,G,627,P
3835_01,Earth,False,PSO J318.5-22,63.0,False,1.0,897.0,0.0,0.0,8.0,3835,E,255,S
3836_01,Mars,False,TRAPPIST-1e,21.0,False,1060.0,0.0,91.0,0.0,0.0,3836,F,723,S
3838_01,Earth,False,TRAPPIST-1e,21.0,False,28.0,580.0,0.0,0.0,236.0,3838,E,227,P
3839_01,Mars,False,TRAPPIST-1e,23.0,False,418.0,4.0,627.0,0.0,0.0,3839,E,228,P
3841_01,Mars,False,TRAPPIST-1e,31.0,False,1049.0,31.0,227.0,2.0,0.0,3841,F,793,P
3842_01,Earth,False,55 Cancri e,41.0,False,312.0,89.0,44.0,0.0,252.0,3842,F,794,P
3846_01,Earth,True,TRAPPIST-1e,15.0,False,0.0,0.0,0.0,0.0,0.0,3846,G,630,P
3847_01,Europa,False,TRAPPIST-1e,36.0,False,90.0,2050.0,0.0,15.0,1244.0,3847,C,126,P
3848_01,Earth,False,TRAPPIST-1e,24.0,False,4.0,314.0,0.0,0.0,428.0,3848,F,795,P
3849_01,Earth,False,TRAPPIST-1e,27.0,False,0.0,253.0,0.0,79.0,421.0,3849,G,631,P
3850_01,Europa,False,55 Cancri e,24.0,False,38.0,257.0,0.0,54.0,4184.0,3850,C,137,S
3850_02,Europa,True,55 Cancri e,19.0,False,0.0,0.0,0.0,0.0,0.0,3850,C,137,S
3850_03,Europa,False,TRAPPIST-1e,25.0,False,0.0,6130.0,0.0,36.0,1.0,3850,C,137,S
3850_04,Europa,True,55 Cancri e,39.0,False,0.0,0.0,0.0,0.0,0.0,3850,C,137,S
3850_05,Europa,True,TRAPPIST-1e,15.0,False,0.0,0.0,0.0,0.0,0.0,3850,C,137,S
3850_06,Europa,False,TRAPPIST-1e,31.0,False,0.0,1565.0,0.0,97.0,1678.0,3850,C,137,S
3850_07,Europa,True,55 Cancri e,25.0,False,0.0,0.0,0.0,0.0,0.0,3850,C,137,S
3851_01,Europa,False,TRAPPIST-1e,57.0,False,205.0,4415.0,0.0,1589.0,305.0,3851,C,127,P
3852_01,Mars,True,TRAPPIST-1e,,False,0.0,0.0,0.0,0.0,0.0,3852,F,796,P
3853_01,Earth,False,PSO J318.5-22,18.0,False,16.0,6.0,735.0,0.0,0.0,3853,F,725,S
3854_01,Earth,True,TRAPPIST-1e,33.0,False,0.0,0.0,0.0,0.0,0.0,3854,G,632,P
3856_01,Earth,False,,23.0,False,339.0,754.0,7.0,0.0,0.0,3856,F,726,S
3857_01,Europa,True,55 Cancri e,34.0,False,0.0,0.0,,0.0,0.0,3857,E,230,P
3862_01,Mars,True,55 Cancri e,38.0,False,0.0,0.0,0.0,0.0,0.0,3862,F,729,S
3862_02,Mars,False,TRAPPIST-1e,21.0,False,2627.0,0.0,597.0,0.0,0.0,3862,E,256,S
3862_03,Mars,True,TRAPPIST-1e,31.0,False,0.0,0.0,0.0,0.0,0.0,3862,E,256,S
3862_04,Mars,False,TRAPPIST-1e,13.0,False,974.0,0.0,1883.0,0.0,505.0,3862,D,124,S
3862_05,Mars,False,TRAPPIST-1e,54.0,False,149.0,981.0,215.0,0.0,0.0,3862,F,729,S
3862_06,Mars,False,TRAPPIST-1e,13.0,False,1008.0,667.0,8.0,0.0,,3862,F,729,S
3862_07,Mars,False,TRAPPIST-1e,18.0,False,12.0,,1105.0,658.0,16.0,3862,D,124,S
3864_01,Europa,True,TRAPPIST-1e,,False,0.0,0.0,0.0,0.0,0.0,3864,D,125,S
3866_01,,False,TRAPPIST-1e,43.0,False,0.0,0.0,7.0,0.0,963.0,3866,F,797,P
3867_01,Earth,False,TRAPPIST-1e,56.0,False,3.0,,768.0,0.0,,3867,F,798,P
3868_01,Earth,False,TRAPPIST-1e,63.0,False,1540.0,,0.0,0.0,1.0,3868,F,731,S
3868_02,Earth,False,TRAPPIST-1e,9.0,False,0.0,0.0,0.0,0.0,0.0,3868,G,630,S
3868_03,Earth,False,,9.0,False,0.0,0.0,0.0,0.0,0.0,3868,G,630,S
3868_04,Earth,False,TRAPPIST-1e,0.0,False,0.0,0.0,0.0,0.0,0.0,3868,G,630,S
3868_05,Earth,False,55 Cancri e,16.0,False,0.0,0.0,623.0,40.0,209.0,3868,F,731,S
3868_06,Earth,True,TRAPPIST-1e,42.0,False,0.0,0.0,0.0,0.0,0.0,3868,G,630,S
3868_07,Earth,True,TRAPPIST-1e,9.0,False,0.0,0.0,0.0,0.0,0.0,3868,G,630,S
3870_01,Europa,True,55 Cancri e,22.0,False,0.0,0.0,0.0,0.0,0.0,3870,B,148,S
3871_01,Europa,True,55 Cancri e,47.0,False,0.0,0.0,0.0,0.0,0.0,3871,B,149,S
3872_01,Mars,True,TRAPPIST-1e,30.0,False,0.0,0.0,0.0,0.0,0.0,3872,F,799,P
3873_01,Earth,False,TRAPPIST-1e,29.0,False,2478.0,0.0,31.0,4.0,11.0,3873,F,800,P
3874_01,Earth,False,TRAPPIST-1e,,False,86.0,218.0,0.0,0.0,479.0,3874,G,631,S
3874_02,Earth,False,TRAPPIST-1e,22.0,False,158.0,1556.0,1189.0,845.0,96.0,3874,E,258,S
3875_01,Earth,False,TRAPPIST-1e,19.0,False,0.0,0.0,3.0,785.0,0.0,3875,E,232,P
3879_01,Mars,False,55 Cancri e,31.0,False,796.0,0.0,70.0,595.0,0.0,3879,F,801,P
3883_01,Europa,True,55 Cancri e,17.0,False,0.0,0.0,0.0,0.0,0.0,3883,B,150,S
3883_02,Europa,False,TRAPPIST-1e,38.0,False,0.0,3060.0,0.0,4.0,2325.0,3883,B,150,S
3883_03,Europa,True,55 Cancri e,13.0,False,0.0,0.0,0.0,,0.0,3883,B,150,S
3886_01,Earth,True,PSO J318.5-22,36.0,False,0.0,0.0,0.0,0.0,0.0,3886,G,633,P
3888_01,Earth,False,,0.0,False,0.0,0.0,0.0,0.0,0.0,3888,G,633,S
3890_01,Earth,True,TRAPPIST-1e,21.0,False,0.0,0.0,0.0,0.0,0.0,3890,G,634,S
3894_01,Earth,False,PSO J318.5-22,18.0,False,0.0,525.0,0.0,0.0,84.0,3894,F,735,S
3895_01,Mars,True,TRAPPIST-1e,36.0,False,0.0,0.0,0.0,0.0,0.0,3895,E,233,P
3895_02,Mars,False,TRAPPIST-1e,27.0,False,847.0,,4.0,0.0,1.0,3895,E,233,P
3895_03,Mars,False,TRAPPIST-1e,5.0,False,0.0,0.0,0.0,0.0,0.0,3895,E,233,P
3896_01,,,55 Cancri e,18.0,False,0.0,4387.0,0.0,2241.0,0.0,3896,C,140,S
3897_01,Earth,True,TRAPPIST-1e,25.0,False,0.0,0.0,0.0,0.0,0.0,3897,G,635,P
3898_01,Earth,True,TRAPPIST-1e,14.0,False,0.0,0.0,0.0,0.0,0.0,3898,G,636,S
3899_01,Europa,True,TRAPPIST-1e,23.0,False,0.0,0.0,0.0,0.0,0.0,3899,E,234,P
3903_01,Earth,False,55 Cancri e,2.0,False,0.0,0.0,0.0,0.0,0.0,3903,G,636,P
3903_02,Earth,True,TRAPPIST-1e,1.0,False,0.0,0.0,0.0,0.0,0.0,3903,G,636,P
3903_03,Earth,True,55 Cancri e,7.0,False,0.0,0.0,0.0,,0.0,3903,G,636,P
3903_04,Earth,False,PSO J318.5-22,6.0,False,0.0,0.0,0.0,0.0,0.0,3903,G,636,P
3903_05,Earth,False,TRAPPIST-1e,56.0,False,967.0,0.0,0.0,3.0,0.0,3903,F,804,P
3903_06,Earth,True,55 Cancri e,4.0,False,0.0,0.0,0.0,0.0,0.0,3903,G,636,P
3904_01,Earth,False,TRAPPIST-1e,65.0,False,0.0,0.0,0.0,0.0,909.0,3904,G,637,S
3907_01,Earth,True,TRAPPIST-1e,36.0,False,0.0,0.0,0.0,0.0,0.0,3907,G,639,S
3909_01,Europa,True,TRAPPIST-1e,25.0,False,0.0,0.0,0.0,0.0,0.0,3909,C,141,S
3911_01,,False,TRAPPIST-1e,41.0,False,6.0,1.0,11.0,1046.0,0.0,3911,F,736,S
3911_02,Earth,False,TRAPPIST-1e,20.0,False,9.0,0.0,1462.0,94.0,54.0,3911,E,260,S
3911_03,Earth,True,PSO J318.5-22,18.0,False,0.0,0.0,0.0,0.0,0.0,3911,G,640,S
3912_01,Earth,False,TRAPPIST-1e,15.0,False,309.0,28.0,496.0,20.0,49.0,3912,F,737,S
3913_01,Earth,False,,23.0,False,0.0,93.0,1.0,0.0,542.0,3913,F,738,S
3913_02,Earth,False,PSO J318.5-22,29.0,False,0.0,2.0,553.0,44.0,0.0,3913,F,738,S
3915_01,Earth,True,TRAPPIST-1e,33.0,False,0.0,0.0,0.0,0.0,0.0,3915,G,641,S
3916_01,Europa,False,TRAPPIST-1e,14.0,False,2.0,881.0,0.0,578.0,214.0,3916,D,128,S
3916_02,Europa,True,55 Cancri e,55.0,False,0.0,0.0,0.0,0.0,0.0,3916,D,128,S
3917_01,Europa,False,TRAPPIST-1e,30.0,False,0.0,690.0,0.0,49.0,2264.0,3917,B,124,P
3919_01,Earth,False,TRAPPIST-1e,21.0,False,0.0,0.0,,65.0,480.0,3919,F,806,P
3921_01,Earth,False,TRAPPIST-1e,26.0,False,35.0,42.0,711.0,0.0,0.0,3921,E,262,S
3922_01,Earth,True,PSO J318.5-22,33.0,False,0.0,0.0,0.0,0.0,0.0,3922,G,641,P
3923_01,Earth,False,TRAPPIST-1e,18.0,False,95.0,0.0,0.0,13.0,622.0,3923,F,808,P
3923_02,Earth,True,TRAPPIST-1e,9.0,False,0.0,0.0,0.0,0.0,0.0,3923,G,642,P
3923_03,Earth,True,55 Cancri e,0.0,False,0.0,0.0,0.0,0.0,0.0,3923,G,642,P
3924_01,Earth,False,55 Cancri e,19.0,False,0.0,47.0,0.0,263.0,384.0,3924,E,263,S
3926_01,Earth,False,TRAPPIST-1e,18.0,False,716.0,,0.0,0.0,0.0,3926,F,810,P
3927_01,Europa,False,55 Cancri e,38.0,False,55.0,1258.0,0.0,650.0,10786.0,3927,C,142,S
3927_02,Europa,False,55 Cancri e,42.0,False,0.0,1249.0,0.0,1313.0,1148.0,3927,C,142,S
3928_01,Europa,False,,28.0,False,3.0,1300.0,0.0,1250.0,1148.0,3928,E,264,S
3928_02,Europa,True,55 Cancri e,37.0,False,0.0,0.0,0.0,0.0,0.0,3928,E,264,S
3930_01,Earth,False,55 Cancri e,29.0,False,0.0,0.0,0.0,1819.0,1.0,3930,F,740,S
3931_01,Earth,False,55 Cancri e,42.0,False,0.0,218.0,0.0,481.0,2.0,3931,F,811,P
3932_01,Mars,False,TRAPPIST-1e,18.0,False,659.0,0.0,2316.0,0.0,23.0,3932,E,265,S
3932_02,Mars,False,55 Cancri e,34.0,False,2.0,0.0,805.0,29.0,0.0,3932,D,129,S
3933_01,Earth,True,55 Cancri e,34.0,False,0.0,0.0,0.0,0.0,0.0,3933,G,642,S
3935_01,Earth,True,PSO J318.5-22,18.0,False,0.0,0.0,0.0,0.0,0.0,3935,G,643,S
3936_01,Earth,False,TRAPPIST-1e,24.0,False,3537.0,0.0,0.0,0.0,0.0,3936,G,644,S
3937_01,Earth,False,TRAPPIST-1e,24.0,False,45.0,588.0,5.0,7.0,0.0,3937,F,742,S
3938_01,Mars,True,,56.0,False,0.0,0.0,0.0,0.0,0.0,3938,F,743,S
3938_02,Mars,True,TRAPPIST-1e,2.0,False,0.0,0.0,0.0,0.0,0.0,3938,F,743,S
3938_03,Mars,True,TRAPPIST-1e,12.0,False,0.0,0.0,0.0,0.0,0.0,3938,F,743,S
3939_01,Earth,False,TRAPPIST-1e,37.0,False,772.0,0.0,840.0,1.0,5.0,3939,E,237,P
3940_01,Mars,False,TRAPPIST-1e,60.0,True,2739.0,0.0,0.0,0.0,0.0,3940,D,132,P
3941_01,Earth,True,TRAPPIST-1e,55.0,False,0.0,0.0,0.0,0.0,0.0,3941,G,643,P
3942_01,Earth,True,PSO J318.5-22,20.0,False,0.0,0.0,0.0,0.0,0.0,3942,G,645,S
3944_01,Mars,False,TRAPPIST-1e,28.0,False,629.0,0.0,659.0,607.0,0.0,3944,F,745,S
3945_01,Earth,True,TRAPPIST-1e,28.0,False,0.0,0.0,0.0,0.0,0.0,3945,G,644,P
3946_01,Mars,False,TRAPPIST-1e,37.0,False,14.0,0.0,91.0,1203.0,0.0,3946,F,812,P
3948_01,Earth,False,TRAPPIST-1e,18.0,False,325.0,0.0,477.0,50.0,5.0,3948,F,814,P
3949_01,Earth,False,TRAPPIST-1e,14.0,False,781.0,0.0,1.0,4.0,1.0,3949,E,238,P
3950_01,Europa,False,TRAPPIST-1e,29.0,False,3478.0,11153.0,15.0,203.0,15.0,3950,C,143,S
3952_01,Earth,False,TRAPPIST-1e,51.0,False,0.0,0.0,0.0,544.0,12.0,3952,F,746,S
3954_01,Earth,True,TRAPPIST-1e,45.0,False,0.0,0.0,0.0,0.0,0.0,3954,G,647,S
3955_01,Earth,True,TRAPPIST-1e,45.0,False,0.0,0.0,0.0,0.0,0.0,3955,G,648,S
3958_01,Mars,False,TRAPPIST-1e,41.0,False,1144.0,12.0,14.0,22.0,0.0,3958,F,747,S
3959_01,Earth,False,TRAPPIST-1e,21.0,False,0.0,80.0,255.0,0.0,5190.0,3959,G,646,P
3959_02,Earth,False,TRAPPIST-1e,28.0,False,653.0,0.0,0.0,0.0,20.0,3959,F,817,P
3959_03,Earth,True,55 Cancri e,0.0,False,0.0,0.0,0.0,0.0,0.0,3959,G,646,P
3960_01,Earth,False,TRAPPIST-1e,46.0,False,0.0,0.0,0.0,0.0,880.0,3960,F,748,S
3961_01,Mars,True,TRAPPIST-1e,41.0,False,0.0,0.0,0.0,0.0,0.0,3961,F,749,S
3962_01,Earth,,55 Cancri e,13.0,False,0.0,0.0,0.0,0.0,0.0,3962,G,647,P
3962_02,Earth,False,PSO J318.5-22,55.0,False,0.0,1203.0,0.0,0.0,446.0,3962,E,239,P
3963_01,Earth,,PSO J318.5-22,20.0,False,0.0,0.0,0.0,0.0,0.0,3963,G,648,P
3964_01,Earth,True,TRAPPIST-1e,21.0,False,0.0,0.0,0.0,0.0,0.0,3964,G,650,S
3966_01,Earth,False,TRAPPIST-1e,49.0,False,324.0,275.0,0.0,0.0,0.0,3966,F,818,P
3966_02,Earth,False,TRAPPIST-1e,27.0,False,0.0,0.0,1020.0,0.0,,3966,G,649,P
3966_03,Earth,False,TRAPPIST-1e,0.0,False,0.0,0.0,0.0,0.0,0.0,3966,G,649,P
3967_01,Mars,False,TRAPPIST-1e,22.0,False,886.0,55.0,0.0,0.0,,3967,F,819,P
3968_01,Earth,True,TRAPPIST-1e,17.0,False,0.0,0.0,0.0,0.0,0.0,3968,G,650,P
3970_01,Mars,False,TRAPPIST-1e,23.0,False,355.0,0.0,764.0,0.0,0.0,3970,F,751,S
3971_01,Earth,False,TRAPPIST-1e,44.0,False,39.0,821.0,0.0,7.0,41.0,3971,G,651,P
3973_01,Europa,True,,29.0,False,0.0,0.0,0.0,0.0,0.0,3973,E,240,P
3974_01,Earth,False,TRAPPIST-1e,19.0,False,0.0,0.0,5.0,756.0,0.0,3974,F,752,S
3974_02,Earth,True,TRAPPIST-1e,3.0,False,0.0,0.0,0.0,0.0,0.0,3974,G,652,S
3976_01,Europa,False,TRAPPIST-1e,29.0,False,0.0,7164.0,0.0,58.0,1.0,3976,G,734,S
3977_01,Earth,False,TRAPPIST-1e,19.0,False,46.0,0.0,675.0,0.0,0.0,3977,E,241,P
3980_01,Earth,True,TRAPPIST-1e,22.0,False,0.0,0.0,0.0,0.0,0.0,3980,G,653,P
3981_01,Earth,False,PSO J318.5-22,33.0,False,400.0,270.0,33.0,0.0,0.0,3981,G,734,S
3984_01,Earth,True,PSO J318.5-22,,False,0.0,0.0,0.0,0.0,0.0,3984,G,654,S
3985_01,Earth,False,TRAPPIST-1e,50.0,False,667.0,0.0,0.0,11.0,170.0,3985,G,654,P
3986_01,Mars,False,TRAPPIST-1e,54.0,False,1217.0,0.0,1.0,4.0,0.0,3986,F,755,S
3986_02,Mars,False,TRAPPIST-1e,43.0,False,1448.0,0.0,150.0,0.0,0.0,3986,F,755,S
3987_01,Earth,False,TRAPPIST-1e,17.0,False,103.0,2183.0,0.0,16.0,0.0,3987,F,822,P
3988_01,Mars,False,TRAPPIST-1e,26.0,False,1632.0,0.0,80.0,7.0,0.0,3988,D,134,P
3991_01,Earth,False,TRAPPIST-1e,44.0,False,1258.0,3.0,0.0,1.0,0.0,3991,F,823,P
3992_01,Earth,False,PSO J318.5-22,51.0,False,0.0,0.0,10.0,1098.0,0.0,3992,F,756,S
3994_01,Europa,True,TRAPPIST-1e,29.0,False,0.0,0.0,0.0,0.0,0.0,3994,B,152,S
3995_01,Earth,False,TRAPPIST-1e,4.0,False,0.0,0.0,0.0,0.0,0.0,3995,G,655,P
3995_02,Earth,False,PSO J318.5-22,40.0,False,0.0,0.0,310.0,1.0,421.0,3995,F,825,P
3995_03,Earth,False,55 Cancri e,27.0,False,0.0,0.0,2.0,0.0,808.0,3995,G,655,P
3995_04,Earth,False,TRAPPIST-1e,8.0,False,0.0,0.0,0.0,0.0,0.0,3995,G,655,P
3995_05,Earth,False,TRAPPIST-1e,3.0,False,0.0,0.0,0.0,0.0,0.0,3995,G,655,P
3995_06,Earth,False,55 Cancri e,11.0,False,0.0,0.0,0.0,0.0,0.0,3995,G,655,P
3996_01,Earth,False,PSO J318.5-22,24.0,False,16.0,0.0,1136.0,0.0,40.0,3996,F,826,P
3997_01,Earth,False,55 Cancri e,25.0,False,0.0,83.0,0.0,439.0,0.0,3997,G,657,S
3998_01,Europa,False,55 Cancri e,28.0,False,89.0,4826.0,0.0,2.0,1598.0,3998,C,129,P
3999_01,Earth,False,TRAPPIST-1e,25.0,False,0.0,1017.0,0.0,0.0,0.0,3999,G,656,P
4000_01,Earth,True,TRAPPIST-1e,27.0,False,0.0,0.0,0.0,0.0,0.0,4000,G,658,S
4000_02,Earth,False,TRAPPIST-1e,25.0,False,20.0,0.0,424.0,0.0,359.0,4000,F,757,S
4000_03,Earth,True,TRAPPIST-1e,0.0,False,0.0,0.0,0.0,0.0,0.0,4000,G,658,S
4001_01,Earth,False,TRAPPIST-1e,58.0,False,0.0,0.0,970.0,0.0,0.0,4001,F,758,S
4001_02,Earth,True,TRAPPIST-1e,3.0,False,0.0,0.0,0.0,0.0,0.0,4001,G,659,S
4001_03,Earth,True,PSO J318.5-22,4.0,False,0.0,0.0,0.0,0.0,0.0,4001,G,659,S
4001_04,Earth,True,55 Cancri e,2.0,False,0.0,0.0,0.0,0.0,0.0,4001,G,659,S
4001_05,Earth,False,,34.0,False,0.0,847.0,14.0,0.0,0.0,4001,F,758,S
4001_06,Earth,False,55 Cancri e,5.0,False,0.0,0.0,0.0,0.0,0.0,4001,G,659,S
4001_07,Earth,False,TRAPPIST-1e,3.0,,0.0,0.0,0.0,0.0,0.0,4001,G,659,S
4002_01,Mars,True,TRAPPIST-1e,46.0,False,0.0,0.0,0.0,0.0,0.0,4002,E,242,P
4003_01,Earth,False,TRAPPIST-1e,22.0,False,1417.0,0.0,0.0,0.0,0.0,4003,F,827,P
4005_01,Earth,False,TRAPPIST-1e,8.0,False,0.0,0.0,0.0,0.0,0.0,4005,G,657,P
4005_02,Earth,False,TRAPPIST-1e,17.0,False,3.0,83.0,927.0,0.0,1.0,4005,G,657,P
4005_03,Earth,False,TRAPPIST-1e,4.0,False,0.0,0.0,0.0,0.0,0.0,4005,G,657,P
4005_04,Earth,True,TRAPPIST-1e,12.0,False,0.0,0.0,0.0,0.0,0.0,4005,G,734,S
4005_05,Earth,True,PSO J318.5-22,40.0,False,0.0,0.0,0.0,0.0,0.0,4005,G,657,P
4005_06,Earth,False,PSO J318.5-22,16.0,False,4.0,0.0,2278.0,2.0,0.0,4005,F,829,P
4005_07,Earth,True,TRAPPIST-1e,41.0,False,,0.0,0.0,0.0,0.0,4005,G,657,P
4005_08,Earth,True,TRAPPIST-1e,8.0,False,0.0,0.0,0.0,0.0,0.0,4005,G,657,P
4006_01,Earth,True,55 Cancri e,14.0,,0.0,0.0,0.0,0.0,0.0,4006,G,660,S
4006_02,Earth,True,TRAPPIST-1e,2.0,False,0.0,0.0,0.0,0.0,0.0,4006,G,660,S
4006_03,Earth,False,PSO J318.5-22,59.0,False,400.0,0.0,126.0,0.0,158.0,4006,F,759,S
4006_04,Earth,,TRAPPIST-1e,45.0,False,1796.0,0.0,4.0,0.0,5.0,4006,G,660,S
4006_05,Earth,False,55 Cancri e,52.0,False,0.0,704.0,0.0,0.0,,4006,F,759,S
4008_01,Mars,True,TRAPPIST-1e,33.0,False,0.0,0.0,0.0,0.0,0.0,4008,F,760,S
4009_01,Earth,False,55 Cancri e,51.0,False,8.0,0.0,206.0,1247.0,14.0,4009,G,734,S
4010_01,Earth,True,TRAPPIST-1e,38.0,False,0.0,0.0,0.0,0.0,0.0,4010,G,658,P
4013_01,Mars,False,TRAPPIST-1e,14.0,False,460.0,0.0,0.0,315.0,172.0,4013,E,243,P
4014_01,Europa,False,TRAPPIST-1e,42.0,False,0.0,456.0,1.0,1193.0,3039.0,4014,B,125,P
4014_02,Europa,False,55 Cancri e,28.0,False,0.0,3238.0,0.0,750.0,2368.0,4014,B,125,P
4016_01,Earth,False,55 Cancri e,34.0,False,309.0,542.0,0.0,0.0,55.0,4016,E,268,S
4017_01,Mars,False,TRAPPIST-1e,21.0,,0.0,0.0,0.0,0.0,0.0,4017,E,269,S
4017_02,Mars,True,TRAPPIST-1e,30.0,False,0.0,0.0,0.0,0.0,0.0,4017,F,761,S
4017_03,Mars,True,TRAPPIST-1e,,False,0.0,0.0,0.0,0.0,0.0,4017,F,761,S
4017_04,Mars,True,TRAPPIST-1e,26.0,False,0.0,0.0,0.0,0.0,0.0,4017,E,269,S
4017_05,Mars,False,TRAPPIST-1e,23.0,False,931.0,0.0,134.0,0.0,421.0,4017,F,761,S
4018_01,Earth,False,TRAPPIST-1e,20.0,False,,1.0,0.0,20.0,42.0,4018,F,762,S
4019_01,Earth,False,55 Cancri e,59.0,False,258.0,377.0,5.0,0.0,0.0,4019,E,245,P
4020_01,Europa,False,55 Cancri e,37.0,False,6498.0,1470.0,0.0,416.0,4174.0,4020,B,126,P
4021_01,Mars,False,TRAPPIST-1e,32.0,False,1843.0,0.0,662.0,0.0,0.0,4021,F,832,P
4022_01,Earth,False,PSO J318.5-22,37.0,False,4.0,0.0,223.0,512.0,1.0,4022,F,833,P
4023_01,Earth,False,TRAPPIST-1e,27.0,False,1.0,355.0,757.0,0.0,,4023,E,246,P
4026_01,Europa,True,55 Cancri e,42.0,False,0.0,0.0,0.0,0.0,0.0,4026,B,154,S
4027_01,Earth,True,PSO J318.5-22,29.0,False,0.0,0.0,0.0,0.0,0.0,4027,G,659,P
4030_01,,False,TRAPPIST-1e,2.0,False,0.0,0.0,0.0,0.0,0.0,4030,G,661,S
4030_02,Earth,True,TRAPPIST-1e,10.0,False,0.0,0.0,0.0,0.0,0.0,4030,G,734,S
4030_03,Earth,False,TRAPPIST-1e,0.0,False,0.0,0.0,0.0,0.0,0.0,4030,G,661,S
4030_04,Earth,True,TRAPPIST-1e,21.0,False,0.0,0.0,0.0,0.0,0.0,4030,G,661,S
4030_05,Earth,False,TRAPPIST-1e,8.0,False,0.0,0.0,0.0,0.0,0.0,4030,G,661,S
4031_01,Europa,True,55 Cancri e,,False,0.0,,0.0,0.0,0.0,4031,C,131,P
4031_02,Europa,True,TRAPPIST-1e,27.0,False,0.0,0.0,0.0,0.0,0.0,4031,C,131,P
4032_01,Earth,,PSO J318.5-22,13.0,False,0.0,0.0,0.0,0.0,0.0,4032,G,661,P
4033_01,Europa,False,55 Cancri e,49.0,False,2025.0,7167.0,0.0,2456.0,47.0,4033,C,144,S
4034_01,Mars,True,TRAPPIST-1e,38.0,False,0.0,0.0,0.0,0.0,0.0,4034,E,247,P
4035_01,Earth,True,55 Cancri e,21.0,False,0.0,0.0,0.0,0.0,0.0,4035,G,662,P
4036_01,Earth,False,TRAPPIST-1e,22.0,False,7.0,61.0,110.0,708.0,0.0,4036,G,662,S
4037_01,Earth,True,PSO J318.5-22,14.0,False,0.0,0.0,0.0,0.0,0.0,4037,G,663,S
4038_01,Earth,True,PSO J318.5-22,24.0,False,0.0,0.0,0.0,0.0,0.0,4038,G,664,S
4039_01,Earth,False,TRAPPIST-1e,24.0,False,714.0,0.0,4.0,49.0,11.0,4039,F,764,S
4040_01,Earth,True,TRAPPIST-1e,34.0,False,0.0,0.0,0.0,,0.0,4040,G,663,P
4042_01,Europa,False,TRAPPIST-1e,1.0,False,0.0,0.0,0.0,0.0,,4042,A,46,S
4042_02,Europa,True,55 Cancri e,,False,0.0,0.0,0.0,0.0,0.0,4042,A,46,S
4042_03,Europa,True,55 Cancri e,26.0,False,0.0,0.0,0.0,0.0,0.0,4042,A,46,S
4043_01,Earth,False,TRAPPIST-1e,,False,0.0,0.0,0.0,32.0,1577.0,4043,E,248,P
4044_01,Mars,False,TRAPPIST-1e,32.0,False,536.0,0.0,736.0,118.0,0.0,4044,F,765,S
4044_02,Mars,False,TRAPPIST-1e,2.0,False,0.0,,0.0,0.0,0.0,4044,F,765,S
4044_03,Mars,True,TRAPPIST-1e,10.0,False,0.0,0.0,0.0,0.0,0.0,4044,F,765,S
4045_01,Mars,False,TRAPPIST-1e,49.0,False,1417.0,0.0,531.0,1348.0,192.0,4045,D,135,P
4046_01,Earth,True,PSO J318.5-22,14.0,False,0.0,0.0,0.0,0.0,0.0,4046,G,664,P
4047_01,Earth,True,TRAPPIST-1e,29.0,False,0.0,0.0,0.0,0.0,0.0,4047,G,666,S
4049_01,Europa,True,55 Cancri e,25.0,False,0.0,0.0,0.0,0.0,0.0,4049,A,47,S
4050_01,Europa,False,55 Cancri e,36.0,False,0.0,1302.0,0.0,2067.0,10173.0,4050,A,35,P
4053_01,Earth,True,TRAPPIST-1e,22.0,False,0.0,0.0,0.0,0.0,0.0,4053,G,668,S
4055_01,Earth,False,TRAPPIST-1e,21.0,False,3.0,34.0,600.0,0.0,8.0,4055,F,836,P
4058_01,Earth,False,TRAPPIST-1e,36.0,False,437.0,442.0,0.0,2.0,1.0,4058,G,669,S
4060_01,Earth,False,TRAPPIST-1e,54.0,False,880.0,2.0,531.0,2.0,0.0,4060,F,838,P
4061_01,Mars,False,TRAPPIST-1e,30.0,False,1851.0,0.0,378.0,0.0,155.0,4061,D,130,S
4061_02,Mars,True,TRAPPIST-1e,0.0,False,0.0,0.0,0.0,0.0,0.0,4061,F,766,S
4061_03,Mars,True,TRAPPIST-1e,1.0,False,0.0,0.0,0.0,,0.0,4061,F,766,S
4063_01,Earth,True,TRAPPIST-1e,42.0,False,0.0,0.0,0.0,0.0,0.0,4063,G,670,S
4064_01,Earth,False,TRAPPIST-1e,47.0,False,939.0,1477.0,,0.0,0.0,4064,F,767,S
4065_01,Earth,False,TRAPPIST-1e,25.0,False,1339.0,1.0,360.0,0.0,0.0,4065,G,665,P
4066_01,Europa,,55 Cancri e,18.0,False,0.0,30.0,0.0,67.0,2790.0,4066,B,155,S
4066_02,Europa,True,TRAPPIST-1e,22.0,False,0.0,0.0,0.0,0.0,0.0,4066,B,155,S
4068_01,Europa,False,TRAPPIST-1e,27.0,False,,1381.0,0.0,148.0,2181.0,4068,D,131,S
4069_01,Earth,False,55 Cancri e,24.0,False,0.0,0.0,2433.0,0.0,53.0,4069,F,768,S
4071_01,Europa,True,,,False,0.0,0.0,0.0,0.0,0.0,4071,B,127,P
4071_02,Europa,True,55 Cancri e,22.0,False,0.0,0.0,,0.0,,4071,B,127,P
4072_01,Earth,True,TRAPPIST-1e,60.0,False,0.0,0.0,,0.0,0.0,4072,G,671,S
4075_01,Europa,False,TRAPPIST-1e,38.0,False,1901.0,1276.0,0.0,7561.0,12.0,4075,C,145,S
4076_01,Earth,False,TRAPPIST-1e,23.0,False,1616.0,0.0,1.0,0.0,2.0,4076,E,250,P
4078_01,,True,TRAPPIST-1e,21.0,False,0.0,0.0,0.0,0.0,0.0,4078,G,667,P
4079_01,Mars,False,55 Cancri e,55.0,False,1680.0,0.0,1.0,0.0,6.0,4079,F,771,S
4080_01,Earth,False,55 Cancri e,20.0,False,719.0,0.0,10.0,0.0,0.0,4080,F,839,P
4081_01,Earth,False,55 Cancri e,50.0,False,451.0,132.0,195.0,31.0,0.0,4081,G,668,P
4082_01,Mars,False,TRAPPIST-1e,22.0,False,0.0,0.0,0.0,0.0,0.0,4082,E,252,P
4083_01,Europa,False,TRAPPIST-1e,21.0,False,0.0,6190.0,1828.0,7.0,35.0,4083,C,146,S
4084_01,Europa,False,TRAPPIST-1e,26.0,False,0.0,1549.0,0.0,0.0,766.0,4084,D,132,S
4089_01,Europa,False,TRAPPIST-1e,36.0,False,0.0,2177.0,0.0,1097.0,144.0,4089,A,48,S
4090_01,Mars,False,TRAPPIST-1e,46.0,False,227.0,0.0,1546.0,3.0,2.0,4090,D,133,S
4091_01,Earth,False,TRAPPIST-1e,26.0,False,0.0,586.0,1.0,0.0,58.0,4091,F,772,S
4093_01,Earth,False,TRAPPIST-1e,24.0,False,0.0,20.0,0.0,14.0,659.0,4093,F,841,P
4095_01,Earth,False,55 Cancri e,14.0,False,834.0,1080.0,3.0,183.0,208.0,4095,G,671,P
4096_01,Mars,False,TRAPPIST-1e,46.0,False,949.0,0.0,128.0,3.0,41.0,4096,F,842,P
4097_01,Earth,False,TRAPPIST-1e,15.0,False,0.0,840.0,123.0,0.0,20.0,4097,E,253,P
4098_01,Earth,True,TRAPPIST-1e,30.0,False,0.0,0.0,0.0,0.0,0.0,4098,G,672,P
4099_01,Earth,True,TRAPPIST-1e,,False,0.0,0.0,0.0,0.0,0.0,4099,G,673,P
4101_01,Mars,False,TRAPPIST-1e,38.0,False,1100.0,43.0,163.0,3.0,0.0,4101,F,773,S
4102_01,Europa,True,TRAPPIST-1e,48.0,False,0.0,0.0,0.0,0.0,0.0,4102,B,128,P
4103_01,Earth,True,TRAPPIST-1e,31.0,False,0.0,0.0,0.0,0.0,0.0,4103,G,674,P
4104_01,Earth,False,TRAPPIST-1e,41.0,False,1025.0,0.0,0.0,0.0,0.0,4104,G,675,P
4106_01,Earth,False,TRAPPIST-1e,43.0,False,0.0,831.0,78.0,0.0,0.0,4106,G,675,S
4107_01,Earth,False,TRAPPIST-1e,23.0,False,0.0,0.0,489.0,5.0,276.0,4107,G,676,S
4108_01,Europa,True,55 Cancri e,48.0,False,0.0,0.0,0.0,0.0,0.0,4108,B,158,S
4108_02,Europa,,TRAPPIST-1e,47.0,False,27.0,2651.0,538.0,18.0,0.0,4108,B,158,S
4109_01,Earth,False,TRAPPIST-1e,19.0,False,169.0,399.0,,97.0,0.0,4109,F,843,P
4110_01,Earth,False,TRAPPIST-1e,25.0,False,0.0,38.0,0.0,847.0,112.0,4110,E,255,P
4112_01,Earth,True,TRAPPIST-1e,28.0,False,0.0,0.0,0.0,0.0,0.0,4112,G,678,S
4113_01,Europa,True,55 Cancri e,16.0,False,0.0,0.0,0.0,0.0,0.0,4113,B,129,P
4113_02,Europa,False,TRAPPIST-1e,45.0,False,0.0,2524.0,0.0,166.0,1.0,4113,B,129,P
4114_01,Mars,True,TRAPPIST-1e,31.0,False,0.0,0.0,0.0,0.0,0.0,4114,E,270,S
4115_01,Earth,True,PSO J318.5-22,19.0,False,0.0,0.0,0.0,0.0,0.0,4115,G,679,S
4116_01,Earth,False,TRAPPIST-1e,21.0,False,40.0,0.0,736.0,0.0,0.0,4116,F,774,S
4120_01,Earth,True,PSO J318.5-22,,False,0.0,0.0,0.0,0.0,0.0,4120,G,680,S
4125_01,Earth,True,PSO J318.5-22,22.0,False,0.0,0.0,,0.0,0.0,4125,G,677,P
4127_01,Europa,,TRAPPIST-1e,23.0,False,0.0,0.0,0.0,0.0,,4127,B,130,P
4128_01,Mars,False,TRAPPIST-1e,54.0,True,111.0,0.0,1144.0,8.0,23.0,4128,F,846,P
4128_02,Mars,False,TRAPPIST-1e,0.0,False,0.0,0.0,0.0,0.0,0.0,4128,F,846,P
4128_03,Mars,True,TRAPPIST-1e,4.0,False,0.0,,0.0,0.0,0.0,4128,F,846,P
4129_01,Earth,False,TRAPPIST-1e,23.0,False,15.0,1.0,777.0,3.0,3.0,4129,F,847,P
4130_01,Mars,True,TRAPPIST-1e,19.0,False,0.0,0.0,0.0,0.0,0.0,4130,G,734,S
4131_01,Europa,True,TRAPPIST-1e,34.0,False,0.0,0.0,0.0,,0.0,4131,C,147,S
4132_01,Earth,True,55 Cancri e,18.0,False,0.0,0.0,0.0,0.0,0.0,4132,G,678,P
4134_01,,True,TRAPPIST-1e,40.0,False,0.0,0.0,0.0,0.0,0.0,4134,G,734,S
4135_01,Mars,False,TRAPPIST-1e,58.0,False,850.0,0.0,22.0,1493.0,0.0,4135,F,777,S
4137_01,Earth,False,55 Cancri e,39.0,False,664.0,0.0,0.0,40.0,0.0,4137,F,778,S
4140_01,Earth,False,PSO J318.5-22,23.0,False,40.0,15.0,30.0,0.0,637.0,4140,F,851,P
4141_01,Earth,False,TRAPPIST-1e,11.0,False,0.0,0.0,0.0,0.0,0.0,4141,G,679,P
4142_01,Europa,True,TRAPPIST-1e,43.0,False,0.0,0.0,,0.0,0.0,4142,C,148,S
4143_01,Mars,True,TRAPPIST-1e,29.0,False,0.0,0.0,0.0,0.0,0.0,4143,E,258,P
4144_01,Earth,False,TRAPPIST-1e,36.0,False,19.0,476.0,0.0,5.0,290.0,4144,E,259,P
4145_01,Earth,False,PSO J318.5-22,13.0,False,16.0,0.0,87.0,544.0,0.0,4145,F,852,P
4147_01,Europa,False,TRAPPIST-1e,54.0,False,0.0,,0.0,3200.0,0.0,4147,C,149,S
4147_02,Europa,True,TRAPPIST-1e,45.0,False,0.0,0.0,0.0,0.0,0.0,4147,C,149,S
4149_01,Earth,False,55 Cancri e,33.0,,,0.0,589.0,2.0,255.0,4149,G,682,P
4150_01,Earth,False,TRAPPIST-1e,46.0,False,0.0,1029.0,0.0,0.0,0.0,4150,F,780,S
4151_01,Earth,True,55 Cancri e,15.0,False,0.0,0.0,0.0,0.0,0.0,4151,G,683,P
4152_01,Earth,False,TRAPPIST-1e,35.0,False,89.0,0.0,0.0,545.0,0.0,4152,F,853,P
4154_01,Mars,True,TRAPPIST-1e,23.0,False,0.0,0.0,0.0,0.0,0.0,4154,F,781,S
4156_01,Earth,True,55 Cancri e,15.0,,0.0,0.0,0.0,0.0,0.0,4156,G,684,P
4158_01,Earth,False,TRAPPIST-1e,27.0,False,0.0,0.0,580.0,211.0,0.0,4158,E,273,S
4159_01,Earth,False,TRAPPIST-1e,15.0,False,,2.0,15.0,5.0,842.0,4159,F,782,S
4160_01,Mars,False,TRAPPIST-1e,27.0,True,661.0,,991.0,46.0,0.0,4160,F,783,S
4163_01,Earth,True,55 Cancri e,16.0,False,0.0,0.0,0.0,0.0,0.0,4163,G,683,S
4165_01,Earth,False,TRAPPIST-1e,37.0,False,246.0,0.0,703.0,5.0,0.0,4165,G,685,P
4166_01,Europa,True,55 Cancri e,45.0,False,0.0,0.0,0.0,0.0,0.0,4166,B,132,P
4166_02,Europa,False,55 Cancri e,58.0,True,0.0,279.0,3627.0,122.0,30.0,4166,B,132,P
4167_01,Earth,False,PSO J318.5-22,,,0.0,440.0,0.0,0.0,334.0,4167,G,734,S
4168_01,Earth,False,TRAPPIST-1e,38.0,False,0.0,18.0,30.0,0.0,832.0,4168,F,855,P
4168_02,Earth,False,TRAPPIST-1e,28.0,False,0.0,241.0,6.0,0.0,542.0,4168,E,260,P
4169_01,Europa,True,TRAPPIST-1e,47.0,False,0.0,0.0,0.0,0.0,0.0,4169,D,140,P
4169_02,Europa,False,TRAPPIST-1e,41.0,False,0.0,1562.0,0.0,2.0,16.0,4169,D,140,P
4170_01,Europa,True,TRAPPIST-1e,28.0,False,,0.0,0.0,0.0,0.0,4170,B,133,P
4171_01,Earth,True,TRAPPIST-1e,23.0,False,0.0,0.0,0.0,0.0,0.0,4171,G,686,P
4172_01,Mars,True,TRAPPIST-1e,24.0,False,0.0,0.0,0.0,0.0,0.0,4172,F,856,P
4172_02,Mars,False,TRAPPIST-1e,58.0,False,12.0,0.0,186.0,2436.0,4.0,4172,F,856,P
4172_03,,True,TRAPPIST-1e,36.0,False,0.0,0.0,0.0,0.0,0.0,4172,F,856,P
4172_04,Mars,False,55 Cancri e,24.0,False,1363.0,0.0,50.0,0.0,0.0,4172,F,856,P
4172_05,Mars,False,TRAPPIST-1e,56.0,False,128.0,0.0,959.0,0.0,42.0,4172,F,856,P
4172_06,Mars,True,TRAPPIST-1e,15.0,False,0.0,0.0,0.0,0.0,0.0,4172,F,856,P
4172_07,Mars,False,TRAPPIST-1e,19.0,False,154.0,170.0,2074.0,0.0,0.0,4172,D,141,P
4173_01,Earth,False,TRAPPIST-1e,27.0,False,0.0,0.0,0.0,658.0,133.0,4173,E,261,P
4174_01,Earth,False,TRAPPIST-1e,47.0,False,59.0,1.0,327.0,557.0,0.0,4174,F,857,P
4175_01,Earth,False,55 Cancri e,37.0,False,0.0,89.0,15.0,20.0,592.0,4175,F,858,P
4176_01,Mars,True,TRAPPIST-1e,39.0,False,0.0,0.0,0.0,0.0,0.0,4176,F,859,P
4176_02,Mars,True,TRAPPIST-1e,20.0,False,0.0,0.0,0.0,0.0,0.0,4176,F,859,P
4176_03,Mars,False,TRAPPIST-1e,20.0,False,760.0,0.0,742.0,352.0,0.0,4176,F,859,P
4176_04,Mars,False,TRAPPIST-1e,38.0,False,490.0,663.0,358.0,855.0,0.0,4176,F,859,P
4176_05,Mars,False,TRAPPIST-1e,46.0,False,247.0,0.0,418.0,480.0,36.0,4176,D,142,P
4176_06,Mars,True,TRAPPIST-1e,13.0,False,0.0,0.0,0.0,0.0,0.0,4176,F,859,P
4176_07,Mars,False,55 Cancri e,24.0,False,612.0,326.0,46.0,87.0,0.0,4176,F,859,P
4177_01,Europa,True,TRAPPIST-1e,32.0,False,0.0,0.0,0.0,0.0,0.0,4177,B,161,S
4177_02,Europa,True,55 Cancri e,,False,0.0,0.0,0.0,0.0,0.0,4177,B,161,S
4177_03,Europa,False,55 Cancri e,44.0,False,36.0,588.0,0.0,1675.0,3597.0,4177,B,161,S
4178_01,Earth,False,TRAPPIST-1e,19.0,False,0.0,0.0,4.0,6.0,773.0,4178,G,687,P
4179_01,Europa,False,TRAPPIST-1e,30.0,True,0.0,1172.0,183.0,91.0,0.0,4179,A,50,S
4179_02,Europa,True,TRAPPIST-1e,23.0,False,0.0,0.0,0.0,0.0,0.0,4179,A,50,S
4181_01,Europa,False,TRAPPIST-1e,4.0,False,0.0,0.0,0.0,0.0,0.0,4181,C,133,P
4181_02,Europa,False,,0.0,False,0.0,,0.0,0.0,0.0,4181,C,133,P
4181_03,Europa,True,TRAPPIST-1e,17.0,False,0.0,0.0,0.0,0.0,0.0,4181,G,734,S
4181_04,Europa,True,TRAPPIST-1e,44.0,False,0.0,0.0,0.0,0.0,0.0,4181,C,133,P
4181_05,Europa,False,55 Cancri e,31.0,False,2.0,8747.0,0.0,4840.0,14485.0,4181,C,133,P
4181_06,Europa,False,55 Cancri e,41.0,True,0.0,9463.0,0.0,1022.0,1562.0,4181,C,133,P
4182_01,Europa,False,55 Cancri e,33.0,False,0.0,2020.0,0.0,1817.0,182.0,4182,A,51,S
4182_02,Europa,False,TRAPPIST-1e,43.0,False,0.0,124.0,0.0,3975.0,186.0,4182,A,51,S
4182_03,Europa,False,55 Cancri e,43.0,True,0.0,3172.0,0.0,26.0,4376.0,4182,A,51,S
4183_01,Earth,False,TRAPPIST-1e,36.0,False,1367.0,108.0,,0.0,77.0,4183,F,784,S
4184_01,Earth,False,55 Cancri e,19.0,False,558.0,0.0,353.0,0.0,8.0,4184,F,860,P
4185_01,Earth,False,TRAPPIST-1e,24.0,False,0.0,1725.0,0.0,0.0,0.0,4185,G,688,P
4186_01,Earth,True,55 Cancri e,17.0,False,0.0,0.0,0.0,0.0,0.0,4186,G,685,S
4188_01,Earth,False,TRAPPIST-1e,23.0,False,1277.0,84.0,0.0,240.0,598.0,4188,F,861,P
4189_01,Earth,False,55 Cancri e,17.0,False,558.0,0.0,3.0,0.0,1226.0,4189,G,686,S
4191_01,Mars,False,TRAPPIST-1e,18.0,False,950.0,1.0,236.0,754.0,0.0,4191,D,135,S
4194_01,Mars,True,55 Cancri e,34.0,False,0.0,0.0,0.0,0.0,0.0,4194,F,862,P
4196_01,Earth,True,TRAPPIST-1e,13.0,False,0.0,0.0,0.0,0.0,0.0,4196,G,688,S
4197_01,Earth,False,TRAPPIST-1e,66.0,False,610.0,2549.0,0.0,17.0,0.0,4197,F,786,S
4197_02,Earth,False,TRAPPIST-1e,27.0,False,0.0,867.0,0.0,128.0,363.0,4197,F,786,S
4197_03,Earth,False,TRAPPIST-1e,19.0,False,1620.0,0.0,4.0,0.0,82.0,4197,G,689,S
4199_01,Earth,False,TRAPPIST-1e,55.0,False,0.0,198.0,703.0,1.0,0.0,4199,F,787,S
4203_01,Mars,False,TRAPPIST-1e,40.0,False,0.0,0.0,1.0,293.0,667.0,4203,D,143,P
4204_01,Earth,True,PSO J318.5-22,23.0,False,0.0,0.0,0.0,0.0,0.0,4204,G,691,P
4204_02,Earth,False,TRAPPIST-1e,7.0,False,0.0,0.0,0.0,0.0,0.0,4204,G,691,P
4204_03,Earth,True,TRAPPIST-1e,12.0,False,0.0,0.0,0.0,0.0,0.0,4204,G,691,P
4205_01,Earth,False,TRAPPIST-1e,37.0,False,0.0,886.0,0.0,58.0,441.0,4205,F,789,S
4206_01,Earth,False,TRAPPIST-1e,22.0,False,0.0,13.0,524.0,7.0,0.0,4206,F,865,P
4207_01,,True,TRAPPIST-1e,25.0,False,0.0,0.0,0.0,0.0,0.0,4207,B,163,S
4207_02,Europa,True,55 Cancri e,46.0,False,0.0,0.0,0.0,0.0,0.0,4207,B,163,S
4208_01,Mars,False,55 Cancri e,37.0,False,326.0,0.0,455.0,2.0,0.0,4208,D,144,P
4210_01,Europa,True,55 Cancri e,50.0,False,0.0,0.0,0.0,0.0,0.0,4210,C,151,S
4210_02,Europa,True,55 Cancri e,28.0,False,0.0,0.0,0.0,0.0,0.0,4210,C,151,S
4211_01,Europa,True,TRAPPIST-1e,26.0,False,0.0,0.0,0.0,0.0,0.0,4211,C,134,P
4212_01,,True,TRAPPIST-1e,28.0,False,0.0,0.0,0.0,,0.0,4212,G,690,S
4213_01,Earth,False,PSO J318.5-22,23.0,False,4.0,157.0,142.0,,196.0,4213,G,691,S
4214_01,Europa,False,TRAPPIST-1e,23.0,False,3.0,343.0,0.0,4280.0,0.0,4214,E,262,P
4215_01,Mars,False,TRAPPIST-1e,34.0,True,992.0,0.0,14.0,0.0,0.0,4215,D,145,P
4216_01,Europa,True,TRAPPIST-1e,65.0,False,0.0,0.0,0.0,0.0,0.0,4216,B,134,P
4216_02,,True,TRAPPIST-1e,20.0,False,0.0,0.0,0.0,0.0,0.0,4216,B,134,P
4218_01,Mars,True,TRAPPIST-1e,29.0,False,0.0,0.0,0.0,0.0,0.0,4218,F,867,P
4218_02,Mars,False,TRAPPIST-1e,30.0,False,176.0,0.0,2310.0,0.0,,4218,F,867,P
4219_01,Mars,True,TRAPPIST-1e,3.0,False,0.0,0.0,0.0,,0.0,4219,F,868,P
4219_02,Mars,False,TRAPPIST-1e,40.0,False,1268.0,0.0,0.0,0.0,0.0,4219,F,868,P
4219_03,Mars,False,TRAPPIST-1e,32.0,False,1331.0,416.0,0.0,665.0,64.0,4219,F,868,P
4220_01,Earth,False,TRAPPIST-1e,31.0,False,553.0,224.0,9.0,1.0,0.0,4220,E,263,P
4221_01,Earth,False,TRAPPIST-1e,13.0,False,27.0,81.0,1080.0,0.0,0.0,4221,F,869,P
4222_01,Earth,False,TRAPPIST-1e,29.0,False,37.0,0.0,167.0,608.0,0.0,4222,G,692,P
4222_02,Earth,False,TRAPPIST-1e,28.0,False,0.0,53.0,0.0,732.0,6.0,4222,E,264,P
4223_01,Mars,False,55 Cancri e,19.0,False,1184.0,88.0,0.0,0.0,334.0,4223,F,790,S
4223_02,Mars,False,55 Cancri e,24.0,False,469.0,0.0,,196.0,0.0,4223,E,275,S
4225_01,Mars,True,TRAPPIST-1e,22.0,False,0.0,0.0,0.0,0.0,0.0,4225,E,266,P
4229_01,Earth,False,55 Cancri e,13.0,False,406.0,0.0,1670.0,0.0,427.0,4229,F,872,P
4230_01,Earth,False,TRAPPIST-1e,21.0,False,0.0,0.0,23.0,820.0,22.0,4230,F,873,P
4231_01,Earth,False,55 Cancri e,24.0,False,0.0,0.0,1435.0,10.0,0.0,4231,F,791,S
4232_01,Europa,False,TRAPPIST-1e,47.0,False,0.0,4983.0,0.0,173.0,43.0,4232,B,164,S
4233_01,Europa,False,TRAPPIST-1e,27.0,False,0.0,144.0,76.0,184.0,3932.0,4233,B,135,P
4237_01,Earth,False,TRAPPIST-1e,18.0,False,0.0,0.0,774.0,0.0,13.0,4237,E,277,S
4238_01,Europa,True,55 Cancri e,36.0,False,0.0,0.0,0.0,0.0,0.0,4238,B,165,S
4239_01,Earth,False,TRAPPIST-1e,68.0,False,0.0,1.0,223.0,580.0,0.0,4239,F,875,P
4240_01,Europa,,TRAPPIST-1e,31.0,False,0.0,0.0,0.0,0.0,0.0,4240,C,152,S
4242_01,Mars,True,TRAPPIST-1e,28.0,False,0.0,0.0,0.0,0.0,0.0,4242,F,877,P
4243_01,Mars,False,TRAPPIST-1e,36.0,False,3002.0,21.0,150.0,0.0,0.0,4243,D,136,S
4244_01,Earth,False,TRAPPIST-1e,17.0,False,0.0,628.0,0.0,66.0,449.0,4244,F,794,S
4245_01,Earth,True,TRAPPIST-1e,13.0,False,0.0,0.0,0.0,0.0,0.0,4245,G,695,S
4246_01,Earth,False,TRAPPIST-1e,30.0,False,0.0,10.0,0.0,3840.0,329.0,4246,G,693,P
4249_01,Europa,False,TRAPPIST-1e,58.0,False,0.0,2946.0,0.0,101.0,387.0,4249,B,166,S
4249_02,Europa,True,TRAPPIST-1e,43.0,False,0.0,0.0,0.0,0.0,0.0,4249,B,166,S
4249_03,Europa,False,55 Cancri e,20.0,False,354.0,1546.0,323.0,284.0,315.0,4249,B,166,S
4251_01,Earth,False,TRAPPIST-1e,29.0,False,715.0,0.0,,698.0,106.0,4251,F,879,P
4252_01,Earth,False,TRAPPIST-1e,15.0,False,156.0,1.0,1132.0,192.0,33.0,4252,F,795,S
4253_01,Earth,False,TRAPPIST-1e,30.0,False,488.0,0.0,242.0,0.0,79.0,4253,G,696,P
4254_01,Europa,False,55 Cancri e,33.0,False,5493.0,9401.0,23.0,3013.0,303.0,4254,B,136,P
4254_02,Europa,True,TRAPPIST-1e,25.0,False,0.0,0.0,0.0,0.0,0.0,4254,B,136,P
4254_03,Europa,False,TRAPPIST-1e,62.0,False,0.0,22.0,0.0,3314.0,22.0,4254,B,136,P
4255_01,Earth,True,PSO J318.5-22,41.0,False,0.0,0.0,0.0,0.0,0.0,4255,G,697,P
4256_01,Earth,False,TRAPPIST-1e,27.0,False,6.0,0.0,0.0,768.0,1141.0,4256,F,880,P
4256_02,Earth,True,TRAPPIST-1e,18.0,False,0.0,0.0,0.0,0.0,0.0,4256,G,698,P
4256_03,Earth,True,TRAPPIST-1e,27.0,False,0.0,0.0,0.0,0.0,0.0,4256,G,698,P
4256_04,Earth,False,TRAPPIST-1e,19.0,False,571.0,0.0,0.0,97.0,813.0,4256,F,880,P
4256_05,Earth,False,TRAPPIST-1e,37.0,False,0.0,0.0,115.0,671.0,0.0,4256,G,698,P
4256_06,Earth,True,TRAPPIST-1e,24.0,False,0.0,0.0,0.0,0.0,0.0,4256,G,698,P
4256_07,Earth,False,TRAPPIST-1e,29.0,False,13.0,0.0,664.0,74.0,101.0,4256,G,698,P
4256_08,Earth,False,55 Cancri e,44.0,False,0.0,0.0,608.0,0.0,91.0,4256,F,880,P
4257_01,Earth,False,TRAPPIST-1e,19.0,False,0.0,265.0,882.0,2.0,293.0,4257,F,881,P
4258_01,Europa,False,TRAPPIST-1e,39.0,False,0.0,266.0,0.0,1254.0,197.0,4258,A,37,P
4258_02,Europa,,TRAPPIST-1e,63.0,False,0.0,490.0,1.0,2882.0,18.0,4258,A,37,P
4258_03,Europa,False,TRAPPIST-1e,39.0,False,9.0,1525.0,0.0,0.0,146.0,4258,A,37,P
4259_01,Mars,True,TRAPPIST-1e,41.0,False,0.0,0.0,0.0,0.0,0.0,4259,F,796,S
4260_01,Earth,True,TRAPPIST-1e,27.0,False,0.0,0.0,0.0,0.0,0.0,4260,G,696,S
4261_01,Mars,False,55 Cancri e,56.0,False,412.0,492.0,9.0,117.0,33.0,4261,D,137,S
4262_01,Europa,True,TRAPPIST-1e,22.0,False,0.0,0.0,0.0,0.0,0.0,4262,C,135,P
4262_02,Europa,False,55 Cancri e,26.0,False,1.0,1269.0,4790.0,270.0,5116.0,4262,C,135,P
4264_01,Earth,False,TRAPPIST-1e,24.0,False,0.0,0.0,0.0,0.0,1300.0,4264,F,797,S
4266_01,Earth,True,PSO J318.5-22,18.0,False,0.0,0.0,0.0,0.0,0.0,4266,G,697,S
4267_01,Earth,True,TRAPPIST-1e,13.0,False,,0.0,0.0,0.0,0.0,4267,G,700,P
4267_02,Earth,False,TRAPPIST-1e,32.0,False,0.0,0.0,1020.0,0.0,0.0,4267,F,883,P
4270_01,Europa,False,55 Cancri e,30.0,False,24.0,2558.0,98.0,0.0,5361.0,4270,G,734,S
4271_01,Europa,True,TRAPPIST-1e,25.0,False,0.0,0.0,0.0,0.0,0.0,4271,A,38,P
4272_01,Earth,False,TRAPPIST-1e,55.0,False,0.0,252.0,1.0,0.0,553.0,4272,F,799,S
4273_01,Earth,False,PSO J318.5-22,19.0,False,0.0,2.0,0.0,669.0,0.0,4273,F,884,P
4274_01,Earth,False,TRAPPIST-1e,24.0,False,0.0,717.0,222.0,8.0,1.0,4274,G,698,S
4278_01,Europa,False,TRAPPIST-1e,32.0,False,401.0,3724.0,5.0,422.0,62.0,4278,C,154,S
4280_01,Mars,False,TRAPPIST-1e,24.0,False,0.0,0.0,0.0,0.0,0.0,4280,E,267,P
4289_01,Mars,True,TRAPPIST-1e,32.0,False,0.0,0.0,0.0,0.0,0.0,4289,F,890,P
4291_01,Earth,True,TRAPPIST-1e,36.0,False,0.0,0.0,0.0,0.0,0.0,4291,G,701,S
4292_01,Europa,False,55 Cancri e,28.0,False,0.0,31.0,0.0,1283.0,871.0,4292,A,52,S
4293_01,Earth,False,TRAPPIST-1e,52.0,False,0.0,559.0,0.0,0.0,0.0,4293,F,801,S
4294_01,Earth,False,TRAPPIST-1e,29.0,False,646.0,91.0,13.0,0.0,0.0,4294,G,702,S
4295_01,Mars,False,55 Cancri e,23.0,False,49.0,0.0,2716.0,0.0,0.0,4295,D,147,P
4295_02,Mars,True,TRAPPIST-1e,32.0,False,0.0,0.0,0.0,0.0,0.0,4295,G,734,S
4296_01,Earth,True,TRAPPIST-1e,35.0,False,0.0,0.0,0.0,0.0,0.0,4296,G,703,S
4297_01,Europa,False,55 Cancri e,41.0,False,14.0,6777.0,81.0,604.0,2936.0,4297,B,138,P
4300_01,,True,PSO J318.5-22,16.0,False,0.0,0.0,0.0,0.0,0.0,4300,G,704,S
4301_01,Europa,True,55 Cancri e,33.0,False,0.0,0.0,0.0,0.0,0.0,4301,E,269,P
4302_01,Earth,True,55 Cancri e,6.0,False,0.0,0.0,0.0,0.0,0.0,4302,G,706,P
4303_01,Earth,False,55 Cancri e,15.0,False,36.0,841.0,0.0,0.0,0.0,4303,F,803,S
4303_02,Earth,False,TRAPPIST-1e,38.0,False,0.0,668.0,84.0,267.0,0.0,4303,G,705,S
4305_01,Earth,False,TRAPPIST-1e,56.0,False,0.0,779.0,12.0,3.0,35.0,4305,F,893,P
4305_02,Earth,True,PSO J318.5-22,4.0,False,0.0,0.0,0.0,0.0,0.0,4305,G,707,P
4305_03,Earth,True,PSO J318.5-22,21.0,False,0.0,0.0,0.0,0.0,0.0,4305,G,707,P
4306_01,Mars,False,55 Cancri e,22.0,False,1371.0,0.0,235.0,0.0,0.0,4306,F,805,S
4309_01,Earth,False,TRAPPIST-1e,37.0,False,0.0,0.0,785.0,3.0,0.0,4309,E,270,P
4309_02,Earth,False,TRAPPIST-1e,6.0,False,0.0,0.0,0.0,0.0,0.0,4309,G,709,P
4311_01,Earth,False,TRAPPIST-1e,22.0,False,563.0,521.0,364.0,0.0,0.0,4311,F,807,S
4312_01,Europa,False,TRAPPIST-1e,26.0,False,0.0,137.0,0.0,0.0,7629.0,4312,B,139,P
4315_01,Earth,False,TRAPPIST-1e,22.0,False,0.0,3.0,486.0,0.0,228.0,4315,E,272,P
4315_02,Earth,,TRAPPIST-1e,20.0,False,0.0,0.0,0.0,0.0,0.0,4315,G,710,P
4316_01,Earth,False,PSO J318.5-22,,False,0.0,22.0,0.0,1156.0,0.0,4316,F,894,P
4317_01,Mars,False,TRAPPIST-1e,24.0,False,439.0,0.0,2140.0,0.0,0.0,4317,D,139,S
4318_01,Mars,True,TRAPPIST-1e,25.0,False,0.0,0.0,0.0,0.0,0.0,4318,F,808,S
4319_01,Earth,False,TRAPPIST-1e,48.0,False,2.0,0.0,83.0,589.0,233.0,4319,G,711,P
4320_01,Earth,False,TRAPPIST-1e,24.0,False,786.0,0.0,0.0,7.0,0.0,4320,E,273,P
4324_01,Mars,False,55 Cancri e,3.0,False,0.0,0.0,0.0,0.0,0.0,4324,F,810,S
4324_02,Mars,True,TRAPPIST-1e,24.0,False,0.0,0.0,0.0,0.0,0.0,4324,F,810,S
4324_03,Mars,False,TRAPPIST-1e,25.0,False,412.0,0.0,567.0,775.0,0.0,4324,F,810,S
4324_04,Mars,True,55 Cancri e,1.0,False,0.0,0.0,0.0,0.0,0.0,4324,F,810,S
4327_01,Earth,False,TRAPPIST-1e,20.0,False,0.0,187.0,712.0,0.0,0.0,4327,F,811,S
4329_01,Earth,False,,22.0,False,39.0,0.0,63.0,3.0,654.0,4329,F,812,S
4330_01,Mars,False,55 Cancri e,28.0,False,427.0,0.0,754.0,0.0,0.0,4330,D,140,S
4332_01,Earth,True,55 Cancri e,17.0,False,0.0,0.0,0.0,0.0,0.0,4332,G,707,S
4333_01,Europa,False,55 Cancri e,28.0,False,0.0,3345.0,0.0,2143.0,27.0,4333,B,141,P
4334_01,Europa,True,TRAPPIST-1e,47.0,False,0.0,0.0,0.0,0.0,0.0,4334,A,53,S
4335_01,Mars,True,TRAPPIST-1e,34.0,False,0.0,0.0,0.0,0.0,0.0,4335,E,281,S
4336_01,Europa,False,TRAPPIST-1e,29.0,True,267.0,1418.0,257.0,843.0,0.0,4336,C,155,S
4336_02,Europa,True,TRAPPIST-1e,14.0,False,0.0,0.0,0.0,0.0,0.0,4336,C,155,S
4336_03,Europa,False,TRAPPIST-1e,36.0,False,0.0,563.0,0.0,1301.0,830.0,4336,G,734,S
4336_04,Europa,False,55 Cancri e,40.0,False,2320.0,0.0,4874.0,3131.0,498.0,4336,C,155,S
4337_01,Mars,False,TRAPPIST-1e,49.0,False,22.0,0.0,1129.0,0.0,77.0,4337,F,813,S
4338_01,Europa,False,TRAPPIST-1e,51.0,False,0.0,0.0,0.0,0.0,0.0,4338,C,156,S
4338_02,Europa,False,TRAPPIST-1e,41.0,False,0.0,545.0,0.0,2740.0,293.0,4338,C,156,S
4338_03,Europa,False,55 Cancri e,44.0,False,0.0,14201.0,0.0,22.0,584.0,4338,C,156,S
4339_01,Mars,False,TRAPPIST-1e,47.0,False,2044.0,0.0,95.0,0.0,120.0,4339,F,814,S
4340_01,Earth,False,TRAPPIST-1e,22.0,False,0.0,0.0,945.0,0.0,4.0,4340,F,815,S
4343_01,Earth,True,PSO J318.5-22,13.0,False,0.0,0.0,0.0,0.0,0.0,4343,G,708,S
4344_01,Earth,False,TRAPPIST-1e,18.0,False,0.0,35.0,661.0,0.0,63.0,4344,F,816,S
4345_01,Earth,False,TRAPPIST-1e,28.0,False,0.0,1125.0,3.0,562.0,7.0,4345,G,717,P
4346_01,Earth,False,55 Cancri e,22.0,False,429.0,2.0,232.0,0.0,59.0,4346,E,274,P
4347_01,Earth,False,TRAPPIST-1e,50.0,False,444.0,0.0,408.0,0.0,0.0,4347,G,718,P
4348_01,Europa,True,TRAPPIST-1e,47.0,True,0.0,0.0,0.0,0.0,0.0,4348,B,142,P
4349_01,Mars,False,TRAPPIST-1e,55.0,False,802.0,0.0,155.0,4.0,337.0,4349,E,275,P
4350_01,Earth,True,TRAPPIST-1e,21.0,False,0.0,0.0,0.0,0.0,0.0,4350,G,709,S
4350_02,Earth,False,PSO J318.5-22,39.0,False,0.0,0.0,1.0,0.0,2330.0,4350,G,709,S
4351_01,Earth,False,,21.0,,641.0,0.0,409.0,0.0,0.0,4351,F,895,P
4352_01,Europa,False,TRAPPIST-1e,37.0,False,33.0,3484.0,17.0,4.0,1384.0,4352,C,157,S
4352_02,Europa,False,TRAPPIST-1e,31.0,False,22.0,10025.0,2.0,124.0,1.0,4352,C,157,S
4354_01,Earth,False,TRAPPIST-1e,23.0,False,115.0,1.0,0.0,,249.0,4354,E,276,P
4356_01,Europa,True,55 Cancri e,28.0,False,0.0,0.0,0.0,0.0,0.0,4356,B,167,S
4357_01,Mars,False,TRAPPIST-1e,23.0,False,118.0,0.0,949.0,206.0,2071.0,4357,D,148,P
4358_01,Earth,False,PSO J318.5-22,20.0,False,0.0,272.0,108.0,,230.0,4358,F,818,S
4359_01,Europa,False,TRAPPIST-1e,28.0,False,3.0,2127.0,0.0,696.0,10.0,4359,C,137,P
4359_02,Europa,False,55 Cancri e,40.0,False,0.0,17687.0,0.0,425.0,155.0,4359,C,137,P
4359_03,Europa,False,55 Cancri e,54.0,False,0.0,1832.0,0.0,0.0,1768.0,4359,C,137,P
4360_01,Mars,True,TRAPPIST-1e,18.0,False,0.0,0.0,0.0,0.0,0.0,4360,F,896,P
4361_01,Earth,False,55 Cancri e,27.0,False,0.0,14.0,0.0,734.0,331.0,4361,F,819,S
4362_01,Europa,False,TRAPPIST-1e,43.0,False,0.0,1947.0,0.0,0.0,1651.0,4362,B,168,S
4364_01,Earth,True,PSO J318.5-22,25.0,False,0.0,0.0,0.0,0.0,0.0,4364,G,720,P
4365_01,,False,TRAPPIST-1e,13.0,False,552.0,247.0,0.0,4.0,0.0,4365,F,898,P
4366_01,Earth,,PSO J318.5-22,15.0,False,0.0,0.0,873.0,0.0,5.0,4366,F,899,P
4367_01,Earth,True,55 Cancri e,37.0,False,0.0,0.0,0.0,0.0,0.0,4367,G,710,S
4368_01,Mars,True,55 Cancri e,32.0,False,0.0,0.0,0.0,0.0,0.0,4368,F,900,P
4369_01,Earth,False,TRAPPIST-1e,19.0,False,857.0,0.0,0.0,0.0,0.0,4369,F,820,S
4370_01,Earth,False,TRAPPIST-1e,21.0,False,3.0,1.0,0.0,1494.0,110.0,4370,G,734,S
4371_01,Europa,,TRAPPIST-1e,27.0,False,0.0,2717.0,0.0,0.0,986.0,4371,C,158,S
4371_02,Europa,False,55 Cancri e,39.0,False,106.0,243.0,126.0,7.0,4967.0,4371,C,158,S
4371_03,,True,TRAPPIST-1e,22.0,False,0.0,0.0,0.0,0.0,0.0,4371,C,158,S
4371_04,Europa,False,TRAPPIST-1e,25.0,False,0.0,4384.0,4285.0,812.0,360.0,4371,C,158,S
4371_05,Europa,False,55 Cancri e,34.0,False,,7221.0,0.0,288.0,2275.0,4371,C,158,S
4372_01,Mars,True,TRAPPIST-1e,54.0,False,0.0,,0.0,0.0,0.0,4372,F,821,S
4372_02,Mars,False,TRAPPIST-1e,42.0,False,954.0,0.0,1.0,0.0,0.0,4372,E,283,S
4373_01,Earth,False,PSO J318.5-22,36.0,False,735.0,0.0,2.0,0.0,0.0,4373,F,822,S
4376_01,Earth,False,PSO J318.5-22,43.0,False,0.0,168.0,3.0,0.0,452.0,4376,E,284,S
4382_01,Earth,False,PSO J318.5-22,23.0,False,65.0,94.0,0.0,0.0,445.0,4382,F,901,P
4383_01,Europa,False,TRAPPIST-1e,57.0,False,0.0,0.0,0.0,0.0,0.0,4383,B,169,S
4386_01,Europa,False,TRAPPIST-1e,54.0,False,0.0,0.0,0.0,0.0,0.0,4386,B,170,S
4386_02,Europa,False,TRAPPIST-1e,51.0,False,0.0,16455.0,885.0,0.0,363.0,4386,B,170,S
4387_01,Mars,False,PSO J318.5-22,32.0,False,192.0,0.0,441.0,18.0,0.0,4387,F,902,P
4388_01,Europa,False,TRAPPIST-1e,33.0,False,0.0,0.0,0.0,0.0,0.0,4388,B,171,S
4390_01,Mars,True,TRAPPIST-1e,8.0,False,0.0,0.0,0.0,0.0,0.0,4390,F,903,P
4390_02,Mars,True,TRAPPIST-1e,44.0,False,0.0,0.0,0.0,0.0,0.0,4390,F,903,P
4390_03,Mars,False,TRAPPIST-1e,27.0,False,875.0,0.0,61.0,289.0,0.0,4390,F,903,P
4391_01,Earth,False,TRAPPIST-1e,48.0,False,383.0,0.0,0.0,393.0,10.0,4391,F,904,P
4392_01,Earth,False,55 Cancri e,13.0,False,38.0,0.0,0.0,733.0,0.0,4392,G,714,S
4393_01,Earth,True,TRAPPIST-1e,5.0,False,0.0,0.0,0.0,0.0,0.0,4393,G,722,P
4393_02,Earth,False,TRAPPIST-1e,18.0,False,754.0,0.0,34.0,0.0,0.0,4393,E,278,P
4395_01,Earth,False,TRAPPIST-1e,23.0,False,0.0,0.0,206.0,681.0,31.0,4395,F,905,P
4396_01,Earth,False,TRAPPIST-1e,23.0,False,0.0,153.0,11.0,646.0,0.0,4396,G,715,S
4397_01,Earth,True,PSO J318.5-22,35.0,False,0.0,0.0,0.0,0.0,0.0,4397,G,734,S
4399_01,Earth,False,TRAPPIST-1e,25.0,False,141.0,3.0,640.0,0.0,100.0,4399,G,724,P
4400_01,Mars,False,TRAPPIST-1e,32.0,False,689.0,0.0,610.0,0.0,0.0,4400,E,285,S
4400_02,Mars,False,55 Cancri e,0.0,False,0.0,0.0,0.0,0.0,0.0,4400,F,830,S
4400_03,Mars,True,,5.0,False,0.0,0.0,0.0,0.0,0.0,4400,F,830,S
4401_01,Earth,,55 Cancri e,16.0,False,0.0,0.0,0.0,0.0,0.0,4401,G,716,S
4401_02,Earth,True,PSO J318.5-22,18.0,False,0.0,0.0,0.0,0.0,0.0,4401,G,716,S
4402_01,Earth,True,PSO J318.5-22,29.0,False,0.0,0.0,0.0,0.0,0.0,4402,G,725,P
4403_01,Earth,False,TRAPPIST-1e,55.0,False,134.0,935.0,0.0,6.0,394.0,4403,F,831,S
4403_02,Earth,False,,41.0,False,7.0,0.0,297.0,108.0,361.0,4403,G,717,S
4404_01,Earth,,TRAPPIST-1e,38.0,False,,2.0,404.0,121.0,0.0,4404,G,726,P
4405_01,Europa,True,TRAPPIST-1e,27.0,False,0.0,0.0,0.0,0.0,0.0,4405,C,159,S
4407_01,Earth,True,TRAPPIST-1e,55.0,False,0.0,0.0,0.0,0.0,0.0,4407,G,719,S
4408_01,Mars,True,TRAPPIST-1e,75.0,False,0.0,0.0,0.0,0.0,0.0,4408,F,906,P
4409_01,Europa,False,TRAPPIST-1e,50.0,False,0.0,817.0,388.0,78.0,693.0,4409,C,160,S
4410_01,Earth,False,TRAPPIST-1e,23.0,False,27.0,0.0,32.0,725.0,0.0,4410,G,720,S
4411_01,Earth,False,PSO J318.5-22,37.0,False,715.0,0.0,54.0,0.0,0.0,4411,G,721,S
4413_01,Earth,False,TRAPPIST-1e,33.0,False,0.0,0.0,232.0,0.0,622.0,4413,G,722,S
4415_01,Mars,False,TRAPPIST-1e,45.0,False,941.0,281.0,36.0,12.0,39.0,4415,F,833,S
4416_01,Europa,True,55 Cancri e,47.0,False,0.0,0.0,0.0,0.0,0.0,4416,B,143,P
4422_01,Europa,True,TRAPPIST-1e,13.0,False,0.0,0.0,0.0,0.0,0.0,4422,B,172,S
4422_02,Europa,False,TRAPPIST-1e,29.0,False,0.0,6338.0,0.0,1366.0,89.0,4422,B,172,S
4424_01,Mars,False,TRAPPIST-1e,19.0,False,30.0,0.0,42.0,3565.0,7.0,4424,E,287,S
4426_01,Mars,True,TRAPPIST-1e,30.0,False,0.0,0.0,0.0,0.0,0.0,4426,F,835,S
4427_01,Europa,False,55 Cancri e,39.0,False,3.0,83.0,0.0,805.0,2983.0,4427,D,141,S
4427_02,Europa,False,TRAPPIST-1e,31.0,False,0.0,46.0,0.0,209.0,2908.0,4427,D,141,S
4428_01,Europa,False,55 Cancri e,29.0,False,0.0,11417.0,12.0,795.0,402.0,4428,C,162,S
4429_01,Mars,False,TRAPPIST-1e,16.0,False,546.0,90.0,23.0,513.0,0.0,4429,E,288,S
4430_01,Earth,False,PSO J318.5-22,18.0,False,0.0,2.0,1513.0,0.0,0.0,4430,F,836,S
4431_01,Earth,False,55 Cancri e,38.0,False,8.0,0.0,1414.0,10.0,3.0,4431,G,727,P
4432_01,Earth,True,TRAPPIST-1e,50.0,False,0.0,0.0,0.0,0.0,0.0,4432,G,728,P
4433_01,Earth,True,PSO J318.5-22,21.0,False,0.0,0.0,0.0,0.0,0.0,4433,G,729,P
4436_01,Earth,True,PSO J318.5-22,22.0,False,0.0,0.0,0.0,0.0,0.0,4436,G,730,P
4437_01,Earth,True,TRAPPIST-1e,20.0,False,0.0,0.0,0.0,0.0,0.0,4437,G,725,S
4438_01,Mars,False,TRAPPIST-1e,36.0,False,721.0,0.0,471.0,0.0,0.0,4438,F,910,P
4440_01,,False,TRAPPIST-1e,23.0,False,,282.0,0.0,0.0,71.0,4440,F,911,P
4441_01,Europa,True,55 Cancri e,31.0,True,0.0,0.0,0.0,0.0,0.0,4441,B,144,P
4441_02,Europa,True,TRAPPIST-1e,39.0,False,0.0,0.0,0.0,0.0,0.0,4441,B,144,P
4441_03,Europa,False,55 Cancri e,50.0,False,0.0,4558.0,0.0,1.0,267.0,4441,B,144,P
4444_01,Earth,False,TRAPPIST-1e,40.0,False,0.0,901.0,0.0,0.0,89.0,4444,E,291,S
4445_01,Earth,False,TRAPPIST-1e,28.0,False,8.0,0.0,77.0,560.0,0.0,4445,F,912,P
4446_01,Europa,False,TRAPPIST-1e,38.0,False,2.0,114.0,771.0,3094.0,448.0,4446,B,175,S
4446_02,Europa,False,TRAPPIST-1e,37.0,False,0.0,3603.0,33.0,7113.0,1.0,4446,B,175,S
4446_03,Europa,True,55 Cancri e,59.0,False,0.0,0.0,0.0,0.0,0.0,4446,B,175,S
4446_04,Europa,False,55 Cancri e,41.0,False,35.0,6103.0,0.0,180.0,160.0,4446,B,175,S
4446_05,Europa,,TRAPPIST-1e,33.0,False,0.0,4017.0,,,2260.0,4446,B,175,S
4447_01,Earth,True,TRAPPIST-1e,54.0,False,0.0,0.0,0.0,0.0,0.0,4447,G,734,S
4448_01,Earth,False,TRAPPIST-1e,40.0,False,0.0,0.0,2414.0,0.0,0.0,4448,F,913,P
4449_01,Mars,False,TRAPPIST-1e,43.0,False,130.0,0.0,870.0,31.0,26.0,4449,D,142,S
4450_01,Europa,True,55 Cancri e,26.0,False,0.0,0.0,0.0,0.0,0.0,4450,C,140,P
4450_02,Europa,False,55 Cancri e,65.0,False,0.0,7194.0,0.0,6.0,,4450,C,140,P
4450_03,Europa,True,55 Cancri e,22.0,False,0.0,0.0,0.0,0.0,0.0,4450,C,140,P
4450_04,Europa,False,TRAPPIST-1e,28.0,False,0.0,3627.0,0.0,31.0,3263.0,4450,C,140,P
4451_01,,True,TRAPPIST-1e,35.0,False,0.0,0.0,0.0,0.0,0.0,4451,F,914,P
4452_01,Earth,True,TRAPPIST-1e,30.0,,0.0,0.0,0.0,0.0,0.0,4452,G,727,S
4453_01,Europa,False,TRAPPIST-1e,28.0,False,0.0,2560.0,0.0,134.0,307.0,4453,D,149,P
4456_01,Earth,False,TRAPPIST-1e,23.0,False,0.0,10.0,159.0,,125.0,4456,F,916,P
4457_01,Earth,False,TRAPPIST-1e,24.0,False,698.0,0.0,51.0,2.0,4.0,4457,F,917,P
4459_01,Earth,True,PSO J318.5-22,16.0,False,0.0,0.0,0.0,0.0,,4459,G,733,P
4461_01,Mars,True,TRAPPIST-1e,18.0,False,0.0,0.0,0.0,0.0,0.0,4461,F,838,S
4462_01,Earth,False,TRAPPIST-1e,20.0,False,399.0,77.0,311.0,0.0,16.0,4462,F,918,P
4463_01,Europa,True,,29.0,False,0.0,0.0,0.0,0.0,0.0,4463,B,145,P
4463_02,Europa,True,TRAPPIST-1e,29.0,False,0.0,0.0,0.0,0.0,0.0,4463,B,145,P
4464_01,Earth,False,TRAPPIST-1e,21.0,False,0.0,0.0,0.0,0.0,0.0,4464,G,728,S
4465_01,Europa,True,TRAPPIST-1e,2.0,False,0.0,0.0,0.0,0.0,0.0,4465,A,54,S
4465_02,Europa,False,TRAPPIST-1e,43.0,False,31.0,76.0,0.0,1353.0,1713.0,4465,A,54,S
4465_03,Europa,False,TRAPPIST-1e,28.0,False,0.0,1883.0,0.0,1.0,4560.0,4465,A,54,S
4466_01,Europa,False,55 Cancri e,31.0,True,0.0,2461.0,0.0,51.0,2141.0,4466,A,40,P
4467_01,Earth,False,TRAPPIST-1e,23.0,False,36.0,18.0,670.0,0.0,32.0,4467,F,919,P
4469_01,Europa,True,TRAPPIST-1e,26.0,False,0.0,0.0,0.0,0.0,0.0,4469,B,146,P
4469_02,Europa,False,55 Cancri e,43.0,False,0.0,39.0,327.0,4643.0,85.0,4469,B,146,P
4470_01,Earth,False,TRAPPIST-1e,28.0,False,1549.0,0.0,5.0,0.0,0.0,4470,F,839,S
4472_01,Earth,False,PSO J318.5-22,24.0,False,0.0,266.0,1455.0,59.0,0.0,4472,G,734,P
4472_02,Earth,False,TRAPPIST-1e,27.0,False,110.0,0.0,638.0,0.0,0.0,4472,F,920,P
4473_01,Mars,False,55 Cancri e,13.0,False,2244.0,31.0,507.0,0.0,142.0,4473,F,841,S
4473_02,Mars,False,TRAPPIST-1e,27.0,False,994.0,0.0,26.0,1.0,0.0,4473,E,292,S
4474_01,Earth,True,TRAPPIST-1e,2.0,False,,0.0,0.0,0.0,0.0,4474,G,730,S
4474_02,Earth,True,TRAPPIST-1e,24.0,False,0.0,0.0,0.0,0.0,0.0,4474,G,730,S
4474_03,Earth,True,TRAPPIST-1e,2.0,False,0.0,0.0,,0.0,,4474,G,730,S
4475_01,Europa,False,TRAPPIST-1e,50.0,True,13.0,239.0,0.0,161.0,2355.0,4475,A,55,S
4475_02,Europa,True,55 Cancri e,27.0,False,0.0,0.0,0.0,0.0,0.0,4475,A,55,S
4476_01,Earth,False,TRAPPIST-1e,26.0,False,1170.0,0.0,0.0,187.0,100.0,4476,F,921,P
4477_01,Earth,False,55 Cancri e,31.0,False,23.0,0.0,0.0,,17.0,4477,G,731,S
4479_01,Mars,False,TRAPPIST-1e,28.0,False,3559.0,0.0,,13.0,2.0,4479,D,150,P
4482_01,Earth,False,55 Cancri e,4.0,False,0.0,0.0,0.0,0.0,0.0,4482,G,732,S
4482_02,Earth,False,TRAPPIST-1e,9.0,False,0.0,0.0,0.0,0.0,0.0,4482,G,732,S
4482_03,Earth,False,TRAPPIST-1e,0.0,False,0.0,0.0,0.0,0.0,0.0,4482,G,732,S
4482_04,Earth,True,TRAPPIST-1e,35.0,False,0.0,0.0,0.0,0.0,0.0,4482,G,732,S
4482_05,Earth,True,TRAPPIST-1e,3.0,False,0.0,0.0,0.0,0.0,0.0,4482,G,732,S
4483_01,Mars,False,TRAPPIST-1e,25.0,False,1956.0,0.0,161.0,239.0,28.0,4483,D,151,P
4483_02,Mars,False,TRAPPIST-1e,63.0,False,3087.0,0.0,60.0,2.0,0.0,4483,D,151,P
4485_01,Mars,True,TRAPPIST-1e,34.0,False,0.0,0.0,0.0,0.0,0.0,4485,F,922,P
4485_02,Mars,False,TRAPPIST-1e,35.0,False,1219.0,0.0,1742.0,740.0,0.0,4485,F,922,P
4486_01,Earth,True,TRAPPIST-1e,26.0,False,0.0,0.0,0.0,0.0,0.0,4486,G,733,S
4487_01,Earth,False,TRAPPIST-1e,39.0,False,0.0,3.0,0.0,802.0,49.0,4487,G,735,P
4490_01,Europa,False,55 Cancri e,34.0,False,0.0,337.0,1339.0,92.0,264.0,4490,D,143,S
4491_01,Europa,False,TRAPPIST-1e,36.0,False,0.0,1013.0,1.0,16.0,2825.0,4491,B,148,P
4492_01,Earth,True,TRAPPIST-1e,46.0,False,0.0,0.0,0.0,0.0,0.0,4492,G,736,P
4493_01,Earth,False,TRAPPIST-1e,26.0,False,42.0,65.0,895.0,407.0,0.0,4493,F,845,S
4494_01,Mars,True,TRAPPIST-1e,28.0,False,0.0,0.0,0.0,0.0,0.0,4494,F,846,S
4496_01,Earth,False,55 Cancri e,20.0,False,0.0,3080.0,7.0,0.0,67.0,4496,F,924,P
4497_01,Earth,True,TRAPPIST-1e,35.0,False,0.0,0.0,0.0,0.0,0.0,4497,G,737,P
4498_01,Earth,False,55 Cancri e,11.0,False,0.0,0.0,0.0,0.0,0.0,4498,G,734,S
4498_02,Earth,True,PSO J318.5-22,14.0,False,0.0,0.0,0.0,0.0,0.0,4498,G,734,S
4498_03,Earth,True,PSO J318.5-22,4.0,False,0.0,0.0,0.0,0.0,0.0,4498,G,734,S
4498_04,Earth,False,TRAPPIST-1e,11.0,False,0.0,0.0,0.0,0.0,,4498,G,734,S
4498_05,Earth,True,TRAPPIST-1e,31.0,False,0.0,0.0,0.0,0.0,0.0,4498,G,734,S
4498_06,Earth,False,TRAPPIST-1e,15.0,False,0.0,893.0,0.0,0.0,0.0,4498,G,734,S
4498_07,Earth,False,TRAPPIST-1e,39.0,False,0.0,2.0,0.0,69.0,836.0,4498,G,734,S
4498_08,Earth,False,TRAPPIST-1e,7.0,False,0.0,0.0,0.0,0.0,0.0,4498,G,734,S
4500_01,Earth,False,TRAPPIST-1e,24.0,False,83.0,0.0,129.0,504.0,0.0,4500,F,847,S
4501_01,,True,TRAPPIST-1e,22.0,False,0.0,0.0,0.0,0.0,0.0,4501,G,735,S
4502_01,Mars,True,TRAPPIST-1e,26.0,False,0.0,0.0,0.0,0.0,0.0,4502,E,281,P
4505_01,Europa,False,55 Cancri e,53.0,False,0.0,864.0,49.0,39.0,2376.0,4505,C,165,S
4505_02,Europa,False,TRAPPIST-1e,40.0,False,2.0,76.0,0.0,201.0,,4505,C,165,S
4506_01,Mars,False,TRAPPIST-1e,19.0,False,160.0,0.0,889.0,0.0,0.0,4506,E,294,S
4508_01,Mars,False,55 Cancri e,54.0,False,433.0,0.0,867.0,19.0,1.0,4508,F,926,P
4508_02,Mars,False,TRAPPIST-1e,21.0,False,572.0,584.0,128.0,14.0,0.0,4508,E,283,P
4508_03,Mars,False,TRAPPIST-1e,25.0,False,1340.0,0.0,8.0,0.0,0.0,4508,F,926,P
4509_01,Mars,False,TRAPPIST-1e,48.0,False,137.0,0.0,877.0,0.0,0.0,4509,E,295,S
4509_02,Mars,False,PSO J318.5-22,41.0,False,,0.0,1127.0,8.0,0.0,4509,D,144,S
4509_03,Mars,False,TRAPPIST-1e,13.0,False,27.0,0.0,3246.0,0.0,0.0,4509,D,144,S
4510_01,Europa,False,TRAPPIST-1e,57.0,False,0.0,0.0,0.0,0.0,0.0,4510,B,177,S
4511_01,Europa,True,TRAPPIST-1e,25.0,False,0.0,0.0,0.0,0.0,0.0,4511,B,178,S
4511_02,Europa,True,55 Cancri e,48.0,False,0.0,0.0,0.0,0.0,0.0,4511,B,178,S
4512_01,Mars,False,TRAPPIST-1e,34.0,False,849.0,51.0,375.0,0.0,24.0,4512,E,296,S
4514_01,Earth,True,TRAPPIST-1e,16.0,False,0.0,0.0,0.0,0.0,0.0,4514,G,736,S
4515_01,Earth,False,TRAPPIST-1e,0.0,False,0.0,0.0,0.0,0.0,0.0,4515,G,739,P
4515_02,Earth,False,55 Cancri e,15.0,False,6.0,1740.0,2184.0,0.0,0.0,4515,G,739,P
4516_01,Earth,False,55 Cancri e,37.0,False,426.0,0.0,2.0,194.0,308.0,4516,F,848,S
4517_01,Earth,False,TRAPPIST-1e,37.0,False,452.0,0.0,234.0,19.0,1290.0,4517,F,849,S
4518_01,Earth,False,TRAPPIST-1e,49.0,False,820.0,1.0,690.0,292.0,13.0,4518,G,740,P
4521_01,Earth,False,TRAPPIST-1e,18.0,False,1.0,1.0,0.0,0.0,746.0,4521,F,929,P
4522_01,Earth,False,TRAPPIST-1e,25.0,False,101.0,32.0,0.0,137.0,633.0,4522,F,850,S
4524_01,Earth,False,PSO J318.5-22,,,0.0,116.0,2048.0,2.0,0.0,4524,F,930,P
4529_01,Earth,False,55 Cancri e,43.0,False,26.0,132.0,3.0,117.0,555.0,4529,G,738,S
4530_01,Earth,False,TRAPPIST-1e,20.0,False,9.0,0.0,157.0,525.0,0.0,4530,F,933,P
4531_01,Europa,True,TRAPPIST-1e,54.0,False,0.0,0.0,0.0,0.0,0.0,4531,C,142,P
4532_01,Earth,True,TRAPPIST-1e,30.0,False,0.0,0.0,0.0,0.0,0.0,4532,G,739,S
4533_01,Europa,True,TRAPPIST-1e,37.0,False,0.0,0.0,0.0,0.0,0.0,4533,B,149,P
4534_01,Earth,False,55 Cancri e,30.0,False,60.0,41.0,553.0,1.0,0.0,4534,F,851,S
4535_01,Earth,False,TRAPPIST-1e,20.0,False,631.0,93.0,0.0,0.0,0.0,4535,F,934,P
4535_02,Earth,False,TRAPPIST-1e,20.0,False,25.0,0.0,796.0,44.0,44.0,4535,G,742,P
4537_01,Earth,False,TRAPPIST-1e,24.0,False,0.0,591.0,0.0,0.0,1560.0,4537,F,852,S
4538_01,Earth,False,TRAPPIST-1e,44.0,False,0.0,121.0,0.0,748.0,0.0,4538,F,935,P
4539_01,Earth,False,55 Cancri e,0.0,False,0.0,0.0,0.0,0.0,0.0,4539,G,740,S
4539_02,Earth,True,TRAPPIST-1e,15.0,False,0.0,0.0,0.0,0.0,0.0,4539,G,740,S
4542_01,Europa,True,TRAPPIST-1e,19.0,False,0.0,0.0,0.0,0.0,0.0,4542,B,150,P
4542_02,Europa,True,55 Cancri e,20.0,False,0.0,0.0,0.0,0.0,0.0,4542,B,150,P
4543_01,Mars,False,PSO J318.5-22,20.0,True,14.0,0.0,59.0,1777.0,0.0,4543,F,936,P
4544_01,Earth,True,TRAPPIST-1e,34.0,False,0.0,0.0,0.0,0.0,0.0,4544,G,743,P
4546_01,Earth,,PSO J318.5-22,17.0,False,0.0,0.0,0.0,0.0,0.0,4546,G,744,P
4547_01,Earth,False,TRAPPIST-1e,20.0,False,0.0,25.0,0.0,0.0,803.0,4547,E,297,S
4549_01,Earth,False,TRAPPIST-1e,42.0,False,0.0,1.0,0.0,17.0,1601.0,4549,E,298,S
4550_01,Earth,False,TRAPPIST-1e,28.0,False,0.0,180.0,516.0,,,4550,F,853,S
4552_01,Mars,False,TRAPPIST-1e,43.0,False,375.0,103.0,1990.0,36.0,0.0,4552,F,937,P
4553_01,Europa,False,PSO J318.5-22,55.0,True,0.0,102.0,0.0,278.0,5353.0,4553,C,143,P
4555_01,Earth,False,TRAPPIST-1e,21.0,False,29.0,27.0,47.0,694.0,11.0,4555,G,743,S
4557_01,Earth,False,TRAPPIST-1e,17.0,False,0.0,656.0,295.0,0.0,35.0,4557,E,286,P
4558_01,Europa,False,55 Cancri e,54.0,False,0.0,559.0,0.0,15238.0,2799.0,4558,C,167,S
4559_01,Earth,False,TRAPPIST-1e,25.0,False,,205.0,,0.0,549.0,4559,F,854,S
4560_01,Earth,False,TRAPPIST-1e,,False,0.0,57.0,851.0,0.0,0.0,4560,G,744,S
4561_01,Europa,False,55 Cancri e,45.0,False,0.0,496.0,0.0,1940.0,4195.0,4561,C,168,S
4562_01,Europa,True,TRAPPIST-1e,31.0,False,0.0,0.0,0.0,0.0,0.0,4562,B,180,S
4563_01,Europa,True,55 Cancri e,19.0,False,0.0,0.0,0.0,0.0,0.0,4563,C,169,S
4564_01,Earth,False,TRAPPIST-1e,30.0,False,,43.0,0.0,0.0,6.0,4564,G,745,P
4565_01,Earth,False,TRAPPIST-1e,24.0,False,191.0,497.0,0.0,0.0,16.0,4565,G,746,P
4567_01,Earth,False,TRAPPIST-1e,,False,0.0,20.0,38.0,359.0,516.0,4567,F,939,P
4568_01,Mars,False,TRAPPIST-1e,42.0,False,4102.0,0.0,36.0,0.0,1825.0,4568,F,940,P
4569_01,Europa,True,55 Cancri e,29.0,False,0.0,0.0,0.0,0.0,0.0,4569,B,151,P
4569_02,Europa,,55 Cancri e,37.0,False,0.0,2235.0,7.0,4098.0,89.0,4569,B,151,P
4570_01,Europa,True,TRAPPIST-1e,64.0,False,0.0,0.0,,0.0,0.0,4570,C,170,S
4571_01,Earth,True,TRAPPIST-1e,24.0,False,0.0,0.0,0.0,0.0,0.0,4571,G,745,S
4572_01,Earth,False,55 Cancri e,23.0,False,42.0,0.0,0.0,765.0,2.0,4572,G,746,S
4573_01,Earth,False,TRAPPIST-1e,22.0,False,686.0,45.0,16.0,7.0,4.0,4573,F,856,S
4574_01,Mars,False,TRAPPIST-1e,23.0,False,176.0,493.0,169.0,0.0,1023.0,4574,F,857,S
4575_01,Earth,,TRAPPIST-1e,21.0,False,3.0,65.0,253.0,475.0,0.0,4575,F,941,P
4576_01,Earth,False,TRAPPIST-1e,37.0,False,661.0,876.0,0.0,3.0,13.0,4576,F,942,P
4577_01,Mars,,TRAPPIST-1e,17.0,False,250.0,0.0,2179.0,0.0,0.0,4577,F,858,S
4580_01,Mars,True,TRAPPIST-1e,35.0,False,0.0,0.0,0.0,0.0,0.0,4580,F,860,S
4581_01,Europa,False,TRAPPIST-1e,33.0,False,0.0,4592.0,0.0,209.0,954.0,4581,B,181,S
4581_02,Europa,False,55 Cancri e,37.0,False,0.0,2337.0,0.0,204.0,76.0,4581,B,181,S
4585_01,Europa,False,55 Cancri e,32.0,False,0.0,154.0,0.0,5492.0,1924.0,4585,B,182,S
4586_01,Mars,False,55 Cancri e,31.0,False,22.0,0.0,,1.0,524.0,4586,F,943,P
4587_01,Europa,False,TRAPPIST-1e,,False,0.0,4020.0,0.0,1635.0,4899.0,4587,A,42,P
4591_01,Europa,True,55 Cancri e,34.0,False,0.0,0.0,0.0,0.0,0.0,4591,E,287,P
4592_01,Mars,False,TRAPPIST-1e,9.0,False,0.0,0.0,0.0,0.0,0.0,4592,F,862,S
4592_02,Mars,True,TRAPPIST-1e,25.0,False,0.0,0.0,0.0,0.0,0.0,4592,F,862,S
4592_03,Mars,True,,29.0,False,0.0,0.0,0.0,0.0,0.0,4592,F,862,S
4592_04,Mars,True,TRAPPIST-1e,1.0,False,0.0,0.0,0.0,0.0,0.0,4592,F,862,S
4593_01,Earth,False,TRAPPIST-1e,30.0,False,1.0,797.0,0.0,10.0,0.0,4593,G,750,S
4594_01,Europa,False,TRAPPIST-1e,64.0,False,77.0,2424.0,0.0,3001.0,127.0,4594,C,144,P
4594_02,Europa,False,TRAPPIST-1e,31.0,False,0.0,6670.0,217.0,625.0,20336.0,4594,C,144,P
4594_03,Europa,False,TRAPPIST-1e,27.0,False,267.0,2802.0,0.0,54.0,77.0,4594,C,144,P
4594_04,Europa,False,TRAPPIST-1e,,False,0.0,4516.0,0.0,6167.0,5308.0,4594,C,144,P
4595_01,Europa,True,TRAPPIST-1e,25.0,False,0.0,0.0,0.0,0.0,0.0,4595,C,145,P
4596_01,,True,TRAPPIST-1e,28.0,False,0.0,0.0,0.0,0.0,0.0,4596,G,751,S
4597_01,Earth,True,TRAPPIST-1e,32.0,False,0.0,0.0,0.0,0.0,0.0,4597,G,748,P
4602_01,Earth,False,55 Cancri e,36.0,False,0.0,0.0,0.0,725.0,2.0,4602,F,945,P
4603_01,Europa,,55 Cancri e,26.0,False,0.0,3593.0,47.0,19.0,229.0,4603,C,171,S
4603_02,Europa,False,TRAPPIST-1e,36.0,False,1.0,5234.0,343.0,277.0,12682.0,4603,C,171,S
4604_01,Earth,False,TRAPPIST-1e,37.0,False,374.0,1327.0,10.0,81.0,0.0,4604,G,753,S
4605_01,Earth,False,TRAPPIST-1e,45.0,False,0.0,0.0,0.0,774.0,0.0,4605,G,750,P
4606_01,Europa,False,TRAPPIST-1e,22.0,False,165.0,36.0,0.0,3044.0,556.0,4606,C,172,S
4606_02,Europa,,55 Cancri e,24.0,False,25.0,3291.0,0.0,6075.0,179.0,4606,C,172,S
4607_01,Earth,False,PSO J318.5-22,23.0,False,0.0,138.0,4.0,412.0,220.0,4607,G,751,P
4608_01,Earth,False,55 Cancri e,31.0,False,2.0,20.0,1.0,1026.0,2.0,4608,F,864,S
4609_01,Europa,False,TRAPPIST-1e,37.0,False,1.0,477.0,0.0,0.0,7087.0,4609,C,173,S
4610_01,Earth,False,TRAPPIST-1e,28.0,False,5.0,0.0,0.0,1014.0,0.0,4610,G,752,P
4611_01,Earth,True,TRAPPIST-1e,23.0,False,0.0,0.0,0.0,0.0,0.0,4611,G,754,S
4612_01,Earth,False,55 Cancri e,14.0,False,0.0,166.0,603.0,1.0,0.0,4612,G,755,S
4613_01,Europa,True,TRAPPIST-1e,40.0,False,0.0,0.0,0.0,0.0,0.0,4613,B,152,P
4615_01,Mars,False,TRAPPIST-1e,42.0,False,36.0,0.0,2554.0,0.0,9.0,4615,F,865,S
4617_01,Earth,False,TRAPPIST-1e,53.0,False,19.0,81.0,85.0,768.0,489.0,4617,F,866,S
4620_01,Earth,True,TRAPPIST-1e,46.0,False,0.0,0.0,0.0,0.0,0.0,4620,G,757,S
4621_01,Mars,False,TRAPPIST-1e,28.0,False,0.0,79.0,2003.0,0.0,0.0,4621,E,289,P
4622_01,Earth,True,55 Cancri e,25.0,False,0.0,0.0,0.0,0.0,0.0,4622,G,753,P
4623_01,Europa,False,PSO J318.5-22,34.0,True,0.0,,21.0,7.0,16.0,4623,C,146,P
4624_01,Mars,False,TRAPPIST-1e,58.0,False,1246.0,0.0,66.0,36.0,0.0,4624,F,868,S
4625_01,Europa,False,TRAPPIST-1e,31.0,False,0.0,2520.0,1.0,1.0,0.0,4625,B,183,S
4625_02,Europa,True,55 Cancri e,24.0,False,0.0,0.0,0.0,0.0,0.0,4625,B,183,S
4625_03,Europa,False,TRAPPIST-1e,52.0,False,0.0,3275.0,111.0,51.0,18.0,4625,G,734,S
4625_04,Europa,True,55 Cancri e,25.0,False,0.0,0.0,0.0,0.0,0.0,4625,B,183,S
4625_05,Europa,True,TRAPPIST-1e,17.0,False,0.0,0.0,0.0,0.0,0.0,4625,B,183,S
4625_06,,False,TRAPPIST-1e,27.0,False,0.0,453.0,137.0,1331.0,1660.0,4625,B,183,S
4625_07,Europa,True,55 Cancri e,29.0,False,0.0,0.0,0.0,0.0,0.0,4625,B,183,S
4628_01,Europa,False,TRAPPIST-1e,45.0,False,0.0,7484.0,465.0,14.0,610.0,4628,C,175,S
4630_01,Earth,False,PSO J318.5-22,28.0,False,0.0,18.0,0.0,0.0,674.0,4630,F,870,S
4631_01,Europa,True,55 Cancri e,25.0,False,0.0,0.0,,0.0,0.0,4631,C,147,P
4632_01,Europa,True,TRAPPIST-1e,57.0,False,0.0,0.0,0.0,0.0,0.0,4632,C,176,S
4632_02,Europa,True,TRAPPIST-1e,68.0,False,0.0,0.0,0.0,0.0,0.0,4632,C,176,S
4632_03,Europa,False,55 Cancri e,26.0,False,0.0,431.0,28.0,10941.0,26.0,4632,C,176,S
4632_04,Europa,False,TRAPPIST-1e,52.0,False,2.0,364.0,0.0,2144.0,1804.0,4632,C,176,S
4632_05,Europa,False,,36.0,False,0.0,551.0,0.0,5270.0,22.0,4632,C,176,S
4633_01,Earth,False,PSO J318.5-22,41.0,False,454.0,297.0,0.0,2.0,0.0,4633,G,754,P
4634_01,Earth,False,TRAPPIST-1e,14.0,False,514.0,0.0,392.0,0.0,0.0,4634,E,299,S
4635_01,Earth,True,PSO J318.5-22,16.0,False,0.0,0.0,0.0,0.0,0.0,4635,G,755,P
4637_01,Mars,False,TRAPPIST-1e,24.0,False,672.0,0.0,501.0,0.0,,4637,G,734,S
4638_01,Europa,False,TRAPPIST-1e,62.0,True,0.0,1633.0,0.0,1742.0,0.0,4638,B,153,P
4640_01,Earth,False,55 Cancri e,26.0,False,595.0,84.0,0.0,0.0,131.0,4640,G,760,S
4641_01,Earth,False,TRAPPIST-1e,45.0,False,65.0,63.0,3.0,713.0,27.0,4641,F,871,S
4642_01,Europa,False,TRAPPIST-1e,41.0,False,0.0,412.0,0.0,4030.0,0.0,4642,C,178,S
4643_01,Earth,False,TRAPPIST-1e,36.0,False,,724.0,0.0,0.0,0.0,4643,F,947,P
4644_01,Earth,False,55 Cancri e,13.0,False,8.0,1385.0,1445.0,250.0,8.0,4644,F,872,S
4645_01,Europa,False,TRAPPIST-1e,48.0,False,0.0,9633.0,0.0,1.0,2.0,4645,B,184,S
4645_02,Europa,True,TRAPPIST-1e,,False,0.0,0.0,0.0,0.0,0.0,4645,B,184,S
4646_01,Earth,False,PSO J318.5-22,22.0,False,141.0,16.0,0.0,177.0,336.0,4646,F,873,S
4648_01,,False,TRAPPIST-1e,39.0,False,290.0,0.0,84.0,266.0,0.0,4648,F,874,S
4649_01,Earth,False,TRAPPIST-1e,45.0,False,1399.0,226.0,0.0,0.0,0.0,4649,E,290,P
4650_01,Earth,False,TRAPPIST-1e,42.0,False,84.0,323.0,0.0,1251.0,120.0,4650,G,762,S
4651_01,Europa,False,TRAPPIST-1e,33.0,False,0.0,7039.0,0.0,902.0,405.0,4651,C,179,S
4652_01,Earth,False,TRAPPIST-1e,27.0,False,0.0,89.0,874.0,34.0,0.0,4652,G,734,S
4653_01,Earth,False,,47.0,False,0.0,370.0,0.0,380.0,38.0,4653,E,302,S
4654_01,Europa,True,TRAPPIST-1e,20.0,False,0.0,0.0,0.0,0.0,0.0,4654,E,291,P
4655_01,Europa,True,55 Cancri e,32.0,False,0.0,0.0,0.0,0.0,0.0,4655,B,154,P
4655_02,,True,TRAPPIST-1e,54.0,False,0.0,0.0,0.0,0.0,0.0,4655,B,154,P
4656_01,Earth,False,TRAPPIST-1e,23.0,False,0.0,1125.0,0.0,,993.0,4656,F,875,S
4656_02,Earth,False,TRAPPIST-1e,9.0,False,0.0,0.0,0.0,0.0,0.0,4656,G,763,S
4657_01,Earth,False,TRAPPIST-1e,17.0,False,372.0,0.0,477.0,0.0,0.0,4657,G,756,P
4658_01,Europa,False,TRAPPIST-1e,26.0,False,0.0,823.0,0.0,1821.0,1508.0,4658,D,147,S
4658_02,Europa,False,TRAPPIST-1e,38.0,False,0.0,93.0,0.0,0.0,7303.0,4658,D,147,S
4659_01,Earth,False,TRAPPIST-1e,24.0,False,703.0,0.0,0.0,0.0,0.0,4659,F,876,S
4661_01,Earth,False,,30.0,False,77.0,2325.0,5.0,117.0,1.0,4661,F,948,P
4661_02,Earth,True,55 Cancri e,2.0,False,0.0,0.0,0.0,0.0,0.0,4661,G,757,P
4661_03,Earth,True,TRAPPIST-1e,4.0,False,0.0,0.0,0.0,0.0,0.0,4661,G,757,P
4661_04,Earth,True,TRAPPIST-1e,9.0,False,0.0,0.0,0.0,0.0,0.0,4661,G,757,P
4661_05,Earth,False,TRAPPIST-1e,30.0,False,0.0,0.0,3.0,3434.0,0.0,4661,F,948,P
4661_06,Earth,True,TRAPPIST-1e,5.0,False,0.0,0.0,0.0,,0.0,4661,G,757,P
4661_07,Earth,False,TRAPPIST-1e,2.0,,0.0,0.0,0.0,0.0,0.0,4661,G,757,P
4662_01,Europa,False,TRAPPIST-1e,32.0,False,45.0,985.0,0.0,0.0,6803.0,4662,C,148,P
4662_02,Europa,True,,53.0,False,0.0,0.0,0.0,0.0,0.0,4662,C,148,P
4662_03,Europa,False,TRAPPIST-1e,46.0,False,0.0,3856.0,0.0,1.0,312.0,4662,G,734,S
4663_01,Earth,True,TRAPPIST-1e,2.0,False,0.0,0.0,0.0,0.0,0.0,4663,G,765,S
4663_02,Earth,True,TRAPPIST-1e,1.0,False,0.0,0.0,0.0,0.0,0.0,4663,G,765,S
4663_03,Earth,True,TRAPPIST-1e,11.0,False,0.0,0.0,0.0,0.0,0.0,4663,G,765,S
4663_04,Earth,False,55 Cancri e,3.0,False,0.0,0.0,0.0,0.0,0.0,4663,G,765,S
4663_05,Earth,True,TRAPPIST-1e,33.0,False,0.0,0.0,0.0,0.0,0.0,4663,G,765,S
4663_06,Earth,True,55 Cancri e,3.0,False,0.0,0.0,0.0,0.0,0.0,4663,G,765,S
4664_01,Earth,False,TRAPPIST-1e,38.0,False,182.0,776.0,3.0,33.0,0.0,4664,E,303,S
4665_01,Earth,True,PSO J318.5-22,21.0,False,0.0,0.0,0.0,0.0,0.0,4665,G,758,P
4667_01,Earth,True,TRAPPIST-1e,41.0,False,0.0,0.0,0.0,0.0,0.0,4667,G,734,S
4668_01,Europa,True,55 Cancri e,64.0,False,0.0,0.0,0.0,0.0,0.0,4668,C,180,S
4668_02,Europa,True,55 Cancri e,27.0,True,0.0,0.0,0.0,0.0,0.0,4668,C,180,S
4672_01,Earth,True,55 Cancri e,41.0,False,0.0,,,0.0,0.0,4672,G,759,P
4673_01,Earth,False,,19.0,False,35.0,2.0,481.0,121.0,,4673,F,950,P
4676_01,Earth,False,TRAPPIST-1e,42.0,False,0.0,0.0,1677.0,65.0,62.0,4676,G,760,P
4677_01,Europa,False,55 Cancri e,30.0,False,0.0,4066.0,0.0,544.0,1272.0,4677,C,150,P
4678_01,Earth,False,TRAPPIST-1e,38.0,False,183.0,203.0,0.0,110.0,374.0,4678,F,951,P
4679_01,Europa,False,TRAPPIST-1e,63.0,False,0.0,4579.0,1.0,1006.0,2084.0,4679,C,181,S
4680_01,Mars,False,TRAPPIST-1e,17.0,False,,0.0,38.0,0.0,2.0,4680,D,155,P
4680_02,Mars,True,TRAPPIST-1e,2.0,False,0.0,0.0,0.0,0.0,0.0,4680,F,952,P
4680_03,Mars,,TRAPPIST-1e,19.0,False,0.0,0.0,0.0,0.0,0.0,4680,F,952,P
4680_04,Mars,False,TRAPPIST-1e,37.0,False,1144.0,4.0,34.0,0.0,0.0,4680,D,155,P
4684_01,Mars,False,TRAPPIST-1e,50.0,False,225.0,0.0,796.0,107.0,0.0,4684,F,878,S
4686_01,Earth,False,TRAPPIST-1e,38.0,False,0.0,172.0,615.0,0.0,0.0,4686,G,768,S
4689_01,Europa,False,TRAPPIST-1e,28.0,True,0.0,3119.0,0.0,1404.0,366.0,4689,C,182,S
4690_01,Europa,True,TRAPPIST-1e,35.0,False,0.0,0.0,0.0,0.0,0.0,4690,B,156,P
4690_02,Europa,False,TRAPPIST-1e,27.0,False,14327.0,1487.0,0.0,1.0,0.0,4690,G,734,S
4691_01,Earth,False,TRAPPIST-1e,15.0,False,0.0,7.0,0.0,749.0,0.0,4691,G,769,S
4693_01,Europa,False,TRAPPIST-1e,29.0,True,0.0,920.0,0.0,2052.0,3687.0,4693,B,186,S
4693_02,Europa,True,55 Cancri e,65.0,False,0.0,0.0,0.0,0.0,0.0,4693,B,186,S
4694_01,Earth,False,55 Cancri e,27.0,False,0.0,630.0,0.0,71.0,0.0,4694,F,881,S
4695_01,Mars,False,TRAPPIST-1e,0.0,False,0.0,0.0,0.0,0.0,0.0,4695,F,882,S
4695_02,Mars,False,TRAPPIST-1e,21.0,False,3148.0,0.0,1.0,0.0,0.0,4695,F,882,S
4695_03,Mars,True,TRAPPIST-1e,19.0,False,0.0,0.0,0.0,0.0,0.0,4695,F,882,S
4696_01,Mars,True,TRAPPIST-1e,39.0,False,0.0,0.0,0.0,0.0,0.0,4696,F,883,S
4699_01,Earth,False,55 Cancri e,60.0,False,0.0,0.0,0.0,0.0,,4699,F,955,P
4704_01,Europa,False,55 Cancri e,30.0,False,818.0,44.0,2.0,2956.0,2311.0,4704,D,156,P
4706_01,Earth,True,TRAPPIST-1e,30.0,False,0.0,0.0,0.0,0.0,0.0,4706,G,762,P
4706_02,Earth,True,TRAPPIST-1e,40.0,False,0.0,0.0,0.0,0.0,0.0,4706,G,762,P
4708_01,Mars,False,TRAPPIST-1e,26.0,False,0.0,25.0,13.0,11.0,998.0,4708,E,304,S
4709_01,Earth,False,55 Cancri e,38.0,False,2614.0,0.0,103.0,0.0,0.0,4709,F,957,P
4710_01,Mars,False,TRAPPIST-1e,22.0,False,130.0,15.0,2454.0,0.0,0.0,4710,F,958,P
4710_02,Mars,False,TRAPPIST-1e,,False,179.0,0.0,1805.0,131.0,0.0,4710,E,293,P
4711_01,Mars,False,TRAPPIST-1e,65.0,False,1420.0,0.0,84.0,0.0,0.0,4711,F,959,P
4712_01,Earth,True,PSO J318.5-22,61.0,False,0.0,0.0,0.0,0.0,0.0,4712,G,764,P
4713_01,Earth,False,TRAPPIST-1e,20.0,False,0.0,0.0,111.0,39.0,1094.0,4713,F,885,S
4714_01,Earth,True,TRAPPIST-1e,24.0,False,0.0,0.0,0.0,0.0,0.0,4714,G,765,P
4717_01,Earth,True,TRAPPIST-1e,16.0,False,0.0,0.0,0.0,0.0,0.0,4717,G,766,P
4719_01,Mars,True,TRAPPIST-1e,35.0,False,0.0,,0.0,0.0,0.0,4719,E,305,S
4720_01,Earth,False,TRAPPIST-1e,21.0,False,0.0,681.0,51.0,131.0,1.0,4720,F,887,S
4721_01,Earth,True,TRAPPIST-1e,23.0,False,0.0,0.0,0.0,0.0,0.0,4721,G,771,S
4723_01,Earth,False,55 Cancri e,17.0,False,0.0,262.0,0.0,0.0,502.0,4723,F,888,S
4723_02,Earth,False,PSO J318.5-22,24.0,False,154.0,7.0,241.0,213.0,453.0,4723,F,888,S
4725_01,Earth,False,55 Cancri e,27.0,False,866.0,0.0,0.0,0.0,23.0,4725,G,767,P
4726_01,Europa,False,TRAPPIST-1e,26.0,False,0.0,1910.0,0.0,1777.0,,4726,C,187,S
4726_02,Europa,False,55 Cancri e,26.0,False,0.0,3452.0,0.0,4.0,1960.0,4726,C,187,S
4726_03,Europa,False,TRAPPIST-1e,20.0,False,0.0,3.0,0.0,1271.0,2630.0,4726,C,187,S
4726_04,Europa,True,TRAPPIST-1e,28.0,False,0.0,0.0,0.0,0.0,0.0,4726,C,187,S
4726_05,Europa,False,TRAPPIST-1e,37.0,False,8.0,21.0,0.0,56.0,2167.0,4726,C,187,S
4728_01,Mars,False,TRAPPIST-1e,23.0,False,706.0,0.0,0.0,0.0,583.0,4728,F,889,S
4728_02,Mars,True,,49.0,False,,0.0,0.0,0.0,0.0,4728,F,889,S
4730_01,Europa,False,,50.0,False,0.0,1338.0,0.0,40.0,6178.0,4730,B,158,P
4732_01,Europa,True,TRAPPIST-1e,4.0,False,0.0,,0.0,0.0,0.0,4732,C,151,P
4732_02,Europa,True,TRAPPIST-1e,32.0,False,0.0,0.0,0.0,0.0,0.0,4732,C,151,P
4732_03,Europa,False,TRAPPIST-1e,44.0,False,0.0,0.0,0.0,0.0,0.0,4732,C,151,P
4733_01,Earth,False,TRAPPIST-1e,20.0,False,962.0,0.0,4581.0,105.0,0.0,4733,E,294,P
4738_01,Mars,False,TRAPPIST-1e,30.0,False,531.0,807.0,35.0,200.0,0.0,4738,F,893,S
4738_02,Mars,False,TRAPPIST-1e,29.0,False,574.0,0.0,4940.0,1831.0,2.0,4738,F,893,S
4739_01,Earth,False,TRAPPIST-1e,22.0,False,37.0,3.0,0.0,305.0,581.0,4739,G,773,S
4741_01,Mars,True,TRAPPIST-1e,35.0,False,0.0,0.0,0.0,0.0,0.0,4741,F,961,P
4741_02,Mars,False,55 Cancri e,0.0,,0.0,0.0,0.0,0.0,0.0,4741,F,961,P
4741_03,Mars,,TRAPPIST-1e,6.0,False,0.0,0.0,0.0,0.0,0.0,4741,F,961,P
4743_01,Europa,False,TRAPPIST-1e,38.0,False,0.0,4504.0,0.0,13.0,302.0,4743,E,306,S
4744_01,Europa,False,TRAPPIST-1e,34.0,False,0.0,48.0,2067.0,3.0,6.0,4744,C,152,P
4744_02,Europa,True,55 Cancri e,34.0,False,0.0,0.0,0.0,0.0,0.0,4744,C,152,P
4746_01,Earth,False,TRAPPIST-1e,,False,282.0,8.0,337.0,0.0,0.0,4746,G,775,S
4748_01,Mars,False,TRAPPIST-1e,53.0,False,204.0,142.0,380.0,38.0,1.0,4748,D,149,S
4750_01,Europa,False,TRAPPIST-1e,28.0,False,0.0,395.0,118.0,14.0,1647.0,4750,A,57,S
4750_02,Europa,False,TRAPPIST-1e,31.0,False,0.0,1382.0,0.0,1795.0,588.0,4750,A,57,S
4752_01,Mars,False,PSO J318.5-22,56.0,False,233.0,0.0,1356.0,0.0,171.0,4752,F,964,P
4753_01,Mars,False,TRAPPIST-1e,36.0,False,850.0,,454.0,0.0,0.0,4753,F,895,S
4754_01,Earth,False,55 Cancri e,30.0,False,25.0,245.0,198.0,2.0,321.0,4754,E,307,S
4755_01,Mars,True,TRAPPIST-1e,32.0,False,0.0,0.0,0.0,0.0,0.0,4755,F,965,P
4756_01,Europa,True,55 Cancri e,44.0,,0.0,0.0,0.0,0.0,0.0,4756,C,188,S
4756_02,Europa,True,55 Cancri e,54.0,False,0.0,0.0,,0.0,0.0,4756,C,188,S
4757_01,Earth,False,TRAPPIST-1e,24.0,False,185.0,0.0,476.0,1810.0,53.0,4757,F,896,S
4758_01,Earth,False,TRAPPIST-1e,44.0,False,248.0,0.0,0.0,0.0,623.0,4758,F,966,P
4759_01,Earth,False,TRAPPIST-1e,25.0,False,0.0,3.0,23.0,693.0,0.0,4759,F,897,S
4762_01,Mars,True,TRAPPIST-1e,35.0,False,0.0,0.0,0.0,0.0,0.0,4762,F,968,P
4763_01,Mars,False,TRAPPIST-1e,29.0,False,298.0,0.0,888.0,5.0,0.0,4763,F,969,P
4764_01,Earth,False,TRAPPIST-1e,22.0,False,0.0,669.0,121.0,0.0,56.0,4764,E,308,S
4769_01,Earth,True,TRAPPIST-1e,22.0,False,0.0,0.0,0.0,0.0,0.0,4769,G,776,S
4770_01,Earth,False,55 Cancri e,22.0,False,0.0,509.0,2.0,8.0,74.0,4770,F,900,S
4770_02,Earth,True,PSO J318.5-22,18.0,False,0.0,0.0,0.0,0.0,0.0,4770,F,900,S
4772_01,Earth,False,55 Cancri e,22.0,False,256.0,0.0,0.0,0.0,373.0,4772,F,971,P
4773_01,Earth,False,,52.0,False,935.0,779.0,0.0,0.0,0.0,4773,G,777,S
4774_01,Mars,True,TRAPPIST-1e,0.0,False,0.0,0.0,0.0,0.0,0.0,4774,F,972,P
4774_02,Mars,True,TRAPPIST-1e,1.0,False,0.0,0.0,0.0,0.0,0.0,4774,F,972,P
4774_03,Mars,False,TRAPPIST-1e,34.0,False,2130.0,0.0,1.0,1.0,0.0,4774,F,972,P
4774_04,Mars,True,TRAPPIST-1e,6.0,False,0.0,0.0,0.0,0.0,0.0,4774,F,972,P
4775_01,Earth,False,TRAPPIST-1e,22.0,False,123.0,1.0,660.0,0.0,0.0,4775,G,778,S
4777_01,Earth,True,TRAPPIST-1e,31.0,False,0.0,0.0,0.0,0.0,0.0,4777,G,779,S
4778_01,Europa,False,TRAPPIST-1e,31.0,False,588.0,1261.0,0.0,228.0,6.0,4778,A,58,S
4780_01,Mars,False,TRAPPIST-1e,20.0,False,845.0,0.0,46.0,123.0,0.0,4780,E,309,S
4780_02,Mars,True,TRAPPIST-1e,25.0,False,0.0,0.0,0.0,0.0,0.0,4780,E,309,S
4782_01,Europa,True,55 Cancri e,23.0,False,0.0,0.0,0.0,0.0,0.0,4782,G,734,S
4782_02,Europa,False,TRAPPIST-1e,53.0,False,50.0,11552.0,0.0,2998.0,4334.0,4782,C,189,S
4782_03,Europa,False,55 Cancri e,32.0,False,0.0,225.0,0.0,3873.0,240.0,4782,C,189,S
4782_04,Europa,True,55 Cancri e,27.0,False,0.0,0.0,0.0,0.0,,4782,C,189,S
4782_05,Europa,False,55 Cancri e,48.0,False,0.0,342.0,929.0,10887.0,0.0,4782,C,189,S
4783_01,Europa,False,TRAPPIST-1e,37.0,False,223.0,9495.0,0.0,1318.0,1866.0,4783,A,43,P
4784_01,Mars,True,TRAPPIST-1e,21.0,False,0.0,0.0,0.0,0.0,0.0,4784,F,903,S
4785_01,Europa,True,55 Cancri e,29.0,False,0.0,0.0,0.0,0.0,0.0,4785,B,159,P
4786_01,Europa,True,TRAPPIST-1e,46.0,True,0.0,0.0,0.0,0.0,0.0,4786,B,160,P
4787_01,Earth,False,TRAPPIST-1e,19.0,False,2.0,0.0,,9.0,754.0,4787,G,780,S
4788_01,Earth,False,TRAPPIST-1e,22.0,False,0.0,0.0,0.0,778.0,0.0,4788,F,904,S
4790_01,Europa,False,,54.0,True,0.0,2853.0,0.0,0.0,1666.0,4790,B,189,S
4791_01,Earth,False,TRAPPIST-1e,43.0,False,63.0,1339.0,9.0,253.0,42.0,4791,G,781,S
4792_01,Earth,True,TRAPPIST-1e,18.0,False,0.0,0.0,0.0,0.0,0.0,4792,G,782,S
4793_01,Europa,False,55 Cancri e,36.0,False,13.0,1480.0,1.0,1439.0,1955.0,4793,E,310,S
4793_02,Europa,False,TRAPPIST-1e,20.0,False,0.0,1131.0,3783.0,161.0,0.0,4793,E,310,S
4794_01,Earth,False,TRAPPIST-1e,63.0,False,0.0,104.0,0.0,599.0,0.0,4794,F,974,P
4795_01,Earth,False,TRAPPIST-1e,50.0,False,138.0,706.0,0.0,18.0,40.0,4795,F,905,S
4796_01,Mars,False,TRAPPIST-1e,13.0,False,21.0,0.0,1564.0,0.0,1.0,4796,G,734,S
4796_02,Mars,True,,43.0,False,0.0,0.0,0.0,0.0,0.0,4796,E,311,S
4797_01,Earth,True,PSO J318.5-22,16.0,False,0.0,0.0,0.0,0.0,0.0,4797,G,783,S
4798_01,Mars,True,TRAPPIST-1e,31.0,False,0.0,0.0,0.0,0.0,0.0,4798,F,975,P
4798_02,Mars,True,TRAPPIST-1e,0.0,False,0.0,0.0,0.0,,0.0,4798,F,975,P
4798_03,Mars,True,TRAPPIST-1e,10.0,False,0.0,,0.0,0.0,0.0,4798,F,975,P
4801_01,Earth,True,TRAPPIST-1e,10.0,False,,0.0,0.0,0.0,0.0,4801,G,773,P
4803_01,Earth,False,TRAPPIST-1e,55.0,False,1028.0,18.0,0.0,0.0,0.0,4803,F,977,P
4804_01,Earth,False,TRAPPIST-1e,18.0,False,211.0,594.0,2.0,493.0,62.0,4804,F,906,S
4804_02,Earth,False,TRAPPIST-1e,7.0,False,0.0,0.0,,0.0,0.0,4804,G,785,S
4804_03,Earth,True,TRAPPIST-1e,1.0,False,0.0,0.0,,0.0,0.0,4804,G,785,S
4807_01,Earth,False,TRAPPIST-1e,44.0,False,22.0,1.0,0.0,864.0,0.0,4807,G,776,P
4808_01,Mars,False,TRAPPIST-1e,27.0,False,665.0,631.0,1.0,,0.0,4808,E,299,P
4810_01,Earth,False,PSO J318.5-22,20.0,False,30.0,4.0,0.0,321.0,451.0,4810,G,734,S
4813_01,Europa,False,55 Cancri e,49.0,False,0.0,7762.0,2.0,0.0,98.0,4813,C,190,S
4814_01,Earth,True,55 Cancri e,22.0,False,0.0,0.0,0.0,0.0,0.0,4814,G,788,S
4815_01,Earth,False,55 Cancri e,21.0,False,564.0,9.0,0.0,0.0,30.0,4815,F,907,S
4817_01,Mars,False,TRAPPIST-1e,26.0,False,17.0,0.0,746.0,394.0,0.0,4817,F,979,P
4818_01,Mars,False,TRAPPIST-1e,65.0,False,588.0,196.0,272.0,0.0,0.0,4818,D,150,S
4819_01,Mars,True,TRAPPIST-1e,20.0,False,0.0,0.0,0.0,0.0,0.0,4819,F,980,P
4822_01,Mars,True,55 Cancri e,0.0,False,0.0,0.0,0.0,0.0,0.0,4822,F,981,P
4822_02,Mars,True,TRAPPIST-1e,16.0,False,0.0,0.0,0.0,0.0,0.0,4822,F,981,P
4822_03,,True,TRAPPIST-1e,22.0,False,0.0,0.0,0.0,0.0,0.0,4822,F,981,P
4822_04,Mars,False,TRAPPIST-1e,0.0,False,0.0,0.0,0.0,0.0,0.0,4822,F,981,P
4823_01,Earth,False,TRAPPIST-1e,21.0,False,526.0,0.0,,258.0,0.0,4823,G,777,P
4827_01,Earth,True,PSO J318.5-22,30.0,,0.0,0.0,0.0,0.0,0.0,4827,G,789,S
4828_01,Earth,False,55 Cancri e,14.0,False,363.0,44.0,0.0,0.0,512.0,4828,G,778,P
4829_01,Mars,False,TRAPPIST-1e,45.0,False,944.0,292.0,2.0,,0.0,4829,F,982,P
4830_01,Earth,False,TRAPPIST-1e,22.0,False,0.0,0.0,0.0,19.0,785.0,4830,F,983,P
4831_01,Mars,True,TRAPPIST-1e,21.0,False,0.0,0.0,0.0,0.0,0.0,4831,F,984,P
4832_01,Earth,False,,37.0,False,542.0,440.0,1.0,0.0,0.0,4832,E,301,P
4836_01,Mars,True,TRAPPIST-1e,29.0,False,0.0,,0.0,0.0,0.0,4836,G,734,S
4836_02,Mars,False,TRAPPIST-1e,29.0,True,20.0,,1902.0,0.0,3.0,4836,F,911,S
4837_01,Earth,False,TRAPPIST-1e,21.0,,0.0,198.0,559.0,19.0,44.0,4837,F,912,S
4838_01,Earth,False,TRAPPIST-1e,52.0,False,1.0,13.0,3.0,0.0,700.0,4838,F,913,S
4840_01,,True,TRAPPIST-1e,36.0,False,0.0,0.0,,0.0,0.0,4840,F,915,S
4841_01,Europa,True,55 Cancri e,59.0,False,0.0,0.0,0.0,0.0,0.0,4841,B,192,S
4841_02,Europa,False,TRAPPIST-1e,21.0,False,12.0,1855.0,0.0,1381.0,358.0,4841,B,192,S
4841_03,Europa,False,TRAPPIST-1e,25.0,False,21.0,2148.0,0.0,1966.0,12708.0,4841,B,192,S
4842_01,Mars,False,TRAPPIST-1e,23.0,False,2260.0,0.0,152.0,106.0,60.0,4842,D,152,S
4845_01,Europa,True,55 Cancri e,36.0,False,0.0,0.0,0.0,0.0,0.0,4845,E,302,P
4846_01,Earth,False,TRAPPIST-1e,38.0,False,161.0,3.0,0.0,624.0,0.0,4846,E,314,S
4846_02,Earth,True,TRAPPIST-1e,0.0,False,0.0,0.0,0.0,0.0,,4846,G,791,S
4847_01,Earth,False,TRAPPIST-1e,19.0,False,0.0,0.0,699.0,18.0,86.0,4847,F,917,S
4848_01,Earth,False,TRAPPIST-1e,30.0,False,148.0,0.0,0.0,619.0,34.0,4848,F,986,P
4850_01,Earth,False,TRAPPIST-1e,23.0,False,14.0,0.0,437.0,103.0,333.0,4850,G,792,S
4850_02,Earth,False,TRAPPIST-1e,55.0,False,330.0,114.0,0.0,2.0,0.0,4850,G,792,S
4851_01,Earth,False,PSO J318.5-22,44.0,,0.0,463.0,1.0,172.0,0.0,4851,F,918,S
4853_01,Europa,False,TRAPPIST-1e,30.0,False,4531.0,212.0,10.0,157.0,12.0,4853,C,153,P
4856_01,Earth,False,TRAPPIST-1e,39.0,False,12.0,8.0,0.0,4.0,753.0,4856,F,920,S
4857_01,Earth,False,55 Cancri e,19.0,False,423.0,,0.0,0.0,0.0,4857,G,782,P
4862_01,Earth,False,TRAPPIST-1e,24.0,False,0.0,871.0,17.0,0.0,0.0,4862,G,783,P
4863_01,Europa,,TRAPPIST-1e,37.0,False,1721.0,667.0,,28.0,1362.0,4863,T,2,S
4864_01,Earth,False,55 Cancri e,24.0,False,0.0,0.0,0.0,734.0,21.0,4864,G,784,P
4866_01,Earth,False,TRAPPIST-1e,17.0,False,0.0,0.0,1875.0,142.0,2.0,4866,F,922,S
4868_01,Earth,False,TRAPPIST-1e,17.0,False,0.0,775.0,0.0,13.0,0.0,4868,E,304,P
4870_01,Earth,False,55 Cancri e,14.0,False,8.0,0.0,,0.0,176.0,4870,G,785,P
4871_01,Earth,False,PSO J318.5-22,13.0,False,0.0,611.0,0.0,0.0,0.0,4871,F,990,P
4873_01,Europa,False,55 Cancri e,35.0,False,0.0,1135.0,0.0,0.0,3880.0,4873,C,191,S
4874_01,Mars,False,TRAPPIST-1e,32.0,False,654.0,0.0,655.0,0.0,0.0,4874,F,925,S
4874_02,Mars,True,TRAPPIST-1e,18.0,False,0.0,0.0,0.0,0.0,0.0,4874,F,925,S
4875_01,Earth,False,TRAPPIST-1e,21.0,False,529.0,8.0,89.0,21.0,0.0,4875,F,926,S
4876_01,Mars,False,TRAPPIST-1e,25.0,False,750.0,0.0,109.0,368.0,0.0,4876,F,927,S
4878_01,Mars,False,TRAPPIST-1e,36.0,False,108.0,0.0,941.0,861.0,0.0,4878,F,929,S
4879_01,Earth,False,TRAPPIST-1e,20.0,False,362.0,0.0,31.0,12.0,483.0,4879,G,786,P
4880_01,Earth,False,55 Cancri e,22.0,False,126.0,3.0,0.0,1305.0,0.0,4880,G,787,P
4881_01,Mars,True,TRAPPIST-1e,27.0,False,0.0,0.0,0.0,0.0,0.0,4881,E,315,S
4882_01,Europa,False,TRAPPIST-1e,,False,9.0,2031.0,0.0,20.0,1837.0,4882,B,193,S
4883_01,,True,TRAPPIST-1e,38.0,False,0.0,0.0,0.0,0.0,0.0,4883,G,788,P
4884_01,Mars,True,TRAPPIST-1e,23.0,False,0.0,0.0,0.0,0.0,0.0,4884,E,316,S
4885_01,Mars,False,TRAPPIST-1e,21.0,False,74.0,0.0,713.0,0.0,502.0,4885,F,930,S
4886_01,Earth,False,TRAPPIST-1e,18.0,False,,0.0,1770.0,1284.0,8.0,4886,F,931,S
4887_01,Earth,False,TRAPPIST-1e,20.0,False,0.0,254.0,868.0,405.0,0.0,4887,F,991,P
4888_01,Europa,True,TRAPPIST-1e,28.0,False,0.0,0.0,0.0,0.0,0.0,4888,C,192,S
4889_01,Earth,False,PSO J318.5-22,57.0,False,274.0,8.0,0.0,19.0,466.0,4889,G,794,S
4890_01,Earth,False,55 Cancri e,10.0,False,0.0,0.0,0.0,0.0,0.0,4890,G,795,S
4890_02,Earth,False,TRAPPIST-1e,23.0,False,0.0,0.0,874.0,,0.0,4890,F,932,S
4891_01,Europa,True,TRAPPIST-1e,22.0,False,0.0,0.0,0.0,0.0,0.0,4891,B,194,S
4891_02,Europa,True,55 Cancri e,24.0,False,0.0,0.0,0.0,0.0,0.0,4891,B,194,S
4892_01,Earth,False,TRAPPIST-1e,52.0,False,44.0,,0.0,42.0,1731.0,4892,G,796,S
4893_01,Earth,True,55 Cancri e,31.0,False,0.0,0.0,0.0,0.0,0.0,4893,G,797,S
4895_01,Earth,True,55 Cancri e,15.0,False,0.0,0.0,0.0,0.0,0.0,4895,G,789,P
4896_01,Earth,False,TRAPPIST-1e,40.0,False,176.0,932.0,0.0,0.0,,4896,F,992,P
4897_01,Earth,False,TRAPPIST-1e,18.0,False,0.0,0.0,31.0,2121.0,0.0,4897,F,993,P
4898_01,Earth,False,TRAPPIST-1e,28.0,False,647.0,1.0,32.0,71.0,140.0,4898,F,933,S
4899_01,Earth,True,TRAPPIST-1e,40.0,False,0.0,0.0,0.0,0.0,0.0,4899,G,799,S
4899_02,Earth,False,PSO J318.5-22,32.0,False,8.0,690.0,3.0,5.0,0.0,4899,G,799,S
4900_01,Earth,False,PSO J318.5-22,35.0,False,0.0,0.0,2.0,672.0,10.0,4900,F,994,P
4901_01,Earth,False,TRAPPIST-1e,52.0,False,0.0,837.0,1.0,2.0,8.0,4901,G,790,P
4901_02,Earth,False,TRAPPIST-1e,34.0,False,695.0,25.0,276.0,0.0,0.0,4901,E,305,P
4902_01,Earth,True,TRAPPIST-1e,46.0,False,0.0,0.0,0.0,0.0,0.0,4902,G,791,P
4903_01,Earth,False,55 Cancri e,23.0,False,62.0,0.0,0.0,1.0,2203.0,4903,F,995,P
4904_01,Earth,False,TRAPPIST-1e,44.0,False,2.0,0.0,0.0,788.0,0.0,4904,E,317,S
4909_01,Earth,False,55 Cancri e,59.0,False,460.0,139.0,0.0,1.0,0.0,4909,F,997,P
4910_01,Europa,False,TRAPPIST-1e,42.0,False,0.0,1330.0,0.0,2711.0,691.0,4910,E,306,P
4911_01,Earth,False,TRAPPIST-1e,18.0,False,0.0,0.0,0.0,702.0,0.0,4911,F,998,P
4912_01,Mars,False,TRAPPIST-1e,29.0,False,3284.0,84.0,0.0,0.0,2.0,4912,D,160,P
4912_02,Mars,True,TRAPPIST-1e,15.0,False,0.0,0.0,0.0,0.0,0.0,4912,F,999,P
4913_01,Mars,False,TRAPPIST-1e,19.0,False,1301.0,0.0,31.0,1.0,0.0,4913,F,1000,P
4915_01,Earth,True,PSO J318.5-22,49.0,False,0.0,0.0,0.0,0.0,0.0,4915,G,793,P
4916_01,Mars,True,TRAPPIST-1e,19.0,False,0.0,0.0,0.0,0.0,0.0,4916,F,1001,P
4917_01,Europa,False,55 Cancri e,36.0,True,1.0,10029.0,1.0,1679.0,27.0,4917,B,195,S
4918_01,Earth,True,55 Cancri e,59.0,False,0.0,0.0,0.0,0.0,0.0,4918,G,794,P
4920_01,Earth,True,55 Cancri e,24.0,False,0.0,0.0,0.0,0.0,0.0,4920,G,802,S
4923_01,Mars,True,TRAPPIST-1e,4.0,False,0.0,0.0,0.0,0.0,0.0,4923,F,935,S
4923_02,Mars,True,TRAPPIST-1e,20.0,False,0.0,0.0,0.0,0.0,0.0,4923,F,935,S
4923_03,Mars,False,TRAPPIST-1e,24.0,False,261.0,0.0,780.0,0.0,0.0,4923,F,935,S
4924_01,Mars,False,55 Cancri e,31.0,False,725.0,0.0,747.0,0.0,0.0,4924,F,1002,P
4925_01,Mars,False,TRAPPIST-1e,23.0,False,197.0,76.0,5635.0,7.0,0.0,4925,F,936,S
4927_01,Mars,False,TRAPPIST-1e,3.0,False,0.0,0.0,0.0,0.0,0.0,4927,F,937,S
4927_02,Mars,True,TRAPPIST-1e,22.0,False,0.0,0.0,0.0,0.0,0.0,4927,F,937,S
4927_03,Mars,False,TRAPPIST-1e,20.0,False,0.0,0.0,0.0,0.0,0.0,4927,F,937,S
4927_04,Mars,False,TRAPPIST-1e,0.0,False,0.0,0.0,0.0,0.0,0.0,4927,F,937,S
4929_01,Mars,True,55 Cancri e,13.0,False,0.0,0.0,0.0,0.0,0.0,4929,F,1004,P
4930_01,Europa,True,,47.0,False,0.0,0.0,0.0,0.0,0.0,4930,B,161,P
4930_02,Europa,False,TRAPPIST-1e,51.0,False,0.0,3571.0,106.0,0.0,0.0,4930,B,161,P
4932_01,Mars,,TRAPPIST-1e,22.0,False,223.0,0.0,630.0,14.0,0.0,4932,D,161,P
4932_02,Mars,True,55 Cancri e,3.0,False,0.0,0.0,0.0,0.0,0.0,4932,F,1005,P
4933_01,Mars,False,TRAPPIST-1e,4.0,False,0.0,0.0,0.0,0.0,0.0,4933,F,938,S
4933_02,,False,TRAPPIST-1e,16.0,False,2083.0,0.0,10.0,0.0,0.0,4933,F,938,S
4933_03,Mars,False,TRAPPIST-1e,24.0,False,623.0,0.0,501.0,304.0,776.0,4933,F,938,S
4933_04,Mars,True,TRAPPIST-1e,1.0,False,0.0,0.0,0.0,0.0,0.0,4933,F,938,S
4934_01,Earth,False,TRAPPIST-1e,31.0,False,210.0,20.0,0.0,1027.0,199.0,4934,F,1006,P
4937_01,Earth,False,TRAPPIST-1e,34.0,False,1242.0,444.0,0.0,22.0,0.0,4937,G,803,S
4938_01,Earth,False,55 Cancri e,20.0,False,0.0,0.0,847.0,0.0,0.0,4938,G,804,S
4939_01,Earth,False,TRAPPIST-1e,19.0,False,0.0,2077.0,0.0,0.0,0.0,4939,F,1007,P
4940_01,Earth,True,,19.0,False,0.0,0.0,0.0,0.0,0.0,4940,G,805,S
4941_01,Mars,False,TRAPPIST-1e,35.0,False,988.0,0.0,830.0,2.0,0.0,4941,F,1008,P
4942_01,Earth,True,TRAPPIST-1e,3.0,,0.0,0.0,0.0,0.0,0.0,4942,G,806,S
4942_02,Earth,True,TRAPPIST-1e,36.0,False,0.0,0.0,0.0,0.0,0.0,4942,G,806,S
4943_01,Mars,True,TRAPPIST-1e,20.0,,0.0,0.0,0.0,0.0,0.0,4943,F,1009,P
4944_01,Europa,False,55 Cancri e,,False,269.0,2171.0,2.0,2.0,0.0,4944,A,60,S
4944_02,Europa,False,55 Cancri e,58.0,False,0.0,3448.0,0.0,737.0,2193.0,4944,A,60,S
4944_03,Europa,False,TRAPPIST-1e,56.0,False,153.0,1750.0,0.0,334.0,1539.0,4944,A,60,S
4945_01,Earth,True,PSO J318.5-22,27.0,False,0.0,0.0,0.0,0.0,0.0,4945,G,798,P
4946_01,Earth,True,TRAPPIST-1e,25.0,False,0.0,0.0,0.0,0.0,0.0,4946,G,799,P
4950_01,Earth,True,PSO J318.5-22,39.0,False,0.0,0.0,0.0,0.0,0.0,4950,G,800,P
4951_01,Mars,False,TRAPPIST-1e,43.0,False,11.0,0.0,1297.0,38.0,0.0,4951,F,1010,P
4952_01,Mars,True,TRAPPIST-1e,42.0,False,0.0,0.0,0.0,0.0,0.0,4952,F,939,S
4954_01,Earth,False,TRAPPIST-1e,24.0,False,3.0,1018.0,687.0,50.0,,4954,G,808,S
4956_01,Earth,True,TRAPPIST-1e,19.0,False,0.0,0.0,0.0,0.0,0.0,4956,G,809,S
4958_01,Earth,False,TRAPPIST-1e,32.0,False,0.0,235.0,0.0,474.0,0.0,4958,G,810,S
4961_01,Mars,False,TRAPPIST-1e,32.0,False,1016.0,0.0,307.0,5.0,,4961,F,942,S
4963_01,Earth,True,TRAPPIST-1e,61.0,False,0.0,0.0,0.0,0.0,0.0,4963,G,811,S
4964_01,Mars,False,TRAPPIST-1e,64.0,False,2147.0,0.0,191.0,59.0,0.0,4964,D,154,S
4965_01,Earth,,TRAPPIST-1e,21.0,False,457.0,79.0,1134.0,0.0,0.0,4965,E,308,P
4970_01,Earth,False,PSO J318.5-22,26.0,False,0.0,9.0,0.0,0.0,1376.0,4970,F,943,S
4972_01,Europa,False,55 Cancri e,35.0,False,87.0,1719.0,2750.0,0.0,79.0,4972,B,162,P
4973_01,Earth,False,TRAPPIST-1e,43.0,False,957.0,0.0,1.0,0.0,39.0,4973,E,309,P
4973_02,Earth,True,55 Cancri e,3.0,False,0.0,0.0,0.0,0.0,0.0,4973,G,803,P
4974_01,Europa,False,TRAPPIST-1e,56.0,False,0.0,10.0,0.0,9319.0,1225.0,4974,A,44,P
4974_02,Europa,True,55 Cancri e,45.0,False,0.0,0.0,0.0,0.0,,4974,G,734,S
4975_01,Earth,True,PSO J318.5-22,25.0,False,0.0,0.0,0.0,0.0,0.0,4975,G,813,S
4975_02,Earth,False,TRAPPIST-1e,12.0,False,0.0,0.0,0.0,0.0,0.0,4975,G,813,S
4975_03,Earth,True,PSO J318.5-22,2.0,False,0.0,0.0,0.0,0.0,0.0,4975,G,813,S
4977_01,Earth,False,TRAPPIST-1e,46.0,False,0.0,4.0,834.0,0.0,32.0,4977,F,945,S
4977_02,Earth,False,TRAPPIST-1e,32.0,False,2756.0,125.0,9.0,0.0,103.0,4977,F,945,S
4978_01,Earth,False,TRAPPIST-1e,20.0,False,0.0,358.0,287.0,0.0,,4978,F,1015,P
4979_01,Earth,True,PSO J318.5-22,24.0,False,0.0,0.0,0.0,0.0,0.0,4979,G,804,P
4980_01,Earth,False,TRAPPIST-1e,28.0,False,0.0,0.0,0.0,882.0,0.0,4980,G,805,P
4980_02,Earth,False,,12.0,False,0.0,0.0,0.0,0.0,0.0,4980,G,805,P
4980_03,Earth,False,TRAPPIST-1e,11.0,False,0.0,0.0,0.0,0.0,0.0,4980,G,805,P
4981_01,Earth,,TRAPPIST-1e,16.0,False,0.0,769.0,0.0,0.0,7.0,4981,F,946,S
4981_02,Earth,,PSO J318.5-22,29.0,False,0.0,0.0,0.0,0.0,0.0,4981,G,814,S
4981_03,Earth,False,TRAPPIST-1e,24.0,False,530.0,0.0,0.0,0.0,179.0,4981,G,814,S
4983_01,Earth,False,TRAPPIST-1e,22.0,False,61.0,0.0,214.0,445.0,,4983,F,1016,P
4987_01,Earth,False,TRAPPIST-1e,21.0,False,36.0,162.0,0.0,588.0,0.0,4987,G,816,S
4989_01,Earth,False,TRAPPIST-1e,38.0,False,0.0,1.0,0.0,786.0,0.0,4989,E,310,P
4990_01,Europa,True,TRAPPIST-1e,35.0,False,0.0,0.0,0.0,0.0,0.0,4990,B,164,P
4991_01,Earth,False,TRAPPIST-1e,79.0,False,610.0,,0.0,200.0,5.0,4991,G,806,P
4992_01,Earth,False,PSO J318.5-22,22.0,False,479.0,34.0,0.0,29.0,4.0,4992,F,1018,P
4995_01,Earth,False,55 Cancri e,42.0,False,642.0,282.0,0.0,0.0,0.0,4995,G,807,P
4996_01,Mars,True,,34.0,False,0.0,0.0,0.0,0.0,0.0,4996,F,949,S
4997_01,Europa,True,TRAPPIST-1e,52.0,False,0.0,0.0,0.0,0.0,0.0,4997,C,156,P
4998_01,Earth,True,TRAPPIST-1e,43.0,False,0.0,0.0,0.0,0.0,0.0,4998,G,818,S
4999_01,Earth,False,TRAPPIST-1e,30.0,False,1120.0,0.0,0.0,0.0,794.0,4999,F,950,S
5000_01,Earth,True,TRAPPIST-1e,35.0,False,0.0,0.0,0.0,0.0,0.0,5000,G,808,P
5003_01,Earth,True,TRAPPIST-1e,18.0,False,0.0,0.0,0.0,0.0,0.0,5003,G,809,P
5004_01,Europa,True,TRAPPIST-1e,27.0,False,0.0,0.0,0.0,0.0,0.0,5004,B,165,P
5005_01,Earth,False,TRAPPIST-1e,46.0,False,819.0,31.0,0.0,49.0,2.0,5005,F,1019,P
5006_01,Europa,True,TRAPPIST-1e,15.0,False,0.0,0.0,0.0,0.0,0.0,5006,B,166,P
5006_02,Europa,True,55 Cancri e,44.0,False,0.0,0.0,0.0,0.0,0.0,5006,B,166,P
5006_03,Europa,False,TRAPPIST-1e,20.0,False,0.0,219.0,0.0,5.0,3283.0,5006,B,166,P
5007_01,Mars,False,TRAPPIST-1e,35.0,False,1337.0,49.0,57.0,0.0,0.0,5007,F,951,S
5008_01,Mars,True,TRAPPIST-1e,19.0,False,0.0,0.0,0.0,0.0,0.0,5008,F,952,S
5009_01,Mars,True,TRAPPIST-1e,47.0,False,0.0,0.0,0.0,0.0,0.0,5009,F,1020,P
5010_01,Mars,False,TRAPPIST-1e,26.0,True,1033.0,172.0,26.0,0.0,518.0,5010,F,1021,P
5012_01,Earth,True,55 Cancri e,24.0,False,0.0,0.0,0.0,0.0,0.0,5012,G,811,P
5013_01,Earth,False,TRAPPIST-1e,23.0,False,0.0,0.0,2102.0,0.0,0.0,5013,F,953,S
5014_01,,False,TRAPPIST-1e,26.0,False,1331.0,0.0,973.0,484.0,0.0,5014,D,162,P
5014_02,Mars,True,TRAPPIST-1e,5.0,False,0.0,0.0,0.0,0.0,0.0,5014,F,1022,P
5015_01,Europa,False,55 Cancri e,35.0,False,54.0,493.0,12.0,6691.0,253.0,5015,C,194,S
5016_01,Mars,False,TRAPPIST-1e,18.0,False,1092.0,31.0,309.0,0.0,0.0,5016,F,1023,P
5017_01,Mars,True,TRAPPIST-1e,32.0,False,0.0,0.0,0.0,0.0,0.0,5017,F,954,S
5018_01,Earth,True,TRAPPIST-1e,13.0,False,0.0,0.0,0.0,0.0,0.0,5018,G,812,P
5019_01,Earth,False,TRAPPIST-1e,15.0,False,0.0,0.0,19.0,352.0,326.0,5019,F,955,S
5020_01,Earth,False,PSO J318.5-22,18.0,False,648.0,19.0,0.0,0.0,4.0,5020,F,956,S
5021_01,Europa,False,TRAPPIST-1e,41.0,False,4.0,4619.0,0.0,251.0,213.0,5021,B,167,P
5023_01,Earth,False,55 Cancri e,36.0,False,0.0,0.0,0.0,474.0,12.0,5023,G,813,P
5025_01,Earth,False,TRAPPIST-1e,33.0,False,1042.0,50.0,0.0,9.0,0.0,5025,F,1024,P
5027_01,Earth,False,55 Cancri e,41.0,False,4.0,737.0,0.0,51.0,0.0,5027,E,321,S
5028_01,Europa,False,55 Cancri e,47.0,False,1904.0,18.0,0.0,89.0,4411.0,5028,A,61,S
5032_01,Europa,True,TRAPPIST-1e,32.0,False,0.0,0.0,0.0,0.0,0.0,5032,E,322,S
5034_01,Earth,False,TRAPPIST-1e,36.0,False,0.0,52.0,8.0,0.0,4160.0,5034,G,824,S
5035_01,Earth,True,TRAPPIST-1e,13.0,False,0.0,0.0,0.0,0.0,0.0,5035,G,825,S
5036_01,Earth,True,PSO J318.5-22,34.0,False,0.0,0.0,0.0,0.0,0.0,5036,G,814,P
5036_02,Earth,False,TRAPPIST-1e,24.0,False,5.0,1.0,7.0,0.0,895.0,5036,G,814,P
5039_01,Mars,False,TRAPPIST-1e,16.0,False,1285.0,,14.0,1386.0,0.0,5039,F,958,S
5039_02,Mars,True,TRAPPIST-1e,12.0,False,0.0,0.0,0.0,0.0,0.0,5039,F,958,S
5039_03,Mars,False,TRAPPIST-1e,24.0,False,1157.0,0.0,0.0,131.0,0.0,5039,F,958,S
5039_04,Mars,False,TRAPPIST-1e,35.0,False,1307.0,0.0,0.0,2.0,0.0,5039,F,958,S
5040_01,Europa,False,TRAPPIST-1e,26.0,False,0.0,21.0,10424.0,1373.0,7218.0,5040,C,195,S
5040_02,Europa,False,55 Cancri e,39.0,False,10.0,199.0,0.0,6216.0,101.0,5040,C,195,S
5042_01,Earth,False,TRAPPIST-1e,18.0,False,8.0,1.0,4.0,419.0,304.0,5042,F,1026,P
5044_01,Earth,False,TRAPPIST-1e,23.0,False,0.0,381.0,142.0,0.0,261.0,5044,G,826,S
5044_02,Earth,True,PSO J318.5-22,29.0,False,0.0,0.0,0.0,0.0,0.0,5044,G,826,S
5048_01,Earth,False,TRAPPIST-1e,38.0,False,0.0,0.0,0.0,0.0,0.0,5048,G,734,S
5050_01,Earth,False,TRAPPIST-1e,31.0,False,433.0,111.0,238.0,86.0,0.0,5050,F,1028,P
5051_01,Mars,False,TRAPPIST-1e,49.0,False,1176.0,0.0,20.0,103.0,0.0,5051,E,324,S
5052_01,Mars,True,TRAPPIST-1e,17.0,False,0.0,0.0,0.0,0.0,0.0,5052,F,961,S
5052_02,Mars,False,55 Cancri e,23.0,False,228.0,1451.0,912.0,3.0,0.0,5052,F,961,S
5057_01,Earth,True,55 Cancri e,15.0,False,0.0,0.0,0.0,0.0,0.0,5057,G,816,P
5058_01,Mars,True,TRAPPIST-1e,11.0,False,,0.0,0.0,0.0,0.0,5058,F,963,S
5058_02,Mars,False,PSO J318.5-22,30.0,True,600.0,31.0,1.0,659.0,191.0,5058,F,963,S
5058_03,Mars,True,TRAPPIST-1e,42.0,False,0.0,0.0,0.0,0.0,0.0,5058,F,963,S
5059_01,Earth,False,55 Cancri e,21.0,False,639.0,0.0,0.0,0.0,0.0,5059,F,1030,P
5060_01,Europa,True,55 Cancri e,41.0,False,0.0,0.0,0.0,0.0,0.0,5060,C,157,P
5060_02,Europa,True,TRAPPIST-1e,14.0,False,0.0,0.0,0.0,0.0,0.0,5060,C,157,P
5060_03,Europa,False,55 Cancri e,27.0,False,0.0,867.0,0.0,20.0,1371.0,5060,C,157,P
5060_04,Europa,False,55 Cancri e,29.0,True,530.0,418.0,0.0,,9129.0,5060,C,157,P
5061_01,Europa,True,TRAPPIST-1e,25.0,False,0.0,0.0,,0.0,0.0,5061,C,196,S
5061_02,Europa,False,TRAPPIST-1e,54.0,False,0.0,8246.0,0.0,56.0,118.0,5061,C,196,S
5062_01,Earth,False,,46.0,False,971.0,0.0,20.0,0.0,5.0,5062,E,325,S
5063_01,Earth,False,TRAPPIST-1e,18.0,False,,794.0,16.0,0.0,0.0,5063,G,830,S
5064_01,Europa,False,55 Cancri e,22.0,False,1961.0,82.0,0.0,3025.0,2406.0,5064,A,62,S
5065_01,Europa,True,55 Cancri e,29.0,False,0.0,,0.0,0.0,0.0,5065,E,326,S
5065_02,Europa,False,55 Cancri e,26.0,False,606.0,1080.0,0.0,2011.0,0.0,5065,E,326,S
5067_01,Earth,False,55 Cancri e,36.0,False,0.0,1808.0,0.0,344.0,0.0,5067,F,964,S
5068_01,Earth,,TRAPPIST-1e,19.0,False,0.0,0.0,0.0,0.0,0.0,5068,E,314,P
5069_01,Earth,False,PSO J318.5-22,56.0,False,1309.0,0.0,69.0,1.0,0.0,5069,F,965,S
5070_01,Earth,False,,20.0,,542.0,175.0,0.0,5.0,0.0,5070,F,966,S
5072_01,Earth,False,TRAPPIST-1e,10.0,False,0.0,0.0,0.0,0.0,0.0,5072,G,817,P
5072_02,Earth,True,PSO J318.5-22,14.0,False,0.0,0.0,0.0,0.0,0.0,5072,G,817,P
5073_01,Mars,True,55 Cancri e,27.0,False,0.0,0.0,0.0,0.0,0.0,5073,F,1033,P
5074_01,Mars,False,TRAPPIST-1e,35.0,False,4608.0,0.0,926.0,382.0,0.0,5074,F,967,S
5076_01,Earth,False,TRAPPIST-1e,13.0,False,0.0,0.0,60.0,1.0,5147.0,5076,G,818,P
5080_01,Earth,False,,21.0,False,1.0,0.0,143.0,558.0,1.0,5080,F,969,S
5083_01,Earth,True,TRAPPIST-1e,22.0,False,0.0,0.0,0.0,0.0,0.0,5083,G,820,P
5084_01,Europa,True,TRAPPIST-1e,29.0,False,0.0,0.0,0.0,0.0,0.0,5084,E,315,P
5084_02,Europa,False,TRAPPIST-1e,32.0,False,8151.0,2052.0,1919.0,7352.0,754.0,5084,E,315,P
5085_01,Earth,False,TRAPPIST-1e,20.0,False,0.0,15.0,455.0,95.0,0.0,5085,F,970,S
5087_01,Mars,False,TRAPPIST-1e,44.0,False,2575.0,3.0,20.0,0.0,,5087,F,1036,P
5088_01,Earth,False,55 Cancri e,22.0,False,0.0,0.0,0.0,1600.0,168.0,5088,F,972,S
5089_01,Europa,False,TRAPPIST-1e,39.0,False,3926.0,2030.0,0.0,1483.0,611.0,5089,B,170,P
5089_02,Europa,False,TRAPPIST-1e,19.0,False,0.0,3750.0,0.0,0.0,41.0,5089,B,170,P
5090_01,Earth,,TRAPPIST-1e,0.0,False,0.0,0.0,0.0,0.0,0.0,5090,G,821,P
5090_02,Earth,True,TRAPPIST-1e,0.0,False,0.0,0.0,0.0,0.0,0.0,5090,G,821,P
5090_03,,False,PSO J318.5-22,12.0,False,0.0,0.0,0.0,0.0,0.0,5090,G,821,P
5090_04,Earth,True,TRAPPIST-1e,7.0,False,0.0,0.0,0.0,0.0,0.0,5090,G,821,P
5090_05,Earth,False,PSO J318.5-22,32.0,False,793.0,0.0,0.0,0.0,0.0,5090,E,316,P
5090_06,Earth,False,,11.0,False,0.0,0.0,0.0,0.0,0.0,5090,G,821,P
5091_01,Earth,False,55 Cancri e,18.0,False,1471.0,59.0,95.0,1109.0,330.0,5091,F,973,S
5093_01,Europa,False,55 Cancri e,49.0,True,9.0,179.0,0.0,3.0,7865.0,5093,C,158,P
5095_01,Mars,True,TRAPPIST-1e,61.0,False,0.0,0.0,0.0,0.0,0.0,5095,F,1038,P
5097_01,Earth,True,55 Cancri e,7.0,False,0.0,0.0,0.0,0.0,0.0,5097,G,823,P
5097_02,Earth,False,TRAPPIST-1e,25.0,False,0.0,181.0,671.0,0.0,0.0,5097,G,823,P
5097_03,Earth,False,55 Cancri e,51.0,False,6.0,0.0,706.0,0.0,0.0,5097,F,1039,P
5103_01,Europa,True,TRAPPIST-1e,56.0,False,0.0,0.0,0.0,0.0,0.0,5103,E,317,P
5104_01,Earth,False,,31.0,False,25.0,712.0,0.0,16.0,0.0,5104,G,833,S
5105_01,Earth,True,PSO J318.5-22,16.0,False,0.0,0.0,0.0,0.0,0.0,5105,G,734,S
5106_01,Earth,True,TRAPPIST-1e,29.0,False,0.0,0.0,0.0,0.0,0.0,5106,G,834,S
5108_01,Earth,True,PSO J318.5-22,17.0,False,,0.0,0.0,0.0,0.0,5108,G,825,P
5109_01,Earth,False,PSO J318.5-22,47.0,False,83.0,1.0,0.0,654.0,3.0,5109,G,835,S
5111_01,Europa,False,TRAPPIST-1e,25.0,False,0.0,3.0,0.0,763.0,3541.0,5111,B,171,P
5111_02,Europa,False,TRAPPIST-1e,28.0,False,29.0,394.0,0.0,712.0,4360.0,5111,B,171,P
5111_03,Europa,False,TRAPPIST-1e,32.0,False,0.0,419.0,0.0,1984.0,521.0,5111,B,171,P
5112_01,Europa,True,55 Cancri e,56.0,False,0.0,0.0,0.0,0.0,0.0,5112,C,198,S
5112_02,Europa,True,55 Cancri e,25.0,False,0.0,0.0,0.0,0.0,0.0,5112,C,198,S
5112_03,Europa,True,TRAPPIST-1e,13.0,False,0.0,0.0,0.0,0.0,0.0,5112,C,198,S
5115_01,Europa,True,TRAPPIST-1e,41.0,False,0.0,0.0,0.0,0.0,0.0,5115,C,199,S
5115_02,Europa,True,55 Cancri e,28.0,False,0.0,0.0,0.0,0.0,0.0,5115,C,199,S
5116_01,Mars,True,TRAPPIST-1e,25.0,False,0.0,0.0,0.0,0.0,0.0,5116,F,980,S
5116_02,Mars,True,TRAPPIST-1e,11.0,False,0.0,0.0,0.0,0.0,0.0,5116,F,980,S
5120_01,Mars,False,TRAPPIST-1e,20.0,False,0.0,0.0,0.0,0.0,0.0,5120,E,320,P
5122_01,Earth,False,TRAPPIST-1e,24.0,False,0.0,464.0,321.0,0.0,90.0,5122,F,981,S
5124_01,Earth,False,,41.0,False,256.0,109.0,0.0,340.0,0.0,5124,F,1044,P
5125_01,Earth,False,55 Cancri e,29.0,False,0.0,0.0,22.0,738.0,0.0,5125,F,982,S
5126_01,Europa,True,55 Cancri e,59.0,False,0.0,0.0,0.0,0.0,0.0,5126,C,200,S
5127_01,Earth,False,TRAPPIST-1e,31.0,False,0.0,679.0,0.0,0.0,213.0,5127,G,837,S
5127_02,Earth,False,TRAPPIST-1e,16.0,False,43.0,0.0,0.0,1893.0,119.0,5127,F,983,S
5128_01,Mars,False,TRAPPIST-1e,65.0,False,56.0,0.0,1081.0,21.0,0.0,5128,F,1045,P
5128_02,Mars,False,TRAPPIST-1e,21.0,False,0.0,1.0,2832.0,0.0,0.0,5128,F,1045,P
5129_01,Earth,True,TRAPPIST-1e,27.0,False,0.0,0.0,0.0,0.0,0.0,5129,G,827,P
5130_01,Earth,True,TRAPPIST-1e,37.0,False,0.0,,0.0,0.0,0.0,5130,G,838,S
5132_01,Earth,False,TRAPPIST-1e,42.0,False,5049.0,477.0,0.0,0.0,0.0,5132,G,828,P
5133_01,Earth,False,55 Cancri e,36.0,False,0.0,0.0,846.0,0.0,0.0,5133,G,829,P
5133_02,Earth,True,PSO J318.5-22,24.0,False,0.0,0.0,0.0,0.0,0.0,5133,G,829,P
5133_03,Earth,True,PSO J318.5-22,,False,0.0,0.0,0.0,0.0,0.0,5133,G,829,P
5133_04,Earth,False,55 Cancri e,19.0,False,107.0,0.0,505.0,48.0,0.0,5133,F,1046,P
5133_05,Earth,False,TRAPPIST-1e,26.0,False,0.0,910.0,13.0,10.0,15.0,5133,F,1046,P
5133_06,Earth,True,55 Cancri e,19.0,False,0.0,0.0,0.0,0.0,0.0,5133,G,829,P
5133_07,Earth,False,TRAPPIST-1e,26.0,False,1528.0,1.0,0.0,0.0,0.0,5133,F,1046,P
5133_08,Earth,False,TRAPPIST-1e,35.0,False,0.0,116.0,51.0,0.0,701.0,5133,F,1046,P
5136_01,Earth,False,55 Cancri e,24.0,False,0.0,0.0,0.0,704.0,0.0,5136,F,984,S
5137_01,,False,TRAPPIST-1e,9.0,False,0.0,0.0,0.0,0.0,0.0,5137,G,839,S
5138_01,Europa,False,55 Cancri e,40.0,False,0.0,3815.0,0.0,322.0,0.0,5138,A,47,P
5140_01,Earth,True,PSO J318.5-22,23.0,False,0.0,0.0,0.0,0.0,0.0,5140,G,840,S
5142_01,Mars,False,TRAPPIST-1e,4.0,False,0.0,0.0,0.0,0.0,0.0,5142,F,1050,P
5142_02,Mars,False,TRAPPIST-1e,20.0,False,859.0,3.0,0.0,939.0,0.0,5142,F,1050,P
5142_03,Mars,True,TRAPPIST-1e,21.0,False,0.0,0.0,0.0,0.0,0.0,5142,F,1050,P
5142_04,Mars,False,TRAPPIST-1e,4.0,False,0.0,0.0,0.0,0.0,0.0,5142,F,1050,P
5144_01,Earth,True,TRAPPIST-1e,19.0,,0.0,0.0,0.0,0.0,0.0,5144,G,830,P
5145_01,Earth,True,TRAPPIST-1e,18.0,False,0.0,0.0,0.0,0.0,0.0,5145,G,841,S
5146_01,Earth,False,55 Cancri e,26.0,False,7.0,751.0,0.0,38.0,0.0,5146,F,986,S
5148_01,Earth,False,TRAPPIST-1e,13.0,False,0.0,63.0,54.0,20.0,916.0,5148,F,1051,P
5148_02,Earth,True,TRAPPIST-1e,16.0,False,0.0,0.0,0.0,0.0,0.0,5148,G,831,P
5151_01,Mars,True,TRAPPIST-1e,14.0,False,0.0,0.0,0.0,0.0,0.0,5151,F,1052,P
5152_01,Europa,False,TRAPPIST-1e,40.0,False,0.0,553.0,10.0,2787.0,52.0,5152,B,199,S
5154_01,Mars,False,TRAPPIST-1e,34.0,True,38.0,0.0,606.0,0.0,404.0,5154,E,321,P
5156_01,Europa,True,55 Cancri e,21.0,False,0.0,0.0,0.0,0.0,0.0,5156,B,200,S
5156_02,Europa,False,TRAPPIST-1e,29.0,False,0.0,4198.0,227.0,1.0,1415.0,5156,B,200,S
5157_01,Earth,,TRAPPIST-1e,40.0,False,814.0,12.0,2.0,,79.0,5157,G,844,S
5158_01,Earth,False,TRAPPIST-1e,16.0,False,0.0,1.0,0.0,,61.0,5158,F,1054,P
5160_01,Earth,False,TRAPPIST-1e,37.0,False,732.0,,,156.0,0.0,5160,G,832,P
5161_01,Mars,True,55 Cancri e,41.0,False,0.0,0.0,0.0,0.0,0.0,5161,D,156,S
5162_01,Mars,True,55 Cancri e,16.0,False,0.0,0.0,0.0,0.0,0.0,5162,F,988,S
5162_02,Mars,False,55 Cancri e,39.0,False,98.0,0.0,125.0,0.0,1082.0,5162,F,988,S
5163_01,Earth,True,TRAPPIST-1e,30.0,False,0.0,0.0,0.0,0.0,0.0,5163,E,322,P
5163_02,Earth,False,TRAPPIST-1e,40.0,False,151.0,0.0,713.0,0.0,0.0,5163,E,322,P
5165_01,Earth,False,TRAPPIST-1e,63.0,False,0.0,281.0,94.0,0.0,270.0,5165,F,989,S
5166_01,Mars,False,TRAPPIST-1e,32.0,False,382.0,0.0,477.0,22.0,2.0,5166,D,163,P
5167_01,Earth,False,TRAPPIST-1e,47.0,False,1.0,17.0,0.0,1069.0,0.0,5167,F,990,S
5170_01,Earth,False,55 Cancri e,23.0,False,0.0,306.0,392.0,9.0,13.0,5170,F,1056,P
5171_01,Earth,False,TRAPPIST-1e,23.0,False,0.0,7.0,0.0,190.0,501.0,5171,F,991,S
5173_01,Mars,True,TRAPPIST-1e,19.0,False,0.0,0.0,0.0,0.0,0.0,5173,F,1057,P
5174_01,Europa,True,55 Cancri e,44.0,False,0.0,0.0,0.0,0.0,0.0,5174,C,159,P
5174_02,Europa,False,TRAPPIST-1e,29.0,False,6.0,5.0,0.0,6235.0,434.0,5174,C,159,P
5175_01,Earth,False,TRAPPIST-1e,21.0,False,582.0,0.0,0.0,148.0,53.0,5175,G,834,P
5176_01,Earth,False,TRAPPIST-1e,23.0,False,576.0,207.0,0.0,0.0,9.0,5176,E,323,P
5177_01,Europa,False,TRAPPIST-1e,26.0,True,0.0,0.0,0.0,0.0,0.0,5177,B,201,S
5179_01,Europa,True,55 Cancri e,47.0,False,0.0,0.0,0.0,0.0,0.0,5179,C,160,P
5180_01,Earth,True,PSO J318.5-22,20.0,False,0.0,0.0,0.0,,0.0,5180,G,835,P
5181_01,Europa,,TRAPPIST-1e,48.0,False,0.0,0.0,0.0,0.0,0.0,5181,B,175,P
5182_01,Earth,True,TRAPPIST-1e,4.0,False,0.0,0.0,0.0,0.0,0.0,5182,G,836,P
5182_02,Earth,False,TRAPPIST-1e,25.0,False,322.0,0.0,81.0,3.0,298.0,5182,G,836,P
5184_01,Earth,False,TRAPPIST-1e,0.0,False,0.0,0.0,0.0,0.0,0.0,5184,G,837,P
5185_01,Mars,False,TRAPPIST-1e,29.0,False,523.0,0.0,21.0,4.0,811.0,5185,E,330,S
5186_01,Earth,False,TRAPPIST-1e,21.0,False,41.0,651.0,2.0,29.0,0.0,5186,F,1058,P
5187_01,,False,TRAPPIST-1e,20.0,False,949.0,0.0,0.0,5.0,0.0,5187,E,324,P
5188_01,Earth,False,TRAPPIST-1e,34.0,False,0.0,160.0,0.0,611.0,44.0,5188,G,838,P
5188_02,Earth,True,TRAPPIST-1e,9.0,False,0.0,0.0,0.0,0.0,0.0,5188,G,838,P
5188_03,Earth,True,TRAPPIST-1e,12.0,False,0.0,0.0,0.0,0.0,0.0,5188,G,838,P
5190_01,Earth,False,TRAPPIST-1e,13.0,False,0.0,0.0,0.0,0.0,1513.0,5190,F,994,S
5192_01,Mars,True,TRAPPIST-1e,27.0,False,0.0,0.0,0.0,0.0,0.0,5192,F,995,S
5193_01,Europa,False,TRAPPIST-1e,34.0,False,0.0,914.0,0.0,2433.0,647.0,5193,C,202,S
5194_01,Europa,True,TRAPPIST-1e,18.0,False,0.0,0.0,0.0,0.0,0.0,5194,B,176,P
5194_02,Europa,True,55 Cancri e,16.0,False,0.0,0.0,0.0,0.0,0.0,5194,B,176,P
5196_01,Earth,True,TRAPPIST-1e,43.0,False,0.0,0.0,0.0,0.0,0.0,5196,G,839,P
5196_02,Earth,True,TRAPPIST-1e,0.0,False,0.0,0.0,0.0,0.0,0.0,5196,G,839,P
5197_01,Earth,False,,20.0,False,0.0,4.0,761.0,22.0,1.0,5197,E,325,P
5198_01,Mars,False,TRAPPIST-1e,45.0,False,878.0,0.0,430.0,0.0,0.0,5198,F,1059,P
5199_01,Europa,False,TRAPPIST-1e,35.0,False,0.0,725.0,3415.0,,1.0,5199,D,158,S
5201_01,Earth,,TRAPPIST-1e,21.0,False,1961.0,96.0,0.0,54.0,40.0,5201,F,1060,P
5202_01,Earth,True,TRAPPIST-1e,14.0,False,0.0,0.0,0.0,0.0,0.0,5202,G,840,P
5204_01,Earth,False,PSO J318.5-22,46.0,False,0.0,153.0,,0.0,397.0,5204,F,1061,P
5205_01,Earth,False,TRAPPIST-1e,22.0,False,261.0,0.0,0.0,107.0,1132.0,5205,F,997,S
5205_02,Earth,False,TRAPPIST-1e,2.0,False,0.0,0.0,0.0,0.0,0.0,5205,G,845,S
5205_03,Earth,,TRAPPIST-1e,3.0,False,0.0,0.0,0.0,0.0,0.0,5205,G,845,S
5206_01,Earth,True,55 Cancri e,28.0,False,0.0,0.0,0.0,0.0,0.0,5206,G,841,P
5206_02,Earth,False,PSO J318.5-22,60.0,False,0.0,0.0,789.0,283.0,3.0,5206,F,1062,P
5206_03,Earth,False,PSO J318.5-22,48.0,False,0.0,2.0,72.0,554.0,143.0,5206,G,841,P
5207_01,Earth,False,55 Cancri e,18.0,False,51.0,339.0,1.0,0.0,436.0,5207,E,331,S
5207_02,Earth,False,TRAPPIST-1e,31.0,False,1364.0,0.0,0.0,0.0,21.0,5207,F,998,S
5208_01,Europa,True,55 Cancri e,26.0,False,0.0,0.0,0.0,0.0,0.0,5208,C,163,P
5208_02,Europa,False,55 Cancri e,41.0,False,717.0,641.0,2.0,1559.0,4828.0,5208,C,163,P
5209_01,Earth,False,TRAPPIST-1e,26.0,False,168.0,,382.0,166.0,0.0,5209,F,999,S
5210_01,Earth,False,TRAPPIST-1e,29.0,False,0.0,43.0,693.0,0.0,0.0,5210,F,1063,P
5211_01,Earth,False,TRAPPIST-1e,24.0,False,666.0,938.0,1.0,0.0,,5211,E,332,S
5213_01,Earth,False,TRAPPIST-1e,25.0,False,10.0,0.0,908.0,5.0,0.0,5213,F,1064,P
5214_01,Earth,False,55 Cancri e,0.0,False,0.0,0.0,0.0,0.0,0.0,5214,G,842,P
5216_01,Earth,True,TRAPPIST-1e,30.0,False,0.0,0.0,0.0,0.0,0.0,5216,G,843,P
5217_01,Europa,True,55 Cancri e,18.0,False,0.0,0.0,0.0,0.0,0.0,5217,B,177,P
5217_02,Europa,True,55 Cancri e,32.0,False,0.0,0.0,0.0,0.0,0.0,5217,B,177,P
5218_01,Earth,False,TRAPPIST-1e,28.0,False,0.0,0.0,0.0,525.0,1889.0,5218,F,1000,S
5220_01,Mars,False,TRAPPIST-1e,21.0,False,2206.0,0.0,353.0,0.0,19.0,5220,D,165,P
5221_01,Earth,False,TRAPPIST-1e,25.0,False,0.0,528.0,8.0,153.0,0.0,5221,F,1065,P
5223_01,Mars,False,55 Cancri e,47.0,False,275.0,0.0,,24.0,0.0,5223,F,1002,S
5223_02,Mars,True,PSO J318.5-22,,False,0.0,0.0,0.0,0.0,0.0,5223,F,1002,S
5223_03,Mars,True,TRAPPIST-1e,8.0,False,0.0,0.0,0.0,0.0,0.0,5223,F,1002,S
5224_01,Earth,False,TRAPPIST-1e,24.0,False,0.0,0.0,56.0,564.0,880.0,5224,F,1003,S
5225_01,Mars,True,TRAPPIST-1e,30.0,False,0.0,0.0,0.0,0.0,0.0,5225,E,334,S
5226_01,Earth,True,PSO J318.5-22,24.0,False,0.0,0.0,0.0,0.0,0.0,5226,G,848,S
5227_01,Earth,True,TRAPPIST-1e,13.0,False,0.0,0.0,0.0,0.0,0.0,5227,G,849,S
5229_01,Earth,False,,16.0,False,0.0,0.0,19.0,971.0,0.0,5229,E,335,S
5230_01,Mars,False,TRAPPIST-1e,23.0,False,263.0,0.0,1548.0,44.0,0.0,5230,F,1004,S
5234_01,Mars,False,TRAPPIST-1e,16.0,False,271.0,0.0,2251.0,117.0,0.0,5234,F,1067,P
5235_01,Earth,False,TRAPPIST-1e,29.0,False,30.0,0.0,605.0,267.0,6.0,5235,G,844,P
5236_01,Earth,False,TRAPPIST-1e,46.0,False,1.0,0.0,898.0,0.0,96.0,5236,E,326,P
5238_01,Earth,True,PSO J318.5-22,13.0,False,0.0,0.0,0.0,0.0,0.0,5238,G,845,P
5239_01,Earth,True,TRAPPIST-1e,22.0,False,0.0,0.0,0.0,0.0,0.0,5239,G,852,S
5240_01,Earth,True,TRAPPIST-1e,29.0,False,0.0,0.0,0.0,0.0,0.0,5240,G,853,S
5242_01,Earth,True,TRAPPIST-1e,46.0,False,0.0,0.0,0.0,0.0,0.0,5242,G,854,S
5243_01,Earth,False,TRAPPIST-1e,24.0,False,1231.0,0.0,0.0,1.0,3.0,5243,F,1005,S
5243_02,Earth,True,TRAPPIST-1e,33.0,False,0.0,0.0,0.0,0.0,0.0,5243,G,855,S
5244_01,Mars,False,TRAPPIST-1e,38.0,False,218.0,0.0,586.0,770.0,0.0,5244,F,1006,S
5246_01,Earth,True,TRAPPIST-1e,57.0,False,0.0,0.0,0.0,0.0,0.0,5246,G,847,P
5246_02,Earth,False,TRAPPIST-1e,,False,0.0,13.0,643.0,47.0,0.0,5246,F,1070,P
5247_01,Earth,False,TRAPPIST-1e,38.0,False,6.0,2324.0,0.0,0.0,0.0,5247,G,848,P
5248_01,Earth,False,TRAPPIST-1e,28.0,False,607.0,0.0,0.0,227.0,0.0,5248,G,856,S
5249_01,Mars,False,TRAPPIST-1e,25.0,False,922.0,0.0,1.0,91.0,0.0,5249,E,327,P
5250_01,Mars,True,TRAPPIST-1e,22.0,False,0.0,0.0,0.0,0.0,0.0,5250,F,1007,S
5251_01,Mars,False,TRAPPIST-1e,33.0,False,705.0,0.0,1905.0,13.0,0.0,5251,F,1071,P
5252_01,Earth,False,TRAPPIST-1e,35.0,False,202.0,1309.0,60.0,0.0,0.0,5252,F,1008,S
5253_01,Earth,False,TRAPPIST-1e,24.0,False,290.0,64.0,413.0,35.0,0.0,5253,F,1009,S
5254_01,Europa,True,TRAPPIST-1e,31.0,False,0.0,0.0,0.0,0.0,0.0,5254,B,202,S
5254_02,Europa,True,TRAPPIST-1e,16.0,False,0.0,0.0,0.0,0.0,0.0,5254,B,202,S
5254_03,Europa,True,TRAPPIST-1e,28.0,False,0.0,0.0,0.0,0.0,0.0,5254,G,734,S
5254_04,Europa,False,55 Cancri e,8.0,False,0.0,0.0,0.0,0.0,0.0,5254,B,202,S
5255_01,Mars,True,TRAPPIST-1e,20.0,False,0.0,0.0,0.0,0.0,0.0,5255,F,1010,S
5256_01,Mars,False,TRAPPIST-1e,26.0,False,41.0,0.0,444.0,572.0,0.0,5256,D,159,S
5257_01,Europa,False,55 Cancri e,43.0,False,0.0,1001.0,0.0,2393.0,0.0,5257,B,178,P
5258_01,Europa,False,TRAPPIST-1e,70.0,False,241.0,1065.0,0.0,2290.0,2.0,5258,C,204,S
5260_01,Earth,True,55 Cancri e,17.0,False,0.0,0.0,0.0,0.0,0.0,5260,G,849,P
5262_01,Earth,True,TRAPPIST-1e,14.0,False,0.0,0.0,0.0,0.0,0.0,5262,G,850,P
5264_01,Earth,True,TRAPPIST-1e,21.0,False,0.0,0.0,0.0,0.0,0.0,5264,G,858,S
5264_02,Earth,False,55 Cancri e,37.0,False,0.0,0.0,163.0,0.0,486.0,5264,F,1012,S
5265_01,Earth,False,TRAPPIST-1e,15.0,False,0.0,400.0,0.0,0.0,702.0,5265,F,1073,P
5266_01,Europa,False,55 Cancri e,20.0,False,0.0,290.0,0.0,1866.0,217.0,5266,A,64,S
5266_02,Europa,False,55 Cancri e,36.0,True,13.0,196.0,3.0,0.0,12323.0,5266,C,205,S
5268_01,Earth,False,TRAPPIST-1e,14.0,False,0.0,56.0,,0.0,2.0,5268,F,1013,S
5269_01,Earth,False,TRAPPIST-1e,21.0,False,38.0,1.0,591.0,1.0,31.0,5269,E,336,S
5271_01,Earth,False,TRAPPIST-1e,28.0,False,89.0,3.0,571.0,258.0,0.0,5271,F,1075,P
5272_01,Mars,True,TRAPPIST-1e,20.0,False,0.0,0.0,0.0,0.0,0.0,5272,F,1076,P
5273_01,Earth,False,TRAPPIST-1e,26.0,False,0.0,0.0,827.0,1.0,0.0,5273,F,1077,P
5274_01,Earth,False,TRAPPIST-1e,25.0,False,662.0,34.0,0.0,79.0,148.0,5274,F,1078,P
5275_01,Earth,False,TRAPPIST-1e,29.0,False,0.0,10.0,0.0,594.0,120.0,5275,F,1014,S
5276_01,Europa,False,55 Cancri e,39.0,True,0.0,2868.0,0.0,5.0,1968.0,5276,B,179,P
5277_01,Earth,False,TRAPPIST-1e,18.0,False,0.0,0.0,0.0,87.0,1232.0,5277,F,1079,P
5278_01,Europa,True,55 Cancri e,37.0,False,0.0,0.0,0.0,0.0,0.0,5278,B,203,S
5279_01,Earth,False,TRAPPIST-1e,28.0,False,467.0,,0.0,0.0,307.0,5279,G,852,P
5280_01,Earth,False,TRAPPIST-1e,18.0,False,0.0,0.0,2728.0,0.0,,5280,F,1015,S
5281_01,Earth,False,TRAPPIST-1e,30.0,False,0.0,6.0,621.0,,433.0,5281,F,1080,P
5282_01,Earth,False,TRAPPIST-1e,35.0,False,35.0,0.0,14.0,0.0,816.0,5282,E,337,S
5282_02,Earth,False,TRAPPIST-1e,26.0,False,0.0,196.0,0.0,0.0,487.0,5282,F,1016,S
5282_03,Earth,True,55 Cancri e,0.0,False,0.0,0.0,0.0,0.0,0.0,5282,G,860,S
5287_01,Earth,False,PSO J318.5-22,42.0,False,0.0,,0.0,214.0,50.0,5287,G,861,S
5288_01,Earth,False,,36.0,False,1.0,716.0,3.0,0.0,57.0,5288,F,1081,P
5290_01,Earth,False,TRAPPIST-1e,31.0,False,1177.0,2.0,0.0,,1.0,5290,F,1083,P
5291_01,Earth,False,55 Cancri e,27.0,False,3905.0,7.0,0.0,4.0,53.0,5291,G,854,P
5292_01,Europa,False,TRAPPIST-1e,25.0,False,0.0,4313.0,0.0,175.0,60.0,5292,C,206,S
5297_01,Earth,True,TRAPPIST-1e,32.0,False,0.0,0.0,0.0,0.0,0.0,5297,G,856,P
5298_01,Earth,True,TRAPPIST-1e,14.0,False,0.0,0.0,0.0,0.0,0.0,5298,G,862,S
5299_01,Earth,True,TRAPPIST-1e,16.0,False,0.0,0.0,0.0,0.0,0.0,5299,G,863,S
5300_01,Earth,True,55 Cancri e,51.0,False,0.0,0.0,0.0,0.0,0.0,5300,G,864,S
5301_01,Europa,True,TRAPPIST-1e,21.0,False,0.0,0.0,0.0,0.0,0.0,5301,B,181,P
5301_02,Europa,True,55 Cancri e,31.0,False,0.0,0.0,0.0,0.0,0.0,5301,B,181,P
5303_01,Earth,False,TRAPPIST-1e,9.0,False,0.0,0.0,0.0,0.0,0.0,5303,G,734,S
5303_02,Earth,False,TRAPPIST-1e,7.0,False,0.0,0.0,0.0,0.0,0.0,5303,G,857,P
5303_03,Earth,False,TRAPPIST-1e,3.0,False,0.0,0.0,0.0,0.0,0.0,5303,G,857,P
5303_04,Earth,True,TRAPPIST-1e,2.0,False,0.0,0.0,0.0,0.0,0.0,5303,G,857,P
5303_05,Earth,False,55 Cancri e,7.0,False,0.0,0.0,0.0,0.0,0.0,5303,G,857,P
5304_01,Mars,False,TRAPPIST-1e,18.0,False,1744.0,0.0,8.0,8.0,0.0,5304,F,1019,S
5304_02,Mars,True,,33.0,False,0.0,0.0,0.0,0.0,0.0,5304,F,1019,S
5305_01,Earth,False,TRAPPIST-1e,23.0,False,0.0,2891.0,0.0,6.0,0.0,5305,F,1084,P
5307_01,Europa,True,TRAPPIST-1e,13.0,False,,0.0,0.0,0.0,0.0,5307,B,204,S
5310_01,Mars,False,TRAPPIST-1e,32.0,False,4702.0,0.0,449.0,190.0,0.0,5310,F,1021,S
5312_01,Europa,True,TRAPPIST-1e,27.0,False,0.0,0.0,0.0,0.0,0.0,5312,B,182,P
5313_01,Earth,False,TRAPPIST-1e,23.0,False,0.0,491.0,0.0,61.0,0.0,5313,F,1085,P
5314_01,Europa,False,TRAPPIST-1e,25.0,,0.0,3625.0,0.0,0.0,168.0,5314,C,208,S
5315_01,Earth,False,TRAPPIST-1e,18.0,False,454.0,0.0,0.0,324.0,0.0,5315,F,1086,P
5316_01,Mars,True,55 Cancri e,23.0,False,0.0,0.0,0.0,0.0,0.0,5316,F,1087,P
5320_01,Europa,True,55 Cancri e,31.0,False,0.0,0.0,0.0,0.0,0.0,5320,E,330,P
5320_02,Europa,False,TRAPPIST-1e,32.0,False,0.0,1301.0,0.0,94.0,356.0,5320,E,330,P
5322_01,Mars,True,TRAPPIST-1e,22.0,False,0.0,0.0,0.0,,,5322,F,1090,P
5323_01,Mars,True,TRAPPIST-1e,38.0,False,0.0,0.0,0.0,,0.0,5323,F,1091,P
5325_01,Earth,False,PSO J318.5-22,21.0,False,751.0,5.0,0.0,1.0,0.0,5325,F,1023,S
5326_01,Mars,True,TRAPPIST-1e,28.0,False,0.0,0.0,0.0,0.0,0.0,5326,F,1092,P
5327_01,Europa,False,TRAPPIST-1e,38.0,False,0.0,0.0,0.0,0.0,0.0,5327,B,183,P
5330_01,Earth,False,TRAPPIST-1e,20.0,False,0.0,0.0,708.0,101.0,0.0,5330,F,1094,P
5331_01,Earth,False,TRAPPIST-1e,23.0,False,0.0,1.0,292.0,0.0,340.0,5331,F,1095,P
5333_01,Earth,False,TRAPPIST-1e,48.0,False,456.0,0.0,39.0,0.0,5.0,5333,G,862,P
5334_01,Earth,True,55 Cancri e,15.0,False,0.0,0.0,0.0,0.0,0.0,5334,G,867,S
5334_02,Earth,False,TRAPPIST-1e,30.0,False,0.0,674.0,39.0,0.0,10.0,5334,G,867,S
5337_01,Mars,False,TRAPPIST-1e,40.0,False,286.0,0.0,2299.0,12.0,,5337,F,1024,S
5340_01,Earth,False,TRAPPIST-1e,36.0,False,0.0,0.0,33.0,677.0,0.0,5340,G,868,S
5341_01,Earth,True,TRAPPIST-1e,20.0,False,0.0,0.0,0.0,0.0,0.0,5341,G,869,S
5343_01,Mars,False,TRAPPIST-1e,17.0,False,13.0,0.0,565.0,367.0,1.0,5343,E,332,P
5344_01,Europa,False,55 Cancri e,38.0,False,0.0,439.0,0.0,434.0,10074.0,5344,C,168,P
5344_02,Europa,True,55 Cancri e,38.0,False,0.0,0.0,0.0,0.0,0.0,5344,C,168,P
5345_01,Mars,False,,14.0,False,809.0,0.0,59.0,0.0,0.0,5345,D,167,P
5345_02,Mars,False,TRAPPIST-1e,,False,134.0,0.0,6.0,1450.0,0.0,5345,E,333,P
5346_01,Earth,False,TRAPPIST-1e,21.0,False,37.0,0.0,31.0,696.0,63.0,5346,E,334,P
5347_01,Europa,False,TRAPPIST-1e,18.0,False,0.0,3770.0,0.0,287.0,3491.0,5347,C,169,P
5348_01,Mars,False,TRAPPIST-1e,26.0,False,164.0,0.0,853.0,0.0,39.0,5348,D,168,P
5350_01,Europa,False,TRAPPIST-1e,35.0,False,25.0,866.0,0.0,3198.0,459.0,5350,C,170,P
5351_01,Mars,,55 Cancri e,46.0,False,1082.0,80.0,1177.0,0.0,323.0,5351,F,1026,S
5353_01,Europa,True,55 Cancri e,13.0,False,0.0,0.0,0.0,0.0,0.0,5353,B,205,S
5353_02,Europa,False,TRAPPIST-1e,39.0,False,43.0,9365.0,144.0,0.0,118.0,5353,B,205,S
5354_01,Mars,False,PSO J318.5-22,49.0,False,1690.0,0.0,85.0,0.0,0.0,5354,D,161,S
5354_02,Mars,False,TRAPPIST-1e,28.0,False,0.0,0.0,0.0,0.0,0.0,5354,E,339,S
5355_01,Earth,False,TRAPPIST-1e,27.0,False,0.0,686.0,0.0,101.0,9.0,5355,F,1098,P
5355_02,Earth,True,TRAPPIST-1e,21.0,False,0.0,0.0,,0.0,0.0,5355,G,865,P
5356_01,Earth,False,TRAPPIST-1e,29.0,False,0.0,32.0,0.0,4517.0,0.0,5356,E,340,S
5359_01,,False,TRAPPIST-1e,27.0,False,0.0,45.0,225.0,14.0,519.0,5359,F,1099,P
5360_01,Mars,True,TRAPPIST-1e,38.0,False,0.0,0.0,0.0,0.0,0.0,5360,F,1100,P
5361_01,Earth,False,PSO J318.5-22,18.0,False,0.0,,0.0,150.0,0.0,5361,F,1101,P
5362_01,Europa,True,55 Cancri e,35.0,False,0.0,0.0,0.0,0.0,0.0,5362,E,336,P
5363_01,Mars,True,TRAPPIST-1e,37.0,False,0.0,0.0,0.0,0.0,0.0,5363,F,1102,P
5365_01,Earth,False,TRAPPIST-1e,60.0,False,943.0,53.0,0.0,0.0,0.0,5365,E,337,P
5366_01,Europa,True,TRAPPIST-1e,31.0,False,0.0,0.0,0.0,0.0,0.0,5366,E,338,P
5367_01,Europa,True,TRAPPIST-1e,4.0,False,0.0,0.0,0.0,0.0,0.0,5367,C,209,S
5367_02,,False,TRAPPIST-1e,34.0,False,0.0,3195.0,0.0,102.0,1469.0,5367,C,209,S
5367_03,Europa,False,55 Cancri e,46.0,False,0.0,8221.0,0.0,1010.0,160.0,5367,C,209,S
5368_01,Earth,False,TRAPPIST-1e,18.0,False,0.0,0.0,55.0,2288.0,1.0,5368,G,870,S
5372_01,Mars,False,TRAPPIST-1e,38.0,False,,0.0,363.0,7.0,3.0,5372,E,342,S
5374_01,Earth,False,,29.0,False,0.0,61.0,942.0,2.0,0.0,5374,F,1029,S
5375_01,Europa,True,TRAPPIST-1e,13.0,False,0.0,0.0,0.0,0.0,0.0,5375,C,210,S
5375_02,Europa,True,TRAPPIST-1e,26.0,False,0.0,0.0,0.0,0.0,0.0,5375,C,210,S
5378_01,Europa,False,TRAPPIST-1e,30.0,False,0.0,95.0,0.0,1202.0,5558.0,5378,C,173,P
5379_01,Earth,False,TRAPPIST-1e,42.0,False,0.0,0.0,8.0,3409.0,0.0,5379,F,1030,S
5380_01,Mars,False,TRAPPIST-1e,36.0,False,386.0,0.0,756.0,6.0,0.0,5380,F,1104,P
5383_01,Earth,False,55 Cancri e,23.0,False,253.0,0.0,1175.0,3.0,,5383,F,1105,P
5384_01,Europa,False,TRAPPIST-1e,34.0,True,0.0,5210.0,0.0,1332.0,2.0,5384,A,65,S
5384_02,Europa,False,TRAPPIST-1e,26.0,False,0.0,4894.0,0.0,62.0,85.0,5384,A,65,S
5385_01,Mars,False,TRAPPIST-1e,31.0,False,2048.0,0.0,1040.0,136.0,0.0,5385,D,170,P
5387_01,Mars,False,TRAPPIST-1e,48.0,False,581.0,6.0,1.0,158.0,0.0,5387,D,171,P
5388_01,Earth,True,TRAPPIST-1e,10.0,False,0.0,0.0,0.0,,0.0,5388,G,871,S
5389_01,Mars,False,TRAPPIST-1e,27.0,False,2.0,0.0,1320.0,0.0,26.0,5389,F,1106,P
5389_02,Mars,False,TRAPPIST-1e,32.0,,2497.0,0.0,101.0,0.0,0.0,5389,F,1106,P
5390_01,Earth,True,TRAPPIST-1e,24.0,False,0.0,0.0,0.0,0.0,0.0,5390,G,872,S
5390_02,Earth,True,PSO J318.5-22,20.0,False,0.0,0.0,0.0,0.0,0.0,5390,G,872,S
5390_03,Earth,False,TRAPPIST-1e,48.0,False,83.0,110.0,0.0,690.0,8.0,5390,F,1032,S
5392_01,Mars,False,TRAPPIST-1e,35.0,True,628.0,6.0,528.0,136.0,0.0,5392,E,343,S
5394_01,Mars,False,TRAPPIST-1e,14.0,False,246.0,0.0,2153.0,0.0,0.0,5394,D,172,P
5395_01,Mars,False,TRAPPIST-1e,28.0,False,4.0,0.0,2574.0,0.0,0.0,5395,D,173,P
5396_01,Mars,False,TRAPPIST-1e,,False,743.0,378.0,8.0,0.0,0.0,5396,F,1109,P
5397_01,Mars,True,TRAPPIST-1e,42.0,False,0.0,0.0,0.0,0.0,0.0,5397,D,162,S
5397_02,Mars,True,TRAPPIST-1e,8.0,False,0.0,0.0,0.0,0.0,0.0,5397,D,162,S
5397_03,Mars,True,55 Cancri e,30.0,False,0.0,0.0,0.0,0.0,0.0,5397,D,162,S
5401_01,Earth,False,TRAPPIST-1e,44.0,False,0.0,0.0,5.0,30.0,777.0,5401,G,869,P
5402_01,Mars,False,TRAPPIST-1e,40.0,,1269.0,0.0,75.0,0.0,4.0,5402,F,1034,S
5404_01,Earth,False,TRAPPIST-1e,38.0,False,766.0,38.0,0.0,0.0,0.0,5404,F,1111,P
5406_01,,False,PSO J318.5-22,22.0,,2.0,46.0,0.0,483.0,67.0,5406,F,1035,S
5408_01,Mars,False,TRAPPIST-1e,32.0,False,1781.0,0.0,654.0,580.0,0.0,5408,D,174,P
5408_02,Mars,False,TRAPPIST-1e,16.0,False,2116.0,0.0,350.0,0.0,901.0,5408,D,174,P
5410_01,Mars,False,TRAPPIST-1e,33.0,False,748.0,130.0,1047.0,458.0,0.0,5410,D,163,S
5411_01,Europa,False,TRAPPIST-1e,38.0,False,20.0,3960.0,153.0,280.0,1674.0,5411,B,206,S
5412_01,Earth,,TRAPPIST-1e,23.0,False,0.0,806.0,0.0,2.0,0.0,5412,G,870,P
5413_01,Earth,False,TRAPPIST-1e,16.0,False,3.0,595.0,0.0,9.0,321.0,5413,G,871,P
5414_01,Earth,False,PSO J318.5-22,16.0,False,481.0,0.0,166.0,0.0,122.0,5414,G,872,P
5414_02,Earth,False,TRAPPIST-1e,11.0,False,0.0,0.0,0.0,0.0,0.0,5414,G,872,P
5414_03,Earth,False,TRAPPIST-1e,22.0,False,0.0,824.0,0.0,0.0,411.0,5414,F,1112,P
5414_04,Earth,False,TRAPPIST-1e,43.0,False,0.0,0.0,0.0,0.0,1544.0,5414,F,1112,P
5414_05,Earth,True,PSO J318.5-22,20.0,False,0.0,0.0,0.0,0.0,0.0,5414,G,872,P
5415_01,Earth,False,TRAPPIST-1e,22.0,False,0.0,747.0,8.0,0.0,314.0,5415,F,1113,P
5416_01,Mars,False,TRAPPIST-1e,0.0,False,0.0,,0.0,0.0,0.0,5416,F,1114,P
5416_02,Mars,False,TRAPPIST-1e,30.0,False,138.0,0.0,208.0,952.0,0.0,5416,E,340,P
5416_03,Mars,True,TRAPPIST-1e,18.0,False,0.0,0.0,0.0,0.0,0.0,5416,F,1114,P
5416_04,Mars,False,55 Cancri e,0.0,False,0.0,0.0,,0.0,0.0,5416,F,1114,P
5418_01,Mars,,TRAPPIST-1e,41.0,False,164.0,0.0,1115.0,1.0,18.0,5418,E,349,S
5420_01,Earth,False,TRAPPIST-1e,39.0,False,0.0,829.0,0.0,1.0,0.0,5420,F,1036,S
5421_01,Earth,False,TRAPPIST-1e,37.0,False,389.0,0.0,1.0,3369.0,3.0,5421,G,873,S
5422_01,Europa,True,55 Cancri e,26.0,False,0.0,0.0,0.0,,0.0,5422,D,164,S
5423_01,Mars,False,TRAPPIST-1e,49.0,False,552.0,0.0,7.0,0.0,183.0,5423,F,1116,P
5423_02,Mars,False,TRAPPIST-1e,28.0,False,142.0,0.0,1878.0,62.0,0.0,5423,E,341,P
5424_01,Mars,False,PSO J318.5-22,13.0,False,358.0,65.0,599.0,676.0,0.0,5424,F,1117,P
5424_02,,False,TRAPPIST-1e,64.0,False,469.0,700.0,2.0,1.0,0.0,5424,E,342,P
5425_01,Earth,False,PSO J318.5-22,24.0,False,1.0,0.0,11.0,0.0,734.0,5425,F,1037,S
5427_01,,True,TRAPPIST-1e,18.0,False,0.0,0.0,0.0,0.0,0.0,5427,F,1118,P
5427_02,Mars,False,TRAPPIST-1e,18.0,False,3458.0,0.0,216.0,0.0,0.0,5427,F,1118,P
5427_03,Mars,False,TRAPPIST-1e,25.0,False,948.0,0.0,1.0,170.0,0.0,5427,F,1118,P
5430_01,Earth,True,TRAPPIST-1e,19.0,False,0.0,0.0,0.0,0.0,0.0,5430,G,873,P
5431_01,Earth,False,55 Cancri e,33.0,False,2.0,0.0,0.0,,720.0,5431,E,350,S
5434_01,Earth,True,TRAPPIST-1e,,,0.0,0.0,0.0,0.0,0.0,5434,G,874,P
5435_01,Mars,False,TRAPPIST-1e,50.0,False,846.0,0.0,280.0,280.0,0.0,5435,F,1121,P
5436_01,Earth,False,TRAPPIST-1e,30.0,False,0.0,0.0,0.0,2.0,827.0,5436,G,734,S
5437_01,Mars,False,TRAPPIST-1e,44.0,False,1267.0,18.0,0.0,3.0,0.0,5437,F,1123,P
5438_01,Earth,True,PSO J318.5-22,52.0,False,0.0,0.0,0.0,0.0,0.0,5438,G,875,P
5440_01,Earth,True,TRAPPIST-1e,7.0,False,0.0,0.0,0.0,0.0,0.0,5440,G,875,S
5440_02,Earth,False,55 Cancri e,30.0,False,0.0,59.0,18.0,639.0,0.0,5440,F,1041,S
5440_03,Earth,False,TRAPPIST-1e,27.0,False,1109.0,0.0,0.0,0.0,0.0,5440,F,1041,S
5441_01,Europa,True,55 Cancri e,24.0,False,0.0,0.0,0.0,0.0,0.0,5441,B,207,S
5443_01,Earth,False,55 Cancri e,13.0,False,4.0,99.0,1.0,0.0,595.0,5443,F,1124,P
5445_01,,False,TRAPPIST-1e,61.0,False,0.0,53.0,813.0,3.0,0.0,5445,F,1125,P
5446_01,Earth,True,TRAPPIST-1e,32.0,False,0.0,0.0,,0.0,0.0,5446,G,876,P
5447_01,Mars,True,55 Cancri e,17.0,False,0.0,0.0,0.0,0.0,0.0,5447,F,1126,P
5447_02,Mars,,TRAPPIST-1e,36.0,False,0.0,0.0,0.0,0.0,0.0,5447,F,1126,P
5450_01,Earth,True,PSO J318.5-22,16.0,False,0.0,0.0,0.0,0.0,0.0,5450,G,877,P
5451_01,,False,PSO J318.5-22,21.0,False,0.0,697.0,0.0,0.0,0.0,5451,F,1127,P
5452_01,Europa,,TRAPPIST-1e,24.0,False,0.0,0.0,0.0,0.0,0.0,5452,C,212,S
5453_01,Earth,False,55 Cancri e,28.0,False,0.0,9.0,0.0,1114.0,5.0,5453,F,1044,S
5454_01,Mars,False,TRAPPIST-1e,,False,848.0,1497.0,2.0,0.0,0.0,5454,E,343,P
5455_01,Mars,False,55 Cancri e,13.0,False,9920.0,0.0,180.0,130.0,571.0,5455,E,344,P
5457_01,Earth,False,TRAPPIST-1e,39.0,False,0.0,1.0,0.0,739.0,0.0,5457,F,1129,P
5458_01,Earth,False,TRAPPIST-1e,24.0,False,0.0,0.0,980.0,7.0,0.0,5458,E,351,S
5459_01,Europa,False,TRAPPIST-1e,38.0,False,0.0,347.0,0.0,1545.0,2187.0,5459,C,213,S
5462_01,Mars,False,TRAPPIST-1e,20.0,False,489.0,126.0,663.0,214.0,0.0,5462,F,1131,P
5463_01,Earth,False,TRAPPIST-1e,21.0,False,724.0,0.0,0.0,0.0,0.0,5463,F,1045,S
5465_01,Mars,False,TRAPPIST-1e,27.0,False,1.0,1.0,2196.0,372.0,0.0,5465,F,1132,P
5465_02,,False,TRAPPIST-1e,49.0,False,226.0,11.0,2.0,1580.0,0.0,5465,F,1132,P
5465_03,Mars,True,TRAPPIST-1e,6.0,False,0.0,0.0,0.0,0.0,0.0,5465,F,1132,P
5466_01,Europa,True,55 Cancri e,41.0,False,0.0,0.0,0.0,0.0,0.0,5466,B,185,P
5466_02,Europa,False,55 Cancri e,33.0,True,0.0,1473.0,1089.0,5700.0,1466.0,5466,B,185,P
5466_03,Europa,False,TRAPPIST-1e,6.0,False,0.0,0.0,0.0,0.0,0.0,5466,B,185,P
5466_04,Europa,False,55 Cancri e,35.0,False,0.0,4618.0,0.0,324.0,12061.0,5466,B,185,P
5466_05,Europa,False,TRAPPIST-1e,46.0,False,0.0,4524.0,,243.0,7730.0,5466,B,185,P
5467_01,Earth,False,TRAPPIST-1e,31.0,False,2703.0,21.0,0.0,0.0,1.0,5467,F,1046,S
5468_01,Europa,True,TRAPPIST-1e,32.0,,0.0,0.0,0.0,0.0,0.0,5468,B,208,S
5469_01,Europa,True,55 Cancri e,31.0,False,,0.0,0.0,0.0,0.0,5469,A,50,P
5470_01,Earth,True,TRAPPIST-1e,20.0,False,,0.0,0.0,0.0,0.0,5470,G,878,P
5471_01,Earth,False,TRAPPIST-1e,57.0,False,685.0,,0.0,0.0,,5471,G,877,S
5472_01,Earth,False,PSO J318.5-22,37.0,False,0.0,0.0,559.0,11.0,0.0,5472,F,1047,S
5474_01,Earth,True,TRAPPIST-1e,21.0,False,0.0,0.0,,0.0,0.0,5474,G,734,S
5475_01,Earth,False,TRAPPIST-1e,43.0,False,0.0,0.0,1.0,,0.0,5475,F,1134,P
5476_01,Earth,False,TRAPPIST-1e,49.0,False,1020.0,0.0,2.0,2.0,0.0,5476,G,879,S
5477_01,Earth,False,TRAPPIST-1e,17.0,False,0.0,150.0,166.0,570.0,0.0,5477,G,880,S
5478_01,Mars,False,TRAPPIST-1e,29.0,False,518.0,0.0,10.0,1245.0,0.0,5478,F,1048,S
5479_01,Earth,True,55 Cancri e,36.0,False,0.0,0.0,0.0,0.0,0.0,5479,G,881,S
5480_01,Europa,False,TRAPPIST-1e,37.0,False,31.0,9307.0,0.0,904.0,11213.0,5480,G,734,S
5483_01,Earth,False,PSO J318.5-22,17.0,False,2.0,0.0,0.0,0.0,681.0,5483,F,1135,P
5484_01,Mars,True,55 Cancri e,45.0,False,0.0,0.0,0.0,0.0,0.0,5484,F,1050,S
5485_01,Earth,False,TRAPPIST-1e,20.0,False,0.0,9.0,82.0,14.0,704.0,5485,G,880,P
5487_01,Mars,True,TRAPPIST-1e,24.0,False,0.0,0.0,0.0,0.0,0.0,5487,F,1136,P
5488_01,Europa,True,TRAPPIST-1e,28.0,False,0.0,0.0,0.0,0.0,0.0,5488,B,186,P
5488_02,Europa,False,TRAPPIST-1e,15.0,False,0.0,22.0,6805.0,0.0,531.0,5488,B,186,P
5488_03,Europa,False,TRAPPIST-1e,53.0,False,0.0,6634.0,0.0,5047.0,108.0,5488,B,186,P
5488_04,Europa,True,TRAPPIST-1e,51.0,False,0.0,0.0,0.0,0.0,0.0,5488,B,186,P
5489_01,Earth,True,TRAPPIST-1e,14.0,False,0.0,0.0,0.0,0.0,,5489,G,881,P
5489_02,Earth,True,TRAPPIST-1e,1.0,False,0.0,0.0,0.0,0.0,0.0,5489,G,881,P
5490_01,Mars,False,TRAPPIST-1e,26.0,False,665.0,76.0,,1478.0,0.0,5490,F,1137,P
5491_01,Earth,False,TRAPPIST-1e,20.0,False,0.0,0.0,499.0,285.0,103.0,5491,G,882,S
5492_01,Earth,False,TRAPPIST-1e,23.0,False,0.0,551.0,59.0,720.0,14.0,5492,F,1052,S
5494_01,Earth,False,TRAPPIST-1e,22.0,False,658.0,0.0,0.0,161.0,3.0,5494,F,1053,S
5496_01,Earth,True,55 Cancri e,22.0,False,0.0,0.0,0.0,0.0,0.0,5496,G,882,P
5497_01,Europa,True,TRAPPIST-1e,13.0,False,0.0,0.0,0.0,0.0,0.0,5497,B,210,S
5497_02,Europa,False,TRAPPIST-1e,28.0,False,0.0,0.0,0.0,0.0,0.0,5497,B,210,S
5499_01,Earth,True,TRAPPIST-1e,40.0,False,0.0,0.0,0.0,0.0,0.0,5499,G,884,S
5500_01,Mars,False,55 Cancri e,21.0,False,4027.0,0.0,47.0,83.0,0.0,5500,D,175,P
5501_01,Earth,False,TRAPPIST-1e,35.0,False,702.0,104.0,5.0,76.0,0.0,5501,G,885,S
5504_01,Earth,False,TRAPPIST-1e,22.0,False,142.0,1307.0,0.0,0.0,0.0,5504,F,1140,P
5506_01,Europa,True,TRAPPIST-1e,37.0,False,0.0,0.0,0.0,0.0,0.0,5506,D,166,S
5507_01,Mars,False,TRAPPIST-1e,21.0,False,0.0,0.0,0.0,0.0,0.0,5507,E,356,S
5508_01,Earth,False,TRAPPIST-1e,50.0,False,0.0,358.0,0.0,620.0,4.0,5508,G,734,S
5509_01,Earth,False,TRAPPIST-1e,27.0,False,0.0,0.0,800.0,0.0,0.0,5509,F,1055,S
5510_01,Earth,True,TRAPPIST-1e,20.0,False,0.0,0.0,0.0,0.0,0.0,5510,G,887,S
5511_01,Earth,True,TRAPPIST-1e,15.0,False,0.0,0.0,0.0,0.0,0.0,5511,G,884,P
5511_02,Earth,False,PSO J318.5-22,25.0,False,39.0,,169.0,20.0,1403.0,5511,E,346,P
5512_01,Europa,False,55 Cancri e,31.0,False,0.0,225.0,0.0,301.0,4090.0,5512,A,67,S
5512_02,Europa,False,55 Cancri e,,False,0.0,8162.0,1044.0,699.0,46.0,5512,B,211,S
5514_01,Earth,True,TRAPPIST-1e,18.0,False,0.0,0.0,0.0,0.0,0.0,5514,G,889,S
5514_02,Earth,True,PSO J318.5-22,2.0,False,,0.0,0.0,0.0,0.0,5514,G,889,S
5514_03,Earth,False,TRAPPIST-1e,27.0,False,0.0,6.0,0.0,814.0,107.0,5514,G,889,S
5514_04,Earth,False,TRAPPIST-1e,0.0,False,0.0,0.0,0.0,0.0,,5514,G,889,S
5515_01,Earth,False,TRAPPIST-1e,22.0,False,758.0,0.0,46.0,0.0,0.0,5515,F,1141,P
5517_01,Mars,False,TRAPPIST-1e,,False,0.0,0.0,0.0,0.0,0.0,5517,E,357,S
5520_01,Earth,False,TRAPPIST-1e,56.0,False,0.0,4.0,778.0,0.0,0.0,5520,G,890,S
5521_01,Earth,False,TRAPPIST-1e,28.0,False,0.0,0.0,0.0,676.0,124.0,5521,F,1058,S
5522_01,Earth,False,55 Cancri e,42.0,False,31.0,0.0,0.0,635.0,0.0,5522,E,358,S
5522_02,Earth,False,TRAPPIST-1e,20.0,False,0.0,0.0,0.0,703.0,0.0,5522,F,1059,S
5522_03,Earth,False,TRAPPIST-1e,27.0,False,508.0,585.0,9.0,,0.0,5522,F,1059,S
5523_01,Earth,False,PSO J318.5-22,29.0,False,0.0,0.0,20.0,0.0,402.0,5523,G,885,P
5524_01,Earth,False,55 Cancri e,36.0,False,85.0,0.0,545.0,15.0,0.0,5524,F,1060,S
5526_01,Earth,False,TRAPPIST-1e,23.0,False,0.0,0.0,4.0,145.0,,5526,F,1061,S
5526_02,Earth,True,TRAPPIST-1e,64.0,False,0.0,0.0,0.0,0.0,0.0,5526,G,891,S
5527_01,Earth,False,TRAPPIST-1e,19.0,False,1.0,1.0,,0.0,1755.0,5527,G,886,P
5527_02,Earth,True,55 Cancri e,1.0,False,0.0,0.0,0.0,0.0,0.0,5527,G,886,P
5527_03,Earth,True,TRAPPIST-1e,49.0,False,,0.0,0.0,0.0,0.0,5527,G,886,P
5527_04,Earth,True,55 Cancri e,0.0,False,0.0,0.0,0.0,0.0,0.0,5527,G,886,P
5528_01,Earth,False,TRAPPIST-1e,18.0,False,0.0,288.0,35.0,0.0,435.0,5528,F,1143,P
5529_01,Europa,False,55 Cancri e,39.0,False,5645.0,132.0,0.0,1.0,1814.0,5529,C,174,P
5530_01,Mars,False,TRAPPIST-1e,37.0,False,10.0,20.0,868.0,115.0,0.0,5530,E,347,P
5530_02,Mars,True,TRAPPIST-1e,44.0,False,0.0,0.0,0.0,0.0,0.0,5530,F,1144,P
5531_01,Mars,False,PSO J318.5-22,43.0,False,817.0,0.0,617.0,0.0,0.0,5531,F,1145,P
5531_02,Mars,True,TRAPPIST-1e,33.0,False,0.0,0.0,0.0,0.0,0.0,5531,F,1145,P
5535_01,Earth,False,TRAPPIST-1e,20.0,,41.0,222.0,0.0,43.0,601.0,5535,G,893,S
5535_02,Earth,False,TRAPPIST-1e,0.0,False,0.0,0.0,0.0,0.0,0.0,5535,G,893,S
5535_03,Earth,False,55 Cancri e,4.0,False,0.0,0.0,0.0,0.0,0.0,5535,G,893,S
5536_01,Mars,True,TRAPPIST-1e,20.0,False,0.0,0.0,0.0,0.0,0.0,5536,F,1062,S
5537_01,Mars,False,TRAPPIST-1e,50.0,,690.0,0.0,30.0,762.0,428.0,5537,F,1063,S
5538_01,Mars,True,TRAPPIST-1e,47.0,False,0.0,0.0,0.0,0.0,0.0,5538,F,1146,P
5538_02,Mars,True,TRAPPIST-1e,17.0,False,0.0,0.0,0.0,0.0,0.0,5538,F,1146,P
5539_01,Europa,False,TRAPPIST-1e,26.0,False,0.0,1583.0,0.0,232.0,8040.0,5539,B,187,P
5540_01,Earth,False,TRAPPIST-1e,21.0,False,39.0,360.0,0.0,,0.0,5540,E,360,S
5541_01,Mars,True,TRAPPIST-1e,20.0,False,0.0,0.0,0.0,0.0,,5541,F,1147,P
5543_01,Europa,True,TRAPPIST-1e,26.0,False,0.0,0.0,0.0,0.0,0.0,5543,C,175,P
5544_01,Mars,False,TRAPPIST-1e,,True,1565.0,0.0,0.0,0.0,145.0,5544,F,1149,P
5545_01,Earth,False,PSO J318.5-22,34.0,False,0.0,0.0,693.0,3.0,77.0,5545,G,894,S
5545_02,Earth,True,TRAPPIST-1e,11.0,False,0.0,0.0,0.0,0.0,0.0,5545,G,894,S
5545_03,Earth,True,TRAPPIST-1e,0.0,False,0.0,0.0,0.0,0.0,0.0,5545,G,894,S
5546_01,Europa,False,55 Cancri e,28.0,False,550.0,5203.0,0.0,2244.0,1624.0,5546,D,176,P
5550_01,Earth,False,TRAPPIST-1e,33.0,False,127.0,745.0,9.0,0.0,0.0,5550,G,895,S
5551_01,Earth,True,TRAPPIST-1e,22.0,False,0.0,0.0,0.0,0.0,0.0,5551,G,888,P
5552_01,Mars,,TRAPPIST-1e,28.0,False,0.0,0.0,0.0,0.0,0.0,5552,F,1150,P
5552_02,Mars,True,TRAPPIST-1e,11.0,False,0.0,0.0,0.0,0.0,0.0,5552,F,1150,P
5552_03,Mars,False,TRAPPIST-1e,60.0,False,51.0,10.0,754.0,1412.0,137.0,5552,F,1150,P
5555_01,,False,,43.0,,1.0,0.0,213.0,7.0,701.0,5555,G,896,S
5556_01,Earth,False,TRAPPIST-1e,27.0,False,0.0,1.0,667.0,897.0,43.0,5556,E,361,S
5557_01,Earth,True,TRAPPIST-1e,37.0,False,0.0,0.0,0.0,0.0,0.0,5557,G,890,P
5559_01,Earth,True,55 Cancri e,23.0,False,0.0,0.0,0.0,0.0,0.0,5559,G,897,S
5560_01,Mars,False,TRAPPIST-1e,57.0,False,1696.0,0.0,1006.0,0.0,27.0,5560,D,168,S
5561_01,Europa,True,TRAPPIST-1e,29.0,False,0.0,0.0,0.0,0.0,0.0,5561,A,51,P
5561_02,Europa,False,TRAPPIST-1e,28.0,False,0.0,175.0,0.0,214.0,7461.0,5561,A,51,P
5561_03,Europa,False,TRAPPIST-1e,42.0,False,0.0,890.0,2929.0,352.0,4898.0,5561,A,51,P
5561_04,Europa,False,TRAPPIST-1e,43.0,False,7.0,494.0,2473.0,443.0,71.0,5561,A,51,P
5563_01,Europa,True,TRAPPIST-1e,26.0,False,0.0,0.0,0.0,0.0,0.0,5563,C,176,P
5566_01,Europa,False,55 Cancri e,72.0,False,2445.0,3023.0,0.0,704.0,20.0,5566,E,349,P
5568_01,Europa,False,TRAPPIST-1e,49.0,False,0.0,3991.0,298.0,289.0,2740.0,5568,B,188,P
5568_02,Europa,True,55 Cancri e,29.0,True,0.0,0.0,0.0,0.0,0.0,5568,B,188,P
5569_01,Earth,True,TRAPPIST-1e,18.0,False,0.0,0.0,0.0,0.0,0.0,5569,G,891,P
5571_01,Earth,False,55 Cancri e,26.0,False,0.0,406.0,0.0,0.0,503.0,5571,G,900,S
5572_01,Mars,True,55 Cancri e,19.0,False,0.0,0.0,0.0,0.0,0.0,5572,F,1153,P
5573_01,Earth,False,55 Cancri e,18.0,False,749.0,0.0,74.0,0.0,0.0,5573,F,1154,P
5574_01,Earth,False,55 Cancri e,14.0,False,714.0,237.0,0.0,587.0,1.0,5574,F,1155,P
5575_01,Mars,False,TRAPPIST-1e,44.0,False,583.0,0.0,222.0,0.0,1560.0,5575,F,1156,P
5575_02,Mars,True,TRAPPIST-1e,34.0,False,0.0,0.0,0.0,0.0,0.0,5575,F,1156,P
5578_01,Earth,True,55 Cancri e,18.0,False,0.0,0.0,0.0,0.0,0.0,5578,G,892,P
5580_01,Earth,True,PSO J318.5-22,36.0,False,0.0,0.0,0.0,0.0,0.0,5580,G,902,S
5581_01,Europa,True,55 Cancri e,27.0,False,0.0,0.0,0.0,0.0,,5581,B,212,S
5582_01,Earth,False,TRAPPIST-1e,35.0,,753.0,335.0,1.0,348.0,0.0,5582,G,893,P
5583_01,Europa,False,TRAPPIST-1e,52.0,False,5.0,3514.0,31.0,601.0,13.0,5583,D,170,S
5585_01,Earth,False,PSO J318.5-22,22.0,False,688.0,5.0,80.0,0.0,0.0,5585,G,894,P
5585_02,Earth,False,TRAPPIST-1e,34.0,False,245.0,0.0,542.0,0.0,19.0,5585,F,1158,P
5586_01,Earth,False,PSO J318.5-22,37.0,False,0.0,0.0,6.0,746.0,1.0,5586,G,895,P
5587_01,Earth,False,55 Cancri e,22.0,False,654.0,2.0,83.0,0.0,0.0,5587,F,1159,P
5589_01,Earth,False,TRAPPIST-1e,26.0,False,0.0,786.0,0.0,11.0,83.0,5589,F,1160,P
5591_01,Earth,False,55 Cancri e,14.0,False,590.0,9.0,0.0,0.0,192.0,5591,E,363,S
5592_01,Mars,True,55 Cancri e,53.0,False,0.0,0.0,0.0,0.0,0.0,5592,F,1161,P
5594_01,Earth,False,TRAPPIST-1e,17.0,False,0.0,823.0,0.0,1168.0,14.0,5594,F,1163,P
5595_01,Earth,False,TRAPPIST-1e,30.0,False,0.0,1.0,0.0,870.0,0.0,5595,F,1067,S
5596_01,Europa,False,TRAPPIST-1e,65.0,False,0.0,722.0,302.0,103.0,2659.0,5596,D,179,P
5598_01,Earth,False,,19.0,False,0.0,0.0,500.0,2.0,208.0,5598,G,903,S
5599_01,Europa,False,55 Cancri e,36.0,,380.0,686.0,0.0,295.0,1247.0,5599,E,364,S
5601_01,Earth,True,TRAPPIST-1e,3.0,False,0.0,0.0,0.0,0.0,0.0,5601,G,904,S
5601_02,Earth,False,TRAPPIST-1e,6.0,False,0.0,0.0,0.0,0.0,0.0,5601,G,904,S
5601_03,Earth,False,55 Cancri e,4.0,False,0.0,0.0,0.0,0.0,0.0,5601,G,734,S
5601_04,Earth,False,TRAPPIST-1e,21.0,False,958.0,1668.0,82.0,0.0,78.0,5601,F,1069,S
5601_05,Earth,True,55 Cancri e,8.0,False,0.0,0.0,0.0,0.0,0.0,5601,G,904,S
5602_01,Europa,True,TRAPPIST-1e,35.0,False,0.0,0.0,0.0,0.0,0.0,5602,B,190,P
5602_02,Europa,False,55 Cancri e,18.0,False,0.0,3268.0,0.0,436.0,342.0,5602,B,190,P
5603_01,,False,TRAPPIST-1e,34.0,False,170.0,1256.0,0.0,3926.0,7121.0,5603,E,365,S
5606_01,Europa,True,55 Cancri e,45.0,False,0.0,0.0,0.0,0.0,0.0,5606,B,213,S
5606_02,Europa,False,TRAPPIST-1e,31.0,False,0.0,1219.0,7.0,104.0,1082.0,5606,B,213,S
5608_01,Earth,False,TRAPPIST-1e,14.0,False,30.0,757.0,115.0,0.0,0.0,5608,F,1164,P
5609_01,Earth,False,TRAPPIST-1e,23.0,False,765.0,5.0,0.0,0.0,0.0,5609,G,897,P
5610_01,Europa,True,TRAPPIST-1e,61.0,False,0.0,0.0,0.0,0.0,0.0,5610,B,214,S
5610_02,Europa,False,55 Cancri e,54.0,True,0.0,7996.0,0.0,4549.0,10206.0,5610,B,214,S
5611_01,Europa,True,TRAPPIST-1e,28.0,False,0.0,0.0,0.0,0.0,0.0,5611,D,171,S
5611_02,Europa,False,TRAPPIST-1e,46.0,False,0.0,3477.0,0.0,1.0,5543.0,5611,D,171,S
5613_01,Earth,False,TRAPPIST-1e,32.0,False,125.0,874.0,0.0,180.0,1.0,5613,F,1072,S
5614_01,Earth,True,55 Cancri e,49.0,False,0.0,0.0,0.0,0.0,0.0,5614,G,906,S
5615_01,Earth,True,55 Cancri e,20.0,False,0.0,0.0,0.0,0.0,0.0,5615,G,907,S
5616_01,Earth,False,PSO J318.5-22,25.0,False,458.0,240.0,0.0,239.0,0.0,5616,F,1073,S
5618_01,Earth,False,TRAPPIST-1e,19.0,False,0.0,785.0,0.0,0.0,19.0,5618,F,1075,S
5619_01,Earth,True,55 Cancri e,28.0,False,0.0,0.0,0.0,0.0,0.0,5619,G,908,S
5622_01,Earth,False,TRAPPIST-1e,68.0,False,0.0,0.0,970.0,0.0,0.0,5622,F,1076,S
5623_01,Earth,True,TRAPPIST-1e,16.0,False,0.0,0.0,0.0,0.0,0.0,5623,G,898,P
5625_01,Mars,True,TRAPPIST-1e,19.0,False,0.0,0.0,0.0,0.0,0.0,5625,E,352,P
5625_02,Mars,,PSO J318.5-22,49.0,False,0.0,0.0,0.0,0.0,0.0,5625,E,352,P
5625_03,Mars,False,TRAPPIST-1e,15.0,False,890.0,9.0,0.0,1250.0,57.0,5625,E,352,P
5625_04,Mars,True,TRAPPIST-1e,26.0,False,0.0,0.0,0.0,0.0,0.0,5625,E,352,P
5625_05,Mars,False,TRAPPIST-1e,22.0,False,804.0,0.0,378.0,0.0,0.0,5625,E,352,P
5626_01,Earth,True,PSO J318.5-22,23.0,False,0.0,0.0,0.0,0.0,0.0,5626,G,911,S
5627_01,Earth,False,TRAPPIST-1e,31.0,False,0.0,0.0,0.0,0.0,0.0,5627,G,899,P
5628_01,Earth,True,TRAPPIST-1e,27.0,False,0.0,0.0,0.0,0.0,0.0,5628,G,900,P
5629_01,Earth,True,TRAPPIST-1e,28.0,False,0.0,,0.0,0.0,0.0,5629,G,901,P
5631_01,Earth,False,TRAPPIST-1e,20.0,False,47.0,0.0,0.0,0.0,2711.0,5631,F,1166,P
5637_01,Earth,False,TRAPPIST-1e,43.0,False,1.0,8.0,0.0,0.0,715.0,5637,F,1168,P
5639_01,Earth,False,TRAPPIST-1e,22.0,False,19.0,9.0,0.0,0.0,594.0,5639,G,913,S
5640_01,Europa,True,TRAPPIST-1e,27.0,False,0.0,0.0,0.0,0.0,0.0,5640,E,368,S
5642_01,Europa,True,,35.0,False,0.0,0.0,0.0,0.0,0.0,5642,B,216,S
5642_02,Europa,True,55 Cancri e,37.0,False,0.0,0.0,0.0,0.0,0.0,5642,G,734,S
5643_01,Mars,False,TRAPPIST-1e,24.0,False,158.0,0.0,1594.0,1.0,0.0,5643,F,1077,S
5643_02,Mars,False,55 Cancri e,18.0,False,2803.0,0.0,17.0,0.0,0.0,5643,F,1077,S
5643_03,Mars,False,TRAPPIST-1e,15.0,False,643.0,0.0,45.0,0.0,10.0,5643,F,1077,S
5644_01,Mars,False,TRAPPIST-1e,28.0,False,1909.0,0.0,0.0,0.0,6.0,5644,F,1169,P
5645_01,Earth,False,TRAPPIST-1e,24.0,False,0.0,117.0,2134.0,0.0,0.0,5645,F,1078,S
5646_01,Mars,True,55 Cancri e,39.0,False,0.0,0.0,0.0,0.0,0.0,5646,F,1079,S
5647_01,Europa,True,TRAPPIST-1e,35.0,False,0.0,,0.0,0.0,,5647,C,178,P
5647_02,Europa,False,55 Cancri e,52.0,False,0.0,1425.0,31.0,0.0,1320.0,5647,C,178,P
5647_03,Europa,False,TRAPPIST-1e,48.0,False,0.0,,0.0,2851.0,1478.0,5647,C,178,P
5648_01,Europa,False,55 Cancri e,27.0,False,332.0,918.0,0.0,5.0,4817.0,5648,C,179,P
5648_02,Europa,False,55 Cancri e,50.0,False,0.0,103.0,0.0,240.0,8221.0,5648,C,179,P
5650_01,Earth,False,TRAPPIST-1e,24.0,False,56.0,22.0,285.0,1453.0,0.0,5650,G,902,P
5651_01,Earth,False,PSO J318.5-22,26.0,False,807.0,0.0,0.0,0.0,40.0,5651,G,915,S
5652_01,Earth,False,TRAPPIST-1e,24.0,False,215.0,0.0,0.0,0.0,350.0,5652,F,1171,P
5653_01,Earth,True,TRAPPIST-1e,15.0,False,0.0,0.0,0.0,0.0,0.0,5653,G,903,P
5655_01,Earth,False,PSO J318.5-22,42.0,False,1188.0,39.0,3.0,3.0,0.0,5655,F,1172,P
5659_01,Earth,False,TRAPPIST-1e,51.0,False,0.0,0.0,0.0,0.0,880.0,5659,F,1175,P
5661_01,Earth,False,PSO J318.5-22,43.0,False,635.0,53.0,0.0,3.0,0.0,5661,E,355,P
5661_02,Earth,True,55 Cancri e,31.0,False,0.0,0.0,0.0,0.0,0.0,5661,G,905,P
5662_01,Earth,True,TRAPPIST-1e,14.0,False,0.0,0.0,0.0,0.0,0.0,5662,G,916,S
5662_02,Earth,False,TRAPPIST-1e,31.0,False,13.0,0.0,0.0,679.0,0.0,5662,F,1080,S
5663_01,Europa,False,TRAPPIST-1e,33.0,False,0.0,1513.0,5.0,63.0,144.0,5663,A,71,S
5667_01,Earth,False,55 Cancri e,21.0,False,0.0,496.0,0.0,3867.0,30.0,5667,G,906,P
5671_01,Earth,False,TRAPPIST-1e,13.0,False,56.0,1706.0,15.0,0.0,23.0,5671,G,907,P
5673_01,Earth,False,TRAPPIST-1e,29.0,False,286.0,545.0,,0.0,0.0,5673,F,1083,S
5674_01,Europa,False,TRAPPIST-1e,22.0,False,0.0,11594.0,0.0,10247.0,1.0,5674,B,217,S
5677_01,Mars,False,TRAPPIST-1e,22.0,False,1035.0,0.0,264.0,0.0,0.0,5677,E,357,P
5679_01,Earth,True,PSO J318.5-22,18.0,False,0.0,0.0,0.0,0.0,0.0,5679,G,920,S
5679_02,Earth,True,55 Cancri e,35.0,False,0.0,0.0,0.0,0.0,0.0,5679,G,920,S
5679_03,Earth,True,TRAPPIST-1e,20.0,False,0.0,0.0,0.0,0.0,0.0,5679,G,920,S
5680_01,Earth,False,TRAPPIST-1e,18.0,False,0.0,0.0,1609.0,0.0,0.0,5680,E,359,P
5681_01,Earth,True,TRAPPIST-1e,66.0,False,0.0,0.0,0.0,0.0,0.0,5681,G,921,S
5684_01,,True,TRAPPIST-1e,33.0,False,0.0,0.0,0.0,0.0,0.0,5684,B,218,S
5684_02,Europa,True,55 Cancri e,48.0,False,0.0,0.0,0.0,0.0,0.0,5684,B,218,S
5684_03,Europa,False,55 Cancri e,38.0,False,0.0,1198.0,48.0,278.0,1244.0,5684,B,218,S
5684_04,Europa,True,TRAPPIST-1e,62.0,False,0.0,0.0,0.0,0.0,0.0,5684,B,218,S
5685_01,Earth,True,TRAPPIST-1e,19.0,False,0.0,0.0,0.0,0.0,0.0,5685,G,910,P
5686_01,Mars,False,55 Cancri e,44.0,False,2267.0,0.0,107.0,0.0,0.0,5686,G,734,S
5686_02,Mars,False,55 Cancri e,25.0,False,1410.0,123.0,26.0,9.0,812.0,5686,D,180,P
5687_01,Earth,False,TRAPPIST-1e,15.0,False,348.0,1627.0,0.0,0.0,0.0,5687,F,1179,P
5688_01,Earth,False,TRAPPIST-1e,20.0,False,12.0,177.0,1110.0,0.0,0.0,5688,F,1084,S
5689_01,Earth,False,TRAPPIST-1e,34.0,False,233.0,0.0,0.0,1054.0,156.0,5689,F,1180,P
5692_01,Mars,False,TRAPPIST-1e,23.0,False,821.0,0.0,863.0,664.0,0.0,5692,E,360,P
5693_01,Earth,False,TRAPPIST-1e,45.0,False,0.0,0.0,2332.0,84.0,0.0,5693,F,1087,S
5695_01,Earth,True,TRAPPIST-1e,39.0,False,0.0,0.0,0.0,0.0,0.0,5695,G,922,S
5696_01,Earth,True,PSO J318.5-22,33.0,False,0.0,0.0,0.0,0.0,0.0,5696,G,911,P
5698_01,Earth,False,TRAPPIST-1e,14.0,False,0.0,0.0,325.0,247.0,305.0,5698,F,1088,S
5698_02,Earth,False,TRAPPIST-1e,26.0,False,178.0,0.0,3.0,0.0,704.0,5698,G,923,S
5700_01,Earth,True,TRAPPIST-1e,47.0,False,0.0,0.0,0.0,0.0,0.0,5700,G,924,S
5701_01,Mars,True,TRAPPIST-1e,,False,0.0,0.0,0.0,0.0,0.0,5701,D,173,S
5702_01,Earth,True,55 Cancri e,28.0,False,0.0,0.0,0.0,0.0,0.0,5702,G,912,P
5704_01,Earth,True,TRAPPIST-1e,22.0,False,0.0,0.0,,0.0,0.0,5704,G,913,P
5705_01,Earth,True,TRAPPIST-1e,17.0,False,0.0,0.0,0.0,0.0,0.0,5705,G,925,S
5706_01,Earth,False,TRAPPIST-1e,16.0,False,0.0,458.0,725.0,0.0,0.0,5706,F,1090,S
5706_02,Earth,False,TRAPPIST-1e,9.0,False,0.0,0.0,0.0,0.0,,5706,G,926,S
5707_01,Earth,False,TRAPPIST-1e,15.0,False,0.0,0.0,973.0,29.0,0.0,5707,F,1091,S
5709_01,Europa,False,TRAPPIST-1e,33.0,False,0.0,4372.0,0.0,4103.0,0.0,5709,C,215,S
5710_01,Earth,False,TRAPPIST-1e,61.0,False,0.0,166.0,1080.0,0.0,16.0,5710,F,1092,S
5711_01,Earth,False,TRAPPIST-1e,19.0,False,,0.0,0.0,692.0,164.0,5711,F,1183,P
5712_01,Europa,True,TRAPPIST-1e,61.0,False,0.0,0.0,0.0,0.0,0.0,5712,E,371,S
5713_01,Earth,False,TRAPPIST-1e,42.0,False,0.0,29.0,317.0,434.0,45.0,5713,G,915,P
5714_01,Earth,False,TRAPPIST-1e,4.0,False,0.0,0.0,0.0,0.0,0.0,5714,G,916,P
5714_02,Earth,False,TRAPPIST-1e,12.0,False,0.0,0.0,0.0,0.0,0.0,5714,G,916,P
5714_03,Earth,False,TRAPPIST-1e,0.0,,0.0,0.0,0.0,0.0,0.0,5714,G,916,P
5714_04,Earth,True,TRAPPIST-1e,19.0,False,0.0,0.0,0.0,0.0,0.0,5714,G,916,P
5714_05,Earth,True,TRAPPIST-1e,,False,0.0,0.0,0.0,0.0,0.0,5714,G,916,P
5716_01,Earth,False,PSO J318.5-22,29.0,False,0.0,173.0,0.0,0.0,1155.0,5716,F,1093,S
5717_01,Earth,False,TRAPPIST-1e,59.0,False,0.0,664.0,0.0,144.0,141.0,5717,G,917,P
5718_01,Earth,True,TRAPPIST-1e,20.0,False,0.0,0.0,0.0,0.0,0.0,5718,G,927,S
5719_01,Earth,False,TRAPPIST-1e,70.0,False,390.0,0.0,0.0,0.0,518.0,5719,G,918,P
5719_02,Earth,True,TRAPPIST-1e,3.0,False,0.0,0.0,0.0,0.0,0.0,5719,G,918,P
5721_01,Europa,True,TRAPPIST-1e,37.0,False,0.0,0.0,0.0,0.0,0.0,5721,B,219,S
5721_02,Europa,False,TRAPPIST-1e,58.0,False,0.0,1975.0,598.0,7.0,3726.0,5721,B,219,S
5722_01,Earth,False,TRAPPIST-1e,44.0,False,69.0,0.0,17.0,176.0,2105.0,5722,G,928,S
5723_01,Mars,True,TRAPPIST-1e,24.0,False,0.0,0.0,0.0,0.0,0.0,5723,E,372,S
5724_01,Earth,True,PSO J318.5-22,20.0,False,0.0,0.0,0.0,0.0,0.0,5724,G,919,P
5725_01,Earth,False,TRAPPIST-1e,24.0,False,156.0,0.0,364.0,489.0,383.0,5725,F,1094,S
5726_01,Europa,True,55 Cancri e,27.0,False,0.0,0.0,,0.0,0.0,5726,B,192,P
5727_01,Earth,False,55 Cancri e,28.0,False,0.0,0.0,0.0,711.0,0.0,5727,G,920,P
5728_01,Earth,False,TRAPPIST-1e,24.0,False,0.0,217.0,0.0,77.0,510.0,5728,F,1185,P
5729_01,Mars,True,TRAPPIST-1e,29.0,False,0.0,0.0,0.0,0.0,0.0,5729,F,1186,P
5730_01,Earth,False,TRAPPIST-1e,25.0,False,2029.0,1.0,0.0,0.0,121.0,5730,F,1187,P
5732_01,Earth,False,TRAPPIST-1e,20.0,False,0.0,0.0,53.0,2.0,754.0,5732,G,921,P
5733_01,Earth,False,55 Cancri e,34.0,False,0.0,1745.0,6.0,5.0,37.0,5733,G,922,P
5733_02,Earth,False,,28.0,False,0.0,0.0,0.0,1191.0,109.0,5733,F,1188,P
5735_01,Earth,True,TRAPPIST-1e,,False,0.0,0.0,0.0,0.0,0.0,5735,E,362,P
5736_01,Earth,,TRAPPIST-1e,23.0,False,1.0,,1.0,0.0,618.0,5736,F,1189,P
5737_01,Europa,False,TRAPPIST-1e,39.0,False,0.0,11856.0,13.0,39.0,3.0,5737,C,216,S
5737_02,Europa,False,TRAPPIST-1e,35.0,False,0.0,7636.0,0.0,353.0,705.0,5737,C,216,S
5738_01,Earth,True,TRAPPIST-1e,18.0,False,0.0,0.0,0.0,0.0,0.0,5738,G,929,S
5739_01,Earth,True,TRAPPIST-1e,20.0,False,0.0,0.0,0.0,0.0,0.0,5739,G,930,S
5740_01,Europa,False,TRAPPIST-1e,42.0,False,0.0,16.0,0.0,144.0,7492.0,5740,A,52,P
5740_02,Europa,False,55 Cancri e,32.0,False,70.0,764.0,724.0,547.0,1297.0,5740,A,52,P
5742_01,Earth,False,55 Cancri e,50.0,False,57.0,29.0,0.0,0.0,643.0,5742,F,1096,S
5744_01,Earth,False,TRAPPIST-1e,23.0,False,0.0,37.0,859.0,9.0,1.0,5744,G,931,S
5746_01,Earth,False,TRAPPIST-1e,19.0,False,0.0,,0.0,5381.0,139.0,5746,G,932,S
5747_01,Earth,False,TRAPPIST-1e,29.0,False,715.0,47.0,0.0,0.0,0.0,5747,F,1192,P
5748_01,Europa,False,TRAPPIST-1e,35.0,True,247.0,436.0,459.0,1.0,1984.0,5748,A,53,P
5750_01,Earth,False,TRAPPIST-1e,18.0,False,0.0,625.0,0.0,0.0,356.0,5750,E,363,P
5751_01,Earth,False,PSO J318.5-22,24.0,False,160.0,20.0,39.0,552.0,1.0,5751,G,924,P
5755_01,Earth,False,TRAPPIST-1e,23.0,False,88.0,0.0,586.0,0.0,0.0,5755,G,933,S
5756_01,Earth,False,TRAPPIST-1e,51.0,False,542.0,0.0,360.0,0.0,0.0,5756,F,1194,P
5756_02,Earth,False,TRAPPIST-1e,42.0,False,439.0,0.0,0.0,0.0,254.0,5756,F,1194,P
5756_03,Earth,False,PSO J318.5-22,19.0,False,5.0,0.0,0.0,716.0,0.0,5756,F,1194,P
5756_04,Earth,,TRAPPIST-1e,23.0,False,0.0,0.0,0.0,0.0,0.0,5756,F,1194,P
5756_05,Earth,True,TRAPPIST-1e,19.0,False,0.0,0.0,0.0,,0.0,5756,F,1194,P
5756_06,Earth,False,PSO J318.5-22,22.0,False,158.0,0.0,476.0,0.0,26.0,5756,F,1194,P
5756_07,Earth,False,TRAPPIST-1e,25.0,False,12.0,6.0,2817.0,342.0,0.0,5756,G,734,S
5756_08,Earth,False,PSO J318.5-22,31.0,False,11.0,0.0,0.0,1912.0,1120.0,5756,F,1194,P
5757_01,Earth,False,TRAPPIST-1e,23.0,False,0.0,0.0,0.0,558.0,1.0,5757,F,1195,P
5758_01,Earth,True,TRAPPIST-1e,22.0,False,0.0,0.0,0.0,0.0,0.0,5758,G,934,S
5761_01,Europa,True,TRAPPIST-1e,55.0,False,0.0,0.0,0.0,0.0,0.0,5761,B,220,S
5763_01,Earth,False,TRAPPIST-1e,40.0,False,0.0,0.0,56.0,1.0,642.0,5763,F,1099,S
5763_02,Earth,False,TRAPPIST-1e,24.0,False,,0.0,0.0,838.0,193.0,5763,F,1099,S
5764_01,Earth,False,TRAPPIST-1e,25.0,False,0.0,0.0,1037.0,8.0,1.0,5764,F,1100,S
5765_01,Europa,False,TRAPPIST-1e,42.0,False,0.0,1871.0,0.0,570.0,199.0,5765,C,181,P
5767_01,Earth,True,PSO J318.5-22,33.0,False,0.0,0.0,0.0,0.0,0.0,5767,G,936,S
5768_01,Europa,True,TRAPPIST-1e,54.0,False,0.0,0.0,0.0,0.0,0.0,5768,B,193,P
5768_02,Europa,True,55 Cancri e,22.0,False,0.0,0.0,0.0,0.0,0.0,5768,B,193,P
5769_01,Europa,True,TRAPPIST-1e,22.0,False,0.0,0.0,0.0,0.0,0.0,5769,B,194,P
5769_02,Europa,True,55 Cancri e,19.0,False,0.0,0.0,0.0,0.0,0.0,5769,B,194,P
5771_01,Earth,False,TRAPPIST-1e,47.0,False,0.0,868.0,0.0,4.0,,5771,G,937,S
5772_01,Mars,False,55 Cancri e,23.0,False,610.0,858.0,75.0,1358.0,0.0,5772,F,1197,P
5773_01,Europa,True,55 Cancri e,61.0,False,0.0,0.0,0.0,0.0,0.0,5773,C,217,S
5776_01,Earth,False,TRAPPIST-1e,21.0,False,0.0,128.0,209.0,4.0,383.0,5776,F,1102,S
5777_01,Earth,,PSO J318.5-22,46.0,,559.0,25.0,,22.0,765.0,5777,F,1199,P
5778_01,Earth,False,TRAPPIST-1e,36.0,False,0.0,0.0,0.0,0.0,907.0,5778,G,926,P
5779_01,Earth,False,TRAPPIST-1e,15.0,False,0.0,706.0,0.0,,0.0,5779,G,938,S
5780_01,Europa,False,TRAPPIST-1e,33.0,False,2233.0,6408.0,,23.0,273.0,5780,B,195,P
5780_02,Europa,True,TRAPPIST-1e,35.0,False,0.0,0.0,0.0,0.0,0.0,5780,B,195,P
5780_03,Europa,True,55 Cancri e,21.0,False,0.0,0.0,0.0,0.0,0.0,5780,B,195,P
5781_01,Earth,False,55 Cancri e,21.0,False,0.0,0.0,0.0,1.0,594.0,5781,F,1200,P
5783_01,Earth,False,55 Cancri e,43.0,False,0.0,1197.0,0.0,223.0,1.0,5783,F,1201,P
5785_01,Earth,False,PSO J318.5-22,34.0,False,571.0,0.0,0.0,0.0,0.0,5785,F,1104,S
5786_01,Earth,False,PSO J318.5-22,47.0,False,14.0,3.0,0.0,1720.0,0.0,5786,G,928,P
5788_01,Mars,False,TRAPPIST-1e,27.0,False,850.0,0.0,681.0,1.0,0.0,5788,F,1105,S
5790_01,Europa,False,TRAPPIST-1e,46.0,False,0.0,1068.0,945.0,2587.0,811.0,5790,C,218,S
5791_01,Earth,False,,46.0,False,183.0,7.0,637.0,182.0,5.0,5791,G,941,S
5792_01,Europa,False,55 Cancri e,40.0,False,0.0,3338.0,0.0,6344.0,199.0,5792,B,196,P
5793_01,Europa,True,55 Cancri e,59.0,False,0.0,0.0,0.0,0.0,0.0,5793,E,375,S
5794_01,Europa,False,TRAPPIST-1e,45.0,False,0.0,1202.0,149.0,1472.0,3379.0,5794,D,182,P
5795_01,Earth,False,PSO J318.5-22,19.0,False,0.0,95.0,595.0,0.0,0.0,5795,F,1106,S
5796_01,Mars,False,TRAPPIST-1e,32.0,False,6769.0,0.0,,113.0,1.0,5796,F,1107,S
5799_01,,True,55 Cancri e,39.0,False,0.0,0.0,0.0,0.0,0.0,5799,F,1108,S
5800_01,Earth,False,,40.0,False,661.0,0.0,830.0,0.0,6.0,5800,F,1203,P
5802_01,Mars,False,TRAPPIST-1e,44.0,False,815.0,219.0,22.0,0.0,0.0,5802,D,175,S
5804_01,Earth,True,TRAPPIST-1e,26.0,False,0.0,0.0,0.0,0.0,0.0,5804,G,933,P
5806_01,Earth,False,TRAPPIST-1e,22.0,False,514.0,0.0,2.0,129.0,583.0,5806,F,1109,S
5808_01,Earth,False,TRAPPIST-1e,2.0,False,0.0,0.0,0.0,0.0,0.0,5808,G,934,P
5808_02,Earth,False,TRAPPIST-1e,18.0,False,0.0,3.0,41.0,359.0,393.0,5808,F,1204,P
5808_03,Earth,False,TRAPPIST-1e,53.0,False,751.0,0.0,,7.0,0.0,5808,F,1204,P
5809_01,Earth,False,TRAPPIST-1e,22.0,False,104.0,511.0,254.0,425.0,4.0,5809,F,1205,P
5809_02,Earth,False,TRAPPIST-1e,46.0,False,0.0,98.0,2077.0,0.0,0.0,5809,F,1205,P
5810_01,Earth,True,TRAPPIST-1e,28.0,False,0.0,0.0,0.0,0.0,0.0,5810,G,935,P
5810_02,,False,TRAPPIST-1e,31.0,False,0.0,1489.0,68.0,6.0,0.0,5810,E,366,P
5811_01,Europa,False,55 Cancri e,36.0,False,1.0,4058.0,95.0,0.0,2109.0,5811,A,54,P
5811_02,Europa,False,55 Cancri e,46.0,False,35.0,3953.0,0.0,2108.0,0.0,5811,A,54,P
5812_01,Earth,True,TRAPPIST-1e,0.0,False,0.0,0.0,0.0,0.0,0.0,5812,G,943,S
5812_02,Earth,False,TRAPPIST-1e,3.0,False,0.0,0.0,0.0,0.0,0.0,5812,G,943,S
5812_03,Earth,True,TRAPPIST-1e,12.0,False,0.0,0.0,0.0,0.0,0.0,5812,G,943,S
5812_04,Earth,True,TRAPPIST-1e,2.0,False,0.0,0.0,0.0,0.0,0.0,5812,G,943,S
5812_05,Earth,True,TRAPPIST-1e,41.0,False,0.0,0.0,0.0,0.0,0.0,5812,G,943,S
5812_06,Earth,True,55 Cancri e,11.0,False,0.0,0.0,0.0,0.0,0.0,5812,G,943,S
5813_01,Earth,True,TRAPPIST-1e,41.0,False,0.0,0.0,0.0,0.0,0.0,5813,G,936,P
5814_01,Mars,False,TRAPPIST-1e,17.0,False,513.0,0.0,669.0,0.0,0.0,5814,D,176,S
5814_02,Mars,True,55 Cancri e,21.0,False,0.0,0.0,0.0,0.0,0.0,5814,D,176,S
5814_03,Mars,True,55 Cancri e,21.0,False,0.0,0.0,0.0,0.0,0.0,5814,D,176,S
5814_04,Mars,False,TRAPPIST-1e,27.0,False,89.0,888.0,51.0,5.0,0.0,5814,D,176,S
5814_05,Mars,True,TRAPPIST-1e,54.0,False,0.0,0.0,0.0,0.0,0.0,5814,D,176,S
5814_06,Mars,False,TRAPPIST-1e,15.0,False,2309.0,0.0,1142.0,1.0,10.0,5814,D,176,S
5814_07,Mars,True,,39.0,False,0.0,0.0,0.0,0.0,0.0,5814,D,176,S
5816_01,Earth,False,TRAPPIST-1e,31.0,False,1.0,0.0,7.0,0.0,387.0,5816,G,937,P
5817_01,Mars,True,TRAPPIST-1e,28.0,False,0.0,0.0,0.0,0.0,0.0,5817,F,1111,S
5818_01,Earth,False,,21.0,False,3553.0,5.0,0.0,0.0,2.0,5818,G,938,P
5819_01,Europa,True,TRAPPIST-1e,29.0,False,0.0,0.0,0.0,0.0,0.0,5819,B,221,S
5820_01,Earth,,TRAPPIST-1e,45.0,False,112.0,406.0,198.0,0.0,0.0,5820,F,1112,S
5821_01,Europa,False,55 Cancri e,44.0,False,0.0,496.0,99.0,317.0,5615.0,5821,C,183,P
5822_01,Earth,True,TRAPPIST-1e,12.0,False,0.0,0.0,0.0,0.0,0.0,5822,G,939,P
5823_01,Earth,True,55 Cancri e,18.0,False,0.0,0.0,0.0,0.0,0.0,5823,G,944,S
5824_01,Earth,True,55 Cancri e,20.0,False,0.0,0.0,0.0,0.0,0.0,5824,G,940,P
5825_01,Europa,False,TRAPPIST-1e,43.0,False,0.0,8808.0,0.0,580.0,0.0,5825,B,198,P
5826_01,,True,55 Cancri e,46.0,False,0.0,0.0,0.0,0.0,0.0,5826,E,367,P
5827_01,Earth,False,TRAPPIST-1e,53.0,False,0.0,68.0,0.0,920.0,4.0,5827,G,945,S
5828_01,Earth,False,TRAPPIST-1e,21.0,False,621.0,0.0,0.0,0.0,0.0,5828,G,941,P
5829_01,Earth,False,TRAPPIST-1e,23.0,False,0.0,21.0,0.0,0.0,716.0,5829,F,1113,S
5831_01,Earth,False,55 Cancri e,9.0,False,0.0,0.0,0.0,0.0,0.0,5831,G,734,S
5834_01,Earth,False,,19.0,False,546.0,11.0,0.0,325.0,218.0,5834,F,1206,P
5835_01,Earth,True,PSO J318.5-22,52.0,False,0.0,0.0,0.0,0.0,0.0,5835,G,946,S
5836_01,Europa,True,55 Cancri e,31.0,False,0.0,0.0,0.0,0.0,0.0,5836,B,222,S
5837_01,Earth,False,TRAPPIST-1e,62.0,False,761.0,15.0,0.0,0.0,,5837,F,1114,S
5839_01,Europa,True,TRAPPIST-1e,27.0,False,0.0,0.0,0.0,0.0,0.0,5839,C,219,S
5840_01,Earth,True,TRAPPIST-1e,23.0,False,0.0,0.0,0.0,0.0,0.0,5840,G,946,P
5842_01,Europa,True,55 Cancri e,28.0,False,0.0,0.0,0.0,0.0,0.0,5842,C,220,S
5842_02,Europa,True,55 Cancri e,27.0,False,0.0,0.0,0.0,0.0,0.0,5842,C,220,S
5843_01,Earth,True,TRAPPIST-1e,58.0,False,0.0,0.0,0.0,0.0,0.0,5843,G,947,S
5844_01,Earth,False,55 Cancri e,24.0,,0.0,30.0,835.0,0.0,0.0,5844,E,369,P
5846_01,Mars,False,TRAPPIST-1e,27.0,True,149.0,0.0,890.0,9.0,0.0,5846,E,376,S
5847_01,Earth,False,TRAPPIST-1e,33.0,False,36.0,0.0,0.0,1415.0,0.0,5847,F,1115,S
5848_01,Earth,False,,28.0,False,229.0,761.0,0.0,0.0,6.0,5848,E,377,S
5849_01,Earth,False,TRAPPIST-1e,39.0,False,0.0,0.0,0.0,0.0,1104.0,5849,F,1208,P
5852_01,Earth,False,TRAPPIST-1e,27.0,False,0.0,0.0,0.0,727.0,260.0,5852,E,370,P
5854_01,Earth,False,TRAPPIST-1e,36.0,False,0.0,75.0,106.0,0.0,1903.0,5854,F,1117,S
5855_01,Earth,,TRAPPIST-1e,64.0,False,0.0,623.0,1827.0,0.0,0.0,5855,F,1209,P
5855_02,Earth,False,PSO J318.5-22,41.0,False,0.0,0.0,687.0,0.0,65.0,5855,G,949,P
5856_01,Europa,True,55 Cancri e,,False,0.0,0.0,0.0,0.0,0.0,5856,B,199,P
5856_02,Europa,True,TRAPPIST-1e,27.0,False,0.0,0.0,0.0,0.0,0.0,5856,B,199,P
5857_01,Europa,False,TRAPPIST-1e,,False,0.0,2.0,64.0,139.0,3831.0,5857,E,378,S
5858_01,Earth,False,55 Cancri e,22.0,False,483.0,0.0,0.0,304.0,21.0,5858,G,948,S
5859_01,Earth,False,,23.0,False,0.0,456.0,2624.0,912.0,8.0,5859,E,371,P
5860_01,Mars,False,TRAPPIST-1e,40.0,False,7.0,0.0,6.0,1206.0,88.0,5860,F,1118,S
5860_02,Mars,True,TRAPPIST-1e,2.0,False,0.0,0.0,0.0,0.0,0.0,5860,F,1118,S
5860_03,Mars,False,TRAPPIST-1e,0.0,False,0.0,0.0,0.0,0.0,0.0,5860,F,1118,S
5861_01,Earth,False,TRAPPIST-1e,27.0,False,0.0,1774.0,0.0,17.0,13.0,5861,G,949,S
5863_01,Earth,False,55 Cancri e,0.0,False,0.0,0.0,0.0,0.0,0.0,5863,G,950,P
5863_02,Earth,False,TRAPPIST-1e,17.0,False,0.0,566.0,18.0,318.0,0.0,5863,F,1210,P
5867_01,Earth,False,TRAPPIST-1e,45.0,False,,0.0,0.0,1501.0,24.0,5867,F,1212,P
5868_01,Earth,False,TRAPPIST-1e,62.0,False,104.0,53.0,194.0,436.0,0.0,5868,E,379,S
5869_01,Earth,True,55 Cancri e,14.0,False,0.0,0.0,0.0,0.0,0.0,5869,G,952,S
5871_01,Earth,False,55 Cancri e,24.0,False,0.0,1369.0,848.0,0.0,0.0,5871,F,1120,S
5874_01,Earth,True,PSO J318.5-22,51.0,False,0.0,0.0,0.0,0.0,0.0,5874,G,953,S
5875_01,Earth,False,TRAPPIST-1e,49.0,False,20.0,0.0,0.0,769.0,0.0,5875,E,381,S
5876_01,Mars,False,TRAPPIST-1e,52.0,False,1364.0,131.0,444.0,0.0,0.0,5876,D,184,P
5876_02,Mars,True,55 Cancri e,35.0,False,0.0,0.0,0.0,0.0,0.0,5876,F,1213,P
5876_03,Mars,True,TRAPPIST-1e,22.0,False,0.0,0.0,0.0,0.0,0.0,5876,F,1213,P
5877_01,Earth,False,TRAPPIST-1e,17.0,False,0.0,0.0,1552.0,0.0,,5877,F,1121,S
5878_01,Europa,True,55 Cancri e,47.0,False,0.0,0.0,0.0,0.0,0.0,5878,B,224,S
5879_01,Mars,True,TRAPPIST-1e,25.0,False,0.0,0.0,0.0,0.0,0.0,5879,F,1122,S
5880_01,Earth,True,TRAPPIST-1e,11.0,False,0.0,0.0,0.0,0.0,0.0,5880,G,953,P
5882_01,Earth,False,TRAPPIST-1e,17.0,False,18.0,10.0,73.0,0.0,1049.0,5882,F,1214,P
5885_01,Earth,False,TRAPPIST-1e,41.0,,8.0,532.0,0.0,0.0,100.0,5885,F,1123,S
5885_02,Earth,False,TRAPPIST-1e,55.0,False,0.0,0.0,0.0,507.0,909.0,5885,F,1123,S
5885_03,Earth,False,TRAPPIST-1e,29.0,False,0.0,2395.0,7.0,20.0,6.0,5885,F,1123,S
5885_04,Earth,False,TRAPPIST-1e,19.0,False,0.0,0.0,0.0,888.0,0.0,5885,G,954,S
5885_05,Earth,True,55 Cancri e,23.0,False,0.0,0.0,0.0,0.0,0.0,5885,G,954,S
5885_06,Earth,False,TRAPPIST-1e,32.0,False,4518.0,914.0,0.0,93.0,0.0,5885,G,954,S
5885_07,Earth,False,TRAPPIST-1e,27.0,False,0.0,0.0,0.0,0.0,1818.0,5885,G,954,S
5885_08,Earth,False,TRAPPIST-1e,25.0,False,0.0,0.0,892.0,0.0,0.0,5885,G,954,S
5886_01,Mars,False,TRAPPIST-1e,24.0,False,10.0,49.0,,1497.0,10.0,5886,F,1216,P
5886_02,Mars,True,TRAPPIST-1e,30.0,False,0.0,0.0,0.0,0.0,0.0,5886,E,373,P
5887_01,Earth,False,PSO J318.5-22,50.0,False,781.0,2.0,0.0,61.0,0.0,5887,E,374,P
5887_02,Earth,False,,51.0,False,201.0,574.0,40.0,0.0,11.0,5887,F,1217,P
5888_01,Mars,False,55 Cancri e,27.0,False,1331.0,0.0,0.0,0.0,0.0,5888,F,1218,P
5888_02,Mars,False,TRAPPIST-1e,35.0,False,750.0,0.0,0.0,0.0,1065.0,5888,F,1218,P
5889_01,Earth,False,TRAPPIST-1e,48.0,False,0.0,0.0,790.0,2368.0,1292.0,5889,G,954,P
5890_01,Earth,True,TRAPPIST-1e,27.0,False,0.0,0.0,0.0,0.0,0.0,5890,G,955,S
5891_01,Earth,True,PSO J318.5-22,19.0,False,0.0,0.0,0.0,0.0,0.0,5891,G,955,P
5894_01,Earth,True,PSO J318.5-22,18.0,False,0.0,0.0,0.0,0.0,0.0,5894,G,957,S
5897_01,Europa,,55 Cancri e,25.0,False,0.0,0.0,0.0,0.0,0.0,5897,C,221,S
5898_01,Earth,True,55 Cancri e,41.0,False,0.0,0.0,0.0,0.0,0.0,5898,G,958,S
5900_01,Mars,True,TRAPPIST-1e,62.0,False,0.0,,0.0,0.0,0.0,5900,F,1220,P
5900_02,Mars,True,TRAPPIST-1e,30.0,False,0.0,0.0,0.0,0.0,0.0,5900,F,1220,P
5900_03,Mars,True,TRAPPIST-1e,6.0,,0.0,0.0,0.0,0.0,0.0,5900,F,1220,P
5901_01,Earth,False,55 Cancri e,15.0,False,0.0,40.0,0.0,0.0,839.0,5901,F,1221,P
5902_01,Mars,False,PSO J318.5-22,34.0,False,162.0,0.0,690.0,28.0,0.0,5902,D,177,S
5903_01,Earth,False,TRAPPIST-1e,34.0,False,223.0,0.0,13.0,514.0,41.0,5903,E,376,P
5905_01,Earth,False,TRAPPIST-1e,23.0,False,16.0,687.0,1.0,1.0,0.0,5905,G,959,S
5906_01,Earth,False,,51.0,False,0.0,0.0,207.0,347.0,262.0,5906,G,957,P
5907_01,Earth,True,PSO J318.5-22,63.0,False,0.0,0.0,0.0,0.0,0.0,5907,G,960,S
5908_01,Earth,False,TRAPPIST-1e,42.0,False,84.0,392.0,300.0,0.0,0.0,5908,F,1126,S
5909_01,Earth,False,55 Cancri e,19.0,False,0.0,716.0,0.0,0.0,0.0,5909,F,1127,S
5909_02,Earth,True,TRAPPIST-1e,5.0,False,0.0,0.0,0.0,0.0,0.0,5909,G,961,S
5909_03,Earth,True,55 Cancri e,2.0,False,0.0,0.0,0.0,0.0,0.0,5909,G,961,S
5912_01,Earth,True,TRAPPIST-1e,15.0,False,0.0,0.0,0.0,0.0,0.0,5912,G,963,S
5913_01,Europa,False,TRAPPIST-1e,36.0,False,0.0,6.0,0.0,1.0,1407.0,5913,D,185,P
5915_01,Earth,False,TRAPPIST-1e,32.0,False,0.0,0.0,39.0,0.0,749.0,5915,E,382,S
5916_01,Earth,False,,19.0,False,2.0,3.0,450.0,204.0,0.0,5916,E,383,S
5919_01,Europa,False,55 Cancri e,26.0,False,0.0,2427.0,15.0,5.0,0.0,5919,A,55,P
5920_01,Earth,False,TRAPPIST-1e,33.0,False,48.0,94.0,756.0,308.0,0.0,5920,F,1223,P
5921_01,Earth,True,TRAPPIST-1e,38.0,False,0.0,0.0,0.0,0.0,0.0,5921,G,959,P
5921_02,Earth,False,TRAPPIST-1e,22.0,False,0.0,0.0,859.0,62.0,0.0,5921,F,1224,P
5922_01,Earth,False,TRAPPIST-1e,32.0,False,0.0,0.0,0.0,0.0,0.0,5922,G,960,P
5923_01,Mars,True,55 Cancri e,30.0,False,0.0,0.0,0.0,0.0,0.0,5923,F,1129,S
5924_01,Earth,False,TRAPPIST-1e,51.0,False,152.0,55.0,25.0,74.0,289.0,5924,F,1225,P
5925_01,Europa,False,TRAPPIST-1e,29.0,False,0.0,1644.0,0.0,0.0,3780.0,5925,B,226,S
5925_02,Europa,False,TRAPPIST-1e,16.0,False,0.0,2002.0,0.0,96.0,69.0,5925,B,226,S
5925_03,Europa,False,TRAPPIST-1e,32.0,False,0.0,0.0,0.0,241.0,4757.0,5925,B,226,S
5927_01,Europa,False,55 Cancri e,24.0,False,0.0,2421.0,0.0,725.0,2300.0,5927,B,201,P
5927_02,Europa,False,,23.0,False,0.0,109.0,0.0,4810.0,25.0,5927,B,201,P
5927_03,Europa,True,55 Cancri e,46.0,False,0.0,0.0,0.0,0.0,0.0,5927,B,201,P
5927_04,Europa,,55 Cancri e,49.0,False,0.0,1264.0,0.0,5474.0,104.0,5927,B,201,P
5927_05,Europa,True,TRAPPIST-1e,17.0,False,0.0,0.0,0.0,0.0,0.0,5927,B,201,P
5927_06,Europa,False,55 Cancri e,35.0,False,4.0,3857.0,324.0,899.0,375.0,5927,B,201,P
5927_07,Europa,False,55 Cancri e,43.0,False,0.0,1706.0,0.0,274.0,2056.0,5927,B,201,P
5928_01,Earth,False,TRAPPIST-1e,20.0,False,149.0,25.0,559.0,21.0,33.0,5928,E,377,P
5930_01,Europa,True,55 Cancri e,24.0,False,0.0,0.0,0.0,0.0,0.0,5930,B,227,S
5930_02,Europa,False,TRAPPIST-1e,28.0,False,0.0,1014.0,0.0,2463.0,517.0,5930,B,227,S
5930_03,Europa,True,55 Cancri e,19.0,False,0.0,0.0,0.0,0.0,0.0,5930,B,227,S
5931_01,Europa,False,55 Cancri e,39.0,False,0.0,0.0,0.0,1854.0,171.0,5931,A,56,P
5933_01,Mars,False,TRAPPIST-1e,34.0,False,1547.0,485.0,97.0,59.0,0.0,5933,F,1131,S
5934_01,Earth,False,TRAPPIST-1e,29.0,False,89.0,1725.0,,0.0,3.0,5934,G,962,P
5938_01,Earth,False,55 Cancri e,14.0,False,0.0,0.0,52.0,0.0,,5938,E,384,S
5938_02,Earth,True,TRAPPIST-1e,,False,0.0,0.0,0.0,0.0,0.0,5938,G,967,S
5939_01,,False,TRAPPIST-1e,30.0,False,628.0,0.0,544.0,0.0,126.0,5939,E,385,S
5941_01,Earth,False,TRAPPIST-1e,,False,72.0,914.0,0.0,0.0,7.0,5941,E,386,S
5944_01,Earth,True,PSO J318.5-22,32.0,False,0.0,0.0,0.0,0.0,0.0,5944,G,969,S
5945_01,Earth,True,TRAPPIST-1e,7.0,False,0.0,0.0,0.0,0.0,0.0,5945,G,970,S
5945_02,Earth,True,55 Cancri e,34.0,False,0.0,0.0,0.0,0.0,0.0,5945,G,970,S
5945_03,Earth,False,PSO J318.5-22,47.0,False,163.0,2.0,11.0,593.0,0.0,5945,G,970,S
5946_01,Mars,False,TRAPPIST-1e,19.0,False,300.0,5.0,642.0,0.0,0.0,5946,E,387,S
5947_01,Europa,True,TRAPPIST-1e,52.0,False,0.0,0.0,0.0,0.0,0.0,5947,E,388,S
5949_01,Mars,False,TRAPPIST-1e,19.0,False,758.0,425.0,0.0,0.0,0.0,5949,D,180,S
5949_02,Mars,True,TRAPPIST-1e,18.0,False,0.0,0.0,0.0,0.0,0.0,5949,F,1132,S
5950_01,Earth,False,TRAPPIST-1e,32.0,False,,5.0,0.0,64.0,0.0,5950,E,378,P
5951_01,Earth,False,55 Cancri e,21.0,False,423.0,0.0,172.0,0.0,,5951,F,1133,S
5952_01,Mars,,55 Cancri e,22.0,False,0.0,0.0,0.0,0.0,0.0,5952,F,1134,S
5953_01,Mars,False,TRAPPIST-1e,13.0,False,157.0,0.0,1199.0,0.0,14.0,5953,E,390,S
5954_01,Mars,False,TRAPPIST-1e,25.0,False,2093.0,0.0,6.0,0.0,0.0,5954,E,391,S
5955_01,Mars,False,TRAPPIST-1e,33.0,False,836.0,0.0,155.0,31.0,0.0,5955,E,392,S
5955_02,Mars,False,TRAPPIST-1e,27.0,False,1379.0,0.0,414.0,0.0,805.0,5955,F,1135,S
5956_01,Earth,False,TRAPPIST-1e,21.0,,12.0,0.0,0.0,1658.0,0.0,5956,E,379,P
5957_01,Europa,True,55 Cancri e,17.0,False,0.0,0.0,0.0,0.0,0.0,5957,B,203,P
5957_02,Europa,True,55 Cancri e,15.0,False,0.0,0.0,0.0,0.0,0.0,5957,B,203,P
5957_03,Europa,False,55 Cancri e,58.0,True,2.0,3862.0,0.0,1482.0,73.0,5957,B,203,P
5959_01,Europa,False,TRAPPIST-1e,29.0,False,1.0,2809.0,97.0,61.0,1227.0,5959,D,181,S
5959_02,Europa,True,TRAPPIST-1e,34.0,False,0.0,0.0,0.0,0.0,0.0,5959,D,181,S
5960_01,Europa,False,TRAPPIST-1e,28.0,False,0.0,4780.0,1761.0,1.0,247.0,5960,C,222,S
5960_02,Europa,False,TRAPPIST-1e,29.0,False,3215.0,1211.0,4.0,7.0,417.0,5960,C,222,S
5960_03,Europa,True,55 Cancri e,25.0,False,0.0,0.0,0.0,0.0,0.0,5960,C,222,S
5963_01,Mars,False,55 Cancri e,23.0,False,112.0,1184.0,143.0,2.0,585.0,5963,F,1228,P
5965_01,Earth,False,TRAPPIST-1e,22.0,False,0.0,40.0,689.0,0.0,79.0,5965,G,964,P
5967_01,Earth,True,55 Cancri e,38.0,False,,0.0,0.0,0.0,0.0,5967,G,965,P
5967_02,Earth,False,TRAPPIST-1e,38.0,False,0.0,784.0,0.0,0.0,0.0,5967,G,965,P
5967_03,Earth,False,TRAPPIST-1e,0.0,False,0.0,0.0,0.0,0.0,0.0,5967,G,965,P
5968_01,Earth,False,TRAPPIST-1e,,False,17.0,0.0,0.0,49.0,867.0,5968,F,1229,P
5969_01,Earth,True,TRAPPIST-1e,0.0,False,0.0,0.0,0.0,0.0,0.0,5969,G,972,S
5969_02,Earth,False,55 Cancri e,37.0,False,0.0,698.0,0.0,,6.0,5969,F,1137,S
5969_03,Earth,False,TRAPPIST-1e,2.0,False,0.0,0.0,0.0,0.0,0.0,5969,G,972,S
5970_01,Europa,True,55 Cancri e,40.0,False,0.0,0.0,0.0,0.0,0.0,5970,B,229,S
5971_01,Mars,False,TRAPPIST-1e,47.0,False,448.0,0.0,891.0,0.0,235.0,5971,F,1230,P
5972_01,Earth,False,TRAPPIST-1e,34.0,False,0.0,11.0,610.0,591.0,769.0,5972,F,1138,S
5973_01,Mars,False,TRAPPIST-1e,43.0,False,1086.0,4.0,202.0,401.0,0.0,5973,F,1139,S
5974_01,Mars,True,55 Cancri e,21.0,False,0.0,0.0,0.0,0.0,0.0,5974,D,186,P
5975_01,Europa,True,55 Cancri e,43.0,False,0.0,0.0,0.0,0.0,0.0,5975,E,380,P
5976_01,Mars,False,TRAPPIST-1e,33.0,False,3090.0,0.0,808.0,0.0,0.0,5976,D,182,S
5977_01,Europa,False,TRAPPIST-1e,28.0,False,0.0,0.0,0.0,0.0,0.0,5977,B,230,S
5977_02,Europa,False,55 Cancri e,57.0,False,200.0,9.0,0.0,,24133.0,5977,B,230,S
5977_03,Europa,False,TRAPPIST-1e,,False,0.0,0.0,0.0,0.0,0.0,5977,B,230,S
5977_04,Europa,False,TRAPPIST-1e,46.0,False,0.0,3259.0,761.0,4423.0,0.0,5977,B,230,S
5980_01,Europa,False,55 Cancri e,19.0,False,0.0,,0.0,2.0,9.0,5980,C,223,S
5981_01,Mars,False,TRAPPIST-1e,27.0,False,441.0,0.0,397.0,471.0,0.0,5981,F,1140,S
5981_02,,False,TRAPPIST-1e,2.0,False,0.0,0.0,0.0,0.0,0.0,5981,F,1140,S
5981_03,Mars,False,TRAPPIST-1e,0.0,False,0.0,0.0,0.0,0.0,0.0,5981,F,1140,S
5983_01,Mars,False,TRAPPIST-1e,25.0,True,1442.0,0.0,0.0,0.0,13.0,5983,F,1233,P
5983_02,Mars,True,TRAPPIST-1e,47.0,False,0.0,0.0,0.0,0.0,0.0,5983,F,1233,P
5984_01,Mars,False,PSO J318.5-22,38.0,False,1208.0,0.0,13.0,38.0,0.0,5984,D,187,P
5984_02,Mars,False,TRAPPIST-1e,24.0,False,555.0,0.0,618.0,0.0,0.0,5984,E,381,P
5985_01,Earth,False,TRAPPIST-1e,24.0,False,276.0,0.0,0.0,0.0,489.0,5985,F,1234,P
5986_01,Europa,,TRAPPIST-1e,25.0,False,0.0,0.0,0.0,0.0,0.0,5986,D,188,P
5987_01,Earth,False,TRAPPIST-1e,29.0,False,0.0,5.0,6.0,0.0,,5987,G,973,S
5988_01,Mars,False,55 Cancri e,44.0,False,2956.0,0.0,10.0,12.0,692.0,5988,F,1235,P
5989_01,,False,TRAPPIST-1e,20.0,False,0.0,0.0,,703.0,0.0,5989,F,1141,S
5990_01,Earth,True,TRAPPIST-1e,23.0,False,0.0,0.0,0.0,0.0,0.0,5990,G,974,S
5991_01,Europa,False,55 Cancri e,26.0,False,0.0,9641.0,51.0,224.0,2428.0,5991,C,224,S
5992_01,Earth,True,PSO J318.5-22,20.0,False,0.0,0.0,0.0,0.0,0.0,5992,G,975,S
5993_01,Mars,True,TRAPPIST-1e,27.0,False,0.0,0.0,0.0,0.0,0.0,5993,E,394,S
5994_01,Earth,False,55 Cancri e,23.0,,94.0,132.0,0.0,967.0,5.0,5994,F,1236,P
5995_01,Earth,True,PSO J318.5-22,33.0,False,0.0,0.0,0.0,0.0,0.0,5995,G,967,P
5998_01,Earth,False,TRAPPIST-1e,30.0,False,477.0,0.0,8.0,0.0,323.0,5998,G,977,S
5999_01,Earth,False,TRAPPIST-1e,32.0,False,0.0,104.0,2.0,0.0,801.0,5999,G,968,P
6000_01,Mars,False,TRAPPIST-1e,19.0,False,781.0,0.0,295.0,613.0,0.0,6000,G,734,S
6000_02,Mars,False,TRAPPIST-1e,41.0,False,1.0,0.0,808.0,0.0,0.0,6000,D,189,P
6001_01,Earth,True,TRAPPIST-1e,50.0,,0.0,0.0,0.0,0.0,0.0,6001,G,969,P
6003_01,Earth,False,TRAPPIST-1e,36.0,False,9.0,247.0,0.0,482.0,16.0,6003,G,970,P
6004_01,Mars,True,TRAPPIST-1e,21.0,False,0.0,0.0,0.0,0.0,0.0,6004,F,1143,S
6006_01,Europa,False,55 Cancri e,45.0,True,1017.0,3863.0,0.0,601.0,3999.0,6006,D,190,P
6006_02,Europa,True,55 Cancri e,26.0,False,0.0,0.0,0.0,0.0,0.0,6006,D,190,P
6007_01,Earth,True,,44.0,False,0.0,0.0,,0.0,0.0,6007,G,971,P
6008_01,Earth,False,PSO J318.5-22,24.0,,0.0,73.0,617.0,0.0,0.0,6008,F,1238,P
6010_01,Earth,True,55 Cancri e,15.0,False,0.0,0.0,0.0,0.0,0.0,6010,G,979,S
6011_01,Earth,False,TRAPPIST-1e,58.0,False,0.0,0.0,0.0,1989.0,18.0,6011,F,1239,P
6014_01,Earth,False,TRAPPIST-1e,13.0,False,28.0,396.0,367.0,0.0,0.0,6014,E,395,S
6015_01,Europa,True,TRAPPIST-1e,19.0,False,0.0,0.0,0.0,0.0,0.0,6015,B,231,S
6015_02,Europa,False,55 Cancri e,25.0,False,140.0,4451.0,0.0,0.0,2050.0,6015,B,231,S
6016_01,Earth,False,TRAPPIST-1e,24.0,False,718.0,0.0,265.0,302.0,384.0,6016,E,383,P
6016_02,Earth,False,TRAPPIST-1e,20.0,False,3.0,0.0,0.0,806.0,0.0,6016,G,973,P
6017_01,Mars,True,TRAPPIST-1e,34.0,False,0.0,0.0,0.0,0.0,0.0,6017,F,1144,S
6017_02,Mars,True,TRAPPIST-1e,13.0,False,0.0,0.0,0.0,0.0,0.0,6017,F,1144,S
6019_01,Earth,False,TRAPPIST-1e,,False,0.0,839.0,0.0,36.0,5.0,6019,F,1145,S
6020_01,Earth,True,55 Cancri e,39.0,False,0.0,0.0,0.0,0.0,0.0,6020,G,974,P
6020_02,Earth,True,TRAPPIST-1e,0.0,False,0.0,0.0,0.0,0.0,0.0,6020,G,974,P
6020_03,Earth,False,TRAPPIST-1e,10.0,False,0.0,0.0,0.0,0.0,0.0,6020,G,974,P
6020_04,Earth,True,TRAPPIST-1e,9.0,False,0.0,0.0,0.0,0.0,0.0,6020,G,974,P
6020_05,Earth,False,55 Cancri e,34.0,False,0.0,968.0,273.0,,283.0,6020,F,1242,P
6020_06,Earth,False,TRAPPIST-1e,11.0,False,0.0,0.0,0.0,0.0,0.0,6020,G,974,P
6020_07,Earth,True,TRAPPIST-1e,0.0,False,0.0,0.0,0.0,0.0,,6020,G,974,P
6022_01,Earth,False,TRAPPIST-1e,24.0,False,0.0,0.0,0.0,14.0,631.0,6022,F,1243,P
6024_01,Earth,True,PSO J318.5-22,16.0,False,0.0,,0.0,0.0,0.0,6024,G,975,P
6025_01,Earth,False,TRAPPIST-1e,42.0,False,0.0,420.0,0.0,1.0,175.0,6025,F,1245,P
6026_01,Mars,False,TRAPPIST-1e,41.0,False,982.0,64.0,380.0,0.0,0.0,6026,F,1246,P
6027_01,Europa,False,TRAPPIST-1e,36.0,False,0.0,1828.0,9058.0,1.0,2.0,6027,B,232,S
6028_01,Europa,False,55 Cancri e,27.0,False,0.0,1801.0,0.0,304.0,1393.0,6028,A,57,P
6028_02,Europa,False,TRAPPIST-1e,32.0,True,0.0,792.0,0.0,1.0,1335.0,6028,A,57,P
6028_03,Europa,False,55 Cancri e,11.0,False,0.0,0.0,0.0,0.0,0.0,6028,A,57,P
6028_04,Europa,False,TRAPPIST-1e,26.0,True,0.0,3638.0,0.0,1043.0,0.0,6028,G,734,S
6028_05,Europa,False,TRAPPIST-1e,28.0,False,0.0,6921.0,0.0,29.0,45.0,6028,A,57,P
6029_01,Earth,False,TRAPPIST-1e,25.0,False,0.0,30.0,20.0,0.0,941.0,6029,E,396,S
6030_01,Earth,False,TRAPPIST-1e,5.0,False,0.0,0.0,0.0,0.0,0.0,6030,G,981,S
6030_02,Earth,True,TRAPPIST-1e,,False,0.0,0.0,0.0,0.0,0.0,6030,G,981,S
6030_03,Earth,False,TRAPPIST-1e,13.0,False,852.0,147.0,7.0,0.0,1.0,6030,G,981,S
6030_04,Earth,False,TRAPPIST-1e,30.0,False,0.0,0.0,47.0,703.0,4.0,6030,G,981,S
6030_05,Earth,True,TRAPPIST-1e,15.0,False,0.0,0.0,,0.0,0.0,6030,G,981,S
6030_06,Earth,True,TRAPPIST-1e,0.0,False,0.0,0.0,0.0,0.0,0.0,6030,G,981,S
6030_07,Earth,False,TRAPPIST-1e,49.0,False,0.0,,0.0,0.0,0.0,6030,G,981,S
6031_01,,False,,52.0,False,0.0,645.0,0.0,0.0,395.0,6031,F,1146,S
6032_01,Earth,True,TRAPPIST-1e,15.0,False,0.0,0.0,0.0,0.0,0.0,6032,G,982,S
6032_02,,False,TRAPPIST-1e,40.0,False,521.0,4.0,53.0,70.0,141.0,6032,E,397,S
6032_03,Earth,True,55 Cancri e,0.0,False,0.0,0.0,0.0,0.0,0.0,6032,G,982,S
6033_01,Mars,False,TRAPPIST-1e,32.0,False,158.0,0.0,139.0,752.0,0.0,6033,E,384,P
6033_02,Mars,True,55 Cancri e,15.0,False,0.0,0.0,0.0,0.0,0.0,6033,F,1247,P
6034_01,Mars,False,PSO J318.5-22,26.0,False,2042.0,0.0,2387.0,10.0,0.0,6034,E,385,P
6034_02,Mars,True,PSO J318.5-22,31.0,False,0.0,0.0,0.0,0.0,0.0,6034,E,385,P
6034_03,Mars,False,TRAPPIST-1e,8.0,False,0.0,0.0,0.0,0.0,0.0,6034,E,385,P
6035_01,Earth,False,TRAPPIST-1e,18.0,False,0.0,0.0,0.0,1.0,827.0,6035,E,386,P
6035_02,Earth,,TRAPPIST-1e,3.0,,0.0,0.0,0.0,0.0,0.0,6035,G,976,P
6036_01,Europa,False,TRAPPIST-1e,44.0,False,0.0,1289.0,1224.0,514.0,1674.0,6036,C,225,S
6036_02,,False,TRAPPIST-1e,15.0,False,0.0,677.0,0.0,179.0,3186.0,6036,C,225,S
6036_03,Europa,False,TRAPPIST-1e,27.0,False,0.0,1857.0,0.0,778.0,587.0,6036,C,225,S
6038_01,Mars,False,TRAPPIST-1e,22.0,False,2413.0,0.0,53.0,1.0,0.0,6038,F,1147,S
6039_01,Earth,,TRAPPIST-1e,2.0,False,0.0,0.0,0.0,0.0,0.0,6039,G,983,S
6039_02,Earth,False,,32.0,False,3.0,0.0,0.0,0.0,757.0,6039,F,1148,S
6040_01,Earth,False,TRAPPIST-1e,16.0,False,805.0,4.0,0.0,0.0,0.0,6040,G,984,S
6041_01,Mars,False,TRAPPIST-1e,34.0,False,419.0,0.0,15.0,0.0,0.0,6041,F,1248,P
6042_01,Mars,False,TRAPPIST-1e,32.0,False,1946.0,0.0,653.0,0.0,0.0,6042,F,1249,P
6043_01,Earth,False,TRAPPIST-1e,28.0,False,0.0,292.0,1039.0,1.0,489.0,6043,G,978,P
6045_01,Europa,False,TRAPPIST-1e,27.0,False,0.0,21.0,0.0,8126.0,4.0,6045,B,233,S
6047_01,Earth,False,PSO J318.5-22,35.0,False,508.0,0.0,0.0,57.0,243.0,6047,G,985,S
6048_01,Mars,True,,25.0,False,0.0,0.0,0.0,0.0,0.0,6048,G,734,S
6049_01,Earth,False,TRAPPIST-1e,24.0,False,178.0,0.0,235.0,0.0,396.0,6049,G,986,S
6052_01,Earth,True,TRAPPIST-1e,61.0,False,0.0,0.0,0.0,0.0,0.0,6052,G,980,P
6054_01,Mars,True,TRAPPIST-1e,28.0,,0.0,0.0,0.0,0.0,0.0,6054,F,1151,S
6055_01,Europa,False,PSO J318.5-22,29.0,True,3.0,1849.0,0.0,3104.0,1652.0,6055,C,185,P
6055_02,Europa,True,TRAPPIST-1e,41.0,False,0.0,0.0,0.0,0.0,0.0,6055,C,185,P
6055_03,Europa,False,TRAPPIST-1e,20.0,False,1883.0,0.0,,8810.0,0.0,6055,C,185,P
6058_01,Mars,False,55 Cancri e,18.0,False,2904.0,5.0,50.0,0.0,9.0,6058,F,1253,P
6059_01,Earth,False,TRAPPIST-1e,28.0,False,8.0,0.0,3949.0,0.0,9.0,6059,G,982,P
6061_01,Earth,False,TRAPPIST-1e,18.0,False,33.0,0.0,455.0,167.0,48.0,6061,F,1153,S
6062_01,Mars,False,TRAPPIST-1e,33.0,False,301.0,0.0,501.0,0.0,1013.0,6062,F,1254,P
6062_02,Mars,False,TRAPPIST-1e,35.0,False,0.0,0.0,0.0,0.0,0.0,6062,E,388,P
6064_01,Europa,False,55 Cancri e,68.0,False,125.0,13437.0,0.0,22408.0,17.0,6064,C,186,P
6065_01,,False,TRAPPIST-1e,19.0,False,3.0,785.0,0.0,0.0,0.0,6065,E,398,S
6066_01,Europa,False,TRAPPIST-1e,33.0,False,0.0,357.0,2366.0,1612.0,2137.0,6066,C,226,S
6066_02,Europa,False,55 Cancri e,55.0,False,8142.0,8.0,0.0,1481.0,0.0,6066,C,226,S
6066_03,Europa,,TRAPPIST-1e,15.0,False,0.0,0.0,0.0,0.0,0.0,6066,C,226,S
6067_01,Earth,False,TRAPPIST-1e,23.0,False,0.0,0.0,0.0,44.0,1721.0,6067,G,984,P
6068_01,Earth,False,TRAPPIST-1e,23.0,False,0.0,723.0,1.0,0.0,0.0,6068,F,1154,S
6069_01,Mars,False,55 Cancri e,15.0,False,3811.0,0.0,109.0,236.0,0.0,6069,D,185,S
6070_01,Mars,False,TRAPPIST-1e,49.0,False,2209.0,42.0,109.0,23.0,0.0,6070,D,186,S
6071_01,Earth,False,TRAPPIST-1e,33.0,False,41.0,417.0,0.0,42.0,308.0,6071,G,987,S
6073_01,Mars,True,55 Cancri e,26.0,False,0.0,0.0,0.0,0.0,0.0,6073,F,1156,S
6075_01,Europa,True,TRAPPIST-1e,26.0,False,0.0,0.0,0.0,0.0,0.0,6075,B,206,P
6076_01,Earth,,TRAPPIST-1e,18.0,False,14.0,2.0,144.0,610.0,0.0,6076,G,988,S
6077_01,Earth,True,TRAPPIST-1e,17.0,False,0.0,,0.0,0.0,0.0,6077,G,985,P
6080_01,Earth,False,TRAPPIST-1e,39.0,False,657.0,225.0,0.0,,0.0,6080,G,989,S
6082_01,Earth,False,TRAPPIST-1e,8.0,False,0.0,0.0,0.0,0.0,0.0,6082,G,987,P
6085_01,Earth,False,TRAPPIST-1e,46.0,False,0.0,0.0,868.0,0.0,3.0,6085,F,1257,P
6086_01,Europa,False,55 Cancri e,32.0,False,0.0,4176.0,0.0,183.0,6.0,6086,A,72,S
6087_01,Earth,False,TRAPPIST-1e,19.0,False,605.0,0.0,24.0,1.0,86.0,6087,F,1160,S
6090_01,Mars,True,TRAPPIST-1e,36.0,False,0.0,0.0,0.0,0.0,0.0,6090,F,1259,P
6091_01,Earth,True,TRAPPIST-1e,28.0,False,0.0,0.0,0.0,0.0,0.0,6091,G,988,P
6091_02,Earth,False,TRAPPIST-1e,39.0,False,0.0,29.0,291.0,13.0,527.0,6091,F,1260,P
6092_01,Earth,False,TRAPPIST-1e,16.0,,0.0,0.0,641.0,33.0,29.0,6092,F,1161,S
6092_02,Earth,True,PSO J318.5-22,7.0,False,0.0,0.0,0.0,0.0,0.0,6092,G,991,S
6092_03,Earth,False,TRAPPIST-1e,1.0,False,0.0,0.0,0.0,0.0,0.0,6092,G,991,S
6094_01,Europa,True,55 Cancri e,30.0,False,0.0,0.0,0.0,0.0,0.0,6094,C,227,S
6094_02,Europa,True,55 Cancri e,44.0,False,0.0,0.0,0.0,0.0,0.0,6094,C,227,S
6094_03,Europa,True,55 Cancri e,28.0,False,0.0,0.0,0.0,0.0,0.0,6094,C,227,S
6095_01,Mars,False,TRAPPIST-1e,29.0,False,3564.0,0.0,802.0,0.0,0.0,6095,D,192,P
6096_01,Mars,False,TRAPPIST-1e,41.0,False,239.0,1.0,1048.0,0.0,0.0,6096,F,1162,S
6096_02,Mars,False,TRAPPIST-1e,13.0,False,1119.0,11.0,1326.0,0.0,0.0,6096,F,1162,S
6096_03,Mars,False,TRAPPIST-1e,18.0,False,4397.0,610.0,1437.0,4.0,0.0,6096,F,1162,S
6098_01,Earth,False,55 Cancri e,27.0,False,0.0,0.0,0.0,2725.0,73.0,6098,F,1163,S
6099_01,Earth,True,TRAPPIST-1e,26.0,False,0.0,0.0,0.0,0.0,0.0,6099,G,992,S
6101_01,Earth,False,55 Cancri e,24.0,False,13.0,0.0,2.0,673.0,3.0,6101,F,1261,P
6102_01,Earth,False,PSO J318.5-22,26.0,False,104.0,0.0,0.0,280.0,216.0,6102,F,1165,S
6103_01,Earth,True,PSO J318.5-22,27.0,False,0.0,0.0,0.0,0.0,0.0,6103,G,990,P
6105_01,Europa,False,TRAPPIST-1e,58.0,,0.0,1012.0,0.0,1120.0,20.0,6105,E,401,S
6106_01,Europa,True,55 Cancri e,54.0,False,0.0,0.0,0.0,0.0,0.0,6106,C,228,S
6107_01,Earth,False,55 Cancri e,18.0,False,0.0,0.0,0.0,63.0,525.0,6107,F,1263,P
6108_01,,False,TRAPPIST-1e,13.0,False,206.0,28.0,0.0,1.0,629.0,6108,F,1166,S
6109_01,Europa,False,TRAPPIST-1e,13.0,False,0.0,9.0,0.0,,5648.0,6109,C,187,P
6109_02,Europa,True,TRAPPIST-1e,28.0,False,0.0,,0.0,0.0,0.0,6109,C,187,P
6110_01,Earth,False,55 Cancri e,57.0,False,0.0,0.0,0.0,0.0,642.0,6110,E,389,P
6111_01,Europa,True,TRAPPIST-1e,32.0,False,0.0,,0.0,0.0,0.0,6111,A,58,P
6111_02,Europa,False,TRAPPIST-1e,32.0,False,0.0,0.0,0.0,4588.0,0.0,6111,A,58,P
6111_03,Europa,True,55 Cancri e,21.0,False,0.0,0.0,0.0,0.0,0.0,6111,G,734,S
6111_04,Europa,True,55 Cancri e,34.0,False,0.0,0.0,0.0,0.0,0.0,6111,A,58,P
6111_05,Europa,False,TRAPPIST-1e,33.0,False,0.0,2110.0,0.0,773.0,10.0,6111,A,58,P
6112_01,Mars,True,TRAPPIST-1e,36.0,,0.0,0.0,0.0,0.0,0.0,6112,F,1264,P
6115_01,Mars,False,TRAPPIST-1e,50.0,False,513.0,0.0,0.0,764.0,21.0,6115,E,390,P
6116_01,Mars,,TRAPPIST-1e,28.0,False,828.0,0.0,72.0,6.0,0.0,6116,F,1167,S
6117_01,Europa,False,TRAPPIST-1e,56.0,False,679.0,1126.0,0.0,33.0,3230.0,6117,B,234,S
6118_01,Mars,False,55 Cancri e,42.0,False,1156.0,0.0,1.0,305.0,0.0,6118,F,1266,P
6118_02,Mars,True,TRAPPIST-1e,39.0,False,0.0,0.0,0.0,0.0,0.0,6118,E,391,P
6120_01,Earth,False,PSO J318.5-22,13.0,False,0.0,1180.0,0.0,,0.0,6120,F,1169,S
6121_01,Europa,False,TRAPPIST-1e,28.0,,0.0,4585.0,0.0,2.0,35.0,6121,C,229,S
6121_02,Europa,False,TRAPPIST-1e,55.0,,916.0,1056.0,0.0,1677.0,593.0,6121,C,229,S
6122_01,Earth,False,55 Cancri e,36.0,False,0.0,0.0,700.0,0.0,0.0,6122,F,1267,P
6123_01,Mars,True,TRAPPIST-1e,,False,0.0,0.0,0.0,0.0,0.0,6123,F,1268,P
6124_01,Earth,False,PSO J318.5-22,37.0,False,0.0,0.0,834.0,0.0,8.0,6124,G,991,P
6126_01,Europa,True,55 Cancri e,50.0,False,0.0,0.0,0.0,0.0,0.0,6126,C,188,P
6127_01,Europa,False,TRAPPIST-1e,27.0,False,551.0,1436.0,0.0,462.0,309.0,6127,E,404,S
6128_01,Earth,True,TRAPPIST-1e,23.0,False,0.0,0.0,0.0,0.0,0.0,6128,G,992,P
6128_02,Earth,False,TRAPPIST-1e,16.0,False,7.0,0.0,311.0,0.0,683.0,6128,F,1270,P
6130_01,Europa,False,55 Cancri e,33.0,True,0.0,3095.0,0.0,197.0,40.0,6130,C,189,P
6132_01,Mars,True,TRAPPIST-1e,46.0,False,0.0,0.0,,0.0,0.0,6132,F,1170,S
6133_01,Earth,True,PSO J318.5-22,26.0,False,0.0,0.0,0.0,0.0,0.0,6133,G,993,S
6135_01,Earth,False,TRAPPIST-1e,24.0,False,270.0,0.0,534.0,0.0,0.0,6135,F,1272,P
6136_01,Earth,False,TRAPPIST-1e,26.0,False,0.0,0.0,0.0,213.0,1078.0,6136,F,1172,S
6137_01,Earth,False,TRAPPIST-1e,2.0,False,0.0,0.0,0.0,0.0,0.0,6137,G,994,S
6137_02,Earth,False,TRAPPIST-1e,33.0,False,457.0,0.0,0.0,0.0,445.0,6137,F,1173,S
6137_03,Earth,True,TRAPPIST-1e,32.0,False,0.0,0.0,0.0,0.0,0.0,6137,G,994,S
6137_04,Earth,True,TRAPPIST-1e,3.0,False,0.0,0.0,0.0,0.0,0.0,6137,G,994,S
6137_05,Earth,True,TRAPPIST-1e,2.0,False,0.0,0.0,0.0,0.0,0.0,6137,G,994,S
6137_06,Earth,False,TRAPPIST-1e,6.0,False,0.0,0.0,0.0,0.0,0.0,6137,G,994,S
6138_01,Mars,False,TRAPPIST-1e,,False,236.0,699.0,332.0,31.0,0.0,6138,E,406,S
6139_01,Europa,,TRAPPIST-1e,0.0,False,0.0,0.0,,0.0,0.0,6139,C,230,S
6139_02,Europa,True,TRAPPIST-1e,4.0,False,0.0,0.0,0.0,0.0,0.0,6139,C,230,S
6139_03,Europa,False,TRAPPIST-1e,58.0,False,0.0,1073.0,,803.0,988.0,6139,C,230,S
6139_04,Europa,True,TRAPPIST-1e,22.0,False,0.0,0.0,0.0,0.0,0.0,6139,C,230,S
6139_05,Europa,True,55 Cancri e,51.0,False,0.0,0.0,0.0,0.0,0.0,6139,C,230,S
6139_06,Europa,True,55 Cancri e,37.0,False,0.0,0.0,0.0,0.0,0.0,6139,C,230,S
6141_01,Earth,False,PSO J318.5-22,17.0,False,0.0,20.0,0.0,14.0,884.0,6141,F,1174,S
6141_02,Earth,False,,21.0,False,28.0,0.0,0.0,662.0,0.0,6141,G,734,S
6143_01,Earth,False,TRAPPIST-1e,,False,3.0,791.0,0.0,362.0,0.0,6143,F,1175,S
6145_01,Europa,,55 Cancri e,,False,3478.0,10.0,0.0,105.0,2383.0,6145,C,231,S
6146_01,Europa,False,TRAPPIST-1e,31.0,False,0.0,0.0,0.0,0.0,0.0,6146,B,207,P
6148_01,Mars,True,TRAPPIST-1e,43.0,False,0.0,0.0,0.0,0.0,0.0,6148,F,1176,S
6148_02,Mars,True,TRAPPIST-1e,,False,0.0,0.0,0.0,0.0,0.0,6148,F,1176,S
6149_01,Earth,,TRAPPIST-1e,15.0,False,1682.0,103.0,0.0,0.0,3.0,6149,G,995,S
6150_01,Earth,False,TRAPPIST-1e,18.0,False,0.0,784.0,8.0,11.0,0.0,6150,F,1177,S
6152_01,Europa,True,TRAPPIST-1e,33.0,False,0.0,,0.0,0.0,0.0,6152,B,235,S
6152_02,Europa,False,TRAPPIST-1e,31.0,False,0.0,53.0,0.0,2963.0,1017.0,6152,B,235,S
6153_01,Europa,True,55 Cancri e,41.0,False,0.0,0.0,0.0,0.0,0.0,6153,B,236,S
6155_01,Earth,False,TRAPPIST-1e,22.0,False,1.0,0.0,10.0,625.0,0.0,6155,F,1178,S
6156_01,Earth,False,TRAPPIST-1e,40.0,,0.0,1.0,0.0,888.0,80.0,6156,F,1179,S
6157_01,Mars,False,TRAPPIST-1e,49.0,False,460.0,86.0,92.0,659.0,0.0,6157,E,407,S
6158_01,Earth,True,PSO J318.5-22,14.0,False,0.0,0.0,0.0,0.0,0.0,6158,G,996,S
6162_01,Earth,False,55 Cancri e,22.0,False,0.0,0.0,1.0,575.0,0.0,6162,F,1181,S
6163_01,Earth,False,TRAPPIST-1e,22.0,False,0.0,32.0,33.0,429.0,1174.0,6163,E,409,S
6166_01,Earth,False,TRAPPIST-1e,25.0,False,980.0,0.0,3.0,0.0,0.0,6166,E,394,P
6167_01,Earth,True,PSO J318.5-22,42.0,False,0.0,0.0,0.0,0.0,0.0,6167,G,998,S
6168_01,Earth,True,PSO J318.5-22,16.0,False,0.0,0.0,0.0,0.0,0.0,6168,G,999,S
6168_02,Earth,False,55 Cancri e,12.0,False,0.0,0.0,0.0,0.0,0.0,6168,G,999,S
6169_01,Earth,False,TRAPPIST-1e,18.0,,382.0,10.0,291.0,90.0,9.0,6169,G,1000,S
6170_01,Earth,False,,33.0,False,0.0,2.0,,0.0,807.0,6170,G,998,P
6171_01,Earth,False,TRAPPIST-1e,14.0,False,5.0,0.0,479.0,297.0,9.0,6171,E,410,S
6172_01,Earth,True,TRAPPIST-1e,36.0,False,0.0,0.0,0.0,0.0,0.0,6172,G,1001,S
6173_01,Europa,True,TRAPPIST-1e,23.0,False,0.0,0.0,,0.0,0.0,6173,B,208,P
6174_01,Earth,False,55 Cancri e,24.0,False,0.0,479.0,116.0,1.0,37.0,6174,F,1274,P
6174_02,Earth,True,PSO J318.5-22,4.0,False,0.0,0.0,0.0,0.0,0.0,6174,G,999,P
6174_03,Earth,True,TRAPPIST-1e,,False,0.0,0.0,0.0,0.0,0.0,6174,G,999,P
6175_01,Earth,False,TRAPPIST-1e,18.0,False,628.0,0.0,0.0,31.0,150.0,6175,G,1000,P
6175_02,Earth,True,TRAPPIST-1e,21.0,False,0.0,0.0,0.0,0.0,0.0,6175,G,1000,P
6175_03,Earth,False,TRAPPIST-1e,27.0,False,12.0,0.0,0.0,873.0,0.0,6175,G,1000,P
6176_01,Mars,True,TRAPPIST-1e,34.0,False,0.0,0.0,0.0,0.0,0.0,6176,F,1275,P
6178_01,Earth,True,PSO J318.5-22,28.0,False,0.0,0.0,0.0,0.0,0.0,6178,G,1001,P
6179_01,Europa,True,TRAPPIST-1e,35.0,False,0.0,,0.0,0.0,0.0,6179,B,209,P
6180_01,Earth,True,PSO J318.5-22,16.0,False,0.0,0.0,0.0,0.0,0.0,6180,G,1002,S
6181_01,Europa,False,TRAPPIST-1e,36.0,False,0.0,2624.0,1657.0,2799.0,1.0,6181,C,191,P
6182_01,Earth,True,TRAPPIST-1e,30.0,False,0.0,,0.0,0.0,0.0,6182,G,1002,P
6184_01,Earth,True,PSO J318.5-22,4.0,False,0.0,0.0,0.0,0.0,0.0,6184,G,1003,S
6186_01,Mars,False,TRAPPIST-1e,19.0,True,61.0,783.0,110.0,0.0,0.0,6186,E,396,P
6189_01,Earth,False,TRAPPIST-1e,3.0,False,0.0,0.0,0.0,0.0,0.0,6189,G,1004,P
6191_01,Europa,True,TRAPPIST-1e,51.0,False,0.0,0.0,0.0,0.0,0.0,6191,A,59,P
6191_02,Europa,True,TRAPPIST-1e,,False,0.0,0.0,0.0,0.0,0.0,6191,A,59,P
6191_03,Europa,True,TRAPPIST-1e,45.0,False,0.0,0.0,0.0,0.0,0.0,6191,A,59,P
6191_04,Europa,True,TRAPPIST-1e,18.0,False,0.0,0.0,0.0,0.0,0.0,6191,A,59,P
6192_01,Earth,False,PSO J318.5-22,23.0,False,0.0,126.0,403.0,0.0,21.0,6192,F,1183,S
6194_01,Earth,False,TRAPPIST-1e,15.0,False,1042.0,0.0,36.0,0.0,0.0,6194,F,1185,S
6199_01,Mars,True,TRAPPIST-1e,34.0,False,0.0,0.0,,0.0,0.0,6199,E,412,S
6199_02,Mars,False,TRAPPIST-1e,47.0,,5.0,1027.0,0.0,24.0,0.0,6199,D,188,S
6200_01,Europa,False,TRAPPIST-1e,27.0,False,3.0,4654.0,0.0,657.0,214.0,6200,B,238,S
6200_02,Europa,False,TRAPPIST-1e,26.0,False,0.0,9.0,0.0,3.0,2047.0,6200,B,238,S
6200_03,Europa,False,55 Cancri e,25.0,False,2026.0,4929.0,0.0,1179.0,10270.0,6200,B,238,S
6201_01,Europa,False,55 Cancri e,34.0,True,0.0,1174.0,0.0,130.0,1141.0,6201,A,60,P
6205_01,Mars,False,TRAPPIST-1e,27.0,True,55.0,0.0,50.0,1849.0,1.0,6205,D,189,S
6206_01,Earth,False,TRAPPIST-1e,39.0,False,0.0,176.0,43.0,660.0,0.0,6206,F,1187,S
6207_01,Mars,False,TRAPPIST-1e,31.0,False,915.0,0.0,1313.0,370.0,0.0,6207,F,1278,P
6207_02,Mars,False,TRAPPIST-1e,4.0,False,,0.0,0.0,0.0,0.0,6207,F,1278,P
6207_03,Mars,False,TRAPPIST-1e,19.0,False,0.0,0.0,0.0,0.0,0.0,6207,E,397,P
6208_01,Mars,True,55 Cancri e,59.0,False,0.0,0.0,0.0,0.0,0.0,6208,F,1279,P
6211_01,Mars,False,TRAPPIST-1e,19.0,False,2006.0,0.0,,0.0,0.0,6211,D,193,P
6213_01,Earth,False,55 Cancri e,25.0,,258.0,0.0,306.0,311.0,24.0,6213,F,1280,P
6215_01,Europa,False,55 Cancri e,28.0,False,0.0,809.0,0.0,2043.0,72.0,6215,B,239,S
6215_02,Europa,False,55 Cancri e,37.0,False,0.0,90.0,0.0,3282.0,11.0,6215,B,239,S
6216_01,Mars,False,TRAPPIST-1e,43.0,False,24.0,1.0,1167.0,0.0,0.0,6216,F,1282,P
6218_01,Earth,False,55 Cancri e,18.0,False,425.0,779.0,0.0,0.0,74.0,6218,F,1188,S
6218_02,Earth,False,TRAPPIST-1e,36.0,False,1603.0,0.0,2.0,87.0,0.0,6218,E,413,S
6219_01,Earth,False,TRAPPIST-1e,14.0,False,71.0,0.0,0.0,0.0,,6219,F,1283,P
6220_01,Earth,False,PSO J318.5-22,42.0,False,0.0,168.0,0.0,113.0,461.0,6220,F,1284,P
6222_01,Earth,False,PSO J318.5-22,29.0,False,25.0,0.0,2.0,0.0,657.0,6222,F,1190,S
6223_01,Mars,False,TRAPPIST-1e,23.0,False,1696.0,46.0,82.0,235.0,17.0,6223,E,398,P
6224_01,Earth,False,TRAPPIST-1e,16.0,False,0.0,0.0,60.0,0.0,1963.0,6224,F,1191,S
6224_02,Earth,False,55 Cancri e,8.0,False,0.0,0.0,0.0,0.0,0.0,6224,G,1006,S
6225_01,Earth,False,TRAPPIST-1e,20.0,False,1.0,0.0,0.0,32.0,875.0,6225,G,1007,P
6227_01,Earth,False,PSO J318.5-22,50.0,False,199.0,0.0,182.0,0.0,,6227,F,1192,S
6228_01,Earth,False,TRAPPIST-1e,38.0,False,0.0,709.0,39.0,62.0,0.0,6228,G,1007,S
6229_01,Mars,True,TRAPPIST-1e,39.0,False,0.0,0.0,0.0,0.0,0.0,6229,F,1286,P
6230_01,Mars,False,TRAPPIST-1e,33.0,False,559.0,0.0,145.0,594.0,0.0,6230,E,414,S
6232_01,Europa,True,55 Cancri e,30.0,False,0.0,0.0,0.0,0.0,0.0,6232,B,241,S
6234_01,Mars,False,PSO J318.5-22,40.0,True,301.0,0.0,1310.0,4.0,,6234,F,1287,P
6236_01,Earth,False,TRAPPIST-1e,22.0,False,395.0,0.0,0.0,300.0,125.0,6236,F,1194,S
6237_01,Mars,True,TRAPPIST-1e,52.0,False,0.0,0.0,0.0,0.0,0.0,6237,F,1195,S
6238_01,Mars,True,TRAPPIST-1e,26.0,False,0.0,0.0,0.0,0.0,0.0,6238,F,1196,S
6239_01,Earth,False,TRAPPIST-1e,19.0,False,2044.0,0.0,13.0,1.0,0.0,6239,F,1197,S
6241_01,Earth,False,,33.0,False,6.0,0.0,0.0,0.0,950.0,6241,F,1198,S
6243_01,Earth,True,PSO J318.5-22,33.0,False,0.0,0.0,0.0,0.0,0.0,6243,G,1010,S
6245_01,Earth,False,TRAPPIST-1e,20.0,False,0.0,0.0,841.0,5.0,0.0,6245,G,1011,S
6246_01,Mars,False,TRAPPIST-1e,28.0,False,,0.0,129.0,0.0,,6246,F,1199,S
6248_01,Earth,True,55 Cancri e,10.0,False,0.0,0.0,0.0,0.0,0.0,6248,G,1012,S
6249_01,Earth,False,TRAPPIST-1e,23.0,False,0.0,1.0,908.0,0.0,0.0,6249,G,1008,P
6250_01,Earth,False,TRAPPIST-1e,28.0,False,,0.0,887.0,0.0,0.0,6250,G,1013,S
6251_01,Earth,False,TRAPPIST-1e,23.0,False,2189.0,0.0,0.0,0.0,0.0,6251,F,1200,S
6252_01,Mars,False,TRAPPIST-1e,54.0,False,630.0,298.0,418.0,312.0,0.0,6252,F,1201,S
6253_01,Mars,False,TRAPPIST-1e,57.0,False,368.0,0.0,636.0,1082.0,512.0,6253,F,1289,P
6253_02,Mars,False,55 Cancri e,24.0,False,737.0,293.0,301.0,0.0,0.0,6253,F,1289,P
6254_01,Europa,True,TRAPPIST-1e,37.0,False,0.0,0.0,0.0,0.0,0.0,6254,B,243,S
6254_02,Europa,True,TRAPPIST-1e,59.0,False,0.0,0.0,0.0,0.0,0.0,6254,B,243,S
6256_01,Earth,True,TRAPPIST-1e,53.0,False,0.0,0.0,0.0,0.0,0.0,6256,G,1009,P
6262_01,Mars,True,TRAPPIST-1e,22.0,False,0.0,0.0,0.0,0.0,0.0,6262,F,1293,P
6262_02,,False,TRAPPIST-1e,18.0,False,102.0,3.0,186.0,2287.0,0.0,6262,D,195,P
6263_01,Europa,True,55 Cancri e,17.0,False,0.0,0.0,0.0,0.0,0.0,6263,B,213,P
6263_02,,False,55 Cancri e,25.0,False,0.0,1674.0,3.0,9.0,3554.0,6263,B,213,P
6264_01,Earth,False,TRAPPIST-1e,18.0,False,108.0,2.0,11.0,0.0,680.0,6264,F,1294,P
6265_01,Earth,False,TRAPPIST-1e,20.0,False,379.0,,29.0,39.0,91.0,6265,G,734,S
6266_01,Earth,False,TRAPPIST-1e,24.0,False,0.0,2680.0,0.0,2.0,45.0,6266,F,1296,P
6268_01,Mars,True,TRAPPIST-1e,33.0,False,0.0,0.0,0.0,0.0,0.0,6268,F,1202,S
6270_01,Earth,False,TRAPPIST-1e,34.0,False,124.0,0.0,0.0,679.0,0.0,6270,F,1297,P
6270_02,Earth,False,55 Cancri e,24.0,False,0.0,254.0,13.0,0.0,477.0,6270,F,1297,P
6271_01,Europa,False,TRAPPIST-1e,37.0,False,0.0,0.0,0.0,0.0,0.0,6271,A,62,P
6273_01,Mars,False,TRAPPIST-1e,23.0,False,690.0,0.0,0.0,292.0,1596.0,6273,D,196,P
6273_02,Mars,False,TRAPPIST-1e,32.0,False,2031.0,0.0,28.0,519.0,0.0,6273,D,196,P
6274_01,Mars,True,TRAPPIST-1e,13.0,False,0.0,0.0,0.0,0.0,0.0,6274,F,1203,S
6276_01,Earth,True,55 Cancri e,23.0,False,0.0,0.0,0.0,0.0,0.0,6276,G,1011,P
6277_01,Earth,True,TRAPPIST-1e,23.0,False,0.0,0.0,0.0,,0.0,6277,G,1014,S
6279_01,Europa,False,TRAPPIST-1e,27.0,False,135.0,3103.0,9.0,424.0,629.0,6279,A,74,S
6280_01,Earth,True,TRAPPIST-1e,47.0,False,0.0,0.0,0.0,0.0,0.0,6280,G,1012,P
6281_01,Earth,False,TRAPPIST-1e,38.0,False,20.0,0.0,751.0,0.0,2.0,6281,G,1015,S
6282_01,Mars,False,TRAPPIST-1e,28.0,False,158.0,0.0,0.0,465.0,0.0,6282,F,1205,S
6283_01,Earth,False,TRAPPIST-1e,21.0,False,0.0,296.0,2.0,0.0,1543.0,6283,F,1206,S
6283_02,Earth,False,TRAPPIST-1e,,False,2.0,3.0,93.0,6.0,540.0,6283,F,1206,S
6285_01,Europa,,55 Cancri e,64.0,False,0.0,0.0,0.0,0.0,0.0,6285,B,245,S
6285_02,Europa,False,TRAPPIST-1e,43.0,False,2.0,5329.0,0.0,7.0,0.0,6285,B,245,S
6289_01,Earth,False,TRAPPIST-1e,21.0,False,0.0,0.0,28.0,508.0,272.0,6289,G,1018,S
6290_01,Earth,False,TRAPPIST-1e,36.0,False,78.0,9.0,0.0,0.0,841.0,6290,G,1013,P
6292_01,Earth,False,PSO J318.5-22,22.0,False,0.0,0.0,0.0,48.0,653.0,6292,G,1020,S
6293_01,Earth,False,TRAPPIST-1e,24.0,False,0.0,1049.0,1.0,0.0,0.0,6293,F,1301,P
6296_01,Europa,True,TRAPPIST-1e,21.0,False,0.0,0.0,0.0,0.0,0.0,6296,B,247,S
6297_01,Earth,False,TRAPPIST-1e,57.0,False,0.0,1409.0,29.0,0.0,0.0,6297,G,1014,P
6299_01,Europa,False,55 Cancri e,46.0,False,0.0,8943.0,0.0,0.0,159.0,6299,C,192,P
6300_01,Mars,True,TRAPPIST-1e,42.0,False,0.0,0.0,0.0,0.0,0.0,6300,F,1303,P
6301_01,Earth,False,TRAPPIST-1e,16.0,False,17.0,,0.0,537.0,173.0,6301,F,1304,P
6302_01,Earth,False,TRAPPIST-1e,40.0,False,0.0,175.0,0.0,11.0,537.0,6302,F,1305,P
6302_02,Earth,False,TRAPPIST-1e,3.0,False,0.0,0.0,0.0,0.0,0.0,6302,G,1015,P
6302_03,Earth,False,TRAPPIST-1e,8.0,False,0.0,0.0,,0.0,0.0,6302,G,1015,P
6302_04,Earth,True,PSO J318.5-22,3.0,False,0.0,0.0,0.0,0.0,0.0,6302,G,734,S
6302_05,Earth,False,55 Cancri e,35.0,False,1669.0,0.0,7.0,0.0,90.0,6302,G,1015,P
6302_06,Earth,False,55 Cancri e,12.0,False,0.0,0.0,0.0,0.0,,6302,G,1015,P
6302_07,Earth,True,TRAPPIST-1e,,False,0.0,0.0,0.0,0.0,0.0,6302,G,1015,P
6304_01,Europa,False,55 Cancri e,47.0,True,0.0,2225.0,1573.0,201.0,23.0,6304,C,193,P
6305_01,Europa,True,55 Cancri e,19.0,False,0.0,0.0,0.0,0.0,0.0,6305,B,248,S
6305_02,Europa,False,TRAPPIST-1e,46.0,False,3616.0,564.0,0.0,15.0,3303.0,6305,B,248,S
6308_01,Earth,False,TRAPPIST-1e,28.0,False,0.0,152.0,215.0,30.0,510.0,6308,G,1017,P
6309_01,Earth,False,TRAPPIST-1e,5.0,False,0.0,0.0,0.0,0.0,0.0,6309,G,1023,S
6309_02,Earth,,TRAPPIST-1e,7.0,False,0.0,0.0,0.0,0.0,0.0,6309,G,1023,S
6309_03,Earth,True,TRAPPIST-1e,3.0,,0.0,0.0,0.0,0.0,0.0,6309,G,1023,S
6309_04,Earth,False,TRAPPIST-1e,1.0,False,0.0,0.0,0.0,0.0,0.0,6309,G,1023,S
6309_05,Earth,False,55 Cancri e,7.0,False,0.0,0.0,0.0,0.0,,6309,G,1023,S
6313_01,Europa,False,TRAPPIST-1e,60.0,False,0.0,190.0,3.0,1964.0,30.0,6313,D,190,S
6313_02,,False,TRAPPIST-1e,34.0,False,6.0,878.0,0.0,10.0,2203.0,6313,D,190,S
6315_01,Europa,False,TRAPPIST-1e,28.0,False,0.0,,0.0,6.0,9837.0,6315,C,234,S
6316_01,Earth,False,55 Cancri e,64.0,False,0.0,316.0,2.0,673.0,0.0,6316,E,401,P
6317_01,Earth,False,TRAPPIST-1e,13.0,False,898.0,0.0,0.0,,24.0,6317,F,1208,S
6318_01,Earth,True,TRAPPIST-1e,15.0,False,0.0,0.0,0.0,0.0,0.0,6318,G,1018,P
6319_01,Earth,False,TRAPPIST-1e,65.0,False,458.0,0.0,555.0,0.0,0.0,6319,G,1019,P
6320_01,Mars,False,TRAPPIST-1e,53.0,False,78.0,85.0,859.0,0.0,0.0,6320,E,418,S
6321_01,Europa,True,55 Cancri e,58.0,False,0.0,0.0,0.0,0.0,0.0,6321,C,194,P
6321_02,Europa,False,TRAPPIST-1e,19.0,False,0.0,1234.0,0.0,1956.0,0.0,6321,C,194,P
6321_03,Europa,True,55 Cancri e,,False,0.0,0.0,0.0,0.0,0.0,6321,C,194,P
6322_01,Earth,False,TRAPPIST-1e,16.0,False,0.0,68.0,1541.0,0.0,0.0,6322,E,419,S
6323_01,Europa,False,55 Cancri e,48.0,False,3.0,4089.0,0.0,4368.0,147.0,6323,C,235,S
6323_02,Europa,False,TRAPPIST-1e,33.0,False,2.0,4742.0,0.0,34.0,0.0,6323,C,235,S
6324_01,Earth,False,,31.0,False,19.0,509.0,0.0,0.0,177.0,6324,E,420,S
6324_02,Earth,,55 Cancri e,44.0,False,0.0,0.0,0.0,0.0,0.0,6324,G,1025,S
6324_03,Earth,False,TRAPPIST-1e,40.0,False,1.0,0.0,895.0,10.0,0.0,6324,G,1025,S
6325_01,Earth,True,TRAPPIST-1e,34.0,False,0.0,0.0,0.0,0.0,0.0,6325,G,1026,S
6325_02,Earth,False,TRAPPIST-1e,21.0,False,0.0,541.0,0.0,143.0,0.0,6325,F,1209,S
6326_01,Earth,False,TRAPPIST-1e,20.0,False,0.0,20.0,1.0,696.0,0.0,6326,F,1307,P
6327_01,Mars,True,TRAPPIST-1e,9.0,False,0.0,0.0,0.0,0.0,0.0,6327,F,1308,P
6328_01,Earth,True,TRAPPIST-1e,33.0,False,,0.0,0.0,0.0,0.0,6328,G,1020,P
6328_02,Earth,True,PSO J318.5-22,2.0,False,0.0,0.0,0.0,0.0,0.0,6328,G,1020,P
6328_03,Earth,False,TRAPPIST-1e,53.0,False,627.0,32.0,0.0,0.0,37.0,6328,F,1309,P
6328_04,Earth,False,55 Cancri e,0.0,False,0.0,0.0,0.0,0.0,0.0,6328,G,1020,P
6330_01,Earth,True,PSO J318.5-22,38.0,False,0.0,0.0,0.0,0.0,0.0,6330,G,1027,S
6331_01,Europa,True,55 Cancri e,21.0,False,0.0,0.0,0.0,0.0,0.0,6331,C,237,S
6334_01,Earth,True,TRAPPIST-1e,31.0,False,0.0,0.0,0.0,0.0,0.0,6334,G,1028,S
6334_02,Earth,True,PSO J318.5-22,7.0,False,0.0,0.0,0.0,0.0,0.0,6334,G,1028,S
6334_03,Earth,False,55 Cancri e,12.0,False,0.0,0.0,0.0,0.0,0.0,6334,G,1028,S
6334_04,Earth,True,PSO J318.5-22,0.0,False,0.0,0.0,0.0,0.0,0.0,6334,G,1028,S
6334_05,Earth,False,TRAPPIST-1e,17.0,False,5.0,0.0,1317.0,287.0,0.0,6334,E,421,S
6334_06,Earth,False,TRAPPIST-1e,55.0,False,0.0,242.0,0.0,479.0,3.0,6334,F,1210,S
6334_07,Earth,False,55 Cancri e,2.0,False,0.0,0.0,0.0,0.0,0.0,6334,G,1028,S
6335_01,Earth,False,TRAPPIST-1e,32.0,False,18.0,0.0,0.0,1382.0,0.0,6335,F,1312,P
6338_01,Earth,False,55 Cancri e,16.0,False,0.0,0.0,694.0,0.0,102.0,6338,F,1313,P
6339_01,,False,TRAPPIST-1e,0.0,False,0.0,0.0,0.0,0.0,0.0,6339,G,1022,P
6340_01,Europa,False,TRAPPIST-1e,29.0,False,0.0,584.0,5468.0,7.0,661.0,6340,C,195,P
6340_02,Europa,False,55 Cancri e,25.0,False,484.0,11441.0,0.0,4.0,5477.0,6340,C,195,P
6341_01,Mars,False,55 Cancri e,39.0,False,1884.0,0.0,1435.0,5.0,469.0,6341,D,191,S
6343_01,Mars,True,TRAPPIST-1e,42.0,False,0.0,0.0,0.0,0.0,0.0,6343,E,423,S
6344_01,Earth,False,55 Cancri e,0.0,False,0.0,0.0,0.0,0.0,0.0,6344,G,1023,P
6344_02,Earth,True,TRAPPIST-1e,14.0,False,0.0,0.0,0.0,0.0,0.0,6344,G,1023,P
6346_01,Mars,False,TRAPPIST-1e,29.0,False,2223.0,0.0,0.0,0.0,0.0,6346,F,1212,S
6346_02,Mars,False,TRAPPIST-1e,54.0,False,676.0,0.0,231.0,379.0,0.0,6346,F,1212,S
6347_01,Earth,True,TRAPPIST-1e,35.0,False,0.0,0.0,0.0,0.0,0.0,6347,G,1030,S
6348_01,Europa,False,55 Cancri e,,False,49.0,13342.0,,1885.0,6985.0,6348,C,238,S
6349_01,Mars,False,TRAPPIST-1e,18.0,False,593.0,0.0,508.0,0.0,12.0,6349,F,1314,P
6351_01,Earth,False,55 Cancri e,14.0,False,0.0,973.0,0.0,1.0,0.0,6351,E,403,P
6353_01,Europa,True,TRAPPIST-1e,53.0,False,0.0,0.0,0.0,0.0,0.0,6353,D,199,P
6354_01,Earth,False,TRAPPIST-1e,48.0,False,410.0,2108.0,0.0,0.0,0.0,6354,F,1315,P
6355_01,Earth,False,55 Cancri e,21.0,False,0.0,641.0,0.0,0.0,0.0,6355,F,1213,S
6356_01,,False,TRAPPIST-1e,44.0,False,0.0,0.0,0.0,729.0,397.0,6356,F,1316,P
6357_01,Earth,False,TRAPPIST-1e,25.0,False,106.0,0.0,0.0,0.0,925.0,6357,F,1214,S
6360_01,Europa,False,TRAPPIST-1e,0.0,,0.0,0.0,0.0,0.0,0.0,6360,A,75,S
6360_02,Europa,True,TRAPPIST-1e,27.0,False,0.0,0.0,0.0,0.0,0.0,6360,A,75,S
6360_03,Europa,True,TRAPPIST-1e,40.0,False,0.0,0.0,0.0,0.0,0.0,6360,A,75,S
6361_01,Earth,False,TRAPPIST-1e,44.0,False,0.0,509.0,129.0,246.0,0.0,6361,G,1031,S
6363_01,Earth,True,TRAPPIST-1e,36.0,False,0.0,0.0,0.0,0.0,0.0,6363,G,734,S
6363_02,,True,55 Cancri e,3.0,False,0.0,0.0,0.0,0.0,0.0,6363,G,1026,P
6363_03,Earth,True,TRAPPIST-1e,9.0,False,0.0,0.0,0.0,,0.0,6363,G,1026,P
6363_04,Earth,True,TRAPPIST-1e,1.0,False,0.0,0.0,,0.0,0.0,6363,G,1026,P
6363_05,Earth,False,TRAPPIST-1e,17.0,False,0.0,,977.0,0.0,5.0,6363,E,405,P
6363_06,Earth,True,TRAPPIST-1e,47.0,False,0.0,0.0,0.0,0.0,0.0,6363,G,1026,P
6363_07,Earth,True,TRAPPIST-1e,,False,0.0,,0.0,0.0,0.0,6363,G,1026,P
6365_01,Europa,False,55 Cancri e,33.0,False,0.0,38.0,0.0,1.0,3167.0,6365,A,64,P
6366_01,Earth,False,PSO J318.5-22,16.0,False,0.0,0.0,99.0,,774.0,6366,E,424,S
6367_01,Mars,False,TRAPPIST-1e,30.0,True,1960.0,0.0,638.0,0.0,0.0,6367,F,1215,S
6367_02,Mars,False,55 Cancri e,18.0,False,114.0,131.0,927.0,0.0,0.0,6367,F,1215,S
6368_01,Earth,False,TRAPPIST-1e,26.0,False,360.0,8.0,1.0,329.0,185.0,6368,G,1033,S
6369_01,Earth,False,PSO J318.5-22,19.0,False,577.0,169.0,0.0,7.0,0.0,6369,F,1318,P
6370_01,Mars,True,TRAPPIST-1e,28.0,False,0.0,0.0,0.0,0.0,0.0,6370,F,1216,S
6371_01,Earth,False,TRAPPIST-1e,35.0,False,858.0,10.0,16.0,0.0,0.0,6371,G,1027,P
6372_01,Europa,False,TRAPPIST-1e,40.0,False,773.0,3729.0,43.0,10.0,0.0,6372,B,216,P
6372_02,Europa,False,TRAPPIST-1e,26.0,True,0.0,2199.0,0.0,328.0,329.0,6372,B,216,P
6372_03,Europa,False,55 Cancri e,45.0,False,0.0,3200.0,0.0,415.0,161.0,6372,B,216,P
6372_04,Europa,True,55 Cancri e,18.0,False,,0.0,0.0,0.0,0.0,6372,B,216,P
6373_01,Earth,False,55 Cancri e,54.0,False,801.0,5.0,0.0,0.0,0.0,6373,F,1319,P
6374_01,,False,TRAPPIST-1e,13.0,False,1144.0,0.0,6.0,0.0,0.0,6374,F,1320,P
6376_01,Mars,True,55 Cancri e,26.0,False,0.0,0.0,0.0,0.0,0.0,6376,F,1217,S
6378_01,Earth,True,PSO J318.5-22,16.0,False,0.0,0.0,0.0,0.0,0.0,6378,G,1034,S
6380_01,Earth,False,TRAPPIST-1e,37.0,False,0.0,959.0,8.0,20.0,169.0,6380,F,1322,P
6380_02,Earth,True,TRAPPIST-1e,17.0,False,0.0,0.0,0.0,0.0,0.0,6380,G,1028,P
6380_03,Earth,False,55 Cancri e,16.0,False,2.0,511.0,0.0,0.0,1578.0,6380,F,1322,P
6381_01,Earth,False,TRAPPIST-1e,18.0,False,358.0,336.0,0.0,0.0,0.0,6381,F,1323,P
6385_01,Mars,False,PSO J318.5-22,21.0,False,435.0,0.0,422.0,16.0,0.0,6385,G,734,S
6388_01,Earth,False,TRAPPIST-1e,24.0,False,0.0,0.0,0.0,0.0,826.0,6388,G,1029,P
6390_01,Earth,True,TRAPPIST-1e,22.0,False,,0.0,0.0,0.0,0.0,6390,G,1036,S
6394_01,Earth,True,TRAPPIST-1e,41.0,False,0.0,0.0,0.0,0.0,0.0,6394,G,1037,S
6394_02,Earth,True,TRAPPIST-1e,15.0,False,0.0,0.0,0.0,0.0,0.0,6394,G,1037,S
6394_03,Earth,True,TRAPPIST-1e,36.0,False,0.0,0.0,0.0,0.0,0.0,6394,G,1037,S
6394_04,Earth,False,55 Cancri e,23.0,False,0.0,0.0,478.0,4560.0,0.0,6394,G,1037,S
6396_01,Earth,False,TRAPPIST-1e,31.0,False,0.0,243.0,0.0,,0.0,6396,E,427,S
6397_01,Earth,False,TRAPPIST-1e,19.0,False,114.0,3.0,622.0,0.0,0.0,6397,F,1223,S
6398_01,Earth,True,55 Cancri e,23.0,False,0.0,0.0,0.0,0.0,0.0,6398,G,1030,P
6399_01,Earth,False,TRAPPIST-1e,47.0,False,0.0,106.0,2915.0,0.0,1200.0,6399,G,1031,P
6400_01,Europa,False,55 Cancri e,40.0,False,0.0,1677.0,0.0,109.0,320.0,6400,A,76,S
6400_02,Europa,False,55 Cancri e,34.0,True,0.0,618.0,0.0,0.0,10888.0,6400,A,76,S
6402_01,Earth,False,TRAPPIST-1e,2.0,False,0.0,0.0,0.0,0.0,0.0,6402,G,1032,P
6402_02,Earth,True,TRAPPIST-1e,8.0,False,0.0,0.0,0.0,0.0,0.0,6402,G,1032,P
6402_03,Earth,True,TRAPPIST-1e,0.0,False,0.0,0.0,0.0,0.0,0.0,6402,G,1032,P
6402_04,Earth,False,PSO J318.5-22,18.0,False,0.0,0.0,1720.0,1.0,0.0,6402,G,1032,P
6402_05,,False,TRAPPIST-1e,11.0,False,0.0,0.0,0.0,0.0,0.0,6402,G,1032,P
6404_01,Earth,False,TRAPPIST-1e,18.0,False,0.0,20.0,790.0,,0.0,6404,G,1038,S
6405_01,,False,PSO J318.5-22,19.0,False,54.0,0.0,0.0,42.0,986.0,6405,F,1224,S
6405_02,Earth,,,2.0,False,0.0,0.0,0.0,0.0,0.0,6405,G,734,S
6405_03,Earth,True,TRAPPIST-1e,25.0,False,0.0,0.0,0.0,0.0,0.0,6405,G,1039,S
6405_04,Earth,False,55 Cancri e,0.0,False,0.0,0.0,0.0,0.0,0.0,6405,G,1039,S
6406_01,Europa,True,55 Cancri e,27.0,False,0.0,0.0,0.0,0.0,0.0,6406,G,734,S
6406_02,Europa,True,55 Cancri e,34.0,False,0.0,0.0,0.0,0.0,0.0,6406,B,249,S
6407_01,Earth,True,TRAPPIST-1e,19.0,False,0.0,0.0,0.0,0.0,0.0,6407,G,1033,P
6408_01,Earth,False,PSO J318.5-22,22.0,False,431.0,40.0,0.0,10.0,0.0,6408,G,1034,P
6409_01,Earth,False,TRAPPIST-1e,22.0,False,0.0,0.0,165.0,14.0,629.0,6409,G,1035,P
6411_01,Earth,False,PSO J318.5-22,52.0,False,0.0,652.0,9.0,0.0,0.0,6411,F,1328,P
6412_01,Earth,False,TRAPPIST-1e,30.0,False,59.0,0.0,0.0,0.0,1611.0,6412,E,407,P
6413_01,Europa,False,TRAPPIST-1e,65.0,,0.0,1420.0,,85.0,827.0,6413,A,77,S
6414_01,Earth,False,TRAPPIST-1e,31.0,False,294.0,480.0,31.0,3.0,0.0,6414,G,1040,S
6415_01,Mars,True,TRAPPIST-1e,51.0,False,0.0,0.0,0.0,0.0,0.0,6415,F,1225,S
6416_01,Earth,False,TRAPPIST-1e,21.0,False,365.0,52.0,0.0,0.0,288.0,6416,G,734,S
6418_01,Earth,False,TRAPPIST-1e,27.0,False,93.0,0.0,0.0,0.0,772.0,6418,F,1329,P
6419_01,Earth,,TRAPPIST-1e,31.0,False,,0.0,873.0,0.0,0.0,6419,E,428,S
6421_01,Europa,True,55 Cancri e,28.0,False,0.0,0.0,0.0,0.0,0.0,6421,C,197,P
6421_02,Europa,False,TRAPPIST-1e,29.0,False,0.0,577.0,0.0,5568.0,432.0,6421,G,734,S
6422_01,Mars,False,TRAPPIST-1e,23.0,False,1533.0,0.0,858.0,297.0,0.0,6422,F,1330,P
6422_02,Mars,True,TRAPPIST-1e,11.0,False,0.0,0.0,0.0,0.0,0.0,6422,F,1330,P
6422_03,Mars,False,TRAPPIST-1e,23.0,False,1233.0,0.0,527.0,0.0,0.0,6422,F,1330,P
6422_04,Mars,False,TRAPPIST-1e,34.0,False,801.0,0.0,246.0,1.0,0.0,6422,E,408,P
6424_01,Earth,False,TRAPPIST-1e,20.0,False,,0.0,151.0,508.0,0.0,6424,F,1331,P
6428_01,Europa,True,55 Cancri e,20.0,False,,0.0,0.0,0.0,0.0,6428,C,198,P
6428_02,Europa,True,TRAPPIST-1e,16.0,False,0.0,0.0,0.0,0.0,0.0,6428,C,198,P
6430_01,Earth,True,TRAPPIST-1e,18.0,False,0.0,0.0,0.0,0.0,0.0,6430,G,1037,P
6431_01,Earth,False,55 Cancri e,20.0,False,24.0,56.0,1.0,,468.0,6431,F,1334,P
6431_02,Earth,True,PSO J318.5-22,20.0,False,0.0,0.0,0.0,0.0,0.0,6431,G,1038,P
6431_03,Earth,False,55 Cancri e,27.0,False,30.0,0.0,763.0,0.0,57.0,6431,G,1038,P
6432_01,Europa,False,55 Cancri e,55.0,False,114.0,222.0,0.0,2575.0,2919.0,6432,D,202,P
6433_01,Mars,False,55 Cancri e,53.0,False,83.0,0.0,1590.0,60.0,0.0,6433,D,193,S
6433_02,Mars,True,TRAPPIST-1e,37.0,False,0.0,0.0,0.0,0.0,0.0,6433,D,193,S
6434_01,Earth,True,PSO J318.5-22,55.0,False,0.0,0.0,0.0,0.0,0.0,6434,G,1039,P
6436_01,Earth,False,TRAPPIST-1e,24.0,False,552.0,1.0,0.0,231.0,0.0,6436,G,1043,S
6437_01,Earth,False,55 Cancri e,24.0,False,14.0,0.0,1.0,528.0,109.0,6437,F,1228,S
6439_01,Earth,True,PSO J318.5-22,49.0,False,0.0,0.0,0.0,0.0,0.0,6439,G,1044,S
6442_01,Earth,False,TRAPPIST-1e,17.0,False,0.0,0.0,0.0,1806.0,0.0,6442,G,1045,S
6443_01,Earth,False,TRAPPIST-1e,39.0,False,0.0,0.0,710.0,56.0,1.0,6443,G,1046,S
6443_02,Earth,True,55 Cancri e,5.0,False,0.0,0.0,0.0,0.0,0.0,6443,G,1046,S
6443_03,Earth,False,TRAPPIST-1e,10.0,False,0.0,0.0,0.0,0.0,0.0,6443,G,1046,S
6443_04,Earth,True,TRAPPIST-1e,1.0,False,0.0,0.0,0.0,0.0,0.0,6443,G,1046,S
6443_05,Earth,False,TRAPPIST-1e,16.0,False,45.0,0.0,622.0,0.0,564.0,6443,F,1229,S
6443_06,Earth,False,TRAPPIST-1e,51.0,False,0.0,10.0,388.0,1380.0,0.0,6443,G,1046,S
6443_07,Earth,True,TRAPPIST-1e,5.0,False,0.0,0.0,0.0,0.0,0.0,6443,G,1046,S
6444_01,Earth,,TRAPPIST-1e,19.0,False,0.0,0.0,0.0,0.0,0.0,6444,G,1041,P
6444_02,Earth,True,TRAPPIST-1e,0.0,False,0.0,0.0,0.0,0.0,0.0,6444,G,1041,P
6446_01,Earth,False,TRAPPIST-1e,20.0,False,810.0,0.0,0.0,0.0,0.0,6446,G,1047,S
6446_02,Earth,True,TRAPPIST-1e,0.0,False,0.0,0.0,0.0,0.0,0.0,6446,G,1047,S
6446_03,Earth,True,TRAPPIST-1e,1.0,False,0.0,0.0,0.0,0.0,0.0,6446,G,1047,S
6447_01,Earth,True,PSO J318.5-22,38.0,False,0.0,0.0,0.0,0.0,0.0,6447,G,1043,P
6448_01,Earth,False,TRAPPIST-1e,40.0,False,0.0,0.0,433.0,343.0,0.0,6448,F,1230,S
6449_01,Mars,False,TRAPPIST-1e,18.0,False,0.0,0.0,0.0,0.0,0.0,6449,E,430,S
6449_02,Mars,False,TRAPPIST-1e,36.0,False,636.0,0.0,168.0,1795.0,0.0,6449,F,1231,S
6450_01,Europa,False,TRAPPIST-1e,23.0,False,0.0,596.0,57.0,259.0,4666.0,6450,C,200,P
6450_02,Europa,True,55 Cancri e,42.0,False,0.0,0.0,0.0,0.0,0.0,6450,C,200,P
6451_01,Mars,False,,37.0,False,610.0,,410.0,148.0,14.0,6451,G,734,S
6452_01,Earth,False,TRAPPIST-1e,24.0,False,0.0,854.0,11.0,0.0,0.0,6452,F,1336,P
6452_02,Earth,False,TRAPPIST-1e,12.0,False,,0.0,0.0,0.0,0.0,6452,G,1044,P
6452_03,Earth,True,TRAPPIST-1e,2.0,False,0.0,0.0,0.0,0.0,0.0,6452,G,1044,P
6453_01,Earth,False,PSO J318.5-22,28.0,False,0.0,7.0,17.0,0.0,1724.0,6453,G,1045,P
6454_01,Earth,True,TRAPPIST-1e,44.0,False,0.0,0.0,0.0,0.0,,6454,G,1046,P
6455_01,Europa,False,TRAPPIST-1e,26.0,False,0.0,3818.0,0.0,1877.0,136.0,6455,D,203,P
6456_01,Earth,,TRAPPIST-1e,36.0,False,32.0,3.0,657.0,58.0,41.0,6456,E,410,P
6457_01,Earth,False,55 Cancri e,28.0,False,,728.0,0.0,0.0,82.0,6457,F,1337,P
6458_01,Mars,False,TRAPPIST-1e,14.0,False,0.0,0.0,0.0,0.0,0.0,6458,E,431,S
6459_01,Earth,True,TRAPPIST-1e,14.0,False,0.0,0.0,0.0,0.0,0.0,6459,G,1047,P
6461_01,Earth,False,TRAPPIST-1e,28.0,False,0.0,602.0,0.0,115.0,0.0,6461,F,1232,S
6462_01,Mars,True,TRAPPIST-1e,27.0,False,0.0,0.0,0.0,0.0,0.0,6462,F,1233,S
6462_02,Mars,False,TRAPPIST-1e,21.0,False,899.0,1.0,1686.0,13.0,0.0,6462,F,1233,S
6463_01,Earth,False,TRAPPIST-1e,24.0,False,1256.0,2.0,8.0,1530.0,0.0,6463,F,1234,S
6464_01,Earth,False,PSO J318.5-22,18.0,False,22.0,0.0,20.0,596.0,5.0,6464,F,1338,P
6468_01,Mars,True,TRAPPIST-1e,24.0,False,0.0,0.0,0.0,0.0,0.0,6468,F,1339,P
6468_02,Mars,True,TRAPPIST-1e,8.0,False,0.0,0.0,0.0,0.0,0.0,6468,F,1339,P
6468_03,Mars,True,TRAPPIST-1e,36.0,False,0.0,0.0,0.0,0.0,0.0,6468,E,411,P
6468_04,Mars,False,TRAPPIST-1e,32.0,True,1179.0,0.0,4.0,0.0,0.0,6468,D,204,P
6470_01,Earth,False,TRAPPIST-1e,19.0,False,14.0,614.0,0.0,160.0,0.0,6470,E,432,S
6471_01,Earth,False,TRAPPIST-1e,12.0,False,0.0,0.0,0.0,0.0,0.0,6471,G,1050,S
6472_01,Europa,True,TRAPPIST-1e,21.0,False,0.0,0.0,0.0,0.0,0.0,6472,B,250,S
6472_02,Europa,True,55 Cancri e,13.0,False,0.0,0.0,0.0,0.0,0.0,6472,B,250,S
6473_01,Mars,True,TRAPPIST-1e,20.0,False,0.0,0.0,0.0,0.0,0.0,6473,F,1236,S
6475_01,Mars,True,TRAPPIST-1e,35.0,False,0.0,0.0,0.0,0.0,,6475,F,1340,P
6477_01,Europa,False,55 Cancri e,23.0,False,0.0,44.0,0.0,3452.0,83.0,6477,D,196,S
6477_02,Europa,False,55 Cancri e,17.0,False,0.0,311.0,6.0,4236.0,557.0,6477,D,196,S
6478_01,Mars,False,TRAPPIST-1e,29.0,False,1290.0,0.0,6.0,1.0,0.0,6478,E,412,P
6480_01,Earth,False,TRAPPIST-1e,27.0,False,352.0,14.0,1.0,407.0,15.0,6480,E,433,S
6481_01,Earth,False,TRAPPIST-1e,22.0,False,89.0,0.0,795.0,0.0,3.0,6481,G,1052,S
6482_01,Mars,False,55 Cancri e,26.0,False,414.0,239.0,681.0,352.0,0.0,6482,F,1237,S
6482_02,Mars,True,TRAPPIST-1e,1.0,False,0.0,0.0,0.0,0.0,0.0,6482,F,1237,S
6482_03,Mars,True,TRAPPIST-1e,7.0,False,0.0,0.0,0.0,0.0,0.0,6482,F,1237,S
6485_01,Earth,False,55 Cancri e,78.0,False,0.0,213.0,202.0,288.0,0.0,6485,F,1238,S
6485_02,Earth,False,TRAPPIST-1e,24.0,False,0.0,0.0,53.0,652.0,0.0,6485,G,1053,S
6487_01,Earth,False,TRAPPIST-1e,26.0,False,0.0,0.0,0.0,22.0,1030.0,6487,F,1343,P
6488_01,Europa,False,TRAPPIST-1e,50.0,False,0.0,1663.0,336.0,1855.0,4.0,6488,A,79,S
6489_01,Earth,True,TRAPPIST-1e,16.0,False,0.0,0.0,0.0,0.0,0.0,6489,G,1049,P
6490_01,Europa,True,55 Cancri e,57.0,False,0.0,0.0,0.0,0.0,0.0,6490,C,201,P
6490_02,Europa,False,55 Cancri e,29.0,False,0.0,889.0,0.0,4921.0,290.0,6490,C,201,P
6490_03,Europa,False,55 Cancri e,27.0,False,0.0,6924.0,849.0,149.0,1166.0,6490,C,201,P
6490_04,,False,TRAPPIST-1e,42.0,False,0.0,1972.0,0.0,108.0,5.0,6490,C,201,P
6492_01,Earth,True,PSO J318.5-22,28.0,False,0.0,0.0,0.0,0.0,0.0,6492,G,1055,S
6493_01,Earth,True,PSO J318.5-22,18.0,False,0.0,0.0,0.0,0.0,0.0,6493,G,1050,P
6494_01,Mars,False,TRAPPIST-1e,38.0,False,1192.0,5.0,1864.0,4287.0,0.0,6494,F,1344,P
6500_01,Earth,False,TRAPPIST-1e,32.0,False,1.0,0.0,0.0,1.0,785.0,6500,E,413,P
6501_01,Earth,False,TRAPPIST-1e,21.0,False,0.0,31.0,2076.0,77.0,0.0,6501,F,1240,S
6502_01,Earth,False,TRAPPIST-1e,6.0,,0.0,0.0,0.0,0.0,0.0,6502,G,1058,S
6503_01,Earth,False,TRAPPIST-1e,27.0,False,0.0,1.0,20.0,0.0,1363.0,6503,F,1347,P
6508_01,Earth,False,PSO J318.5-22,32.0,False,397.0,0.0,7.0,182.0,5.0,6508,F,1242,S
6509_01,Earth,False,PSO J318.5-22,23.0,False,601.0,0.0,113.0,0.0,39.0,6509,F,1243,S
6510_01,Europa,False,TRAPPIST-1e,29.0,False,0.0,6.0,0.0,0.0,5531.0,6510,D,205,P
6511_01,Earth,False,TRAPPIST-1e,22.0,False,151.0,6.0,26.0,0.0,533.0,6511,F,1348,P
6511_02,Earth,True,TRAPPIST-1e,31.0,False,0.0,0.0,0.0,0.0,0.0,6511,G,1055,P
6511_03,Earth,True,55 Cancri e,0.0,False,0.0,0.0,0.0,0.0,0.0,6511,G,1055,P
6512_01,Europa,False,TRAPPIST-1e,2.0,False,0.0,0.0,0.0,0.0,0.0,6512,A,80,S
6512_02,,True,TRAPPIST-1e,,False,0.0,0.0,0.0,0.0,0.0,6512,A,80,S
6512_03,Europa,False,TRAPPIST-1e,28.0,False,0.0,3527.0,1.0,2929.0,2236.0,6512,A,80,S
6513_01,Mars,False,TRAPPIST-1e,20.0,False,57.0,0.0,1185.0,0.0,0.0,6513,F,1244,S
6514_01,Europa,False,55 Cancri e,28.0,True,19.0,22.0,2974.0,3603.0,158.0,6514,B,251,S
6514_02,Europa,False,TRAPPIST-1e,42.0,False,0.0,6244.0,0.0,10912.0,4.0,6514,B,251,S
6517_01,Earth,False,PSO J318.5-22,32.0,False,388.0,0.0,0.0,439.0,0.0,6517,F,1350,P
6520_01,Earth,False,,19.0,False,0.0,4.0,0.0,1785.0,3.0,6520,G,1060,S
6522_01,Earth,False,55 Cancri e,20.0,False,0.0,0.0,715.0,2.0,0.0,6522,F,1245,S
6523_01,Earth,True,PSO J318.5-22,20.0,False,0.0,0.0,0.0,0.0,0.0,6523,F,1246,S
6525_01,Earth,,TRAPPIST-1e,21.0,False,0.0,20.0,1540.0,80.0,512.0,6525,F,1248,S
6525_02,Earth,True,PSO J318.5-22,32.0,False,0.0,0.0,0.0,0.0,0.0,6525,G,1061,S
6525_03,Earth,True,TRAPPIST-1e,16.0,False,0.0,0.0,0.0,0.0,0.0,6525,G,1061,S
6526_01,Earth,True,TRAPPIST-1e,21.0,False,0.0,0.0,0.0,0.0,0.0,6526,G,1056,P
6526_02,Earth,False,55 Cancri e,12.0,False,0.0,0.0,0.0,0.0,0.0,6526,G,1056,P
6529_01,Earth,True,PSO J318.5-22,21.0,False,0.0,0.0,0.0,0.0,0.0,6529,G,1063,S
6530_01,Mars,False,TRAPPIST-1e,31.0,False,127.0,76.0,976.0,118.0,0.0,6530,E,436,S
6531_01,Earth,True,55 Cancri e,18.0,False,0.0,0.0,0.0,0.0,,6531,G,1064,S
6535_01,Mars,False,TRAPPIST-1e,35.0,False,771.0,0.0,183.0,0.0,0.0,6535,E,415,P
6539_01,Europa,False,TRAPPIST-1e,44.0,False,0.0,819.0,835.0,266.0,4056.0,6539,C,242,S
6540_01,Earth,False,TRAPPIST-1e,13.0,False,0.0,671.0,0.0,8.0,0.0,6540,G,1059,P
6541_01,Earth,False,TRAPPIST-1e,21.0,False,0.0,717.0,0.0,0.0,0.0,6541,F,1356,P
6544_01,Europa,False,TRAPPIST-1e,37.0,False,0.0,4616.0,339.0,2008.0,175.0,6544,C,243,S
6545_01,Earth,False,TRAPPIST-1e,,False,0.0,1362.0,0.0,1267.0,0.0,6545,F,1250,S
6546_01,Earth,False,TRAPPIST-1e,34.0,False,228.0,0.0,150.0,15.0,1.0,6546,G,1060,P
6547_01,Mars,False,55 Cancri e,21.0,False,861.0,0.0,310.0,0.0,0.0,6547,F,1358,P
6548_01,Earth,False,TRAPPIST-1e,38.0,False,395.0,1035.0,0.0,0.0,4.0,6548,G,1065,S
6549_01,Mars,False,TRAPPIST-1e,31.0,False,1979.0,0.0,2.0,112.0,0.0,6549,F,1251,S
6549_02,Mars,False,TRAPPIST-1e,61.0,,1143.0,0.0,580.0,0.0,0.0,6549,D,198,S
6552_01,,False,TRAPPIST-1e,20.0,False,0.0,564.0,25.0,158.0,62.0,6552,G,1061,P
6553_01,Earth,False,PSO J318.5-22,39.0,False,0.0,0.0,0.0,0.0,744.0,6553,F,1360,P
6556_01,Mars,True,TRAPPIST-1e,29.0,False,0.0,0.0,0.0,0.0,0.0,6556,F,1362,P
6556_02,Mars,True,55 Cancri e,68.0,False,0.0,0.0,0.0,0.0,0.0,6556,F,1362,P
6557_01,Europa,False,55 Cancri e,38.0,False,0.0,201.0,0.0,1308.0,4085.0,6557,E,417,P
6558_01,Earth,False,TRAPPIST-1e,31.0,False,3.0,0.0,0.0,747.0,43.0,6558,F,1363,P
6560_01,Earth,False,TRAPPIST-1e,41.0,False,699.0,0.0,0.0,2.0,31.0,6560,F,1253,S
6561_01,Europa,False,TRAPPIST-1e,29.0,False,19.0,4900.0,6.0,6324.0,2056.0,6561,B,253,S
6561_02,,False,TRAPPIST-1e,25.0,False,0.0,0.0,0.0,0.0,0.0,6561,B,253,S
6562_01,Earth,False,TRAPPIST-1e,27.0,False,0.0,0.0,23.0,30.0,815.0,6562,F,1364,P
6563_01,Earth,False,TRAPPIST-1e,21.0,False,0.0,0.0,845.0,4.0,470.0,6563,F,1254,S
6563_02,Earth,False,TRAPPIST-1e,30.0,False,0.0,123.0,0.0,1.0,784.0,6563,G,1067,S
6565_01,Mars,False,TRAPPIST-1e,40.0,False,2081.0,1.0,0.0,0.0,25.0,6565,E,437,S
6565_02,Mars,False,TRAPPIST-1e,59.0,False,126.0,0.0,127.0,11.0,1393.0,6565,F,1255,S
6567_01,Earth,True,TRAPPIST-1e,35.0,False,0.0,0.0,0.0,0.0,0.0,6567,G,1063,P
6567_02,Earth,False,TRAPPIST-1e,41.0,False,18.0,,35.0,0.0,845.0,6567,F,1365,P
6568_01,Earth,False,55 Cancri e,36.0,False,695.0,,0.0,0.0,0.0,6568,F,1366,P
6569_01,Earth,True,55 Cancri e,58.0,False,0.0,,0.0,0.0,0.0,6569,G,1064,P
6570_01,Earth,False,TRAPPIST-1e,27.0,False,0.0,0.0,0.0,908.0,0.0,6570,G,1068,S
6572_01,Earth,False,TRAPPIST-1e,24.0,False,0.0,4.0,336.0,304.0,0.0,6572,F,1256,S
6573_01,Earth,False,TRAPPIST-1e,50.0,False,0.0,896.0,1.0,0.0,5.0,6573,F,1257,S
6574_01,Europa,False,TRAPPIST-1e,22.0,False,0.0,335.0,0.0,818.0,3014.0,6574,A,65,P
6578_01,Mars,True,TRAPPIST-1e,26.0,False,0.0,0.0,0.0,0.0,0.0,6578,E,438,S
6578_02,Mars,True,TRAPPIST-1e,16.0,False,0.0,0.0,0.0,0.0,0.0,6578,F,1259,S
6580_01,Earth,False,TRAPPIST-1e,56.0,False,0.0,605.0,0.0,179.0,0.0,6580,G,1066,P
6582_01,Europa,False,55 Cancri e,25.0,False,0.0,1538.0,97.0,530.0,35.0,6582,A,66,P
6583_01,Europa,False,TRAPPIST-1e,13.0,False,0.0,100.0,12253.0,6.0,80.0,6583,B,254,S
6583_02,Europa,False,55 Cancri e,53.0,False,0.0,2606.0,0.0,1170.0,0.0,6583,B,254,S
6585_01,Earth,True,TRAPPIST-1e,21.0,False,0.0,0.0,0.0,0.0,0.0,6585,G,1071,S
6585_02,Earth,,TRAPPIST-1e,18.0,False,289.0,1809.0,3.0,2.0,2.0,6585,F,1260,S
6588_01,Earth,False,TRAPPIST-1e,38.0,False,115.0,125.0,0.0,202.0,0.0,6588,G,1073,S
6588_02,Earth,True,TRAPPIST-1e,20.0,False,0.0,0.0,0.0,0.0,0.0,6588,G,1073,S
6590_01,Europa,True,TRAPPIST-1e,24.0,False,0.0,0.0,0.0,0.0,0.0,6590,B,217,P
6590_02,Europa,False,TRAPPIST-1e,56.0,False,0.0,13561.0,0.0,2.0,4088.0,6590,B,217,P
6591_01,Earth,False,TRAPPIST-1e,47.0,False,285.0,600.0,3.0,0.0,640.0,6591,F,1261,S
6592_01,Mars,True,TRAPPIST-1e,21.0,False,0.0,0.0,0.0,0.0,0.0,6592,F,1262,S
6593_01,Earth,False,PSO J318.5-22,,False,0.0,67.0,661.0,0.0,0.0,6593,F,1370,P
6593_02,Earth,False,TRAPPIST-1e,26.0,False,0.0,666.0,0.0,0.0,58.0,6593,F,1370,P
6594_01,Earth,True,55 Cancri e,34.0,False,0.0,0.0,0.0,0.0,0.0,6594,G,1067,P
6595_01,Earth,False,TRAPPIST-1e,35.0,False,102.0,780.0,6.0,0.0,0.0,6595,G,1074,S
6598_01,Mars,True,TRAPPIST-1e,35.0,False,0.0,0.0,0.0,0.0,0.0,6598,F,1263,S
6599_01,Europa,True,TRAPPIST-1e,49.0,False,0.0,,0.0,0.0,0.0,6599,C,245,S
6601_01,Earth,False,TRAPPIST-1e,24.0,False,2.0,0.0,0.0,52.0,638.0,6601,F,1372,P
6602_01,Earth,False,TRAPPIST-1e,62.0,False,94.0,267.0,2341.0,94.0,0.0,6602,F,1265,S
6603_01,Mars,False,TRAPPIST-1e,25.0,False,68.0,0.0,3700.0,0.0,0.0,6603,D,208,P
6604_01,Europa,True,55 Cancri e,42.0,False,0.0,0.0,0.0,0.0,0.0,6604,C,205,P
6606_01,Earth,False,PSO J318.5-22,25.0,False,166.0,0.0,520.0,0.0,0.0,6606,F,1266,S
6608_01,Earth,False,TRAPPIST-1e,21.0,False,588.0,0.0,17.0,0.0,1548.0,6608,F,1374,P
6609_01,Mars,True,TRAPPIST-1e,17.0,False,0.0,0.0,0.0,0.0,0.0,6609,E,420,P
6611_01,Earth,False,55 Cancri e,41.0,False,635.0,0.0,7.0,0.0,0.0,6611,E,421,P
6611_02,Earth,True,TRAPPIST-1e,50.0,False,0.0,0.0,0.0,0.0,0.0,6611,G,1069,P
6611_03,Earth,False,PSO J318.5-22,20.0,False,0.0,90.0,561.0,2.0,0.0,6611,F,1375,P
6613_01,Earth,True,TRAPPIST-1e,15.0,False,0.0,0.0,0.0,0.0,0.0,6613,G,1078,S
6614_01,Mars,True,TRAPPIST-1e,29.0,False,0.0,0.0,0.0,0.0,0.0,6614,F,1268,S
6616_01,Earth,False,TRAPPIST-1e,20.0,False,2532.0,1.0,0.0,59.0,10.0,6616,F,1377,P
6618_01,Europa,False,TRAPPIST-1e,35.0,False,345.0,4514.0,0.0,0.0,421.0,6618,C,246,S
6620_01,Earth,False,PSO J318.5-22,22.0,False,0.0,115.0,273.0,,218.0,6620,G,1079,S
6621_01,Earth,False,55 Cancri e,43.0,False,0.0,0.0,642.0,0.0,8.0,6621,F,1378,P
6622_01,Earth,False,55 Cancri e,54.0,False,752.0,0.0,44.0,14.0,0.0,6622,G,1070,P
6622_02,Earth,True,TRAPPIST-1e,15.0,False,0.0,0.0,0.0,0.0,,6622,G,1070,P
6623_01,,True,55 Cancri e,38.0,False,,0.0,0.0,0.0,0.0,6623,B,218,P
6624_01,Earth,False,TRAPPIST-1e,44.0,False,1175.0,0.0,13.0,642.0,498.0,6624,G,1071,P
6625_01,Earth,True,PSO J318.5-22,34.0,False,0.0,0.0,0.0,0.0,0.0,6625,G,1072,P
6625_02,Earth,False,55 Cancri e,15.0,False,3.0,854.0,23.0,0.0,0.0,6625,F,1379,P
6626_01,Earth,True,TRAPPIST-1e,24.0,False,0.0,0.0,0.0,0.0,0.0,6626,G,1073,P
6628_01,Earth,False,TRAPPIST-1e,29.0,False,0.0,0.0,272.0,394.0,50.0,6628,F,1381,P
6630_01,Earth,False,TRAPPIST-1e,19.0,False,0.0,1044.0,0.0,2.0,4.0,6630,F,1270,S
6631_01,Europa,,TRAPPIST-1e,27.0,False,0.0,1891.0,0.0,2167.0,0.0,6631,C,208,P
6633_01,Europa,False,TRAPPIST-1e,26.0,False,0.0,0.0,0.0,0.0,0.0,6633,B,255,S
6634_01,Europa,True,55 Cancri e,46.0,False,0.0,0.0,0.0,0.0,0.0,6634,B,219,P
6634_02,,True,TRAPPIST-1e,64.0,False,0.0,0.0,0.0,0.0,0.0,6634,G,734,S
6635_01,Europa,False,TRAPPIST-1e,17.0,False,0.0,1339.0,26.0,244.0,15.0,6635,C,209,P
6635_02,Europa,False,55 Cancri e,45.0,False,0.0,313.0,1791.0,414.0,1675.0,6635,C,209,P
6637_01,Mars,False,TRAPPIST-1e,27.0,False,1228.0,0.0,0.0,0.0,0.0,6637,F,1271,S
6638_01,Earth,True,TRAPPIST-1e,29.0,False,0.0,0.0,0.0,0.0,0.0,6638,G,1074,P
6639_01,Earth,True,PSO J318.5-22,18.0,False,0.0,0.0,0.0,0.0,0.0,6639,G,1075,P
6641_01,Europa,True,TRAPPIST-1e,26.0,False,0.0,0.0,0.0,0.0,0.0,6641,C,247,S
6641_02,Europa,True,55 Cancri e,39.0,False,0.0,0.0,0.0,0.0,0.0,6641,C,247,S
6642_01,Earth,True,TRAPPIST-1e,59.0,False,0.0,0.0,0.0,0.0,0.0,6642,G,1081,S
6643_01,Earth,False,TRAPPIST-1e,20.0,False,0.0,6.0,24.0,0.0,672.0,6643,F,1272,S
6645_01,Earth,True,55 Cancri e,17.0,False,0.0,0.0,0.0,0.0,0.0,6645,G,1083,S
6646_01,Earth,True,TRAPPIST-1e,47.0,False,0.0,0.0,0.0,0.0,0.0,6646,G,1084,S
6647_01,Earth,False,PSO J318.5-22,29.0,False,2.0,3.0,1501.0,26.0,0.0,6647,F,1273,S
6649_01,Earth,False,TRAPPIST-1e,16.0,False,,0.0,265.0,0.0,0.0,6649,F,1274,S
6650_01,Earth,False,TRAPPIST-1e,48.0,False,12.0,0.0,0.0,0.0,796.0,6650,G,1077,P
6652_01,Earth,False,PSO J318.5-22,39.0,False,0.0,69.0,29.0,424.0,18.0,6652,G,734,S
6654_01,Earth,True,55 Cancri e,28.0,False,0.0,0.0,0.0,0.0,0.0,6654,G,1086,S
6654_02,Earth,True,55 Cancri e,12.0,False,0.0,0.0,0.0,0.0,0.0,6654,G,1086,S
6654_03,Earth,True,TRAPPIST-1e,24.0,False,0.0,0.0,,0.0,0.0,6654,G,1086,S
6655_01,Mars,True,TRAPPIST-1e,30.0,False,0.0,0.0,0.0,0.0,0.0,6655,E,422,P
6656_01,Europa,True,TRAPPIST-1e,34.0,False,0.0,0.0,0.0,0.0,,6656,B,221,P
6659_01,Mars,,TRAPPIST-1e,37.0,False,0.0,0.0,0.0,0.0,0.0,6659,F,1383,P
6660_01,Earth,False,TRAPPIST-1e,47.0,False,590.0,0.0,47.0,3.0,53.0,6660,F,1384,P
6662_01,Earth,False,TRAPPIST-1e,0.0,False,0.0,0.0,0.0,0.0,0.0,6662,G,1087,S
6662_02,Earth,,TRAPPIST-1e,23.0,False,0.0,0.0,0.0,0.0,0.0,6662,G,1087,S
6662_03,Earth,True,55 Cancri e,0.0,False,0.0,0.0,0.0,0.0,0.0,6662,G,1087,S
6663_01,Earth,False,TRAPPIST-1e,20.0,False,402.0,25.0,9.0,373.0,0.0,6663,G,1079,P
6663_02,Earth,False,TRAPPIST-1e,35.0,False,90.0,0.0,655.0,43.0,16.0,6663,F,1385,P
6664_01,Earth,False,TRAPPIST-1e,18.0,False,0.0,0.0,827.0,0.0,0.0,6664,G,1088,S
6665_01,Europa,True,55 Cancri e,17.0,False,0.0,0.0,0.0,0.0,0.0,6665,B,222,P
6665_02,Europa,False,TRAPPIST-1e,18.0,False,4.0,1337.0,0.0,0.0,182.0,6665,B,222,P
6665_03,Europa,False,TRAPPIST-1e,53.0,False,0.0,0.0,0.0,0.0,0.0,6665,B,222,P
6665_04,Europa,False,55 Cancri e,35.0,False,0.0,2504.0,0.0,0.0,5496.0,6665,B,222,P
6667_01,Europa,True,TRAPPIST-1e,48.0,False,0.0,0.0,0.0,0.0,0.0,6667,C,248,S
6668_01,Earth,False,TRAPPIST-1e,68.0,False,0.0,0.0,649.0,0.0,239.0,6668,G,1089,S
6668_02,Earth,False,TRAPPIST-1e,27.0,False,17.0,65.0,74.0,1548.0,18.0,6668,G,1089,S
6669_01,Earth,False,55 Cancri e,28.0,False,32.0,0.0,304.0,291.0,2.0,6669,E,423,P
6670_01,Earth,False,TRAPPIST-1e,37.0,False,864.0,35.0,0.0,0.0,0.0,6670,F,1278,S
6671_01,Mars,True,TRAPPIST-1e,35.0,False,0.0,0.0,,0.0,0.0,6671,F,1279,S
6671_02,Mars,False,TRAPPIST-1e,31.0,False,1002.0,0.0,,0.0,0.0,6671,F,1279,S
6671_03,Mars,False,55 Cancri e,14.0,False,1880.0,0.0,15.0,0.0,0.0,6671,E,440,S
6672_01,Mars,False,TRAPPIST-1e,1.0,False,0.0,0.0,0.0,0.0,0.0,6672,F,1387,P
6672_02,Mars,False,55 Cancri e,4.0,False,0.0,0.0,0.0,0.0,0.0,6672,F,1387,P
6672_03,Mars,False,PSO J318.5-22,30.0,False,77.0,71.0,1147.0,0.0,0.0,6672,E,424,P
6672_04,Mars,True,TRAPPIST-1e,11.0,False,0.0,0.0,0.0,0.0,0.0,6672,F,1387,P
6673_01,Earth,False,TRAPPIST-1e,45.0,False,1595.0,0.0,0.0,0.0,13.0,6673,E,425,P
6674_01,Europa,False,TRAPPIST-1e,29.0,False,0.0,841.0,0.0,1733.0,11.0,6674,E,426,P
6674_02,Europa,True,TRAPPIST-1e,32.0,False,,0.0,0.0,0.0,0.0,6674,E,426,P
6674_03,Europa,,55 Cancri e,15.0,False,0.0,0.0,0.0,0.0,0.0,6674,E,426,P
6674_04,Europa,True,TRAPPIST-1e,25.0,False,0.0,0.0,0.0,0.0,0.0,6674,E,426,P
6674_05,Europa,False,TRAPPIST-1e,25.0,False,0.0,4.0,0.0,1525.0,475.0,6674,E,426,P
6675_01,Earth,,TRAPPIST-1e,60.0,False,707.0,24.0,0.0,0.0,170.0,6675,F,1388,P
6675_02,Earth,False,PSO J318.5-22,24.0,False,61.0,0.0,0.0,0.0,1495.0,6675,E,427,P
6676_01,Europa,True,TRAPPIST-1e,35.0,False,0.0,0.0,0.0,0.0,0.0,6676,D,200,S
6680_01,Earth,False,TRAPPIST-1e,36.0,False,,361.0,512.0,34.0,0.0,6680,G,1082,P
6681_01,Earth,False,55 Cancri e,22.0,False,0.0,833.0,381.0,0.0,12.0,6681,F,1280,S
6683_01,Earth,True,PSO J318.5-22,32.0,False,0.0,0.0,0.0,0.0,0.0,6683,G,1083,P
6684_01,Europa,False,TRAPPIST-1e,57.0,False,0.0,218.0,0.0,8522.0,0.0,6684,C,210,P
6684_02,Europa,False,TRAPPIST-1e,30.0,,0.0,,335.0,143.0,764.0,6684,C,210,P
6684_03,Europa,False,TRAPPIST-1e,46.0,False,0.0,370.0,0.0,2395.0,1638.0,6684,C,210,P
6691_01,Earth,False,TRAPPIST-1e,28.0,False,62.0,202.0,542.0,0.0,,6691,F,1390,P
6692_01,Europa,True,55 Cancri e,26.0,False,0.0,0.0,0.0,0.0,0.0,6692,B,256,S
6693_01,Earth,False,TRAPPIST-1e,55.0,False,0.0,0.0,719.0,274.0,0.0,6693,E,428,P
6694_01,Earth,True,TRAPPIST-1e,66.0,False,0.0,0.0,,0.0,0.0,6694,G,1084,P
6697_01,Earth,False,,20.0,False,0.0,1.0,34.0,0.0,774.0,6697,G,1085,P
6698_01,Earth,False,PSO J318.5-22,31.0,False,239.0,321.0,0.0,0.0,124.0,6698,F,1393,P
6699_01,Mars,False,TRAPPIST-1e,13.0,False,0.0,0.0,0.0,0.0,0.0,6699,E,429,P
6702_01,Earth,True,TRAPPIST-1e,50.0,False,0.0,0.0,0.0,0.0,0.0,6702,G,1087,P
6706_01,Europa,True,TRAPPIST-1e,21.0,False,0.0,0.0,0.0,0.0,0.0,6706,B,224,P
6706_02,Europa,True,TRAPPIST-1e,25.0,False,0.0,0.0,0.0,0.0,0.0,6706,B,224,P
6707_01,Earth,True,TRAPPIST-1e,46.0,False,0.0,0.0,0.0,0.0,0.0,6707,G,1091,S
6708_01,Europa,False,TRAPPIST-1e,0.0,False,0.0,0.0,0.0,0.0,0.0,6708,A,67,P
6708_02,Europa,False,TRAPPIST-1e,2.0,False,0.0,0.0,0.0,0.0,,6708,A,67,P
6708_03,Europa,False,TRAPPIST-1e,36.0,False,994.0,526.0,0.0,7.0,1279.0,6708,A,67,P
6708_04,Europa,True,55 Cancri e,19.0,False,0.0,0.0,0.0,0.0,0.0,6708,A,67,P
6708_05,Europa,True,55 Cancri e,35.0,False,0.0,0.0,0.0,0.0,0.0,6708,A,67,P
6708_06,Europa,True,55 Cancri e,41.0,True,0.0,0.0,0.0,0.0,,6708,A,67,P
6709_01,Earth,True,TRAPPIST-1e,22.0,False,0.0,0.0,0.0,0.0,,6709,G,1092,S
6711_01,Mars,False,TRAPPIST-1e,25.0,True,,280.0,714.0,0.0,0.0,6711,D,210,P
6713_01,Earth,False,55 Cancri e,24.0,False,700.0,0.0,0.0,0.0,0.0,6713,F,1395,P
6718_01,Earth,False,TRAPPIST-1e,37.0,False,18.0,238.0,0.0,528.0,0.0,6718,G,1088,P
6718_02,Earth,True,TRAPPIST-1e,5.0,False,0.0,0.0,0.0,0.0,0.0,6718,G,1088,P
6718_03,Earth,True,TRAPPIST-1e,,False,0.0,0.0,0.0,0.0,0.0,6718,G,1088,P
6719_01,Mars,True,TRAPPIST-1e,41.0,False,0.0,0.0,0.0,0.0,0.0,6719,F,1396,P
6720_01,Europa,False,TRAPPIST-1e,44.0,False,0.0,0.0,0.0,0.0,0.0,6720,A,81,S
6721_01,Earth,,TRAPPIST-1e,23.0,False,0.0,0.0,0.0,0.0,0.0,6721,G,1095,S
6722_01,Europa,True,55 Cancri e,28.0,False,0.0,0.0,0.0,0.0,0.0,6722,E,445,S
6722_02,Europa,False,55 Cancri e,27.0,False,0.0,33.0,9.0,1847.0,2035.0,6722,E,445,S
6722_03,Europa,True,55 Cancri e,40.0,False,0.0,0.0,0.0,0.0,0.0,6722,E,445,S
6724_01,Europa,True,55 Cancri e,27.0,False,0.0,0.0,0.0,0.0,0.0,6724,C,213,P
6724_02,Europa,True,55 Cancri e,17.0,False,0.0,0.0,0.0,0.0,0.0,6724,C,213,P
6725_01,Europa,False,TRAPPIST-1e,32.0,False,0.0,390.0,60.0,5015.0,211.0,6725,C,214,P
6726_01,Earth,False,TRAPPIST-1e,29.0,False,68.0,74.0,713.0,37.0,15.0,6726,G,1089,P
6727_01,Earth,False,TRAPPIST-1e,29.0,False,0.0,316.0,0.0,,338.0,6727,G,1090,P
6729_01,Europa,False,TRAPPIST-1e,41.0,False,0.0,371.0,0.0,1701.0,21.0,6729,A,82,S
6729_02,Europa,True,55 Cancri e,48.0,False,0.0,0.0,0.0,0.0,0.0,6729,A,82,S
6729_03,Europa,False,TRAPPIST-1e,27.0,False,2664.0,15.0,0.0,109.0,2.0,6729,A,82,S
6730_01,Earth,False,TRAPPIST-1e,14.0,False,0.0,6.0,791.0,49.0,0.0,6730,G,1096,S
6731_01,Earth,False,TRAPPIST-1e,32.0,False,3135.0,2.0,0.0,0.0,0.0,6731,F,1397,P
6734_01,Europa,False,55 Cancri e,47.0,False,0.0,2699.0,0.0,671.0,8.0,6734,C,249,S
6734_02,Europa,True,55 Cancri e,14.0,False,0.0,0.0,0.0,0.0,0.0,6734,C,249,S
6734_03,Europa,True,55 Cancri e,37.0,True,0.0,0.0,0.0,0.0,0.0,6734,C,249,S
6734_04,Europa,True,55 Cancri e,33.0,False,0.0,0.0,0.0,0.0,0.0,6734,C,249,S
6736_01,Mars,False,,33.0,False,1373.0,0.0,23.0,920.0,6.0,6736,D,203,S
6739_01,Earth,False,TRAPPIST-1e,44.0,False,0.0,714.0,174.0,0.0,0.0,6739,G,1097,S
6741_01,Earth,False,TRAPPIST-1e,37.0,False,0.0,1190.0,4.0,455.0,71.0,6741,G,1098,S
6741_02,Earth,,PSO J318.5-22,18.0,,103.0,0.0,181.0,1611.0,22.0,6741,F,1286,S
6742_01,Earth,False,TRAPPIST-1e,33.0,False,1288.0,2.0,0.0,0.0,1.0,6742,F,1287,S
6744_01,Mars,False,TRAPPIST-1e,21.0,False,1244.0,0.0,1119.0,0.0,3.0,6744,F,1399,P
6744_02,Mars,False,TRAPPIST-1e,38.0,False,1717.0,16.0,39.0,0.0,48.0,6744,F,1399,P
6744_03,Mars,False,55 Cancri e,16.0,False,1337.0,0.0,2614.0,0.0,0.0,6744,D,212,P
6744_04,Mars,True,TRAPPIST-1e,58.0,False,0.0,,0.0,0.0,0.0,6744,E,431,P
6744_05,Mars,False,TRAPPIST-1e,41.0,False,1203.0,756.0,140.0,0.0,0.0,6744,E,431,P
6745_01,Earth,False,PSO J318.5-22,28.0,False,545.0,0.0,501.0,0.0,0.0,6745,F,1400,P
6746_01,Earth,True,TRAPPIST-1e,28.0,False,0.0,0.0,0.0,0.0,0.0,6746,G,1092,P
6747_01,Europa,True,TRAPPIST-1e,31.0,False,,0.0,0.0,0.0,0.0,6747,C,215,P
6748_01,Mars,True,TRAPPIST-1e,27.0,False,0.0,0.0,0.0,,0.0,6748,F,1289,S
6748_02,Mars,False,TRAPPIST-1e,7.0,False,0.0,0.0,0.0,0.0,,6748,F,1289,S
6748_03,Mars,False,TRAPPIST-1e,25.0,False,1610.0,29.0,6.0,0.0,0.0,6748,F,1289,S
6748_04,Mars,False,TRAPPIST-1e,34.0,False,470.0,0.0,,45.0,539.0,6748,D,205,S
6749_01,Earth,False,TRAPPIST-1e,21.0,False,0.0,13.0,813.0,0.0,0.0,6749,G,1093,P
6750_01,Earth,False,TRAPPIST-1e,29.0,False,0.0,95.0,424.0,1.0,364.0,6750,G,1094,P
6751_01,Mars,True,TRAPPIST-1e,23.0,False,0.0,0.0,0.0,0.0,0.0,6751,F,1290,S
6751_02,Mars,True,TRAPPIST-1e,31.0,False,0.0,0.0,0.0,0.0,0.0,6751,E,446,S
6753_01,Europa,True,TRAPPIST-1e,50.0,False,0.0,0.0,0.0,0.0,0.0,6753,B,226,P
6753_02,Europa,False,TRAPPIST-1e,25.0,False,0.0,0.0,0.0,0.0,0.0,6753,B,226,P
6754_01,Europa,False,TRAPPIST-1e,25.0,True,0.0,4209.0,0.0,2.0,896.0,6754,C,250,S
6756_01,Earth,False,TRAPPIST-1e,23.0,False,0.0,0.0,12.0,726.0,19.0,6756,F,1402,P
6756_02,Earth,False,PSO J318.5-22,46.0,False,0.0,0.0,743.0,4.0,6.0,6756,G,1095,P
6756_03,Earth,False,TRAPPIST-1e,0.0,False,0.0,0.0,0.0,0.0,0.0,6756,G,1095,P
6757_01,Mars,False,TRAPPIST-1e,53.0,False,1964.0,0.0,635.0,0.0,0.0,6757,F,1292,S
6758_01,Earth,False,55 Cancri e,25.0,False,76.0,600.0,0.0,0.0,25.0,6758,F,1403,P
6760_01,Mars,False,PSO J318.5-22,30.0,False,51.0,0.0,1373.0,0.0,5.0,6760,F,1404,P
6761_01,Mars,True,TRAPPIST-1e,18.0,False,0.0,0.0,0.0,0.0,0.0,6761,F,1405,P
6761_02,Mars,False,TRAPPIST-1e,20.0,False,0.0,0.0,0.0,0.0,0.0,6761,E,432,P
6762_01,Earth,False,55 Cancri e,54.0,False,0.0,704.0,0.0,0.0,0.0,6762,F,1293,S
6763_01,Earth,False,TRAPPIST-1e,20.0,False,0.0,97.0,725.0,26.0,104.0,6763,G,1097,P
6764_01,Mars,False,TRAPPIST-1e,32.0,False,2937.0,60.0,696.0,0.0,0.0,6764,F,1294,S
6764_02,Mars,False,TRAPPIST-1e,31.0,False,76.0,0.0,2398.0,102.0,23.0,6764,F,1294,S
6765_01,Mars,True,TRAPPIST-1e,55.0,False,0.0,0.0,0.0,0.0,0.0,6765,F,1295,S
6766_01,Earth,False,PSO J318.5-22,16.0,False,399.0,0.0,3.0,0.0,137.0,6766,G,1098,P
6766_02,Earth,True,TRAPPIST-1e,0.0,,0.0,0.0,0.0,0.0,0.0,6766,G,1098,P
6766_03,Earth,True,TRAPPIST-1e,3.0,False,0.0,0.0,0.0,0.0,0.0,6766,G,1098,P
6773_01,Earth,False,TRAPPIST-1e,33.0,False,47.0,0.0,0.0,,3047.0,6773,F,1407,P
6774_01,Earth,True,TRAPPIST-1e,45.0,False,0.0,0.0,,0.0,0.0,6774,G,1100,P
6774_02,Earth,True,TRAPPIST-1e,6.0,False,0.0,0.0,0.0,0.0,0.0,6774,G,1100,P
6774_03,Earth,False,TRAPPIST-1e,33.0,False,0.0,0.0,704.0,0.0,0.0,6774,F,1408,P
6775_01,Earth,True,55 Cancri e,14.0,False,0.0,0.0,0.0,0.0,0.0,6775,G,1101,S
6776_01,Earth,False,55 Cancri e,24.0,False,1.0,0.0,0.0,691.0,0.0,6776,F,1409,P
6778_01,Earth,False,TRAPPIST-1e,47.0,False,0.0,758.0,0.0,0.0,1417.0,6778,F,1299,S
6779_01,Europa,False,TRAPPIST-1e,37.0,False,0.0,7920.0,270.0,1.0,322.0,6779,B,258,S
6779_02,Europa,True,55 Cancri e,14.0,False,,0.0,0.0,0.0,0.0,6779,B,258,S
6779_03,Europa,True,TRAPPIST-1e,44.0,False,0.0,0.0,0.0,0.0,0.0,6779,B,258,S
6779_04,Europa,False,TRAPPIST-1e,11.0,False,0.0,0.0,0.0,0.0,0.0,6779,B,258,S
6780_01,Europa,True,55 Cancri e,15.0,False,0.0,0.0,0.0,0.0,0.0,6780,C,251,S
6780_02,Europa,False,TRAPPIST-1e,39.0,False,2167.0,30.0,1472.0,,0.0,6780,C,251,S
6782_01,Earth,False,PSO J318.5-22,15.0,False,,0.0,533.0,72.0,0.0,6782,F,1300,S
6784_01,Earth,False,55 Cancri e,60.0,False,0.0,0.0,0.0,8.0,698.0,6784,G,1102,S
6784_02,Earth,False,TRAPPIST-1e,49.0,False,0.0,366.0,0.0,0.0,401.0,6784,G,1102,S
6786_01,Earth,False,PSO J318.5-22,23.0,False,8.0,173.0,0.0,1052.0,0.0,6786,F,1410,P
6787_01,Earth,False,TRAPPIST-1e,9.0,False,0.0,0.0,0.0,0.0,0.0,6787,F,1411,P
6787_02,Earth,,TRAPPIST-1e,0.0,False,0.0,0.0,0.0,0.0,0.0,6787,F,1411,P
6787_03,Earth,False,TRAPPIST-1e,17.0,False,108.0,4.0,1898.0,13.0,0.0,6787,F,1411,P
6787_04,Earth,True,PSO J318.5-22,42.0,False,0.0,0.0,0.0,0.0,0.0,6787,F,1411,P
6787_05,Earth,True,TRAPPIST-1e,16.0,False,0.0,0.0,,0.0,,6787,F,1411,P
6787_06,Earth,False,55 Cancri e,0.0,False,0.0,0.0,0.0,0.0,0.0,6787,F,1411,P
6787_07,Earth,False,TRAPPIST-1e,26.0,False,113.0,38.0,0.0,0.0,630.0,6787,F,1411,P
6788_01,Earth,False,TRAPPIST-1e,56.0,False,2.0,736.0,0.0,71.0,0.0,6788,G,1103,P
6789_01,Mars,False,55 Cancri e,26.0,False,866.0,0.0,0.0,0.0,0.0,6789,D,213,P
6792_01,Mars,False,TRAPPIST-1e,41.0,False,145.0,0.0,2383.0,30.0,40.0,6792,F,1412,P
6794_01,Mars,False,TRAPPIST-1e,27.0,False,20.0,0.0,1000.0,36.0,0.0,6794,D,206,S
6796_01,Earth,False,TRAPPIST-1e,31.0,False,470.0,0.0,0.0,182.0,52.0,6796,G,1104,P
6798_01,Earth,False,TRAPPIST-1e,40.0,False,3.0,0.0,61.0,0.0,742.0,6798,F,1414,P
6799_01,Europa,True,55 Cancri e,40.0,False,0.0,0.0,0.0,0.0,0.0,6799,C,252,S
6800_01,Earth,True,TRAPPIST-1e,15.0,False,0.0,0.0,0.0,0.0,0.0,6800,G,1105,P
6801_01,Europa,False,TRAPPIST-1e,50.0,True,0.0,7293.0,136.0,97.0,440.0,6801,B,259,S
6802_01,Europa,False,55 Cancri e,42.0,False,1751.0,516.0,0.0,12.0,672.0,6802,A,68,P
6805_01,Europa,False,TRAPPIST-1e,50.0,False,52.0,996.0,0.0,700.0,1.0,6805,E,449,S
6806_01,Earth,False,TRAPPIST-1e,39.0,False,14.0,583.0,310.0,0.0,0.0,6806,G,1104,S
6808_01,Earth,False,TRAPPIST-1e,27.0,False,0.0,,192.0,38.0,599.0,6808,F,1416,P
6810_01,Mars,True,TRAPPIST-1e,20.0,False,0.0,0.0,0.0,0.0,0.0,6810,E,450,S
6810_02,Mars,False,TRAPPIST-1e,30.0,False,768.0,11.0,2010.0,0.0,0.0,6810,E,450,S
6810_03,Mars,True,TRAPPIST-1e,16.0,False,,0.0,0.0,0.0,0.0,6810,G,734,S
6810_04,,True,TRAPPIST-1e,36.0,False,0.0,0.0,0.0,0.0,0.0,6810,E,450,S
6810_05,Mars,True,55 Cancri e,68.0,False,0.0,0.0,0.0,0.0,0.0,6810,E,450,S
6813_01,Earth,False,55 Cancri e,22.0,False,38.0,19.0,348.0,217.0,115.0,6813,F,1417,P
6814_01,Mars,False,55 Cancri e,36.0,False,1339.0,6.0,7810.0,0.0,0.0,6814,E,451,S
6816_01,Earth,True,55 Cancri e,3.0,False,0.0,0.0,0.0,0.0,0.0,6816,G,1108,P
6816_02,Earth,False,TRAPPIST-1e,28.0,,944.0,0.0,0.0,0.0,75.0,6816,G,1108,P
6816_03,Earth,True,PSO J318.5-22,32.0,False,0.0,0.0,0.0,0.0,0.0,6816,G,1108,P
6816_04,Earth,False,TRAPPIST-1e,10.0,False,0.0,0.0,0.0,0.0,0.0,6816,G,1108,P
6816_05,Earth,True,55 Cancri e,0.0,False,0.0,0.0,0.0,0.0,0.0,6816,G,1108,P
6816_06,Earth,True,TRAPPIST-1e,9.0,False,0.0,0.0,0.0,0.0,0.0,6816,G,1108,P
6817_01,Earth,False,TRAPPIST-1e,37.0,False,21.0,54.0,5.0,178.0,431.0,6817,F,1304,S
6818_01,Earth,False,TRAPPIST-1e,31.0,False,32.0,2667.0,0.0,0.0,9.0,6818,F,1418,P
6820_01,Earth,False,TRAPPIST-1e,31.0,False,,0.0,0.0,1490.0,0.0,6820,F,1419,P
6821_01,Earth,False,TRAPPIST-1e,43.0,False,142.0,1208.0,0.0,0.0,204.0,6821,F,1420,P
6822_01,Earth,False,TRAPPIST-1e,15.0,False,0.0,532.0,29.0,0.0,163.0,6822,F,1305,S
6824_01,Earth,False,TRAPPIST-1e,58.0,False,,0.0,0.0,444.0,0.0,6824,G,1108,S
6825_01,Mars,True,,30.0,False,0.0,0.0,0.0,0.0,0.0,6825,F,1306,S
6825_02,Mars,False,TRAPPIST-1e,24.0,False,3481.0,0.0,1236.0,2.0,256.0,6825,F,1306,S
6826_01,Earth,False,TRAPPIST-1e,49.0,False,0.0,69.0,92.0,1600.0,15.0,6826,G,1109,S
6827_01,Europa,False,55 Cancri e,73.0,False,181.0,1.0,840.0,2618.0,1949.0,6827,A,84,S
6827_02,Europa,True,TRAPPIST-1e,14.0,False,0.0,0.0,0.0,0.0,0.0,6827,A,84,S
6827_03,Europa,True,TRAPPIST-1e,50.0,False,0.0,0.0,0.0,0.0,0.0,6827,A,84,S
6827_04,Europa,,TRAPPIST-1e,12.0,False,0.0,0.0,0.0,0.0,0.0,6827,A,84,S
6829_01,Earth,True,TRAPPIST-1e,2.0,False,0.0,0.0,0.0,0.0,0.0,6829,G,1109,P
6829_02,Earth,False,TRAPPIST-1e,49.0,False,355.0,449.0,8.0,0.0,0.0,6829,G,1109,P
6829_03,Earth,True,TRAPPIST-1e,32.0,False,0.0,0.0,0.0,0.0,0.0,6829,G,1109,P
6831_01,Earth,True,TRAPPIST-1e,,False,0.0,0.0,0.0,0.0,0.0,6831,G,1111,P
6832_01,Mars,True,TRAPPIST-1e,33.0,False,0.0,0.0,0.0,0.0,0.0,6832,F,1421,P
6833_01,Earth,False,,23.0,False,7.0,0.0,0.0,716.0,800.0,6833,E,452,S
6834_01,Earth,True,TRAPPIST-1e,23.0,False,0.0,0.0,0.0,0.0,,6834,G,1111,S
6837_01,Mars,True,TRAPPIST-1e,43.0,False,0.0,0.0,0.0,0.0,0.0,6837,E,435,P
6839_01,Earth,False,TRAPPIST-1e,36.0,False,1912.0,0.0,0.0,2.0,0.0,6839,F,1307,S
6840_01,Mars,True,TRAPPIST-1e,26.0,False,0.0,0.0,0.0,0.0,0.0,6840,F,1422,P
6841_01,Mars,True,55 Cancri e,29.0,False,,0.0,0.0,0.0,0.0,6841,E,454,S
6843_01,Europa,True,TRAPPIST-1e,21.0,False,0.0,,0.0,0.0,0.0,6843,B,260,S
6843_02,Europa,True,55 Cancri e,30.0,False,0.0,0.0,0.0,0.0,0.0,6843,B,260,S
6844_01,Mars,False,55 Cancri e,23.0,False,71.0,0.0,1376.0,0.0,890.0,6844,E,455,S
6848_01,Europa,True,TRAPPIST-1e,13.0,False,0.0,0.0,0.0,0.0,0.0,6848,D,214,P
6850_01,Earth,False,TRAPPIST-1e,22.0,,735.0,138.0,,0.0,0.0,6850,F,1424,P
6850_02,Earth,True,PSO J318.5-22,25.0,False,0.0,0.0,0.0,0.0,0.0,6850,G,1113,P
6850_03,Earth,False,TRAPPIST-1e,52.0,False,2.0,46.0,800.0,0.0,773.0,6850,E,436,P
6851_01,Earth,False,TRAPPIST-1e,22.0,False,0.0,752.0,18.0,0.0,18.0,6851,E,456,S
6853_01,Europa,False,55 Cancri e,31.0,False,0.0,1604.0,4058.0,4094.0,124.0,6853,C,218,P
6854_01,Mars,False,TRAPPIST-1e,23.0,False,3211.0,4.0,243.0,0.0,0.0,6854,E,437,P
6857_01,Earth,False,PSO J318.5-22,35.0,False,22.0,0.0,1179.0,0.0,33.0,6857,F,1310,S
6858_01,Europa,True,TRAPPIST-1e,26.0,False,0.0,0.0,0.0,0.0,0.0,6858,B,229,P
6858_02,Europa,True,TRAPPIST-1e,14.0,False,0.0,0.0,0.0,0.0,0.0,6858,B,229,P
6858_03,Europa,False,55 Cancri e,39.0,False,0.0,60.0,0.0,310.0,4674.0,6858,B,229,P
6858_04,Europa,False,,8.0,False,0.0,0.0,0.0,0.0,0.0,6858,B,229,P
6859_01,Earth,True,PSO J318.5-22,29.0,False,0.0,0.0,0.0,0.0,0.0,6859,G,1113,S
6861_01,Earth,True,PSO J318.5-22,15.0,False,0.0,0.0,0.0,0.0,0.0,6861,G,1114,S
6862_01,Earth,True,TRAPPIST-1e,48.0,False,0.0,0.0,0.0,0.0,0.0,6862,G,1115,S
6862_02,Earth,False,TRAPPIST-1e,9.0,False,0.0,0.0,0.0,0.0,0.0,6862,G,1115,S
6863_01,Earth,False,TRAPPIST-1e,25.0,False,0.0,10.0,909.0,0.0,17.0,6863,F,1311,S
6864_01,Europa,True,TRAPPIST-1e,13.0,False,0.0,0.0,0.0,0.0,0.0,6864,A,71,P
6864_02,Europa,True,55 Cancri e,25.0,,0.0,0.0,0.0,0.0,0.0,6864,A,71,P
6865_01,Europa,False,TRAPPIST-1e,27.0,,69.0,2878.0,0.0,4232.0,3798.0,6865,D,208,S
6865_02,Europa,True,TRAPPIST-1e,32.0,False,0.0,0.0,0.0,0.0,0.0,6865,D,208,S
6866_01,Europa,False,55 Cancri e,20.0,False,0.0,17958.0,99.0,14.0,57.0,6866,C,253,S
6866_02,Europa,False,55 Cancri e,40.0,False,6103.0,7570.0,860.0,13117.0,192.0,6866,C,253,S
6868_01,Earth,False,TRAPPIST-1e,18.0,False,0.0,18.0,73.0,2134.0,25.0,6868,F,1427,P
6869_01,Earth,False,TRAPPIST-1e,21.0,False,0.0,0.0,901.0,3.0,0.0,6869,F,1428,P
6871_01,Earth,False,TRAPPIST-1e,38.0,False,190.0,1.0,616.0,0.0,,6871,G,1116,S
6873_01,Europa,False,55 Cancri e,62.0,False,362.0,1049.0,46.0,104.0,829.0,6873,A,72,P
6879_01,Earth,True,TRAPPIST-1e,23.0,False,0.0,0.0,0.0,0.0,0.0,6879,G,1119,S
6880_01,Mars,False,TRAPPIST-1e,48.0,True,2191.0,0.0,172.0,1.0,0.0,6880,F,1315,S
6880_02,Mars,True,TRAPPIST-1e,27.0,False,0.0,0.0,0.0,0.0,0.0,6880,E,457,S
6882_01,Mars,True,55 Cancri e,32.0,False,0.0,0.0,0.0,0.0,0.0,6882,F,1430,P
6882_02,Mars,False,TRAPPIST-1e,53.0,False,0.0,0.0,0.0,0.0,0.0,6882,E,438,P
6883_01,Earth,False,TRAPPIST-1e,26.0,False,0.0,0.0,1.0,0.0,398.0,6883,G,1120,S
6885_01,Mars,True,TRAPPIST-1e,46.0,False,,0.0,0.0,0.0,0.0,6885,F,1316,S
6887_01,Earth,False,TRAPPIST-1e,32.0,False,0.0,326.0,31.0,5.0,545.0,6887,G,1122,S
6889_01,Earth,False,,40.0,False,862.0,0.0,0.0,0.0,59.0,6889,F,1317,S
6891_01,Mars,False,TRAPPIST-1e,27.0,False,725.0,0.0,1660.0,0.0,0.0,6891,D,215,P
6892_01,Earth,,TRAPPIST-1e,28.0,False,0.0,669.0,0.0,1.0,2.0,6892,F,1318,S
6893_01,Europa,True,TRAPPIST-1e,29.0,False,0.0,0.0,0.0,0.0,0.0,6893,B,261,S
6894_01,Mars,True,TRAPPIST-1e,37.0,False,0.0,0.0,0.0,0.0,0.0,6894,F,1319,S
6894_02,Mars,False,TRAPPIST-1e,0.0,False,0.0,0.0,0.0,0.0,0.0,6894,F,1319,S
6894_03,Mars,False,TRAPPIST-1e,12.0,,0.0,0.0,0.0,0.0,0.0,6894,F,1319,S
6895_01,Europa,False,TRAPPIST-1e,25.0,False,0.0,4612.0,0.0,2585.0,1919.0,6895,C,220,P
6896_01,Mars,False,TRAPPIST-1e,,False,473.0,0.0,575.0,0.0,0.0,6896,E,459,S
6896_02,Mars,False,TRAPPIST-1e,3.0,False,0.0,0.0,0.0,0.0,0.0,6896,F,1320,S
6896_03,Mars,False,TRAPPIST-1e,9.0,False,0.0,0.0,0.0,0.0,0.0,6896,F,1320,S
6898_01,Europa,False,55 Cancri e,27.0,False,146.0,3786.0,490.0,0.0,18.0,6898,G,734,S
6899_01,Europa,False,TRAPPIST-1e,59.0,False,0.0,0.0,0.0,0.0,0.0,6899,A,73,P
6899_02,Europa,,TRAPPIST-1e,24.0,False,0.0,0.0,0.0,0.0,0.0,6899,A,73,P
6900_01,Earth,True,TRAPPIST-1e,16.0,False,0.0,0.0,0.0,0.0,0.0,6900,G,1123,S
6901_01,Mars,False,TRAPPIST-1e,16.0,False,501.0,974.0,1164.0,0.0,0.0,6901,F,1321,S
6902_01,Europa,True,TRAPPIST-1e,46.0,False,0.0,0.0,0.0,0.0,0.0,6902,D,217,P
6903_01,Earth,False,PSO J318.5-22,25.0,False,0.0,1428.0,0.0,1483.0,0.0,6903,F,1431,P
6905_01,Earth,False,TRAPPIST-1e,39.0,False,130.0,741.0,0.0,0.0,0.0,6905,F,1322,S
6905_02,Earth,False,TRAPPIST-1e,15.0,False,0.0,0.0,0.0,938.0,44.0,6905,E,460,S
6905_03,Earth,False,55 Cancri e,16.0,False,43.0,3.0,750.0,0.0,0.0,6905,F,1322,S
6906_01,Mars,False,TRAPPIST-1e,35.0,False,1719.0,4389.0,1015.0,0.0,14.0,6906,F,1432,P
6906_02,Mars,False,55 Cancri e,43.0,False,528.0,13.0,1583.0,11.0,0.0,6906,E,440,P
6906_03,Mars,True,TRAPPIST-1e,7.0,False,0.0,0.0,0.0,0.0,0.0,6906,F,1432,P
6907_01,Earth,True,TRAPPIST-1e,29.0,False,0.0,0.0,0.0,0.0,0.0,6907,G,1117,P
6908_01,Europa,False,TRAPPIST-1e,60.0,False,0.0,960.0,46.0,854.0,17074.0,6908,C,254,S
6910_01,Earth,False,TRAPPIST-1e,49.0,False,173.0,0.0,18.0,580.0,1.0,6910,G,1124,S
6911_01,Mars,False,TRAPPIST-1e,50.0,False,118.0,0.0,1041.0,0.0,0.0,6911,F,1323,S
6912_01,Europa,False,TRAPPIST-1e,40.0,False,0.0,120.0,0.0,2814.0,318.0,6912,C,221,P
6913_01,Mars,True,TRAPPIST-1e,49.0,False,0.0,0.0,0.0,0.0,0.0,6913,F,1324,S
6913_02,Mars,False,,18.0,False,1988.0,0.0,95.0,0.0,0.0,6913,E,461,S
6915_01,Mars,True,TRAPPIST-1e,29.0,False,0.0,0.0,0.0,0.0,0.0,6915,F,1325,S
6917_01,Mars,False,TRAPPIST-1e,56.0,True,995.0,0.0,177.0,0.0,739.0,6917,F,1433,P
6918_01,Earth,True,PSO J318.5-22,29.0,False,0.0,0.0,0.0,0.0,0.0,6918,G,1126,S
6920_01,Earth,False,TRAPPIST-1e,29.0,False,0.0,10.0,0.0,5.0,975.0,6920,E,462,S
6921_01,Europa,False,TRAPPIST-1e,22.0,False,0.0,1914.0,2090.0,100.0,0.0,6921,C,255,S
6921_02,Europa,True,55 Cancri e,24.0,False,0.0,0.0,0.0,,0.0,6921,C,255,S
6921_03,Europa,False,TRAPPIST-1e,23.0,False,69.0,6101.0,0.0,0.0,214.0,6921,C,255,S
6921_04,Europa,False,TRAPPIST-1e,28.0,True,0.0,14076.0,0.0,928.0,372.0,6921,C,255,S
6921_05,Europa,True,55 Cancri e,19.0,False,0.0,0.0,0.0,0.0,0.0,6921,C,255,S
6921_06,Europa,False,TRAPPIST-1e,32.0,False,0.0,89.0,0.0,8330.0,1.0,6921,C,255,S
6924_01,Earth,False,TRAPPIST-1e,37.0,False,0.0,0.0,0.0,0.0,0.0,6924,G,1127,S
6925_01,Earth,False,TRAPPIST-1e,26.0,False,0.0,0.0,677.0,1.0,108.0,6925,G,1120,P
6926_01,,False,TRAPPIST-1e,43.0,False,1944.0,17.0,657.0,0.0,0.0,6926,F,1435,P
6928_01,Earth,False,TRAPPIST-1e,25.0,False,439.0,0.0,0.0,557.0,0.0,6928,E,463,S
6928_02,Earth,False,TRAPPIST-1e,11.0,False,0.0,0.0,0.0,0.0,0.0,6928,G,1128,S
6929_01,Earth,False,TRAPPIST-1e,4.0,False,0.0,0.0,0.0,0.0,0.0,6929,G,1122,P
6929_02,Earth,True,TRAPPIST-1e,32.0,False,0.0,0.0,0.0,0.0,0.0,6929,G,1122,P
6929_03,Earth,False,TRAPPIST-1e,15.0,False,9.0,776.0,4.0,0.0,2.0,6929,E,441,P
6930_01,Earth,True,TRAPPIST-1e,17.0,False,0.0,0.0,0.0,0.0,0.0,6930,G,1129,S
6931_01,Europa,True,55 Cancri e,37.0,False,0.0,0.0,0.0,0.0,0.0,6931,C,222,P
6932_01,Earth,False,TRAPPIST-1e,20.0,False,559.0,0.0,83.0,112.0,0.0,6932,G,1130,S
6934_01,Mars,False,TRAPPIST-1e,47.0,False,160.0,0.0,1232.0,36.0,0.0,6934,F,1436,P
6934_02,Mars,False,55 Cancri e,16.0,False,1228.0,0.0,450.0,446.0,,6934,E,443,P
6937_01,Earth,True,TRAPPIST-1e,8.0,False,0.0,0.0,0.0,0.0,0.0,6937,G,1131,S
6939_01,Earth,False,TRAPPIST-1e,22.0,False,245.0,0.0,0.0,661.0,1.0,6939,G,1124,P
6940_01,Mars,False,TRAPPIST-1e,39.0,False,9.0,0.0,687.0,0.0,0.0,6940,F,1326,S
6943_01,Europa,True,55 Cancri e,57.0,False,0.0,0.0,0.0,0.0,0.0,6943,B,262,S
6944_01,Europa,True,TRAPPIST-1e,29.0,False,0.0,0.0,0.0,0.0,0.0,6944,C,223,P
6945_01,Europa,True,55 Cancri e,,False,0.0,0.0,0.0,0.0,0.0,6945,B,263,S
6946_01,Earth,False,TRAPPIST-1e,70.0,False,28.0,0.0,0.0,672.0,104.0,6946,F,1439,P
6947_01,Europa,True,TRAPPIST-1e,13.0,False,0.0,0.0,0.0,0.0,0.0,6947,B,264,S
6947_02,Europa,False,TRAPPIST-1e,49.0,False,0.0,1757.0,0.0,797.0,567.0,6947,B,264,S
6949_01,Earth,False,55 Cancri e,25.0,False,0.0,12.0,851.0,19.0,103.0,6949,E,464,S
6950_01,Europa,True,55 Cancri e,19.0,False,0.0,0.0,0.0,0.0,0.0,6950,B,265,S
6950_02,Europa,True,55 Cancri e,15.0,False,0.0,0.0,0.0,0.0,0.0,6950,B,265,S
6951_01,Europa,False,TRAPPIST-1e,37.0,False,26.0,2898.0,9.0,0.0,40.0,6951,D,219,P
6951_02,Europa,True,TRAPPIST-1e,,False,0.0,0.0,0.0,0.0,0.0,6951,D,219,P
6954_01,Mars,False,TRAPPIST-1e,28.0,,1998.0,0.0,13.0,87.0,0.0,6954,E,445,P
6954_02,,False,TRAPPIST-1e,22.0,False,969.0,47.0,23.0,134.0,0.0,6954,E,445,P
6957_01,Europa,False,TRAPPIST-1e,26.0,False,135.0,2080.0,7.0,34.0,84.0,6957,B,266,S
6960_01,Earth,False,PSO J318.5-22,25.0,False,60.0,0.0,0.0,0.0,777.0,6960,G,1135,S
6962_01,Earth,False,TRAPPIST-1e,19.0,False,0.0,0.0,0.0,804.0,5.0,6962,G,1136,S
6963_01,Mars,False,TRAPPIST-1e,20.0,False,3839.0,57.0,1967.0,4.0,2.0,6963,F,1328,S
6964_01,Earth,False,55 Cancri e,35.0,False,0.0,71.0,631.0,0.0,0.0,6964,F,1444,P
6966_01,Earth,False,TRAPPIST-1e,37.0,False,951.0,0.0,0.0,80.0,0.0,6966,F,1446,P
6967_01,Europa,False,55 Cancri e,37.0,False,0.0,9965.0,0.0,5697.0,676.0,6967,C,256,S
6968_01,Earth,False,TRAPPIST-1e,13.0,False,0.0,114.0,682.0,0.0,7.0,6968,F,1447,P
6968_02,Earth,False,PSO J318.5-22,20.0,False,0.0,,0.0,0.0,1318.0,6968,F,1447,P
6970_01,Mars,False,TRAPPIST-1e,65.0,,3358.0,1.0,12.0,0.0,0.0,6970,G,734,S
6970_02,Mars,False,,29.0,False,456.0,230.0,363.0,0.0,0.0,6970,E,465,S
6971_01,Europa,False,TRAPPIST-1e,0.0,False,0.0,0.0,0.0,0.0,,6971,C,225,P
6971_02,Europa,False,TRAPPIST-1e,4.0,False,0.0,0.0,0.0,0.0,0.0,6971,C,225,P
6971_03,Europa,True,TRAPPIST-1e,19.0,False,0.0,0.0,0.0,0.0,0.0,6971,C,225,P
6971_04,Europa,True,55 Cancri e,17.0,False,0.0,0.0,0.0,0.0,0.0,6971,C,225,P
6971_05,Europa,False,55 Cancri e,28.0,False,0.0,4173.0,0.0,33.0,420.0,6971,C,225,P
6971_06,Europa,False,55 Cancri e,28.0,False,0.0,160.0,0.0,1538.0,1426.0,6971,C,225,P
6972_01,,False,TRAPPIST-1e,21.0,False,0.0,0.0,0.0,43.0,667.0,6972,G,1126,P
6973_01,Earth,False,PSO J318.5-22,45.0,False,1.0,15.0,44.0,0.0,1541.0,6973,E,466,S
6976_01,Earth,False,TRAPPIST-1e,21.0,False,27.0,,782.0,0.0,0.0,6976,G,1127,P
6977_01,Earth,True,PSO J318.5-22,20.0,False,0.0,0.0,0.0,0.0,0.0,6977,G,1137,S
6977_02,Earth,False,TRAPPIST-1e,38.0,False,0.0,806.0,3.0,0.0,0.0,6977,G,1137,S
6978_01,Earth,False,55 Cancri e,24.0,False,0.0,893.0,0.0,4.0,8.0,6978,E,446,P
6979_01,Earth,False,TRAPPIST-1e,22.0,False,712.0,6.0,70.0,0.0,0.0,6979,E,447,P
6980_01,,False,TRAPPIST-1e,44.0,False,3.0,0.0,33.0,769.0,0.0,6980,F,1331,S
6981_01,Earth,False,PSO J318.5-22,41.0,False,0.0,0.0,0.0,0.0,628.0,6981,F,1332,S
6982_01,Earth,True,TRAPPIST-1e,21.0,False,0.0,0.0,0.0,0.0,0.0,6982,G,1128,P
6984_01,Mars,False,TRAPPIST-1e,26.0,False,1967.0,0.0,116.0,,0.0,6984,F,1450,P
6984_02,Mars,True,TRAPPIST-1e,54.0,False,0.0,0.0,0.0,0.0,0.0,6984,F,1450,P
6984_03,Mars,False,TRAPPIST-1e,19.0,False,1962.0,0.0,1.0,641.0,0.0,6984,F,1450,P
6985_01,,False,TRAPPIST-1e,32.0,False,0.0,243.0,0.0,0.0,776.0,6985,G,1138,S
6987_01,Earth,True,TRAPPIST-1e,,False,0.0,0.0,0.0,0.0,0.0,6987,G,1139,S
6988_01,Europa,False,TRAPPIST-1e,26.0,,554.0,1307.0,32.0,93.0,1553.0,6988,C,226,P
6988_02,Europa,False,TRAPPIST-1e,28.0,False,0.0,4340.0,0.0,186.0,0.0,6988,C,226,P
6990_01,Earth,False,PSO J318.5-22,21.0,False,1.0,22.0,0.0,649.0,2.0,6990,G,734,S
6991_01,Europa,False,55 Cancri e,38.0,False,0.0,692.0,0.0,3587.0,0.0,6991,B,233,P
6991_02,Europa,True,TRAPPIST-1e,43.0,False,0.0,0.0,0.0,0.0,,6991,B,233,P
6992_01,,False,,12.0,False,0.0,0.0,0.0,0.0,0.0,6992,G,1131,P
6992_02,Earth,True,TRAPPIST-1e,25.0,,0.0,0.0,0.0,0.0,0.0,6992,G,1131,P
6992_03,Earth,True,TRAPPIST-1e,27.0,False,0.0,0.0,0.0,0.0,0.0,6992,G,1131,P
6994_01,Europa,True,TRAPPIST-1e,22.0,False,0.0,0.0,0.0,0.0,0.0,6994,B,267,S
6994_02,Europa,False,TRAPPIST-1e,20.0,False,0.0,275.0,1690.0,580.0,5499.0,6994,B,267,S
6995_01,Earth,False,55 Cancri e,24.0,False,0.0,58.0,618.0,0.0,41.0,6995,F,1334,S
6996_01,Earth,False,55 Cancri e,34.0,False,0.0,442.0,175.0,79.0,3.0,6996,F,1452,P
6997_01,Mars,False,TRAPPIST-1e,42.0,False,1058.0,0.0,0.0,0.0,0.0,6997,D,220,P
6997_02,Mars,False,TRAPPIST-1e,24.0,False,2261.0,0.0,95.0,10.0,0.0,6997,F,1453,P
6998_01,Earth,False,TRAPPIST-1e,28.0,False,0.0,0.0,285.0,136.0,337.0,6998,F,1454,P
6999_01,Mars,False,TRAPPIST-1e,29.0,False,907.0,0.0,0.0,142.0,0.0,6999,E,449,P
7001_01,Europa,True,TRAPPIST-1e,31.0,False,0.0,0.0,0.0,0.0,0.0,7001,D,213,S
7002_01,Earth,False,TRAPPIST-1e,29.0,False,888.0,0.0,1.0,0.0,0.0,7002,G,1141,S
7004_01,Earth,False,55 Cancri e,14.0,False,,1.0,400.0,297.0,0.0,7004,F,1337,S
7005_01,Earth,False,55 Cancri e,16.0,False,0.0,17.0,1211.0,0.0,25.0,7005,F,1338,S
7006_01,,True,PSO J318.5-22,16.0,False,0.0,0.0,0.0,0.0,0.0,7006,G,1142,S
7007_01,Europa,False,TRAPPIST-1e,27.0,False,0.0,2897.0,659.0,485.0,11.0,7007,E,450,P
7007_02,Europa,False,TRAPPIST-1e,,False,0.0,996.0,0.0,726.0,813.0,7007,E,450,P
7008_01,Earth,False,TRAPPIST-1e,23.0,False,779.0,7.0,9.0,9.0,0.0,7008,F,1339,S
7010_01,Earth,False,,16.0,False,418.0,195.0,100.0,88.0,90.0,7010,G,1143,S
7010_02,Earth,False,TRAPPIST-1e,30.0,False,0.0,6.0,0.0,0.0,1435.0,7010,F,1340,S
7011_01,Earth,False,TRAPPIST-1e,24.0,False,468.0,0.0,163.0,0.0,0.0,7011,F,1455,P
7013_01,Earth,True,TRAPPIST-1e,36.0,False,0.0,0.0,0.0,0.0,0.0,7013,G,1144,S
7014_01,Europa,False,55 Cancri e,25.0,False,0.0,3512.0,20.0,24.0,1459.0,7014,C,257,S
7015_01,Europa,True,TRAPPIST-1e,29.0,False,0.0,0.0,0.0,0.0,0.0,7015,C,227,P
7016_01,Earth,True,PSO J318.5-22,21.0,False,0.0,0.0,0.0,0.0,0.0,7016,G,1132,P
7017_01,Earth,True,TRAPPIST-1e,26.0,False,0.0,0.0,0.0,0.0,0.0,7017,G,1133,P
7018_01,Mars,False,TRAPPIST-1e,30.0,False,0.0,0.0,0.0,0.0,0.0,7018,E,467,S
7019_01,Earth,False,TRAPPIST-1e,31.0,False,0.0,0.0,717.0,0.0,0.0,7019,F,1457,P
7019_02,Earth,False,TRAPPIST-1e,20.0,False,0.0,750.0,957.0,0.0,722.0,7019,F,1457,P
7020_01,Earth,True,TRAPPIST-1e,,False,0.0,0.0,0.0,0.0,0.0,7020,G,1145,S
7021_01,Earth,True,55 Cancri e,33.0,False,0.0,0.0,0.0,0.0,0.0,7021,G,1146,S
7022_01,Europa,False,TRAPPIST-1e,35.0,False,0.0,5552.0,6.0,8.0,226.0,7022,D,215,S
7022_02,Europa,False,TRAPPIST-1e,46.0,False,0.0,664.0,0.0,2.0,2177.0,7022,D,215,S
7025_01,Earth,True,TRAPPIST-1e,63.0,False,0.0,0.0,0.0,0.0,0.0,7025,G,1147,S
7026_01,Europa,False,55 Cancri e,37.0,False,0.0,1678.0,0.0,36.0,3128.0,7026,A,86,S
7027_01,Earth,False,TRAPPIST-1e,23.0,,26.0,266.0,404.0,0.0,0.0,7027,E,451,P
7028_01,Earth,False,55 Cancri e,5.0,False,0.0,0.0,0.0,0.0,0.0,7028,G,1148,S
7028_02,Earth,True,TRAPPIST-1e,16.0,False,0.0,,0.0,0.0,0.0,7028,G,1148,S
7029_01,Earth,False,TRAPPIST-1e,20.0,False,0.0,0.0,2330.0,120.0,0.0,7029,F,1458,P
7029_02,Earth,True,PSO J318.5-22,49.0,False,0.0,0.0,0.0,0.0,0.0,7029,F,1458,P
7031_01,Earth,False,TRAPPIST-1e,3.0,False,0.0,0.0,0.0,0.0,0.0,7031,G,1135,P
7032_01,Earth,False,TRAPPIST-1e,41.0,,0.0,176.0,414.0,133.0,0.0,7032,F,1459,P
7034_01,Mars,False,TRAPPIST-1e,,False,1216.0,0.0,30.0,43.0,0.0,7034,F,1341,S
7036_01,Earth,True,TRAPPIST-1e,14.0,False,0.0,0.0,0.0,0.0,0.0,7036,G,1136,P
7037_01,Mars,False,TRAPPIST-1e,26.0,False,782.0,0.0,0.0,2503.0,1.0,7037,D,216,S
7038_01,Earth,True,TRAPPIST-1e,51.0,False,0.0,0.0,0.0,0.0,0.0,7038,G,1137,P
7039_01,Earth,False,PSO J318.5-22,36.0,False,56.0,,81.0,0.0,468.0,7039,F,1461,P
7040_01,Earth,True,TRAPPIST-1e,16.0,False,0.0,0.0,0.0,0.0,0.0,7040,G,1150,S
7041_01,Mars,True,TRAPPIST-1e,18.0,False,0.0,0.0,0.0,0.0,0.0,7041,F,1343,S
7042_01,Earth,True,PSO J318.5-22,48.0,False,0.0,0.0,,0.0,0.0,7042,G,1138,P
7044_01,Mars,False,TRAPPIST-1e,24.0,False,235.0,0.0,1642.0,1042.0,229.0,7044,D,221,P
7045_01,Mars,False,55 Cancri e,19.0,False,1043.0,0.0,138.0,0.0,0.0,7045,D,222,P
7047_01,Earth,True,55 Cancri e,21.0,False,0.0,0.0,0.0,0.0,0.0,7047,G,1152,S
7048_01,Earth,False,TRAPPIST-1e,24.0,False,332.0,9.0,356.0,0.0,0.0,7048,F,1462,P
7049_01,Earth,True,TRAPPIST-1e,21.0,False,0.0,0.0,0.0,0.0,0.0,7049,G,1153,S
7050_01,Earth,False,TRAPPIST-1e,13.0,False,0.0,999.0,0.0,0.0,4.0,7050,F,1344,S
7051_01,Mars,False,TRAPPIST-1e,39.0,False,42.0,0.0,352.0,1.0,369.0,7051,D,223,P
7052_01,Europa,,55 Cancri e,27.0,False,0.0,0.0,0.0,0.0,0.0,7052,E,469,S
7053_01,Earth,,PSO J318.5-22,23.0,False,64.0,4.0,0.0,1125.0,,7053,F,1463,P
7056_01,Europa,False,55 Cancri e,43.0,False,0.0,2093.0,0.0,3409.0,30.0,7056,D,217,S
7057_01,Mars,False,TRAPPIST-1e,19.0,False,3332.0,878.0,926.0,781.0,0.0,7057,F,1346,S
7058_01,Mars,True,55 Cancri e,30.0,False,0.0,0.0,,0.0,0.0,7058,F,1347,S
7059_01,Earth,True,TRAPPIST-1e,52.0,False,0.0,0.0,0.0,0.0,0.0,7059,G,1154,S
7060_01,Earth,False,TRAPPIST-1e,35.0,False,2224.0,,105.0,1.0,0.0,7060,G,1155,S
7061_01,Earth,False,TRAPPIST-1e,16.0,False,4.0,1666.0,0.0,35.0,40.0,7061,G,1156,S
7062_01,Earth,False,TRAPPIST-1e,21.0,False,0.0,13.0,0.0,720.0,170.0,7062,F,1464,P
7068_01,Earth,False,PSO J318.5-22,45.0,False,0.0,0.0,0.0,0.0,595.0,7068,F,1350,S
7069_01,Earth,False,TRAPPIST-1e,22.0,False,0.0,125.0,0.0,663.0,0.0,7069,E,472,S
7069_02,Earth,True,55 Cancri e,,False,0.0,0.0,0.0,0.0,0.0,7069,G,1159,S
7069_03,Earth,False,TRAPPIST-1e,0.0,False,0.0,0.0,0.0,0.0,0.0,7069,G,1159,S
7071_01,Earth,False,PSO J318.5-22,63.0,False,526.0,2.0,0.0,0.0,0.0,7071,G,1160,S
7072_01,Earth,False,PSO J318.5-22,56.0,False,1.0,2.0,0.0,102.0,,7072,F,1351,S
7073_01,Earth,True,TRAPPIST-1e,40.0,False,0.0,0.0,0.0,0.0,,7073,G,1161,S
7074_01,Earth,True,TRAPPIST-1e,1.0,False,0.0,0.0,0.0,0.0,0.0,7074,G,1162,S
7074_02,Earth,False,TRAPPIST-1e,24.0,False,0.0,,3.0,797.0,5.0,7074,F,1352,S
7077_01,Earth,False,TRAPPIST-1e,36.0,False,21.0,0.0,844.0,0.0,0.0,7077,F,1353,S
7078_01,Earth,False,TRAPPIST-1e,13.0,False,244.0,0.0,100.0,423.0,14.0,7078,G,1163,S
7079_01,Earth,False,55 Cancri e,13.0,False,0.0,722.0,0.0,37.0,8.0,7079,F,1354,S
7080_01,Earth,True,55 Cancri e,37.0,False,0.0,0.0,0.0,0.0,0.0,7080,G,1140,P
7082_01,Earth,False,TRAPPIST-1e,44.0,False,143.0,47.0,0.0,717.0,87.0,7082,E,473,S
7083_01,Europa,True,TRAPPIST-1e,32.0,False,0.0,0.0,0.0,0.0,0.0,7083,C,259,S
7083_02,Europa,,55 Cancri e,57.0,False,0.0,0.0,0.0,0.0,0.0,7083,C,259,S
7084_01,Earth,False,55 Cancri e,26.0,False,0.0,158.0,0.0,0.0,912.0,7084,F,1355,S
7085_01,Mars,False,TRAPPIST-1e,62.0,False,453.0,1.0,1911.0,0.0,0.0,7085,F,1466,P
7085_02,Mars,True,55 Cancri e,2.0,False,0.0,0.0,0.0,0.0,0.0,7085,F,1466,P
7085_03,Mars,True,TRAPPIST-1e,1.0,False,0.0,0.0,0.0,0.0,0.0,7085,F,1466,P
7086_01,Earth,False,TRAPPIST-1e,24.0,False,590.0,0.0,1.0,168.0,16.0,7086,F,1467,P
7087_01,Earth,True,TRAPPIST-1e,1.0,False,0.0,0.0,0.0,0.0,0.0,7087,G,1141,P
7088_01,Earth,False,TRAPPIST-1e,63.0,False,0.0,742.0,0.0,125.0,3.0,7088,F,1468,P
7089_01,Europa,False,TRAPPIST-1e,20.0,False,1040.0,2487.0,0.0,174.0,182.0,7089,D,218,S
7090_01,Earth,False,TRAPPIST-1e,15.0,False,0.0,610.0,267.0,,0.0,7090,F,1469,P
7091_01,Earth,True,TRAPPIST-1e,32.0,False,0.0,0.0,0.0,0.0,0.0,7091,G,1142,P
7092_01,Earth,False,TRAPPIST-1e,24.0,False,61.0,397.0,185.0,1.0,0.0,7092,F,1470,P
7093_01,Earth,True,TRAPPIST-1e,32.0,False,0.0,0.0,0.0,0.0,0.0,7093,G,1143,P
7094_01,Europa,False,TRAPPIST-1e,36.0,False,10.0,2478.0,2080.0,19.0,328.0,7094,E,454,P
7095_01,Earth,True,PSO J318.5-22,13.0,False,0.0,0.0,0.0,0.0,0.0,7095,G,1144,P
7096_01,Europa,True,TRAPPIST-1e,29.0,False,0.0,0.0,0.0,0.0,0.0,7096,C,260,S
7096_02,Europa,False,TRAPPIST-1e,27.0,False,0.0,14.0,0.0,0.0,2325.0,7096,C,260,S
7096_03,Europa,True,TRAPPIST-1e,30.0,False,0.0,0.0,0.0,0.0,0.0,7096,C,260,S
7097_01,Europa,False,55 Cancri e,27.0,False,0.0,44.0,4761.0,5.0,41.0,7097,A,75,P
7097_02,Europa,False,TRAPPIST-1e,14.0,False,0.0,3124.0,40.0,219.0,189.0,7097,A,75,P
7097_03,Europa,False,TRAPPIST-1e,32.0,True,527.0,1863.0,0.0,417.0,2905.0,7097,A,75,P
7097_04,Europa,False,55 Cancri e,33.0,True,0.0,16.0,12.0,2349.0,12.0,7097,A,75,P
7098_01,Earth,False,TRAPPIST-1e,35.0,False,3.0,0.0,651.0,0.0,78.0,7098,F,1356,S
7099_01,Earth,False,55 Cancri e,21.0,False,301.0,,19.0,0.0,0.0,7099,F,1471,P
7104_01,,False,TRAPPIST-1e,57.0,False,906.0,22.0,0.0,8293.0,391.0,7104,C,228,P
7104_02,Europa,False,TRAPPIST-1e,42.0,,159.0,4387.0,2.0,3.0,485.0,7104,C,228,P
7105_01,,False,55 Cancri e,20.0,False,0.0,6.0,552.0,20.0,0.0,7105,F,1473,P
7106_01,Mars,True,TRAPPIST-1e,18.0,False,0.0,0.0,0.0,0.0,0.0,7106,F,1357,S
7109_01,Europa,False,55 Cancri e,49.0,False,0.0,7683.0,0.0,13016.0,0.0,7109,B,268,S
7110_01,Earth,False,PSO J318.5-22,23.0,False,0.0,3.0,0.0,0.0,546.0,7110,F,1358,S
7111_01,Mars,False,TRAPPIST-1e,24.0,False,1058.0,0.0,0.0,280.0,0.0,7111,F,1359,S
7113_01,Earth,False,TRAPPIST-1e,24.0,False,0.0,0.0,0.0,0.0,757.0,7113,F,1361,S
7113_02,Earth,False,55 Cancri e,23.0,False,9.0,1.0,0.0,492.0,109.0,7113,F,1361,S
7114_01,Earth,False,TRAPPIST-1e,24.0,False,0.0,489.0,21.0,0.0,184.0,7114,F,1362,S
7116_01,Earth,True,PSO J318.5-22,26.0,False,0.0,0.0,0.0,0.0,0.0,7116,G,1146,P
7117_01,Europa,True,55 Cancri e,28.0,False,0.0,0.0,0.0,0.0,0.0,7117,B,236,P
7118_01,Earth,False,PSO J318.5-22,17.0,False,0.0,1381.0,2.0,0.0,0.0,7118,F,1475,P
7119_01,Earth,False,TRAPPIST-1e,20.0,False,415.0,479.0,0.0,1019.0,239.0,7119,F,1476,P
7120_01,Earth,False,TRAPPIST-1e,22.0,False,0.0,0.0,0.0,0.0,1201.0,7120,F,1363,S
7121_01,Europa,True,55 Cancri e,23.0,False,0.0,0.0,0.0,0.0,0.0,7121,B,269,S
7121_02,Europa,True,55 Cancri e,22.0,False,0.0,0.0,0.0,0.0,0.0,7121,B,269,S
7126_01,Earth,False,,29.0,False,3.0,0.0,664.0,683.0,34.0,7126,F,1366,S
7127_01,Europa,False,TRAPPIST-1e,,False,0.0,4155.0,0.0,1368.0,42.0,7127,B,237,P
7127_02,Europa,True,TRAPPIST-1e,31.0,False,0.0,0.0,,0.0,0.0,7127,B,237,P
7128_01,Europa,False,55 Cancri e,37.0,False,1.0,4462.0,1.0,9206.0,3.0,7128,B,238,P
7128_02,Europa,False,55 Cancri e,44.0,False,0.0,4322.0,3.0,153.0,52.0,7128,B,238,P
7128_03,Europa,False,55 Cancri e,34.0,False,0.0,2612.0,1.0,131.0,2714.0,7128,B,238,P
7132_01,Earth,False,55 Cancri e,23.0,False,602.0,0.0,0.0,0.0,24.0,7132,G,1165,S
7133_01,Earth,False,TRAPPIST-1e,18.0,False,457.0,0.0,11.0,335.0,0.0,7133,F,1368,S
7134_01,Earth,True,PSO J318.5-22,18.0,False,0.0,0.0,0.0,0.0,0.0,7134,G,1148,P
7137_01,Earth,False,TRAPPIST-1e,23.0,False,,134.0,482.0,,27.0,7137,F,1479,P
7140_01,Earth,False,TRAPPIST-1e,18.0,False,0.0,10.0,0.0,0.0,738.0,7140,F,1371,S
7142_01,Mars,False,TRAPPIST-1e,22.0,False,0.0,0.0,1128.0,0.0,45.0,7142,E,474,S
7142_02,Mars,False,TRAPPIST-1e,10.0,False,0.0,0.0,0.0,0.0,0.0,7142,E,474,S
7142_03,Mars,True,TRAPPIST-1e,,False,0.0,0.0,0.0,0.0,0.0,7142,E,474,S
7143_01,Mars,False,TRAPPIST-1e,31.0,False,907.0,0.0,437.0,2.0,0.0,7143,F,1372,S
7144_01,Earth,True,TRAPPIST-1e,48.0,False,0.0,0.0,0.0,0.0,0.0,7144,G,1150,P
7148_01,Europa,False,55 Cancri e,51.0,True,0.0,287.0,0.0,1442.0,66.0,7148,A,87,S
7149_01,Mars,True,PSO J318.5-22,25.0,False,0.0,0.0,0.0,0.0,0.0,7149,F,1482,P
7151_01,Mars,False,TRAPPIST-1e,32.0,False,288.0,0.0,592.0,670.0,40.0,7151,E,459,P
7152_01,Earth,False,TRAPPIST-1e,8.0,False,0.0,0.0,0.0,0.0,0.0,7152,G,1167,S
7152_02,Earth,True,PSO J318.5-22,49.0,False,0.0,0.0,0.0,0.0,0.0,7152,G,1167,S
7155_01,Earth,False,PSO J318.5-22,28.0,False,0.0,0.0,0.0,669.0,16.0,7155,F,1375,S
7156_01,Mars,False,TRAPPIST-1e,3.0,False,0.0,0.0,0.0,0.0,0.0,7156,E,475,S
7156_02,Mars,False,TRAPPIST-1e,,False,0.0,0.0,0.0,0.0,0.0,7156,E,475,S
7156_03,Mars,True,TRAPPIST-1e,31.0,False,0.0,0.0,0.0,0.0,0.0,7156,E,475,S
7156_04,Mars,False,TRAPPIST-1e,11.0,False,0.0,0.0,0.0,0.0,0.0,7156,E,475,S
7157_01,Mars,True,TRAPPIST-1e,27.0,False,0.0,0.0,0.0,0.0,0.0,7157,G,734,S
7157_02,Mars,False,TRAPPIST-1e,33.0,False,1631.0,0.0,754.0,0.0,0.0,7157,D,219,S
7159_01,Europa,True,PSO J318.5-22,32.0,False,0.0,0.0,0.0,0.0,0.0,7159,C,263,S
7160_01,Earth,True,TRAPPIST-1e,20.0,False,0.0,0.0,0.0,0.0,0.0,7160,G,1152,P
7161_01,Europa,False,TRAPPIST-1e,33.0,False,0.0,3624.0,0.0,1537.0,498.0,7161,E,476,S
7162_01,Earth,,TRAPPIST-1e,65.0,False,43.0,21.0,22.0,50.0,731.0,7162,F,1485,P
7165_01,Mars,True,TRAPPIST-1e,18.0,False,0.0,0.0,0.0,0.0,0.0,7165,F,1377,S
7166_01,Mars,False,TRAPPIST-1e,19.0,False,862.0,0.0,5.0,2032.0,0.0,7166,F,1378,S
7167_01,Europa,False,55 Cancri e,33.0,False,0.0,3676.0,0.0,1743.0,1.0,7167,B,270,S
7168_01,Earth,False,TRAPPIST-1e,,False,0.0,11.0,793.0,0.0,84.0,7168,G,1168,S
7170_01,Earth,True,PSO J318.5-22,31.0,False,0.0,0.0,0.0,0.0,0.0,7170,G,1154,P
7171_01,Earth,True,TRAPPIST-1e,37.0,False,0.0,0.0,0.0,0.0,0.0,7171,G,1155,P
7173_01,Earth,True,PSO J318.5-22,19.0,False,0.0,0.0,0.0,0.0,0.0,7173,G,1156,P
7175_01,Earth,False,TRAPPIST-1e,18.0,False,0.0,0.0,773.0,0.0,4.0,7175,F,1486,P
7176_01,Europa,True,55 Cancri e,47.0,False,0.0,0.0,0.0,0.0,0.0,7176,C,232,P
7176_02,Europa,False,TRAPPIST-1e,26.0,False,0.0,6050.0,0.0,662.0,920.0,7176,C,232,P
7176_03,Europa,False,TRAPPIST-1e,25.0,False,0.0,3590.0,0.0,27.0,0.0,7176,C,232,P
7177_01,Earth,False,TRAPPIST-1e,38.0,,102.0,12.0,14.0,669.0,0.0,7177,F,1380,S
7179_01,Earth,False,TRAPPIST-1e,53.0,False,3.0,2251.0,0.0,95.0,12.0,7179,E,460,P
7180_01,Earth,False,TRAPPIST-1e,38.0,False,0.0,338.0,0.0,453.0,0.0,7180,E,478,S
7181_01,Mars,True,TRAPPIST-1e,28.0,False,0.0,0.0,,0.0,0.0,7181,F,1488,P
7182_01,Earth,False,TRAPPIST-1e,46.0,False,438.0,283.0,944.0,0.0,355.0,7182,G,734,S
7184_01,Earth,False,TRAPPIST-1e,18.0,False,3.0,688.0,0.0,0.0,23.0,7184,G,1170,S
7186_01,Europa,True,TRAPPIST-1e,14.0,False,0.0,0.0,0.0,0.0,0.0,7186,E,461,P
7186_02,Europa,,TRAPPIST-1e,32.0,False,0.0,1369.0,29.0,662.0,22.0,7186,E,461,P
7186_03,Europa,False,TRAPPIST-1e,44.0,False,0.0,0.0,16.0,72.0,4304.0,7186,E,461,P
7187_01,Earth,True,PSO J318.5-22,28.0,False,0.0,0.0,0.0,0.0,0.0,7187,G,1158,P
7188_01,Europa,False,TRAPPIST-1e,2.0,False,0.0,0.0,0.0,0.0,0.0,7188,C,233,P
7188_02,Europa,False,TRAPPIST-1e,28.0,False,0.0,2896.0,46.0,5248.0,8169.0,7188,C,233,P
7188_03,Europa,True,TRAPPIST-1e,27.0,True,0.0,0.0,0.0,0.0,0.0,7188,C,233,P
7189_01,Europa,True,TRAPPIST-1e,29.0,False,0.0,0.0,0.0,0.0,0.0,7189,C,234,P
7190_01,Earth,True,55 Cancri e,14.0,False,0.0,0.0,0.0,,0.0,7190,G,1171,S
7191_01,Earth,False,TRAPPIST-1e,14.0,False,0.0,0.0,766.0,0.0,0.0,7191,F,1490,P
7192_01,Earth,True,TRAPPIST-1e,17.0,False,0.0,0.0,0.0,0.0,0.0,7192,G,1172,S
7193_01,Earth,False,TRAPPIST-1e,35.0,False,150.0,0.0,96.0,638.0,0.0,7193,F,1381,S
7194_01,Earth,False,,36.0,False,0.0,129.0,0.0,177.0,444.0,7194,F,1382,S
7197_01,Mars,False,TRAPPIST-1e,51.0,False,106.0,1942.0,115.0,,0.0,7197,F,1383,S
7199_01,Earth,False,TRAPPIST-1e,54.0,False,1.0,0.0,109.0,,1.0,7199,G,1174,S
7200_01,Europa,False,TRAPPIST-1e,37.0,False,300.0,3434.0,0.0,1.0,171.0,7200,C,264,S
7202_01,Earth,False,TRAPPIST-1e,37.0,False,541.0,38.0,713.0,316.0,0.0,7202,E,462,P
7203_01,Earth,False,TRAPPIST-1e,24.0,False,1.0,194.0,0.0,0.0,632.0,7203,E,463,P
7205_01,Mars,False,TRAPPIST-1e,,False,1030.0,0.0,158.0,0.0,28.0,7205,F,1386,S
7206_01,Earth,False,TRAPPIST-1e,38.0,False,622.0,1319.0,42.0,1.0,444.0,7206,F,1387,S
7207_01,Earth,True,TRAPPIST-1e,28.0,False,0.0,0.0,0.0,0.0,0.0,7207,G,1160,P
7208_01,Earth,False,TRAPPIST-1e,0.0,False,0.0,0.0,0.0,0.0,0.0,7208,G,1161,P
7208_02,Earth,False,TRAPPIST-1e,16.0,False,23.0,479.0,0.0,0.0,373.0,7208,F,1492,P
7210_01,Earth,False,TRAPPIST-1e,25.0,False,0.0,0.0,879.0,0.0,0.0,7210,F,1493,P
7214_01,Earth,,55 Cancri e,22.0,False,30.0,0.0,690.0,41.0,0.0,7214,F,1389,S
7215_01,Mars,True,TRAPPIST-1e,24.0,False,0.0,0.0,0.0,0.0,0.0,7215,F,1494,P
7216_01,Earth,False,PSO J318.5-22,37.0,False,501.0,0.0,179.0,1.0,0.0,7216,E,464,P
7217_01,Mars,False,TRAPPIST-1e,21.0,False,21.0,0.0,874.0,226.0,0.0,7217,F,1495,P
7218_01,Europa,False,,53.0,False,0.0,0.0,0.0,0.0,0.0,7218,B,271,S
7219_01,Europa,False,TRAPPIST-1e,0.0,False,0.0,0.0,0.0,0.0,0.0,7219,C,235,P
7219_02,Europa,True,TRAPPIST-1e,2.0,False,0.0,0.0,0.0,0.0,0.0,7219,C,235,P
7219_03,Europa,True,TRAPPIST-1e,64.0,False,0.0,0.0,0.0,0.0,0.0,7219,C,235,P
7219_04,Europa,False,TRAPPIST-1e,24.0,False,0.0,2921.0,5.0,795.0,3155.0,7219,G,734,S
7219_05,Europa,True,TRAPPIST-1e,40.0,False,0.0,0.0,0.0,0.0,0.0,7219,C,235,P
7219_06,Europa,False,TRAPPIST-1e,32.0,False,0.0,163.0,0.0,6953.0,50.0,7219,C,235,P
7221_01,Europa,False,55 Cancri e,54.0,True,0.0,316.0,1.0,2038.0,388.0,7221,B,239,P
7224_01,Earth,True,TRAPPIST-1e,30.0,,0.0,0.0,0.0,0.0,0.0,7224,G,1175,S
7225_01,Europa,False,55 Cancri e,37.0,False,0.0,1379.0,130.0,1488.0,75.0,7225,A,77,P
7226_01,Mars,False,TRAPPIST-1e,20.0,False,3191.0,0.0,211.0,21.0,117.0,7226,E,481,S
7227_01,Mars,False,TRAPPIST-1e,22.0,False,741.0,0.0,1028.0,0.0,0.0,7227,F,1497,P
7229_01,Earth,False,PSO J318.5-22,57.0,False,0.0,1.0,0.0,664.0,19.0,7229,F,1391,S
7230_01,Earth,True,TRAPPIST-1e,34.0,False,0.0,0.0,0.0,0.0,0.0,7230,G,1177,S
7232_01,Europa,False,TRAPPIST-1e,51.0,False,0.0,980.0,273.0,2775.0,419.0,7232,B,240,P
7233_01,Mars,True,TRAPPIST-1e,47.0,False,0.0,0.0,0.0,0.0,0.0,7233,E,465,P
7234_01,Earth,False,TRAPPIST-1e,22.0,False,593.0,34.0,0.0,0.0,0.0,7234,G,1163,P
7235_01,Europa,False,,36.0,False,0.0,1606.0,511.0,89.0,2220.0,7235,B,241,P
7236_01,Earth,True,TRAPPIST-1e,16.0,False,0.0,0.0,0.0,0.0,0.0,7236,G,734,S
7238_01,Mars,False,,60.0,False,180.0,0.0,414.0,1181.0,0.0,7238,F,1499,P
7240_01,Mars,False,TRAPPIST-1e,39.0,False,197.0,0.0,2401.0,0.0,0.0,7240,F,1392,S
7240_02,Mars,False,TRAPPIST-1e,18.0,False,49.0,0.0,2885.0,1.0,0.0,7240,F,1392,S
7242_01,Europa,True,55 Cancri e,30.0,False,0.0,0.0,0.0,0.0,0.0,7242,B,273,S
7246_01,Mars,False,TRAPPIST-1e,45.0,False,1781.0,0.0,17.0,0.0,23.0,7246,F,1395,S
7247_01,Earth,False,TRAPPIST-1e,30.0,False,0.0,0.0,0.0,0.0,1150.0,7247,F,1396,S
7249_01,,False,TRAPPIST-1e,21.0,False,1046.0,1.0,0.0,1.0,0.0,7249,E,482,S
7249_02,Mars,False,TRAPPIST-1e,0.0,False,0.0,0.0,0.0,0.0,0.0,7249,F,1397,S
7250_01,Mars,False,55 Cancri e,51.0,False,40.0,716.0,1907.0,0.0,0.0,7250,F,1501,P
7252_01,Mars,False,TRAPPIST-1e,22.0,False,100.0,0.0,1050.0,0.0,23.0,7252,E,466,P
7253_01,Europa,False,TRAPPIST-1e,26.0,False,0.0,896.0,0.0,690.0,1.0,7253,D,225,P
7255_01,Earth,False,TRAPPIST-1e,10.0,False,0.0,0.0,0.0,0.0,0.0,7255,G,1166,P
7256_01,Earth,False,TRAPPIST-1e,21.0,False,42.0,606.0,1.0,38.0,100.0,7256,E,484,S
7257_01,Earth,True,55 Cancri e,14.0,False,0.0,0.0,0.0,0.0,0.0,7257,G,1167,P
7257_02,Earth,False,TRAPPIST-1e,,False,0.0,1.0,12.0,0.0,779.0,7257,E,467,P
7258_01,Earth,False,TRAPPIST-1e,43.0,False,473.0,1390.0,0.0,0.0,0.0,7258,F,1502,P
7259_01,Earth,False,PSO J318.5-22,22.0,False,28.0,194.0,2.0,0.0,370.0,7259,F,1503,P
7260_01,Earth,False,TRAPPIST-1e,22.0,False,401.0,0.0,196.0,0.0,126.0,7260,F,1398,S
7261_01,Earth,True,PSO J318.5-22,23.0,False,0.0,0.0,0.0,0.0,0.0,7261,G,1168,P
7267_01,Europa,True,TRAPPIST-1e,25.0,False,0.0,0.0,0.0,0.0,0.0,7267,C,265,S
7267_02,Europa,False,TRAPPIST-1e,35.0,False,0.0,0.0,0.0,0.0,0.0,7267,C,265,S
7268_01,Earth,False,TRAPPIST-1e,30.0,False,0.0,0.0,0.0,27.0,764.0,7268,E,468,P
7270_01,Earth,True,TRAPPIST-1e,37.0,False,0.0,0.0,0.0,0.0,0.0,7270,G,1170,P
7271_01,Earth,False,55 Cancri e,21.0,False,61.0,201.0,222.0,161.0,60.0,7271,G,1171,P
7273_01,Earth,False,55 Cancri e,36.0,False,207.0,0.0,450.0,94.0,0.0,7273,G,1183,S
7274_01,Earth,False,TRAPPIST-1e,13.0,False,305.0,582.0,12.0,19.0,0.0,7274,F,1506,P
7276_01,Earth,False,55 Cancri e,22.0,False,0.0,642.0,0.0,52.0,0.0,7276,F,1507,P
7277_01,Earth,True,TRAPPIST-1e,36.0,False,0.0,0.0,,0.0,0.0,7277,G,1184,S
7278_01,Earth,False,TRAPPIST-1e,17.0,False,,188.0,795.0,0.0,0.0,7278,E,485,S
7279_01,Europa,True,55 Cancri e,38.0,False,0.0,0.0,0.0,0.0,0.0,7279,C,236,P
7280_01,Mars,False,TRAPPIST-1e,34.0,False,5959.0,0.0,3.0,0.0,0.0,7280,F,1508,P
7283_01,Mars,,TRAPPIST-1e,20.0,False,0.0,0.0,0.0,0.0,0.0,7283,F,1509,P
7284_01,Earth,False,TRAPPIST-1e,17.0,False,,647.0,49.0,74.0,0.0,7284,G,1174,P
7285_01,Earth,True,PSO J318.5-22,36.0,False,0.0,0.0,0.0,0.0,0.0,7285,G,1185,S
7289_01,Europa,False,55 Cancri e,52.0,False,360.0,1314.0,8.0,641.0,66.0,7289,A,78,P
7290_01,Europa,True,55 Cancri e,32.0,False,0.0,0.0,0.0,0.0,0.0,7290,D,227,P
7290_02,Europa,True,55 Cancri e,35.0,False,0.0,0.0,0.0,0.0,0.0,7290,D,227,P
7290_03,Europa,True,55 Cancri e,,False,0.0,0.0,0.0,0.0,0.0,7290,D,227,P
7290_04,Europa,False,TRAPPIST-1e,36.0,False,83.0,1186.0,0.0,2160.0,736.0,7290,D,227,P
7290_05,Europa,False,TRAPPIST-1e,36.0,False,31.0,3585.0,31.0,1400.0,0.0,7290,D,227,P
7292_01,Mars,False,55 Cancri e,21.0,False,,0.0,0.0,1.0,378.0,7292,D,220,S
7296_01,Mars,False,TRAPPIST-1e,33.0,False,627.0,0.0,171.0,254.0,130.0,7296,D,228,P
7297_01,Earth,False,TRAPPIST-1e,40.0,False,678.0,0.0,229.0,0.0,0.0,7297,G,1188,S
7298_01,Earth,,TRAPPIST-1e,24.0,False,185.0,0.0,478.0,29.0,0.0,7298,F,1510,P
7300_01,Earth,False,TRAPPIST-1e,35.0,False,0.0,0.0,885.0,0.0,0.0,7300,G,1189,S
7301_01,Mars,True,TRAPPIST-1e,29.0,False,0.0,0.0,0.0,0.0,0.0,7301,F,1511,P
7302_01,Mars,False,TRAPPIST-1e,33.0,False,728.0,0.0,285.0,0.0,0.0,7302,E,486,S
7303_01,Earth,False,TRAPPIST-1e,51.0,False,3.0,33.0,12.0,38.0,896.0,7303,E,487,S
7304_01,Mars,True,TRAPPIST-1e,10.0,,0.0,0.0,0.0,0.0,0.0,7304,F,1512,P
7305_01,Earth,True,TRAPPIST-1e,41.0,False,0.0,0.0,0.0,0.0,0.0,7305,G,1190,S
7306_01,Earth,False,55 Cancri e,26.0,False,1.0,0.0,0.0,0.0,718.0,7306,E,471,P
7307_01,Earth,False,TRAPPIST-1e,39.0,False,19.0,102.0,0.0,678.0,0.0,7307,F,1405,S
7309_01,Mars,False,TRAPPIST-1e,14.0,False,738.0,5.0,297.0,0.0,0.0,7309,F,1513,P
7310_01,Mars,,TRAPPIST-1e,28.0,False,1059.0,0.0,6.0,117.0,0.0,7310,D,229,P
7311_01,Earth,False,TRAPPIST-1e,18.0,False,0.0,949.0,0.0,0.0,0.0,7311,F,1514,P
7313_01,Mars,False,TRAPPIST-1e,41.0,False,2754.0,398.0,21.0,0.0,0.0,7313,D,231,P
7314_01,Europa,,,33.0,False,0.0,0.0,0.0,,0.0,7314,C,237,P
7320_01,Earth,False,TRAPPIST-1e,26.0,False,814.0,0.0,29.0,16.0,181.0,7320,F,1517,P
7321_01,Mars,True,TRAPPIST-1e,31.0,False,0.0,,0.0,0.0,0.0,7321,F,1518,P
7322_01,Earth,False,TRAPPIST-1e,63.0,,0.0,0.0,424.0,0.0,2027.0,7322,F,1408,S
7323_01,Earth,False,TRAPPIST-1e,30.0,False,0.0,0.0,547.0,,423.0,7323,F,1409,S
7324_01,Europa,False,TRAPPIST-1e,27.0,False,15.0,2886.0,0.0,249.0,71.0,7324,C,238,P
7326_01,Earth,False,TRAPPIST-1e,47.0,False,2916.0,0.0,14.0,63.0,0.0,7326,F,1519,P
7327_01,Mars,False,TRAPPIST-1e,37.0,False,1413.0,0.0,584.0,3.0,0.0,7327,F,1520,P
7328_01,Earth,False,TRAPPIST-1e,14.0,False,399.0,22.0,458.0,506.0,187.0,7328,F,1410,S
7330_01,,False,TRAPPIST-1e,27.0,False,0.0,63.0,8.0,129.0,2960.0,7330,C,268,S
7331_01,Mars,False,TRAPPIST-1e,61.0,False,1711.0,0.0,0.0,0.0,8.0,7331,D,232,P
7332_01,Earth,False,TRAPPIST-1e,39.0,False,2.0,0.0,0.0,2.0,787.0,7332,E,488,S
7334_01,Earth,False,TRAPPIST-1e,22.0,False,0.0,0.0,787.0,1.0,,7334,E,490,S
7336_01,,False,TRAPPIST-1e,30.0,False,2.0,0.0,5.0,1.0,962.0,7336,F,1411,S
7336_02,,False,TRAPPIST-1e,26.0,False,0.0,0.0,902.0,0.0,0.0,7336,F,1411,S
7337_01,Europa,False,TRAPPIST-1e,25.0,False,0.0,115.0,0.0,1823.0,4041.0,7337,A,89,S
7338_01,Mars,False,TRAPPIST-1e,42.0,False,1318.0,0.0,1386.0,,,7338,D,233,P
7339_01,Europa,False,,33.0,False,0.0,2107.0,0.0,15586.0,473.0,7339,E,474,P
7340_01,Europa,False,TRAPPIST-1e,60.0,False,0.0,307.0,0.0,484.0,1967.0,7340,E,475,P
7341_01,Earth,True,55 Cancri e,16.0,False,0.0,0.0,0.0,0.0,0.0,7341,G,1191,S
7342_01,Earth,False,TRAPPIST-1e,50.0,False,0.0,185.0,0.0,1.0,558.0,7342,G,1178,P
7343_01,Earth,False,TRAPPIST-1e,22.0,False,0.0,0.0,1.0,95.0,605.0,7343,F,1412,S
7344_01,Earth,False,PSO J318.5-22,15.0,False,0.0,0.0,9.0,0.0,952.0,7344,F,1413,S
7346_01,Mars,False,TRAPPIST-1e,27.0,False,0.0,0.0,0.0,0.0,,7346,E,476,P
7347_01,Earth,False,55 Cancri e,58.0,False,0.0,435.0,2.0,0.0,239.0,7347,G,1179,P
7350_01,Earth,True,TRAPPIST-1e,48.0,False,0.0,,0.0,0.0,0.0,7350,G,1192,S
7351_01,Europa,True,55 Cancri e,36.0,False,0.0,0.0,0.0,,0.0,7351,D,221,S
7353_01,Europa,False,TRAPPIST-1e,60.0,False,0.0,3435.0,0.0,5458.0,10.0,7353,C,269,S
7353_02,Europa,True,TRAPPIST-1e,46.0,False,0.0,0.0,0.0,0.0,0.0,7353,C,269,S
7353_03,Europa,False,TRAPPIST-1e,58.0,False,0.0,1386.0,2.0,128.0,2577.0,7353,G,734,S
7356_01,Earth,True,TRAPPIST-1e,40.0,False,0.0,0.0,0.0,0.0,0.0,7356,G,1181,P
7356_02,Earth,True,TRAPPIST-1e,3.0,False,0.0,0.0,0.0,,0.0,7356,G,1181,P
7358_01,Earth,False,55 Cancri e,23.0,False,3.0,0.0,2.0,61.0,634.0,7358,F,1522,P
7359_01,Earth,False,PSO J318.5-22,21.0,False,0.0,434.0,0.0,75.0,135.0,7359,E,492,S
7360_01,Earth,True,55 Cancri e,29.0,False,0.0,0.0,0.0,0.0,0.0,7360,G,1194,S
7361_01,Europa,True,55 Cancri e,23.0,,0.0,0.0,0.0,0.0,0.0,7361,C,239,P
7361_02,Europa,True,55 Cancri e,41.0,False,0.0,0.0,0.0,0.0,0.0,7361,C,239,P
7365_01,Earth,False,TRAPPIST-1e,20.0,False,0.0,802.0,0.0,16.0,0.0,7365,G,1183,P
7366_01,Earth,False,TRAPPIST-1e,24.0,False,821.0,0.0,0.0,68.0,0.0,7366,G,1184,P
7367_01,Mars,False,TRAPPIST-1e,21.0,False,2611.0,0.0,103.0,4.0,0.0,7367,D,234,P
7367_02,Mars,False,TRAPPIST-1e,55.0,False,1236.0,0.0,52.0,0.0,0.0,7367,F,1523,P
7370_01,Earth,False,TRAPPIST-1e,21.0,False,0.0,70.0,2.0,0.0,486.0,7370,F,1525,P
7371_01,Earth,True,55 Cancri e,42.0,False,0.0,0.0,0.0,0.0,0.0,7371,G,1185,P
7372_01,Earth,False,TRAPPIST-1e,40.0,False,2.0,147.0,0.0,1695.0,1147.0,7372,F,1526,P
7374_01,Mars,True,TRAPPIST-1e,30.0,False,0.0,,0.0,0.0,0.0,7374,F,1527,P
7376_01,Europa,True,TRAPPIST-1e,26.0,False,0.0,0.0,0.0,0.0,0.0,7376,E,477,P
7377_01,Earth,True,PSO J318.5-22,43.0,False,0.0,0.0,0.0,0.0,0.0,7377,G,1186,P
7379_01,Earth,False,TRAPPIST-1e,20.0,False,9.0,0.0,1540.0,0.0,0.0,7379,F,1416,S
7385_01,Earth,False,PSO J318.5-22,19.0,False,40.0,0.0,77.0,572.0,0.0,7385,F,1417,S
7387_01,Europa,False,TRAPPIST-1e,40.0,False,0.0,3508.0,761.0,12.0,32.0,7387,C,240,P
7388_01,Earth,True,PSO J318.5-22,17.0,False,0.0,0.0,0.0,0.0,0.0,7388,G,1198,S
7390_01,Earth,False,TRAPPIST-1e,62.0,False,240.0,0.0,0.0,586.0,10.0,7390,G,1190,P
7391_01,Earth,True,TRAPPIST-1e,32.0,False,0.0,0.0,0.0,,0.0,7391,G,1191,P
7392_01,Earth,True,TRAPPIST-1e,37.0,False,0.0,0.0,0.0,0.0,0.0,7392,G,1192,P
7393_01,Earth,False,,40.0,False,0.0,0.0,0.0,7.0,782.0,7393,E,478,P
7394_01,Earth,False,55 Cancri e,25.0,False,0.0,653.0,21.0,0.0,0.0,7394,G,1193,P
7395_01,Europa,True,55 Cancri e,17.0,False,0.0,0.0,0.0,0.0,0.0,7395,B,277,S
7395_02,Europa,True,TRAPPIST-1e,46.0,False,0.0,0.0,0.0,0.0,0.0,7395,B,277,S
7395_03,Europa,False,TRAPPIST-1e,38.0,False,4.0,5974.0,0.0,3682.0,197.0,7395,B,277,S
7395_04,Europa,False,55 Cancri e,43.0,True,0.0,486.0,0.0,0.0,2470.0,7395,B,277,S
7396_01,Europa,False,55 Cancri e,28.0,False,6.0,3392.0,3944.0,987.0,0.0,7396,C,271,S
7396_02,Europa,True,TRAPPIST-1e,31.0,True,0.0,0.0,0.0,0.0,0.0,7396,C,271,S
7396_03,Europa,True,PSO J318.5-22,35.0,False,0.0,0.0,0.0,0.0,0.0,7396,C,271,S
7398_01,Earth,False,TRAPPIST-1e,19.0,,105.0,271.0,1.0,377.0,17.0,7398,F,1531,P
7399_01,Earth,False,TRAPPIST-1e,24.0,False,0.0,0.0,217.0,0.0,544.0,7399,F,1418,S
7401_01,Mars,,55 Cancri e,20.0,False,0.0,0.0,,0.0,0.0,7401,E,479,P
7402_01,Europa,,TRAPPIST-1e,16.0,False,0.0,1417.0,3.0,27.0,186.0,7402,C,272,S
7402_02,Europa,True,55 Cancri e,45.0,False,0.0,0.0,0.0,0.0,0.0,7402,C,272,S
7403_01,Earth,False,TRAPPIST-1e,19.0,False,294.0,79.0,536.0,0.0,0.0,7403,G,1194,P
7405_01,Earth,False,TRAPPIST-1e,23.0,False,0.0,1089.0,311.0,0.0,0.0,7405,F,1419,S
7406_01,Earth,False,TRAPPIST-1e,19.0,False,0.0,78.0,801.0,0.0,7.0,7406,G,1195,P
7408_01,Mars,False,TRAPPIST-1e,32.0,False,193.0,,1116.0,0.0,0.0,7408,F,1420,S
7410_01,Earth,False,TRAPPIST-1e,41.0,False,85.0,804.0,0.0,0.0,0.0,7410,G,1201,S
7411_01,Earth,False,TRAPPIST-1e,30.0,False,1110.0,0.0,439.0,5.0,0.0,7411,F,1533,P
7416_01,Europa,False,55 Cancri e,41.0,,0.0,10049.0,214.0,5287.0,1845.0,7416,B,278,S
7418_01,Mars,False,TRAPPIST-1e,7.0,False,0.0,0.0,0.0,0.0,0.0,7418,F,1534,P
7419_01,Earth,False,,39.0,False,1.0,875.0,0.0,6.0,0.0,7419,G,1197,P
7419_02,Earth,False,TRAPPIST-1e,47.0,False,0.0,61.0,805.0,0.0,6.0,7419,F,1535,P
7422_01,Earth,False,TRAPPIST-1e,21.0,False,550.0,0.0,61.0,4.0,5.0,7422,G,1204,S
7425_01,Earth,True,TRAPPIST-1e,29.0,False,0.0,0.0,0.0,0.0,,7425,G,1200,P
7425_02,Earth,False,TRAPPIST-1e,19.0,False,879.0,0.0,0.0,10.0,0.0,7425,G,1200,P
7427_01,Mars,,TRAPPIST-1e,50.0,False,0.0,0.0,0.0,0.0,0.0,7427,F,1423,S
7428_01,Europa,False,TRAPPIST-1e,28.0,False,0.0,132.0,4.0,1915.0,0.0,7428,A,79,P
7429_01,Mars,False,TRAPPIST-1e,38.0,False,1126.0,0.0,23.0,34.0,0.0,7429,G,734,S
7430_01,Earth,False,PSO J318.5-22,24.0,False,549.0,3.0,201.0,0.0,0.0,7430,G,1205,S
7431_01,Europa,False,55 Cancri e,31.0,False,,2954.0,0.0,170.0,756.0,7431,A,90,S
7432_01,Europa,True,TRAPPIST-1e,38.0,False,0.0,0.0,0.0,0.0,0.0,7432,E,481,P
7435_01,Europa,True,55 Cancri e,26.0,False,0.0,0.0,0.0,0.0,0.0,7435,B,244,P
7436_01,Earth,,TRAPPIST-1e,28.0,False,0.0,0.0,0.0,0.0,0.0,7436,G,1202,P
7437_01,Europa,True,55 Cancri e,45.0,False,0.0,0.0,0.0,0.0,0.0,7437,B,279,S
7437_02,Europa,True,TRAPPIST-1e,47.0,False,0.0,0.0,0.0,0.0,0.0,7437,B,279,S
7437_03,Europa,True,TRAPPIST-1e,60.0,False,0.0,0.0,0.0,0.0,0.0,7437,B,279,S
7438_01,Earth,False,55 Cancri e,42.0,False,0.0,279.0,30.0,409.0,0.0,7438,E,483,P
7442_01,Earth,False,TRAPPIST-1e,43.0,False,20.0,0.0,726.0,,0.0,7442,E,495,S
7442_02,Earth,True,PSO J318.5-22,17.0,False,0.0,0.0,0.0,0.0,0.0,7442,G,734,S
7444_01,Earth,True,TRAPPIST-1e,17.0,False,0.0,0.0,,0.0,0.0,7444,G,1203,P
7445_01,Earth,True,TRAPPIST-1e,20.0,False,0.0,0.0,0.0,0.0,0.0,7445,G,1208,S
7446_01,Earth,False,TRAPPIST-1e,18.0,False,960.0,672.0,0.0,0.0,168.0,7446,G,1204,P
7447_01,Mars,False,TRAPPIST-1e,24.0,False,,0.0,299.0,814.0,0.0,7447,F,1539,P
7448_01,Earth,False,55 Cancri e,25.0,False,244.0,0.0,40.0,294.0,124.0,7448,F,1540,P
7449_01,Earth,False,PSO J318.5-22,20.0,False,120.0,321.0,0.0,932.0,175.0,7449,F,1541,P
7450_01,Earth,False,TRAPPIST-1e,23.0,False,509.0,0.0,193.0,0.0,2.0,7450,G,1205,P
7452_01,Europa,True,TRAPPIST-1e,48.0,False,0.0,0.0,0.0,0.0,0.0,7452,B,281,S
7452_02,Europa,False,55 Cancri e,26.0,False,286.0,3387.0,575.0,213.0,548.0,7452,B,281,S
7452_03,Europa,True,55 Cancri e,36.0,False,0.0,0.0,0.0,,0.0,7452,B,281,S
7453_01,Europa,True,55 Cancri e,27.0,False,0.0,0.0,0.0,0.0,0.0,7453,C,275,S
7455_01,Europa,False,55 Cancri e,41.0,False,0.0,1616.0,0.0,758.0,400.0,7455,A,80,P
7456_01,Earth,True,TRAPPIST-1e,21.0,False,0.0,0.0,0.0,0.0,0.0,7456,G,1210,S
7457_01,Mars,False,TRAPPIST-1e,71.0,False,1243.0,0.0,5.0,16.0,34.0,7457,E,496,S
7458_01,Earth,True,TRAPPIST-1e,64.0,False,0.0,0.0,0.0,0.0,0.0,7458,G,1211,S
7459_01,Europa,False,TRAPPIST-1e,33.0,False,0.0,397.0,0.0,1249.0,845.0,7459,B,282,S
7460_01,Earth,False,55 Cancri e,24.0,False,786.0,0.0,0.0,309.0,0.0,7460,F,1543,P
7461_01,Europa,True,TRAPPIST-1e,35.0,False,0.0,0.0,0.0,0.0,0.0,7461,D,223,S
7462_01,Earth,True,PSO J318.5-22,13.0,False,0.0,0.0,0.0,0.0,0.0,7462,G,1206,P
7464_01,Earth,True,TRAPPIST-1e,11.0,False,0.0,0.0,0.0,0.0,0.0,7464,G,1207,P
7472_01,Mars,True,TRAPPIST-1e,,False,0.0,0.0,0.0,0.0,,7472,F,1426,S
7475_01,Mars,True,TRAPPIST-1e,43.0,False,0.0,0.0,0.0,0.0,0.0,7475,F,1545,P
7475_02,Mars,True,TRAPPIST-1e,36.0,False,0.0,0.0,0.0,0.0,0.0,7475,F,1545,P
7477_01,Earth,False,PSO J318.5-22,22.0,False,27.0,0.0,0.0,663.0,0.0,7477,F,1546,P
7478_01,Europa,False,,56.0,False,0.0,5711.0,0.0,0.0,50.0,7478,C,276,S
7479_01,Mars,True,TRAPPIST-1e,34.0,False,0.0,0.0,0.0,0.0,0.0,7479,F,1429,S
7481_01,Earth,False,TRAPPIST-1e,46.0,False,0.0,0.0,1.0,0.0,1778.0,7481,G,1215,S
7483_01,Mars,False,PSO J318.5-22,43.0,False,244.0,0.0,358.0,160.0,800.0,7483,E,485,P
7484_01,Earth,False,55 Cancri e,25.0,False,0.0,1435.0,0.0,0.0,0.0,7484,G,1209,P
7485_01,Europa,False,TRAPPIST-1e,26.0,False,36.0,2285.0,0.0,2287.0,159.0,7485,G,734,S
7486_01,Earth,False,55 Cancri e,14.0,False,0.0,184.0,16.0,1234.0,0.0,7486,G,1210,P
7487_01,Earth,False,TRAPPIST-1e,63.0,False,174.0,282.0,321.0,8.0,0.0,7487,G,1216,S
7488_01,Mars,False,TRAPPIST-1e,29.0,False,558.0,0.0,386.0,355.0,0.0,7488,E,486,P
7488_02,Mars,True,PSO J318.5-22,45.0,,0.0,0.0,0.0,0.0,0.0,7488,E,486,P
7490_01,Earth,True,TRAPPIST-1e,15.0,False,0.0,0.0,0.0,,0.0,7490,G,1217,S
7492_01,Mars,False,TRAPPIST-1e,19.0,False,193.0,0.0,2956.0,0.0,0.0,7492,D,224,S
7494_01,Earth,False,TRAPPIST-1e,53.0,False,2.0,794.0,425.0,0.0,397.0,7494,E,487,P
7495_01,Mars,False,TRAPPIST-1e,45.0,False,2.0,36.0,1110.0,9.0,0.0,7495,F,1431,S
7496_01,Europa,False,55 Cancri e,41.0,False,0.0,2383.0,0.0,2.0,97.0,7496,C,278,S
7498_01,Mars,False,TRAPPIST-1e,68.0,True,523.0,0.0,859.0,201.0,782.0,7498,F,1550,P
7498_02,Mars,True,TRAPPIST-1e,5.0,False,0.0,0.0,0.0,0.0,0.0,7498,F,1550,P
7498_03,Mars,False,TRAPPIST-1e,27.0,True,30.0,0.0,910.0,0.0,0.0,7498,F,1550,P
7499_01,Earth,False,55 Cancri e,20.0,False,30.0,132.0,1121.0,0.0,0.0,7499,F,1551,P
7500_01,,False,TRAPPIST-1e,54.0,True,1770.0,7.0,228.0,0.0,0.0,7500,F,1432,S
7501_01,Earth,False,TRAPPIST-1e,18.0,False,0.0,0.0,0.0,484.0,320.0,7501,F,1433,S
7502_01,Europa,False,55 Cancri e,45.0,False,66.0,5974.0,0.0,0.0,625.0,7502,C,241,P
7503_01,Europa,True,TRAPPIST-1e,26.0,False,,0.0,0.0,0.0,0.0,7503,B,283,S
7503_02,Europa,False,TRAPPIST-1e,37.0,False,1577.0,11396.0,0.0,1014.0,560.0,7503,B,283,S
7504_01,Earth,False,TRAPPIST-1e,30.0,False,0.0,2.0,0.0,690.0,86.0,7504,F,1552,P
7505_01,Mars,False,TRAPPIST-1e,51.0,True,511.0,0.0,291.0,4212.0,0.0,7505,F,1553,P
7505_02,Mars,True,TRAPPIST-1e,3.0,False,0.0,0.0,0.0,0.0,0.0,7505,F,1553,P
7505_03,Mars,True,TRAPPIST-1e,3.0,False,0.0,0.0,0.0,0.0,0.0,7505,F,1553,P
7506_01,Earth,False,TRAPPIST-1e,19.0,False,2110.0,0.0,0.0,0.0,1.0,7506,F,1554,P
7507_01,Earth,False,TRAPPIST-1e,19.0,False,0.0,789.0,0.0,0.0,0.0,7507,E,499,S
7507_02,Earth,False,TRAPPIST-1e,6.0,False,0.0,0.0,0.0,0.0,0.0,7507,E,499,S
7507_03,Earth,False,55 Cancri e,4.0,False,0.0,0.0,0.0,0.0,0.0,7507,E,499,S
7508_01,Europa,False,TRAPPIST-1e,23.0,False,3580.0,564.0,103.0,,90.0,7508,B,284,S
7509_01,Earth,False,TRAPPIST-1e,37.0,False,1442.0,4.0,0.0,3.0,0.0,7509,F,1434,S
7510_01,Mars,False,55 Cancri e,18.0,False,1092.0,0.0,208.0,150.0,0.0,7510,F,1435,S
7512_01,Earth,,PSO J318.5-22,29.0,False,5.0,598.0,,0.0,0.0,7512,F,1436,S
7513_01,Earth,,TRAPPIST-1e,25.0,False,0.0,779.0,0.0,2.0,6.0,7513,E,488,P
7514_01,Earth,False,TRAPPIST-1e,52.0,False,0.0,0.0,47.0,2059.0,0.0,7514,F,1555,P
7515_01,Mars,True,TRAPPIST-1e,24.0,False,0.0,0.0,0.0,0.0,,7515,F,1437,S
7515_02,Mars,False,TRAPPIST-1e,0.0,False,0.0,0.0,,0.0,0.0,7515,F,1437,S
7517_01,Earth,False,PSO J318.5-22,25.0,False,15.0,3.0,0.0,635.0,0.0,7517,F,1557,P
7518_01,Europa,True,TRAPPIST-1e,26.0,False,0.0,0.0,0.0,0.0,0.0,7518,B,246,P
7518_02,Europa,False,PSO J318.5-22,32.0,True,2502.0,700.0,1104.0,13902.0,484.0,7518,B,246,P
7520_01,Earth,False,TRAPPIST-1e,58.0,False,1366.0,257.0,0.0,0.0,311.0,7520,F,1559,P
7521_01,Earth,False,TRAPPIST-1e,44.0,False,657.0,0.0,103.0,0.0,394.0,7521,F,1560,P
7522_01,Earth,False,TRAPPIST-1e,41.0,False,0.0,0.0,0.0,0.0,908.0,7522,G,1214,P
7523_01,Earth,False,TRAPPIST-1e,24.0,False,0.0,0.0,643.0,167.0,0.0,7523,G,1219,S
7524_01,Earth,True,TRAPPIST-1e,41.0,False,0.0,0.0,0.0,0.0,0.0,7524,G,1215,P
7524_02,Earth,True,PSO J318.5-22,23.0,False,0.0,0.0,0.0,0.0,0.0,7524,G,1215,P
7525_01,Europa,False,TRAPPIST-1e,27.0,False,390.0,1377.0,0.0,2809.0,4914.0,7525,C,279,S
7525_02,Europa,True,55 Cancri e,61.0,False,0.0,0.0,0.0,0.0,0.0,7525,C,279,S
7527_01,Earth,False,TRAPPIST-1e,18.0,False,0.0,732.0,2.0,13.0,47.0,7527,F,1561,P
7529_01,Earth,True,TRAPPIST-1e,18.0,False,0.0,0.0,0.0,0.0,0.0,7529,G,1221,S
7531_01,Europa,True,TRAPPIST-1e,,False,0.0,0.0,0.0,0.0,0.0,7531,B,286,S
7531_02,Europa,True,55 Cancri e,15.0,False,0.0,0.0,0.0,0.0,0.0,7531,B,286,S
7533_01,Earth,False,55 Cancri e,12.0,False,0.0,0.0,0.0,0.0,0.0,7533,G,1223,S
7534_01,Earth,False,PSO J318.5-22,40.0,False,420.0,0.0,345.0,1.0,0.0,7534,F,1439,S
7535_01,Earth,False,TRAPPIST-1e,19.0,False,122.0,2.0,0.0,480.0,565.0,7535,F,1562,P
7536_01,Mars,True,TRAPPIST-1e,18.0,False,0.0,0.0,0.0,0.0,0.0,7536,F,1440,S
7538_01,Europa,False,TRAPPIST-1e,48.0,True,313.0,2864.0,0.0,0.0,12424.0,7538,A,81,P
7538_02,Europa,False,55 Cancri e,37.0,False,18.0,2669.0,0.0,1229.0,,7538,A,81,P
7542_01,Earth,False,TRAPPIST-1e,35.0,False,4.0,53.0,0.0,0.0,844.0,7542,F,1442,S
7543_01,Earth,False,TRAPPIST-1e,29.0,False,0.0,0.0,702.0,0.0,56.0,7543,F,1564,P
7544_01,Earth,False,TRAPPIST-1e,54.0,False,118.0,0.0,0.0,669.0,0.0,7544,E,501,S
7545_01,Earth,True,TRAPPIST-1e,,False,0.0,0.0,0.0,0.0,0.0,7545,G,1225,S
7549_01,Earth,False,TRAPPIST-1e,22.0,False,0.0,19.0,1468.0,2.0,119.0,7549,E,489,P
7550_01,Earth,True,PSO J318.5-22,18.0,False,0.0,0.0,0.0,0.0,0.0,7550,G,1216,P
7552_01,Earth,False,TRAPPIST-1e,26.0,False,0.0,652.0,97.0,43.0,0.0,7552,E,490,P
7553_01,Earth,False,PSO J318.5-22,19.0,False,10.0,24.0,0.0,0.0,565.0,7553,F,1444,S
7559_01,Earth,False,TRAPPIST-1e,22.0,False,0.0,0.0,441.0,0.0,423.0,7559,F,1569,P
7560_01,Europa,,TRAPPIST-1e,17.0,False,0.0,0.0,0.0,0.0,0.0,7560,C,244,P
7561_01,Earth,False,TRAPPIST-1e,18.0,False,388.0,182.0,0.0,66.0,140.0,7561,F,1445,S
7563_01,Mars,True,55 Cancri e,39.0,False,0.0,0.0,0.0,0.0,0.0,7563,F,1570,P
7565_01,Europa,False,TRAPPIST-1e,37.0,False,2.0,7272.0,0.0,50.0,1282.0,7565,B,247,P
7565_02,Europa,True,55 Cancri e,17.0,False,0.0,0.0,,0.0,0.0,7565,B,247,P
7565_03,Europa,False,55 Cancri e,25.0,False,0.0,772.0,0.0,125.0,5913.0,7565,B,247,P
7565_04,Europa,False,TRAPPIST-1e,9.0,False,0.0,0.0,0.0,0.0,0.0,7565,B,247,P
7567_01,Earth,True,55 Cancri e,15.0,False,0.0,0.0,0.0,0.0,0.0,7567,G,1227,S
7568_01,Earth,False,TRAPPIST-1e,19.0,False,380.0,0.0,416.0,0.0,8.0,7568,F,1571,P
7569_01,Mars,False,TRAPPIST-1e,18.0,False,3591.0,0.0,158.0,0.0,120.0,7569,E,493,P
7569_02,Mars,False,TRAPPIST-1e,50.0,True,828.0,0.0,572.0,1367.0,0.0,7569,D,237,P
7572_01,Earth,True,TRAPPIST-1e,14.0,False,0.0,0.0,0.0,0.0,0.0,7572,G,1228,S
7573_01,Earth,True,PSO J318.5-22,19.0,False,0.0,0.0,0.0,0.0,0.0,7573,G,1217,P
7574_01,Europa,True,55 Cancri e,33.0,False,0.0,0.0,0.0,0.0,0.0,7574,B,287,S
7576_01,Europa,False,TRAPPIST-1e,23.0,False,30.0,2237.0,1.0,49.0,52.0,7576,D,239,P
7576_02,Europa,False,TRAPPIST-1e,39.0,False,2.0,530.0,0.0,,1360.0,7576,D,239,P
7577_01,Earth,False,PSO J318.5-22,14.0,False,80.0,130.0,0.0,1323.0,0.0,7577,E,502,S
7578_01,Earth,False,55 Cancri e,14.0,False,653.0,0.0,4.0,0.0,0.0,7578,F,1572,P
7579_01,Earth,False,PSO J318.5-22,45.0,False,1.0,7.0,56.0,613.0,0.0,7579,G,1229,S
7580_01,Earth,True,TRAPPIST-1e,22.0,False,0.0,0.0,0.0,0.0,0.0,7580,G,1230,S
7583_01,Mars,False,TRAPPIST-1e,36.0,False,32.0,355.0,1826.0,9.0,0.0,7583,F,1574,P
7584_01,Europa,,,19.0,False,0.0,0.0,0.0,0.0,0.0,7584,B,288,S
7584_02,Europa,True,TRAPPIST-1e,59.0,False,0.0,0.0,0.0,0.0,0.0,7584,B,288,S
7584_03,,False,TRAPPIST-1e,31.0,False,0.0,1000.0,0.0,19.0,1776.0,7584,B,288,S
7585_01,Europa,True,55 Cancri e,31.0,False,0.0,0.0,0.0,0.0,0.0,7585,C,281,S
7585_02,Europa,False,TRAPPIST-1e,39.0,,8209.0,18.0,432.0,3560.0,54.0,7585,C,281,S
7585_03,Europa,False,TRAPPIST-1e,28.0,False,0.0,2674.0,1309.0,18.0,11.0,7585,C,281,S
7585_04,Europa,True,TRAPPIST-1e,19.0,False,0.0,0.0,0.0,0.0,0.0,7585,C,281,S
7586_01,Europa,False,TRAPPIST-1e,29.0,False,220.0,1130.0,0.0,7.0,951.0,7586,C,245,P
7588_01,Earth,True,55 Cancri e,0.0,False,0.0,0.0,0.0,0.0,0.0,7588,G,1219,P
7588_02,Earth,False,55 Cancri e,15.0,False,0.0,714.0,0.0,0.0,0.0,7588,G,1219,P
7592_01,Earth,False,TRAPPIST-1e,18.0,False,0.0,0.0,0.0,1586.0,0.0,7592,F,1450,S
7594_01,Europa,True,55 Cancri e,49.0,False,0.0,0.0,0.0,0.0,0.0,7594,C,282,S
7595_01,Earth,False,TRAPPIST-1e,36.0,False,0.0,7.0,661.0,0.0,93.0,7595,F,1451,S
7596_01,Europa,True,55 Cancri e,40.0,False,0.0,0.0,0.0,0.0,0.0,7596,C,283,S
7596_02,Europa,True,TRAPPIST-1e,56.0,False,0.0,0.0,0.0,0.0,0.0,7596,C,283,S
7598_01,Earth,True,PSO J318.5-22,67.0,False,0.0,0.0,0.0,0.0,0.0,7598,G,1231,S
7599_01,Earth,False,TRAPPIST-1e,44.0,False,0.0,204.0,135.0,225.0,223.0,7599,E,495,P
7601_01,Earth,False,TRAPPIST-1e,17.0,False,214.0,552.0,0.0,241.0,0.0,7601,G,1232,S
7604_01,Mars,True,TRAPPIST-1e,27.0,False,0.0,0.0,0.0,0.0,0.0,7604,F,1579,P
7604_02,Mars,,TRAPPIST-1e,23.0,False,463.0,0.0,658.0,0.0,0.0,7604,F,1579,P
7605_01,Mars,False,55 Cancri e,28.0,False,2484.0,136.0,42.0,0.0,0.0,7605,F,1452,S
7606_01,Mars,True,TRAPPIST-1e,54.0,False,0.0,0.0,0.0,0.0,0.0,7606,F,1453,S
7608_01,Mars,True,TRAPPIST-1e,26.0,False,0.0,0.0,0.0,0.0,0.0,7608,F,1454,S
7609_01,Europa,False,55 Cancri e,40.0,True,0.0,21.0,0.0,1503.0,1392.0,7609,A,83,P
7609_02,Europa,True,TRAPPIST-1e,39.0,False,0.0,0.0,0.0,0.0,0.0,7609,A,83,P
7614_01,Europa,True,55 Cancri e,40.0,False,0.0,0.0,0.0,0.0,0.0,7614,C,246,P
7616_01,Earth,False,PSO J318.5-22,20.0,False,11.0,725.0,0.0,0.0,0.0,7616,F,1457,S
7618_01,Earth,False,TRAPPIST-1e,18.0,False,761.0,21.0,27.0,0.0,0.0,7618,G,1235,S
7620_01,Mars,False,,17.0,False,3651.0,0.0,2228.0,38.0,0.0,7620,F,1583,P
7621_01,Europa,True,55 Cancri e,35.0,False,0.0,0.0,0.0,0.0,0.0,7621,B,250,P
7622_01,Earth,False,TRAPPIST-1e,31.0,False,0.0,0.0,185.0,584.0,0.0,7622,G,1237,S
7623_01,Earth,False,TRAPPIST-1e,40.0,False,0.0,0.0,84.0,798.0,0.0,7623,G,1223,P
7624_01,Europa,True,PSO J318.5-22,50.0,False,0.0,0.0,0.0,0.0,0.0,7624,C,284,S
7625_01,Earth,False,TRAPPIST-1e,21.0,False,0.0,0.0,114.0,2.0,683.0,7625,F,1458,S
7626_01,Earth,False,TRAPPIST-1e,29.0,False,767.0,16.0,9.0,0.0,0.0,7626,E,496,P
7627_01,Europa,False,55 Cancri e,63.0,False,0.0,5036.0,4.0,519.0,0.0,7627,A,92,S
7628_01,Mars,False,TRAPPIST-1e,19.0,False,37.0,0.0,1288.0,0.0,0.0,7628,F,1584,P
7628_02,Mars,False,TRAPPIST-1e,36.0,False,1103.0,3.0,0.0,0.0,659.0,7628,D,240,P
7630_01,Earth,False,55 Cancri e,48.0,False,0.0,172.0,115.0,1.0,645.0,7630,F,1585,P
7631_01,Europa,False,TRAPPIST-1e,33.0,False,81.0,1125.0,481.0,505.0,1261.0,7631,E,497,P
7632_01,Mars,False,TRAPPIST-1e,28.0,False,2703.0,0.0,4.0,1.0,0.0,7632,D,226,S
7633_01,,False,TRAPPIST-1e,39.0,False,0.0,0.0,0.0,847.0,1.0,7633,G,1224,P
7634_01,Earth,True,,27.0,False,0.0,0.0,0.0,0.0,0.0,7634,G,1239,S
7635_01,Europa,True,55 Cancri e,58.0,False,0.0,0.0,0.0,0.0,0.0,7635,B,289,S
7639_01,Europa,True,55 Cancri e,44.0,False,0.0,0.0,0.0,,0.0,7639,B,290,S
7640_01,Earth,True,TRAPPIST-1e,23.0,False,0.0,0.0,0.0,0.0,0.0,7640,G,1226,P
7641_01,Earth,False,55 Cancri e,21.0,False,618.0,33.0,1.0,2.0,0.0,7641,F,1586,P
7643_01,Europa,False,55 Cancri e,53.0,False,8.0,1489.0,0.0,2723.0,7401.0,7643,C,247,P
7643_02,Europa,True,TRAPPIST-1e,14.0,False,0.0,0.0,0.0,0.0,0.0,7643,C,247,P
7644_01,Earth,True,PSO J318.5-22,17.0,False,0.0,0.0,0.0,0.0,0.0,7644,G,1227,P
7646_01,Europa,False,55 Cancri e,25.0,False,0.0,16016.0,1025.0,189.0,1037.0,7646,C,285,S
7646_02,Europa,False,55 Cancri e,44.0,True,3010.0,26.0,0.0,62.0,904.0,7646,C,285,S
7646_03,Europa,False,55 Cancri e,24.0,False,145.0,4224.0,0.0,5.0,61.0,7646,C,285,S
7647_01,Earth,False,TRAPPIST-1e,24.0,False,0.0,7.0,127.0,639.0,37.0,7647,G,1240,S
7649_01,Earth,True,TRAPPIST-1e,24.0,False,0.0,0.0,0.0,0.0,0.0,7649,G,1241,S
7650_01,Earth,True,TRAPPIST-1e,0.0,False,0.0,0.0,0.0,0.0,0.0,7650,G,1242,S
7650_02,Earth,True,55 Cancri e,7.0,False,0.0,0.0,0.0,0.0,0.0,7650,G,1242,S
7650_03,Earth,True,PSO J318.5-22,3.0,False,0.0,0.0,0.0,0.0,0.0,7650,G,1242,S
7650_04,Earth,False,TRAPPIST-1e,18.0,False,711.0,12.0,0.0,83.0,0.0,7650,F,1461,S
7650_05,Earth,True,TRAPPIST-1e,4.0,False,0.0,0.0,0.0,0.0,0.0,7650,G,1242,S
7652_01,Europa,True,55 Cancri e,40.0,False,0.0,0.0,0.0,0.0,0.0,7652,B,292,S
7656_01,Earth,True,TRAPPIST-1e,16.0,False,0.0,0.0,0.0,0.0,0.0,7656,G,1244,S
7660_01,Europa,True,55 Cancri e,25.0,False,0.0,0.0,0.0,0.0,0.0,7660,B,294,S
7661_01,Earth,True,TRAPPIST-1e,10.0,False,0.0,0.0,0.0,0.0,0.0,7661,G,1245,S
7665_01,Earth,True,,40.0,False,0.0,0.0,0.0,0.0,0.0,7665,G,1229,P
7666_01,Mars,True,TRAPPIST-1e,19.0,False,0.0,0.0,0.0,0.0,0.0,7666,F,1591,P
7667_01,Europa,True,55 Cancri e,15.0,False,0.0,0.0,0.0,0.0,0.0,7667,B,251,P
7669_01,Earth,False,TRAPPIST-1e,24.0,False,,636.0,136.0,37.0,0.0,7669,G,1230,P
7670_01,Mars,True,TRAPPIST-1e,21.0,False,0.0,0.0,0.0,0.0,0.0,7670,F,1465,S
7671_01,Earth,False,TRAPPIST-1e,29.0,False,0.0,7.0,31.0,700.0,0.0,7671,F,1466,S
7676_01,Mars,False,TRAPPIST-1e,37.0,True,2771.0,0.0,6.0,1.0,10.0,7676,D,227,S
7677_01,Earth,True,PSO J318.5-22,49.0,False,0.0,0.0,0.0,0.0,0.0,7677,G,1247,S
7678_01,Earth,False,TRAPPIST-1e,42.0,False,1132.0,0.0,0.0,77.0,608.0,7678,G,1231,P
7678_02,Earth,True,TRAPPIST-1e,54.0,False,0.0,,0.0,0.0,0.0,7678,G,1231,P
7679_01,Earth,True,TRAPPIST-1e,33.0,False,0.0,0.0,0.0,0.0,0.0,7679,G,1232,P
7680_01,Europa,False,TRAPPIST-1e,27.0,False,0.0,6.0,0.0,7786.0,0.0,7680,C,250,P
7682_01,Earth,True,TRAPPIST-1e,53.0,False,0.0,0.0,0.0,0.0,0.0,7682,G,1248,S
7683_01,Earth,False,TRAPPIST-1e,28.0,False,0.0,817.0,58.0,0.0,25.0,7683,F,1467,S
7684_01,Europa,False,TRAPPIST-1e,24.0,False,812.0,5450.0,0.0,1.0,262.0,7684,C,286,S
7687_01,Earth,False,PSO J318.5-22,20.0,False,0.0,0.0,8.0,1.0,1175.0,7687,F,1596,P
7688_01,Earth,False,TRAPPIST-1e,0.0,False,0.0,0.0,0.0,0.0,0.0,7688,G,1233,P
7689_01,Earth,False,,24.0,False,0.0,96.0,0.0,597.0,0.0,7689,F,1597,P
7690_01,Earth,,TRAPPIST-1e,28.0,False,0.0,0.0,0.0,0.0,0.0,7690,G,1234,P
7691_01,Mars,True,TRAPPIST-1e,42.0,False,0.0,0.0,0.0,0.0,0.0,7691,F,1598,P
7692_01,Europa,False,55 Cancri e,32.0,True,0.0,48.0,0.0,3204.0,112.0,7692,C,287,S
7693_01,Europa,False,TRAPPIST-1e,36.0,False,0.0,2979.0,0.0,68.0,347.0,7693,B,252,P
7693_02,Europa,False,TRAPPIST-1e,40.0,False,0.0,0.0,0.0,0.0,0.0,7693,B,252,P
7694_01,Earth,False,TRAPPIST-1e,30.0,False,574.0,0.0,,25.0,2.0,7694,F,1599,P
7696_01,Mars,False,TRAPPIST-1e,34.0,False,751.0,0.0,185.0,0.0,77.0,7696,E,499,P
7696_02,Mars,False,TRAPPIST-1e,37.0,False,1000.0,0.0,80.0,40.0,0.0,7696,F,1601,P
7697_01,Europa,,TRAPPIST-1e,41.0,False,0.0,0.0,0.0,0.0,0.0,7697,B,295,S
7697_02,Europa,True,55 Cancri e,25.0,False,0.0,0.0,0.0,0.0,0.0,7697,B,295,S
7698_01,Mars,False,TRAPPIST-1e,39.0,False,332.0,0.0,728.0,2.0,86.0,7698,F,1602,P
7699_01,Earth,False,55 Cancri e,0.0,False,0.0,0.0,0.0,0.0,0.0,7699,G,1235,P
7700_01,Mars,False,TRAPPIST-1e,54.0,False,1144.0,140.0,2.0,2.0,0.0,7700,F,1603,P
7702_01,Earth,True,TRAPPIST-1e,16.0,False,0.0,0.0,0.0,0.0,0.0,7702,G,1236,P
7703_01,Earth,False,TRAPPIST-1e,0.0,False,0.0,0.0,0.0,0.0,0.0,7703,G,1251,S
7703_02,,True,TRAPPIST-1e,13.0,False,0.0,0.0,,0.0,0.0,7703,G,1251,S
7705_01,Mars,False,TRAPPIST-1e,46.0,False,5888.0,,13.0,12.0,0.0,7705,F,1470,S
7707_01,Earth,False,,23.0,False,40.0,4.0,9.0,318.0,1413.0,7707,G,1237,P
7708_01,Earth,False,TRAPPIST-1e,18.0,False,110.0,103.0,471.0,11.0,1.0,7708,F,1471,S
7709_01,Earth,False,PSO J318.5-22,27.0,False,2647.0,0.0,0.0,42.0,32.0,7709,F,1604,P
7709_02,Earth,True,PSO J318.5-22,24.0,False,0.0,,0.0,0.0,0.0,7709,G,1238,P
7710_01,Europa,False,TRAPPIST-1e,27.0,False,118.0,1769.0,4127.0,118.0,619.0,7710,B,253,P
7711_01,,,TRAPPIST-1e,24.0,False,0.0,82.0,0.0,1624.0,77.0,7711,D,241,P
7712_01,Europa,False,TRAPPIST-1e,25.0,True,1.0,4298.0,0.0,0.0,2.0,7712,A,93,S
7713_01,Europa,True,TRAPPIST-1e,30.0,False,0.0,0.0,0.0,0.0,0.0,7713,B,296,S
7714_01,Earth,False,TRAPPIST-1e,19.0,False,0.0,28.0,62.0,24.0,1686.0,7714,G,1239,P
7715_01,Earth,False,55 Cancri e,18.0,False,1.0,5.0,305.0,347.0,0.0,7715,F,1605,P
7716_01,Europa,True,55 Cancri e,49.0,False,0.0,0.0,0.0,0.0,0.0,7716,E,500,P
7717_01,Earth,False,TRAPPIST-1e,64.0,False,0.0,0.0,0.0,563.0,344.0,7717,G,1240,P
7719_01,Mars,True,TRAPPIST-1e,26.0,False,0.0,0.0,0.0,0.0,0.0,7719,E,506,S
7720_01,Earth,False,55 Cancri e,53.0,False,0.0,0.0,754.0,46.0,0.0,7720,F,1606,P
7721_01,Mars,False,TRAPPIST-1e,27.0,False,83.0,0.0,2621.0,5.0,0.0,7721,D,242,P
7723_01,Europa,True,TRAPPIST-1e,27.0,False,0.0,0.0,0.0,0.0,0.0,7723,B,254,P
7724_01,Mars,False,TRAPPIST-1e,25.0,False,338.0,319.0,32.0,15.0,0.0,7724,F,1472,S
7727_01,Earth,False,55 Cancri e,33.0,False,0.0,0.0,0.0,436.0,224.0,7727,E,507,S
7728_01,Europa,False,TRAPPIST-1e,27.0,False,0.0,9.0,0.0,40.0,7621.0,7728,C,289,S
7729_01,Europa,True,55 Cancri e,20.0,False,0.0,0.0,0.0,0.0,0.0,7729,C,251,P
7731_01,Europa,True,55 Cancri e,39.0,False,0.0,0.0,0.0,0.0,0.0,7731,B,255,P
7736_01,Mars,False,TRAPPIST-1e,27.0,False,1730.0,0.0,379.0,5.0,0.0,7736,E,502,P
7738_01,Mars,True,TRAPPIST-1e,19.0,False,0.0,0.0,0.0,0.0,0.0,7738,F,1476,S
7739_01,Earth,False,TRAPPIST-1e,22.0,False,60.0,48.0,0.0,0.0,500.0,7739,F,1609,P
7741_01,Earth,False,TRAPPIST-1e,3.0,False,0.0,0.0,0.0,0.0,0.0,7741,G,1252,S
7741_02,Earth,False,TRAPPIST-1e,24.0,False,9.0,769.0,9.0,0.0,0.0,7741,E,508,S
7742_01,Mars,True,TRAPPIST-1e,41.0,False,0.0,0.0,0.0,0.0,0.0,7742,F,1477,S
7742_02,Mars,True,TRAPPIST-1e,18.0,False,0.0,0.0,0.0,0.0,0.0,7742,F,1477,S
7743_01,Earth,False,TRAPPIST-1e,63.0,False,0.0,243.0,0.0,777.0,0.0,7743,G,1244,P
7744_01,Europa,False,TRAPPIST-1e,19.0,False,0.0,4534.0,0.0,617.0,1156.0,7744,B,298,S
7744_02,Europa,True,TRAPPIST-1e,39.0,False,0.0,0.0,0.0,0.0,0.0,7744,B,298,S
7746_01,Europa,True,55 Cancri e,,False,0.0,0.0,0.0,0.0,0.0,7746,G,734,S
7747_01,Mars,False,TRAPPIST-1e,41.0,False,688.0,31.0,1880.0,0.0,,7747,F,1611,P
7748_01,Europa,False,TRAPPIST-1e,44.0,False,18.0,1451.0,0.0,279.0,64.0,7748,A,94,S
7748_02,Europa,False,TRAPPIST-1e,39.0,True,0.0,395.0,0.0,1012.0,1080.0,7748,A,94,S
7749_01,Mars,True,55 Cancri e,29.0,False,0.0,0.0,0.0,0.0,0.0,7749,D,244,P
7749_02,Mars,False,TRAPPIST-1e,37.0,False,416.0,56.0,1912.0,0.0,0.0,7749,D,244,P
7751_01,Europa,True,55 Cancri e,41.0,False,0.0,0.0,0.0,0.0,0.0,7751,C,252,P
7752_01,Earth,False,PSO J318.5-22,18.0,False,0.0,0.0,0.0,746.0,1.0,7752,F,1480,S
7753_01,Earth,True,55 Cancri e,,False,0.0,0.0,0.0,0.0,0.0,7753,G,1245,P
7754_01,Europa,False,55 Cancri e,55.0,False,1.0,2670.0,34.0,542.0,1339.0,7754,B,299,S
7755_01,Earth,True,TRAPPIST-1e,21.0,False,0.0,0.0,0.0,0.0,0.0,7755,E,503,P
7757_01,Europa,True,TRAPPIST-1e,28.0,False,0.0,0.0,0.0,0.0,0.0,7757,B,300,S
7757_02,Europa,False,TRAPPIST-1e,43.0,False,0.0,8948.0,0.0,153.0,872.0,7757,B,300,S
7760_01,Earth,False,PSO J318.5-22,32.0,False,0.0,494.0,0.0,0.0,213.0,7760,G,1253,S
7761_01,Earth,False,TRAPPIST-1e,23.0,False,1.0,0.0,0.0,237.0,553.0,7761,F,1612,P
7761_02,Earth,True,55 Cancri e,5.0,False,0.0,0.0,0.0,0.0,0.0,7761,G,1246,P
7763_01,Earth,False,55 Cancri e,14.0,,325.0,0.0,19.0,506.0,2.0,7763,G,1254,S
7764_01,Earth,False,TRAPPIST-1e,24.0,False,1405.0,0.0,14.0,2.0,163.0,7764,F,1613,P
7767_01,Earth,True,PSO J318.5-22,22.0,False,0.0,0.0,0.0,0.0,0.0,7767,G,1257,S
7768_01,Earth,False,TRAPPIST-1e,14.0,False,0.0,268.0,239.0,127.0,0.0,7768,F,1484,S
7769_01,Earth,False,TRAPPIST-1e,20.0,False,98.0,499.0,0.0,142.0,52.0,7769,E,504,P
7770_01,Earth,False,TRAPPIST-1e,17.0,False,527.0,124.0,37.0,290.0,30.0,7770,G,1258,S
7770_02,Earth,False,55 Cancri e,20.0,False,748.0,0.0,0.0,0.0,487.0,7770,F,1485,S
7771_01,Earth,False,TRAPPIST-1e,22.0,False,0.0,,692.0,18.0,0.0,7771,G,1259,S
7773_01,Earth,True,TRAPPIST-1e,15.0,False,0.0,0.0,0.0,0.0,0.0,7773,G,1248,P
7774_01,Mars,False,55 Cancri e,67.0,False,1146.0,16.0,39.0,0.0,518.0,7774,D,245,P
7775_01,Europa,False,55 Cancri e,28.0,False,7.0,489.0,0.0,4.0,6027.0,7775,C,253,P
7776_01,Europa,False,,57.0,False,0.0,412.0,0.0,5491.0,234.0,7776,D,246,P
7777_01,Earth,True,PSO J318.5-22,21.0,False,0.0,0.0,0.0,0.0,0.0,7777,G,1249,P
7778_01,Mars,False,TRAPPIST-1e,34.0,False,1199.0,33.0,346.0,0.0,0.0,7778,F,1486,S
7778_02,Mars,True,TRAPPIST-1e,17.0,False,0.0,0.0,0.0,0.0,0.0,7778,E,510,S
7780_01,Earth,False,55 Cancri e,33.0,False,0.0,53.0,615.0,9.0,0.0,7780,F,1614,P
7782_01,Europa,False,55 Cancri e,33.0,False,0.0,73.0,31.0,8493.0,9065.0,7782,C,291,S
7782_02,Europa,False,TRAPPIST-1e,28.0,False,0.0,180.0,0.0,778.0,4973.0,7782,C,291,S
7783_01,Mars,True,TRAPPIST-1e,18.0,False,0.0,0.0,0.0,0.0,0.0,7783,F,1487,S
7784_01,Mars,True,TRAPPIST-1e,28.0,False,0.0,0.0,0.0,0.0,0.0,7784,F,1615,P
7785_01,Earth,False,TRAPPIST-1e,13.0,False,406.0,0.0,52.0,0.0,387.0,7785,G,1261,S
7786_01,Earth,False,TRAPPIST-1e,38.0,False,0.0,0.0,0.0,45.0,3372.0,7786,F,1616,P
7787_01,Europa,False,55 Cancri e,39.0,False,258.0,1541.0,0.0,,621.0,7787,B,301,S
7787_02,Europa,True,TRAPPIST-1e,18.0,False,0.0,0.0,0.0,0.0,0.0,7787,G,734,S
7788_01,Earth,False,PSO J318.5-22,43.0,False,0.0,0.0,110.0,538.0,0.0,7788,F,1488,S
7789_01,Earth,False,TRAPPIST-1e,32.0,False,,368.0,0.0,304.0,741.0,7789,F,1489,S
7790_01,,True,TRAPPIST-1e,29.0,False,0.0,0.0,0.0,0.0,0.0,7790,F,1490,S
7790_02,Mars,False,55 Cancri e,45.0,False,810.0,0.0,132.0,198.0,0.0,7790,F,1490,S
7790_03,Mars,True,TRAPPIST-1e,25.0,False,0.0,0.0,0.0,0.0,0.0,7790,F,1490,S
7791_01,Earth,False,55 Cancri e,64.0,False,19.0,261.0,208.0,0.0,214.0,7791,F,1491,S
7793_01,,False,TRAPPIST-1e,18.0,False,0.0,0.0,0.0,0.0,2141.0,7793,F,1617,P
7797_01,Earth,False,TRAPPIST-1e,44.0,False,358.0,303.0,0.0,0.0,131.0,7797,E,506,P
7800_01,Earth,True,TRAPPIST-1e,15.0,False,0.0,0.0,,0.0,0.0,7800,G,1251,P
7801_01,,False,55 Cancri e,21.0,False,1720.0,2337.0,0.0,1.0,335.0,7801,G,734,S
7802_01,Mars,False,TRAPPIST-1e,33.0,False,166.0,634.0,419.0,201.0,1178.0,7802,F,1620,P
7803_01,Earth,False,55 Cancri e,3.0,False,0.0,0.0,0.0,0.0,0.0,7803,G,1253,P
7803_02,Earth,True,55 Cancri e,19.0,False,0.0,0.0,0.0,0.0,0.0,7803,G,1253,P
7805_01,Earth,False,TRAPPIST-1e,37.0,False,0.0,0.0,0.0,0.0,0.0,7805,G,1254,P
7806_01,Earth,False,55 Cancri e,24.0,False,0.0,688.0,0.0,0.0,1.0,7806,F,1621,P
7808_01,Earth,False,TRAPPIST-1e,26.0,False,0.0,79.0,53.0,,0.0,7808,G,1256,P
7809_01,Mars,True,TRAPPIST-1e,26.0,False,0.0,0.0,,0.0,0.0,7809,F,1493,S
7809_02,Mars,True,TRAPPIST-1e,26.0,False,0.0,0.0,0.0,0.0,,7809,F,1493,S
7810_01,Earth,False,TRAPPIST-1e,22.0,,769.0,0.0,0.0,1.0,729.0,7810,F,1494,S
7812_01,Mars,False,TRAPPIST-1e,26.0,False,1333.0,0.0,50.0,0.0,0.0,7812,F,1495,S
7813_01,Earth,False,TRAPPIST-1e,27.0,False,0.0,55.0,0.0,740.0,85.0,7813,F,1622,P
7815_01,Earth,False,PSO J318.5-22,27.0,False,0.0,605.0,0.0,0.0,0.0,7815,F,1496,S
7816_01,Earth,,PSO J318.5-22,37.0,False,0.0,925.0,0.0,0.0,0.0,7816,F,1497,S
7818_01,Earth,True,TRAPPIST-1e,22.0,False,0.0,0.0,0.0,0.0,0.0,7818,G,1257,P
7820_01,Earth,False,55 Cancri e,24.0,False,0.0,0.0,809.0,0.0,0.0,7820,G,1258,P
7821_01,,False,TRAPPIST-1e,23.0,False,535.0,3.0,17.0,0.0,214.0,7821,G,1264,S
7824_01,Earth,False,PSO J318.5-22,18.0,False,0.0,76.0,0.0,993.0,6.0,7824,F,1624,P
7828_01,Earth,True,TRAPPIST-1e,28.0,False,0.0,0.0,0.0,0.0,0.0,7828,G,1266,S
7829_01,Earth,True,TRAPPIST-1e,4.0,False,0.0,0.0,0.0,0.0,0.0,7829,G,1267,S
7830_01,Earth,True,PSO J318.5-22,23.0,False,0.0,0.0,0.0,0.0,0.0,7830,G,1268,S
7830_02,Earth,True,PSO J318.5-22,2.0,False,0.0,0.0,0.0,0.0,0.0,7830,G,1268,S
7830_03,Earth,False,TRAPPIST-1e,46.0,False,0.0,,0.0,17.0,655.0,7830,G,1268,S
7830_04,,False,TRAPPIST-1e,0.0,False,0.0,0.0,0.0,0.0,0.0,7830,G,1268,S
7831_01,Mars,False,TRAPPIST-1e,16.0,False,1095.0,0.0,54.0,0.0,0.0,7831,F,1626,P
7832_01,Mars,False,TRAPPIST-1e,19.0,False,1823.0,36.0,81.0,0.0,0.0,7832,D,228,S
7833_01,Europa,False,55 Cancri e,34.0,False,0.0,3424.0,6.0,2445.0,1128.0,7833,B,305,S
7833_02,Europa,False,TRAPPIST-1e,34.0,False,11.0,3299.0,0.0,1013.0,15.0,7833,B,305,S
7834_01,Earth,False,TRAPPIST-1e,24.0,False,482.0,967.0,349.0,19.0,0.0,7834,G,1269,S
7835_01,Earth,True,PSO J318.5-22,28.0,False,0.0,0.0,0.0,0.0,0.0,7835,G,1270,S
7837_01,Europa,True,55 Cancri e,44.0,False,0.0,0.0,0.0,0.0,0.0,7837,B,306,S
7837_02,Europa,True,TRAPPIST-1e,35.0,False,0.0,0.0,0.0,0.0,0.0,7837,B,306,S
7839_01,Earth,False,TRAPPIST-1e,20.0,False,0.0,0.0,0.0,0.0,0.0,7839,G,1259,P
7840_01,Earth,False,PSO J318.5-22,18.0,False,328.0,0.0,0.0,24.0,309.0,7840,F,1500,S
7841_01,Earth,False,PSO J318.5-22,43.0,False,6.0,25.0,0.0,5250.0,0.0,7841,G,1260,P
7841_02,Earth,False,PSO J318.5-22,48.0,False,0.0,0.0,501.0,242.0,0.0,7841,F,1627,P
7842_01,Mars,False,TRAPPIST-1e,46.0,False,52.0,0.0,1185.0,61.0,0.0,7842,E,513,S
7843_01,Mars,True,TRAPPIST-1e,75.0,False,0.0,0.0,0.0,0.0,0.0,7843,G,734,S
7845_01,Europa,True,55 Cancri e,24.0,False,0.0,0.0,0.0,0.0,0.0,7845,B,307,S
7847_01,Earth,False,TRAPPIST-1e,34.0,False,0.0,9.0,617.0,0.0,281.0,7847,G,1261,P
7848_01,Mars,,TRAPPIST-1e,29.0,False,1052.0,0.0,635.0,0.0,0.0,7848,G,734,S
7848_02,Mars,True,TRAPPIST-1e,46.0,False,0.0,0.0,0.0,0.0,0.0,7848,F,1501,S
7849_01,Earth,False,TRAPPIST-1e,22.0,False,558.0,63.0,0.0,0.0,0.0,7849,G,1271,S
7850_01,Mars,True,TRAPPIST-1e,42.0,False,0.0,0.0,0.0,0.0,0.0,7850,E,514,S
7851_01,Mars,True,TRAPPIST-1e,46.0,False,0.0,0.0,0.0,0.0,0.0,7851,F,1629,P
7852_01,Earth,False,TRAPPIST-1e,15.0,False,0.0,6.0,0.0,981.0,0.0,7852,E,508,P
7853_01,,False,TRAPPIST-1e,42.0,False,1227.0,773.0,14.0,0.0,0.0,7853,F,1502,S
7853_02,Mars,False,TRAPPIST-1e,31.0,False,166.0,0.0,297.0,835.0,0.0,7853,E,515,S
7853_03,Mars,True,TRAPPIST-1e,9.0,False,0.0,0.0,0.0,0.0,0.0,7853,F,1502,S
7856_01,Earth,False,TRAPPIST-1e,34.0,,0.0,0.0,0.0,156.0,620.0,7856,F,1503,S
7858_01,Earth,False,TRAPPIST-1e,21.0,False,9.0,0.0,0.0,25.0,811.0,7858,G,1264,P
7858_02,Earth,False,55 Cancri e,16.0,False,0.0,11.0,0.0,863.0,0.0,7858,F,1630,P
7858_03,Earth,False,TRAPPIST-1e,40.0,False,634.0,60.0,134.0,0.0,0.0,7858,F,1630,P
7859_01,,False,TRAPPIST-1e,23.0,False,550.0,0.0,738.0,0.0,0.0,7859,F,1504,S
7861_01,Earth,True,TRAPPIST-1e,6.0,,0.0,0.0,0.0,0.0,0.0,7861,G,1265,P
7863_01,Earth,False,TRAPPIST-1e,17.0,False,99.0,516.0,1967.0,0.0,6.0,7863,F,1505,S
7864_01,Earth,False,55 Cancri e,37.0,False,19.0,443.0,1769.0,0.0,3.0,7864,F,1506,S
7865_01,Europa,True,PSO J318.5-22,30.0,False,0.0,0.0,0.0,0.0,0.0,7865,C,293,S
7865_02,Europa,True,TRAPPIST-1e,32.0,False,0.0,0.0,0.0,0.0,0.0,7865,C,293,S
7865_03,Europa,True,55 Cancri e,41.0,False,0.0,0.0,0.0,0.0,0.0,7865,C,293,S
7866_01,Europa,False,55 Cancri e,43.0,False,0.0,16856.0,0.0,4344.0,977.0,7866,C,255,P
7868_01,Earth,False,55 Cancri e,17.0,False,6256.0,0.0,0.0,1.0,21.0,7868,E,517,S
7870_01,Europa,True,TRAPPIST-1e,37.0,False,0.0,0.0,0.0,0.0,0.0,7870,B,257,P
7871_01,Earth,True,TRAPPIST-1e,18.0,False,0.0,0.0,0.0,0.0,0.0,7871,G,734,S
7872_01,Earth,,TRAPPIST-1e,1.0,False,0.0,0.0,0.0,0.0,0.0,7872,G,1267,P
7872_02,Earth,False,TRAPPIST-1e,38.0,False,0.0,0.0,0.0,1714.0,0.0,7872,G,1267,P
7872_03,Earth,False,TRAPPIST-1e,25.0,False,131.0,124.0,408.0,196.0,9.0,7872,F,1633,P
7872_04,Earth,False,TRAPPIST-1e,6.0,False,0.0,0.0,0.0,0.0,0.0,7872,G,1267,P
7872_05,Earth,True,TRAPPIST-1e,1.0,False,0.0,0.0,0.0,0.0,0.0,7872,G,1267,P
7872_06,Earth,False,PSO J318.5-22,7.0,False,0.0,0.0,0.0,0.0,0.0,7872,G,1267,P
7873_01,,False,TRAPPIST-1e,24.0,False,569.0,156.0,0.0,12.0,0.0,7873,F,1634,P
7873_02,Earth,False,TRAPPIST-1e,19.0,False,0.0,721.0,0.0,25.0,1.0,7873,F,1634,P
7875_01,Europa,True,55 Cancri e,26.0,False,0.0,0.0,0.0,0.0,0.0,7875,B,309,S
7877_01,Earth,False,TRAPPIST-1e,49.0,False,0.0,1738.0,0.0,19.0,0.0,7877,G,1268,P
7878_01,Earth,False,TRAPPIST-1e,18.0,False,0.0,0.0,32.0,0.0,673.0,7878,G,1269,P
7879_01,Earth,False,TRAPPIST-1e,25.0,False,0.0,478.0,71.0,11.0,162.0,7879,G,1270,P
7881_01,Earth,False,TRAPPIST-1e,46.0,False,248.0,,0.0,4.0,0.0,7881,F,1507,S
7882_01,Earth,True,TRAPPIST-1e,33.0,False,0.0,0.0,0.0,0.0,0.0,7882,G,1271,P
7882_02,Earth,False,TRAPPIST-1e,10.0,False,0.0,0.0,0.0,0.0,0.0,7882,G,1271,P
7883_01,Earth,True,TRAPPIST-1e,38.0,False,0.0,0.0,0.0,0.0,0.0,7883,G,1272,P
7884_01,Mars,False,TRAPPIST-1e,23.0,False,1610.0,2.0,465.0,0.0,0.0,7884,E,512,P
7885_01,Earth,True,TRAPPIST-1e,26.0,False,0.0,0.0,0.0,0.0,0.0,7885,G,1273,P
7886_01,Earth,False,TRAPPIST-1e,16.0,False,0.0,11.0,0.0,8.0,827.0,7886,G,1274,P
7888_01,Earth,False,TRAPPIST-1e,29.0,False,37.0,0.0,644.0,0.0,177.0,7888,E,518,S
7889_01,Europa,True,PSO J318.5-22,35.0,False,0.0,0.0,0.0,0.0,0.0,7889,C,256,P
7890_01,Earth,False,TRAPPIST-1e,58.0,False,0.0,268.0,0.0,109.0,594.0,7890,F,1508,S
7890_02,Earth,True,55 Cancri e,17.0,False,0.0,0.0,0.0,0.0,0.0,7890,G,1273,S
7890_03,Earth,True,TRAPPIST-1e,16.0,False,0.0,0.0,0.0,0.0,0.0,7890,G,734,S
7891_01,Earth,True,55 Cancri e,2.0,False,0.0,0.0,0.0,0.0,0.0,7891,G,1274,S
7891_02,Earth,,TRAPPIST-1e,13.0,False,34.0,1.0,0.0,824.0,29.0,7891,G,734,S
7892_01,Mars,False,TRAPPIST-1e,18.0,False,196.0,0.0,744.0,0.0,0.0,7892,F,1636,P
7894_01,Earth,False,55 Cancri e,29.0,False,46.0,68.0,589.0,88.0,0.0,7894,E,519,S
7895_01,Earth,False,55 Cancri e,21.0,False,102.0,9.0,21.0,464.0,104.0,7895,F,1509,S
7897_01,Europa,True,55 Cancri e,43.0,,0.0,0.0,0.0,0.0,0.0,7897,C,295,S
7899_01,Earth,True,TRAPPIST-1e,69.0,False,0.0,0.0,0.0,0.0,0.0,7899,G,1275,S
7899_02,Earth,False,TRAPPIST-1e,40.0,False,0.0,0.0,14.0,785.0,10.0,7899,G,1275,S
7899_03,Earth,True,TRAPPIST-1e,1.0,False,0.0,0.0,0.0,0.0,0.0,7899,G,1275,S
7901_01,Mars,True,TRAPPIST-1e,36.0,False,0.0,0.0,0.0,0.0,0.0,7901,F,1512,S
7902_01,Earth,,TRAPPIST-1e,60.0,False,0.0,0.0,0.0,0.0,0.0,7902,G,1276,P
7902_02,Earth,True,PSO J318.5-22,17.0,False,0.0,0.0,0.0,0.0,0.0,7902,G,1276,P
7902_03,Earth,True,TRAPPIST-1e,49.0,False,0.0,0.0,0.0,0.0,0.0,7902,G,1276,P
7902_04,Earth,False,TRAPPIST-1e,23.0,False,1.0,700.0,0.0,7.0,136.0,7902,G,1276,P
7903_01,Earth,False,TRAPPIST-1e,39.0,False,472.0,0.0,0.0,173.0,0.0,7903,F,1638,P
7904_01,Earth,True,TRAPPIST-1e,53.0,False,0.0,0.0,0.0,0.0,0.0,7904,G,734,S
7904_02,Earth,False,TRAPPIST-1e,26.0,False,485.0,8.0,3958.0,0.0,0.0,7904,G,1277,P
7905_01,Europa,False,TRAPPIST-1e,31.0,False,0.0,87.0,0.0,2263.0,224.0,7905,C,296,S
7905_02,Europa,True,TRAPPIST-1e,48.0,False,0.0,0.0,0.0,,0.0,7905,C,296,S
7905_03,Europa,False,55 Cancri e,26.0,,1432.0,1283.0,0.0,178.0,5034.0,7905,C,296,S
7907_01,Mars,True,TRAPPIST-1e,25.0,False,0.0,0.0,0.0,0.0,0.0,7907,F,1513,S
7908_01,Europa,True,55 Cancri e,25.0,False,0.0,0.0,0.0,0.0,0.0,7908,B,310,S
7910_01,Earth,False,,30.0,False,4.0,637.0,0.0,0.0,3.0,7910,F,1639,P
7913_01,Earth,True,TRAPPIST-1e,,False,0.0,0.0,0.0,0.0,0.0,7913,G,1278,S
7914_01,Earth,True,TRAPPIST-1e,23.0,False,0.0,0.0,0.0,0.0,0.0,7914,G,1278,P
7914_02,Earth,False,TRAPPIST-1e,24.0,False,0.0,80.0,106.0,344.0,0.0,7914,G,1278,P
7914_03,Earth,False,TRAPPIST-1e,47.0,False,397.0,0.0,321.0,0.0,5.0,7914,G,1278,P
7916_01,Earth,True,TRAPPIST-1e,37.0,False,0.0,0.0,0.0,0.0,0.0,7916,G,1279,P
7918_01,Mars,True,TRAPPIST-1e,24.0,False,0.0,0.0,0.0,0.0,0.0,7918,F,1640,P
7919_01,Earth,False,TRAPPIST-1e,21.0,False,90.0,0.0,817.0,0.0,0.0,7919,G,1281,P
7920_01,Mars,True,TRAPPIST-1e,42.0,False,0.0,0.0,0.0,0.0,0.0,7920,F,1515,S
7922_01,Earth,False,TRAPPIST-1e,39.0,False,3030.0,79.0,0.0,0.0,0.0,7922,F,1517,S
7924_01,Earth,False,TRAPPIST-1e,28.0,False,589.0,57.0,0.0,0.0,0.0,7924,F,1642,P
7926_01,Earth,False,TRAPPIST-1e,32.0,False,0.0,0.0,,365.0,1216.0,7926,E,514,P
7929_01,Europa,False,TRAPPIST-1e,31.0,False,0.0,910.0,58.0,1654.0,1217.0,7929,B,311,S
7930_01,Earth,True,TRAPPIST-1e,13.0,False,0.0,0.0,0.0,0.0,0.0,7930,G,734,S
7935_01,Earth,False,TRAPPIST-1e,41.0,False,84.0,0.0,6.0,811.0,2.0,7935,F,1520,S
7936_01,Earth,False,TRAPPIST-1e,21.0,False,7.0,0.0,622.0,0.0,0.0,7936,F,1644,P
7936_02,Earth,False,TRAPPIST-1e,,False,0.0,0.0,0.0,0.0,0.0,7936,G,1284,P
7936_03,Earth,False,TRAPPIST-1e,9.0,False,0.0,0.0,,0.0,0.0,7936,G,1284,P
7937_01,Europa,False,TRAPPIST-1e,36.0,False,0.0,9532.0,0.0,2326.0,461.0,7937,D,229,S
7937_02,Europa,True,55 Cancri e,30.0,False,0.0,0.0,0.0,0.0,0.0,7937,D,229,S
7939_01,Earth,False,TRAPPIST-1e,27.0,False,0.0,593.0,0.0,259.0,0.0,7939,G,1281,S
7940_01,Earth,False,TRAPPIST-1e,40.0,False,580.0,0.0,447.0,6.0,0.0,7940,F,1521,S
7941_01,Europa,False,TRAPPIST-1e,41.0,False,0.0,116.0,10705.0,9181.0,10.0,7941,C,257,P
7943_01,Europa,True,55 Cancri e,16.0,False,0.0,0.0,0.0,0.0,0.0,7943,B,258,P
7943_02,Europa,False,PSO J318.5-22,36.0,True,2.0,6504.0,0.0,98.0,4.0,7943,B,258,P
7944_01,Europa,False,TRAPPIST-1e,15.0,False,31.0,804.0,1.0,4732.0,2577.0,7944,D,230,S
7944_02,Europa,True,TRAPPIST-1e,39.0,False,0.0,0.0,0.0,0.0,0.0,7944,D,230,S
7945_01,Mars,True,TRAPPIST-1e,21.0,False,0.0,0.0,0.0,0.0,0.0,7945,F,1522,S
7946_01,Earth,False,PSO J318.5-22,24.0,False,0.0,0.0,604.0,0.0,91.0,7946,F,1645,P
7947_01,Mars,False,TRAPPIST-1e,28.0,False,1811.0,1.0,57.0,0.0,0.0,7947,F,1646,P
7949_01,Earth,,TRAPPIST-1e,47.0,False,0.0,14.0,0.0,2330.0,0.0,7949,G,1283,S
7950_01,,False,TRAPPIST-1e,55.0,False,0.0,1620.0,159.0,,0.0,7950,G,1287,P
7950_02,Earth,True,TRAPPIST-1e,,False,0.0,0.0,0.0,0.0,0.0,7950,G,1287,P
7950_03,Earth,False,55 Cancri e,22.0,False,10.0,0.0,624.0,0.0,85.0,7950,E,516,P
7950_04,Earth,True,TRAPPIST-1e,26.0,False,0.0,0.0,0.0,0.0,0.0,7950,G,1287,P
7952_01,Mars,False,,62.0,False,100.0,0.0,38.0,1211.0,0.0,7952,F,1523,S
7952_02,Mars,False,TRAPPIST-1e,53.0,False,868.0,0.0,686.0,520.0,24.0,7952,E,524,S
7954_01,Earth,False,55 Cancri e,29.0,False,30.0,0.0,0.0,0.0,780.0,7954,G,1284,S
7955_01,Earth,False,TRAPPIST-1e,21.0,False,640.0,0.0,144.0,104.0,0.0,7955,G,1288,P
7957_01,Earth,True,PSO J318.5-22,18.0,False,0.0,0.0,0.0,0.0,0.0,7957,G,1285,S
7958_01,Mars,True,TRAPPIST-1e,34.0,False,0.0,0.0,0.0,0.0,0.0,7958,E,525,S
7960_01,Earth,False,TRAPPIST-1e,19.0,False,1.0,7.0,,689.0,0.0,7960,F,1648,P
7962_01,Earth,False,TRAPPIST-1e,14.0,False,0.0,360.0,0.0,25.0,1340.0,7962,G,1290,P
7967_01,Earth,False,TRAPPIST-1e,21.0,False,691.0,0.0,0.0,,15.0,7967,G,1288,S
7968_01,Mars,False,TRAPPIST-1e,55.0,False,376.0,0.0,858.0,0.0,31.0,7968,D,232,S
7970_01,Europa,False,55 Cancri e,18.0,False,0.0,3492.0,0.0,506.0,8.0,7970,C,258,P
7972_01,Europa,True,55 Cancri e,33.0,False,0.0,0.0,0.0,0.0,0.0,7972,B,260,P
7972_02,Europa,False,TRAPPIST-1e,35.0,False,,246.0,25.0,42.0,3730.0,7972,B,260,P
7973_01,,True,TRAPPIST-1e,31.0,False,0.0,0.0,0.0,0.0,0.0,7973,C,297,S
7974_01,Europa,False,TRAPPIST-1e,27.0,False,0.0,2318.0,1127.0,2423.0,115.0,7974,C,259,P
7974_02,Europa,False,TRAPPIST-1e,,False,0.0,36.0,89.0,948.0,927.0,7974,C,259,P
7976_01,Earth,True,PSO J318.5-22,13.0,False,0.0,0.0,0.0,0.0,0.0,7976,G,1289,S
7981_01,Earth,False,TRAPPIST-1e,24.0,False,24.0,174.0,0.0,509.0,15.0,7981,F,1652,P
7981_02,Earth,False,TRAPPIST-1e,22.0,False,31.0,0.0,1.0,25.0,757.0,7981,G,1293,P
7982_01,Europa,True,TRAPPIST-1e,32.0,False,0.0,0.0,0.0,0.0,0.0,7982,B,261,P
7982_02,Europa,True,TRAPPIST-1e,18.0,False,0.0,0.0,0.0,0.0,0.0,7982,B,261,P
7983_01,Europa,True,TRAPPIST-1e,53.0,False,0.0,0.0,0.0,0.0,0.0,7983,G,734,S
7984_01,Mars,False,TRAPPIST-1e,4.0,False,0.0,0.0,0.0,0.0,0.0,7984,F,1653,P
7984_02,Mars,True,TRAPPIST-1e,24.0,False,0.0,0.0,0.0,0.0,0.0,7984,F,1653,P
7984_03,Mars,False,TRAPPIST-1e,23.0,False,649.0,0.0,622.0,0.0,0.0,7984,F,1653,P
7984_04,Mars,False,TRAPPIST-1e,1.0,False,0.0,0.0,0.0,0.0,0.0,7984,F,1653,P
7985_01,Earth,False,TRAPPIST-1e,18.0,,1969.0,0.0,310.0,0.0,0.0,7985,F,1654,P
7986_01,Mars,False,TRAPPIST-1e,21.0,False,838.0,45.0,455.0,0.0,0.0,7986,F,1655,P
7987_01,Mars,False,TRAPPIST-1e,40.0,False,3809.0,0.0,21.0,0.0,1.0,7987,D,248,P
7988_01,Europa,True,TRAPPIST-1e,49.0,False,0.0,0.0,0.0,0.0,0.0,7988,B,313,S
7989_01,Earth,True,PSO J318.5-22,25.0,False,0.0,0.0,0.0,0.0,0.0,7989,G,1290,S
7990_01,Earth,True,55 Cancri e,21.0,False,0.0,0.0,0.0,0.0,0.0,7990,G,1294,P
7993_01,Europa,True,TRAPPIST-1e,40.0,False,0.0,0.0,0.0,0.0,0.0,7993,A,96,S
7993_02,Europa,True,55 Cancri e,47.0,True,0.0,0.0,0.0,0.0,0.0,7993,A,96,S
7994_01,Earth,False,PSO J318.5-22,25.0,False,153.0,0.0,0.0,388.0,0.0,7994,G,1295,P
7995_01,Europa,True,TRAPPIST-1e,36.0,False,0.0,0.0,0.0,0.0,0.0,7995,G,734,S
7996_01,Earth,False,TRAPPIST-1e,39.0,False,17.0,334.0,708.0,17.0,366.0,7996,F,1657,P
7999_01,Europa,True,55 Cancri e,26.0,False,0.0,0.0,0.0,0.0,0.0,7999,B,262,P
8000_01,Earth,False,TRAPPIST-1e,0.0,False,0.0,0.0,,0.0,0.0,8000,G,1292,S
8000_02,Earth,True,TRAPPIST-1e,14.0,False,0.0,0.0,0.0,0.0,0.0,8000,G,1292,S
8003_01,Mars,False,TRAPPIST-1e,7.0,False,0.0,0.0,0.0,0.0,0.0,8003,F,1659,P
8004_01,Mars,True,55 Cancri e,50.0,False,0.0,0.0,0.0,0.0,0.0,8004,F,1527,S
8005_01,Earth,False,55 Cancri e,22.0,False,0.0,15.0,0.0,548.0,124.0,8005,F,1528,S
8005_02,Earth,True,PSO J318.5-22,17.0,False,0.0,0.0,0.0,0.0,0.0,8005,G,1293,S
8005_03,Earth,False,TRAPPIST-1e,35.0,False,676.0,0.0,0.0,0.0,40.0,8005,F,1528,S
8006_01,Earth,False,TRAPPIST-1e,22.0,False,0.0,1145.0,0.0,0.0,371.0,8006,F,1529,S
8007_01,Earth,False,TRAPPIST-1e,26.0,False,0.0,0.0,1.0,886.0,0.0,8007,G,1296,P
8007_02,Earth,False,PSO J318.5-22,24.0,False,0.0,0.0,92.0,1492.0,0.0,8007,E,517,P
8010_01,Europa,False,TRAPPIST-1e,59.0,False,0.0,2593.0,0.0,98.0,0.0,8010,C,300,S
8012_01,Mars,True,TRAPPIST-1e,24.0,False,0.0,0.0,0.0,0.0,0.0,8012,F,1531,S
8012_02,Mars,False,TRAPPIST-1e,17.0,False,0.0,0.0,0.0,0.0,0.0,8012,E,530,S
8012_03,Mars,True,TRAPPIST-1e,28.0,False,0.0,0.0,0.0,0.0,0.0,8012,F,1531,S
8014_01,Earth,True,TRAPPIST-1e,38.0,False,0.0,0.0,0.0,0.0,0.0,8014,G,1294,S
8015_01,Europa,,TRAPPIST-1e,2.0,False,0.0,0.0,0.0,0.0,,8015,B,315,S
8015_02,Europa,False,TRAPPIST-1e,36.0,False,0.0,244.0,0.0,5432.0,2302.0,8015,B,315,S
8015_03,Europa,True,55 Cancri e,32.0,False,0.0,0.0,0.0,0.0,0.0,8015,B,315,S
8016_01,Earth,False,TRAPPIST-1e,15.0,False,0.0,10.0,0.0,595.0,381.0,8016,E,531,S
8018_01,Earth,False,TRAPPIST-1e,54.0,False,0.0,0.0,5.0,1268.0,26.0,8018,F,1532,S
8019_01,Mars,True,TRAPPIST-1e,18.0,False,0.0,0.0,0.0,0.0,0.0,8019,F,1660,P
8020_01,Earth,False,TRAPPIST-1e,22.0,False,668.0,79.0,0.0,0.0,1.0,8020,F,1661,P
8021_01,Earth,True,TRAPPIST-1e,23.0,False,0.0,0.0,0.0,0.0,0.0,8021,G,1298,P
8023_01,Europa,False,TRAPPIST-1e,14.0,False,0.0,4545.0,271.0,199.0,1377.0,8023,D,249,P
8023_02,Europa,True,TRAPPIST-1e,26.0,False,0.0,0.0,0.0,0.0,0.0,8023,D,249,P
8024_01,Earth,False,TRAPPIST-1e,73.0,False,16.0,0.0,722.0,2.0,89.0,8024,F,1533,S
8025_01,Europa,False,TRAPPIST-1e,29.0,False,0.0,0.0,0.0,0.0,0.0,8025,B,263,P
8026_01,Mars,True,TRAPPIST-1e,29.0,False,0.0,0.0,0.0,0.0,0.0,8026,F,1534,S
8027_01,Earth,False,TRAPPIST-1e,12.0,False,0.0,0.0,0.0,0.0,0.0,8027,G,1297,S
8027_02,Earth,False,55 Cancri e,27.0,False,31.0,225.0,331.0,0.0,14.0,8027,F,1535,S
8029_01,Earth,False,TRAPPIST-1e,31.0,False,779.0,0.0,3.0,57.0,0.0,8029,G,1298,S
8030_01,Earth,True,PSO J318.5-22,26.0,False,,0.0,0.0,0.0,0.0,8030,G,1299,S
8031_01,Europa,True,55 Cancri e,35.0,False,0.0,0.0,0.0,0.0,0.0,8031,D,250,P
8032_01,Europa,True,TRAPPIST-1e,25.0,False,0.0,0.0,0.0,0.0,0.0,8032,A,85,P
8032_02,Europa,True,,40.0,False,0.0,0.0,0.0,0.0,0.0,8032,A,85,P
8034_01,Mars,True,TRAPPIST-1e,18.0,False,0.0,0.0,0.0,0.0,0.0,8034,E,532,S
8034_02,Mars,False,,52.0,False,1222.0,2.0,74.0,0.0,0.0,8034,E,532,S
8035_01,Mars,True,TRAPPIST-1e,35.0,False,0.0,0.0,0.0,0.0,0.0,8035,F,1536,S
8036_01,Earth,False,TRAPPIST-1e,51.0,False,172.0,350.0,0.0,16.0,1005.0,8036,F,1537,S
8036_02,Earth,False,TRAPPIST-1e,35.0,False,0.0,0.0,62.0,0.0,891.0,8036,F,1537,S
8037_01,Earth,False,TRAPPIST-1e,14.0,False,0.0,476.0,249.0,177.0,0.0,8037,F,1538,S
8038_01,Europa,True,55 Cancri e,,False,0.0,0.0,0.0,0.0,0.0,8038,C,301,S
8038_02,Europa,True,55 Cancri e,26.0,False,0.0,0.0,0.0,0.0,0.0,8038,C,301,S
8042_01,,True,55 Cancri e,21.0,False,0.0,0.0,0.0,0.0,0.0,8042,G,1299,P
8043_01,Europa,False,55 Cancri e,45.0,False,5.0,17901.0,0.0,79.0,281.0,8043,A,97,S
8043_02,Europa,False,TRAPPIST-1e,29.0,,0.0,1408.0,0.0,408.0,1.0,8043,A,97,S
8043_03,Europa,False,TRAPPIST-1e,39.0,True,1.0,392.0,64.0,148.0,1367.0,8043,A,97,S
8043_04,Europa,True,55 Cancri e,37.0,False,0.0,0.0,0.0,0.0,0.0,8043,A,97,S
8046_01,Earth,True,PSO J318.5-22,22.0,False,0.0,0.0,0.0,0.0,0.0,8046,G,1300,P
8049_01,Earth,False,TRAPPIST-1e,22.0,False,6.0,21.0,0.0,782.0,0.0,8049,G,1301,P
8050_01,Earth,False,PSO J318.5-22,30.0,False,0.0,34.0,143.0,275.0,0.0,8050,G,1300,S
8050_02,Earth,True,TRAPPIST-1e,1.0,False,0.0,0.0,0.0,0.0,0.0,8050,G,734,S
8050_03,Earth,True,PSO J318.5-22,0.0,False,0.0,0.0,0.0,0.0,0.0,8050,G,1300,S
8052_01,Earth,False,TRAPPIST-1e,9.0,False,0.0,0.0,0.0,0.0,0.0,8052,G,1302,S
8052_02,Earth,False,PSO J318.5-22,18.0,False,0.0,0.0,0.0,1.0,335.0,8052,G,1302,S
8053_01,Mars,False,TRAPPIST-1e,29.0,False,1544.0,1.0,206.0,0.0,0.0,8053,F,1663,P
8054_01,Mars,False,55 Cancri e,52.0,False,,0.0,262.0,1425.0,571.0,8054,F,1540,S
8055_01,Earth,False,TRAPPIST-1e,27.0,False,0.0,0.0,846.0,59.0,0.0,8055,E,533,S
8056_01,Europa,False,TRAPPIST-1e,54.0,False,0.0,793.0,0.0,87.0,1567.0,8056,C,262,P
8056_02,Europa,False,TRAPPIST-1e,28.0,False,40.0,9012.0,0.0,111.0,551.0,8056,C,262,P
8057_01,Europa,True,TRAPPIST-1e,65.0,False,0.0,0.0,0.0,0.0,0.0,8057,B,267,P
8057_02,Europa,True,55 Cancri e,26.0,False,0.0,0.0,0.0,0.0,0.0,8057,B,267,P
8058_01,Earth,False,TRAPPIST-1e,29.0,False,12.0,2.0,0.0,432.0,1548.0,8058,F,1664,P
8059_01,,False,TRAPPIST-1e,20.0,False,0.0,38.0,0.0,0.0,1779.0,8059,G,1302,P
8060_01,Mars,False,TRAPPIST-1e,39.0,False,1369.0,259.0,960.0,1.0,29.0,8060,F,1541,S
8060_02,Mars,True,TRAPPIST-1e,37.0,False,0.0,0.0,0.0,0.0,0.0,8060,F,1541,S
8063_01,Earth,False,TRAPPIST-1e,20.0,False,,25.0,0.0,11.0,0.0,8063,F,1543,S
8064_01,Mars,True,TRAPPIST-1e,40.0,False,0.0,0.0,0.0,0.0,0.0,8064,G,734,S
8064_02,Mars,False,TRAPPIST-1e,0.0,False,0.0,0.0,0.0,0.0,0.0,8064,E,534,S
8064_03,Mars,True,TRAPPIST-1e,33.0,False,0.0,0.0,0.0,0.0,0.0,8064,E,534,S
8066_01,Mars,True,TRAPPIST-1e,23.0,False,0.0,0.0,0.0,0.0,0.0,8066,F,1544,S
8067_01,Earth,False,55 Cancri e,32.0,False,1.0,0.0,,9.0,663.0,8067,F,1666,P
8068_01,Earth,False,TRAPPIST-1e,20.0,False,0.0,52.0,0.0,110.0,614.0,8068,F,1545,S
8069_01,Europa,True,55 Cancri e,60.0,False,0.0,0.0,0.0,0.0,0.0,8069,D,234,S
8071_01,Earth,False,TRAPPIST-1e,53.0,False,0.0,0.0,716.0,0.0,0.0,8071,F,1546,S
8072_01,Europa,True,TRAPPIST-1e,26.0,False,0.0,0.0,0.0,0.0,0.0,8072,D,236,S
8072_02,Europa,False,55 Cancri e,35.0,False,0.0,5500.0,0.0,180.0,3173.0,8072,D,236,S
8075_01,Earth,False,55 Cancri e,19.0,False,355.0,0.0,0.0,0.0,284.0,8075,F,1547,S
8076_01,Europa,False,55 Cancri e,43.0,False,1.0,2060.0,,1.0,2764.0,8076,C,263,P
8076_02,Europa,False,55 Cancri e,29.0,False,2686.0,0.0,0.0,2854.0,2553.0,8076,C,263,P
8077_01,Earth,False,TRAPPIST-1e,20.0,False,721.0,122.0,0.0,0.0,0.0,8077,G,1304,P
8078_01,Earth,False,TRAPPIST-1e,19.0,False,0.0,0.0,134.0,1931.0,,8078,F,1667,P
8079_01,Earth,False,PSO J318.5-22,21.0,False,505.0,0.0,0.0,0.0,110.0,8079,F,1548,S
8081_01,Europa,False,55 Cancri e,39.0,False,2.0,15450.0,336.0,1.0,904.0,8081,D,251,P
8082_01,Earth,True,TRAPPIST-1e,12.0,False,0.0,0.0,0.0,0.0,0.0,8082,G,1305,P
8082_02,Earth,False,55 Cancri e,20.0,False,1842.0,0.0,0.0,0.0,0.0,8082,F,1668,P
8083_01,Earth,False,TRAPPIST-1e,18.0,False,595.0,134.0,7.0,0.0,0.0,8083,F,1669,P
8084_01,Europa,False,TRAPPIST-1e,31.0,False,,745.0,0.0,6688.0,2161.0,8084,C,264,P
8085_01,Earth,False,PSO J318.5-22,35.0,False,635.0,3.0,0.0,,25.0,8085,F,1549,S
8086_01,Earth,True,PSO J318.5-22,44.0,False,0.0,0.0,,0.0,0.0,8086,G,1306,P
8087_01,Europa,False,TRAPPIST-1e,62.0,False,33.0,3518.0,0.0,394.0,0.0,8087,B,268,P
8088_01,Mars,False,TRAPPIST-1e,23.0,False,1.0,0.0,11.0,0.0,2336.0,8088,E,521,P
8088_02,Mars,False,TRAPPIST-1e,23.0,True,3.0,0.0,0.0,1677.0,,8088,F,1670,P
8089_01,Earth,False,TRAPPIST-1e,19.0,False,0.0,0.0,1761.0,0.0,36.0,8089,F,1671,P
8091_01,Earth,False,TRAPPIST-1e,29.0,False,18.0,7.0,0.0,0.0,779.0,8091,F,1672,P
8092_01,Europa,False,TRAPPIST-1e,31.0,False,0.0,4655.0,135.0,2075.0,402.0,8092,D,238,S
8092_02,Europa,True,55 Cancri e,33.0,True,0.0,,0.0,0.0,0.0,8092,D,238,S
8092_03,Europa,False,TRAPPIST-1e,41.0,False,0.0,3216.0,0.0,433.0,517.0,8092,D,238,S
8094_01,Europa,False,TRAPPIST-1e,60.0,False,19.0,7316.0,0.0,0.0,1781.0,8094,C,265,P
8097_01,Europa,True,TRAPPIST-1e,41.0,False,0.0,0.0,,0.0,0.0,8097,B,317,S
8098_01,Europa,False,TRAPPIST-1e,69.0,True,0.0,269.0,0.0,190.0,9033.0,8098,B,269,P
8098_02,Europa,False,55 Cancri e,44.0,False,9.0,2311.0,0.0,633.0,1.0,8098,B,269,P
8098_03,Europa,True,55 Cancri e,18.0,False,0.0,,0.0,0.0,0.0,8098,B,269,P
8098_04,Europa,False,55 Cancri e,26.0,False,0.0,11598.0,0.0,3.0,386.0,8098,B,269,P
8102_01,Earth,False,TRAPPIST-1e,30.0,False,4.0,0.0,442.0,2441.0,0.0,8102,F,1674,P
8103_01,Mars,False,TRAPPIST-1e,34.0,False,81.0,0.0,492.0,122.0,0.0,8103,F,1675,P
8105_01,Earth,False,PSO J318.5-22,18.0,False,0.0,0.0,15.0,570.0,84.0,8105,F,1677,P
8106_01,Earth,True,55 Cancri e,49.0,False,0.0,0.0,0.0,0.0,0.0,8106,G,1306,S
8107_01,Earth,False,PSO J318.5-22,71.0,False,48.0,43.0,0.0,78.0,534.0,8107,F,1678,P
8108_01,Earth,False,PSO J318.5-22,19.0,False,150.0,605.0,0.0,0.0,1.0,8108,F,1552,S
8112_01,Earth,False,PSO J318.5-22,23.0,False,90.0,4.0,0.0,7.0,588.0,8112,F,1553,S
8115_01,Europa,True,TRAPPIST-1e,31.0,False,0.0,0.0,0.0,0.0,0.0,8115,B,318,S
8115_02,Europa,True,TRAPPIST-1e,40.0,False,0.0,0.0,0.0,0.0,0.0,8115,B,318,S
8116_01,Mars,False,55 Cancri e,28.0,False,49.0,0.0,0.0,2.0,1136.0,8116,D,252,P
8117_01,Europa,True,TRAPPIST-1e,17.0,False,0.0,0.0,0.0,0.0,0.0,8117,B,319,S
8117_02,Europa,False,TRAPPIST-1e,24.0,False,0.0,809.0,0.0,4928.0,143.0,8117,B,319,S
8117_03,Europa,True,55 Cancri e,54.0,,0.0,0.0,0.0,0.0,0.0,8117,B,319,S
8118_01,Earth,True,TRAPPIST-1e,21.0,False,0.0,0.0,0.0,0.0,0.0,8118,G,1310,P
8119_01,Earth,True,55 Cancri e,2.0,False,0.0,0.0,0.0,0.0,0.0,8119,F,1555,S
8119_02,Earth,,55 Cancri e,20.0,False,6.0,1119.0,0.0,24.0,13.0,8119,F,1555,S
8119_03,Earth,False,55 Cancri e,20.0,,97.0,279.0,0.0,301.0,39.0,8119,F,1555,S
8120_01,Europa,False,55 Cancri e,36.0,False,0.0,4260.0,0.0,0.0,1678.0,8120,D,253,P
8121_01,Earth,True,TRAPPIST-1e,25.0,False,0.0,0.0,,0.0,0.0,8121,G,1311,P
8122_01,Europa,False,55 Cancri e,58.0,False,0.0,226.0,0.0,5481.0,,8122,C,302,S
8122_02,Europa,False,TRAPPIST-1e,37.0,False,79.0,218.0,0.0,442.0,659.0,8122,C,302,S
8122_03,Europa,False,TRAPPIST-1e,26.0,False,0.0,13.0,0.0,3803.0,3557.0,8122,C,302,S
8123_01,Earth,True,TRAPPIST-1e,45.0,False,0.0,0.0,0.0,0.0,0.0,8123,G,1312,P
8124_01,Earth,False,TRAPPIST-1e,44.0,False,0.0,903.0,0.0,0.0,0.0,8124,F,1681,P
8128_01,Mars,True,TRAPPIST-1e,24.0,False,0.0,0.0,0.0,0.0,0.0,8128,F,1682,P
8129_01,Earth,True,55 Cancri e,13.0,False,0.0,0.0,0.0,0.0,0.0,8129,G,734,S
8129_02,Earth,False,TRAPPIST-1e,4.0,False,0.0,0.0,0.0,0.0,0.0,8129,G,1313,P
8129_03,Earth,False,TRAPPIST-1e,24.0,False,381.0,925.0,342.0,0.0,642.0,8129,F,1683,P
8129_04,Earth,False,55 Cancri e,27.0,False,3.0,13.0,0.0,0.0,788.0,8129,F,1683,P
8129_05,Earth,False,TRAPPIST-1e,39.0,False,44.0,1620.0,0.0,6.0,0.0,8129,E,522,P
8130_01,Earth,True,TRAPPIST-1e,23.0,False,0.0,0.0,0.0,0.0,0.0,8130,G,1308,S
8130_02,Earth,False,55 Cancri e,4.0,False,0.0,0.0,0.0,0.0,0.0,8130,G,1308,S
8130_03,Earth,True,TRAPPIST-1e,0.0,False,0.0,0.0,0.0,0.0,0.0,8130,G,1308,S
8131_01,Mars,True,TRAPPIST-1e,22.0,False,0.0,0.0,0.0,0.0,0.0,8131,F,1557,S
8133_01,Mars,False,TRAPPIST-1e,27.0,False,831.0,0.0,0.0,867.0,20.0,8133,D,254,P
8135_01,Europa,True,TRAPPIST-1e,22.0,False,0.0,0.0,0.0,0.0,0.0,8135,C,267,P
8136_01,Europa,True,55 Cancri e,26.0,False,0.0,0.0,0.0,0.0,0.0,8136,C,268,P
8136_02,Europa,False,TRAPPIST-1e,60.0,False,0.0,5998.0,0.0,4794.0,8.0,8136,C,268,P
8137_01,Earth,False,TRAPPIST-1e,18.0,False,0.0,297.0,0.0,588.0,23.0,8137,G,1314,P
8138_01,Earth,True,55 Cancri e,20.0,False,0.0,0.0,0.0,0.0,0.0,8138,G,1315,P
8139_01,Earth,False,TRAPPIST-1e,25.0,False,11.0,780.0,0.0,0.0,0.0,8139,E,523,P
8140_01,Earth,True,PSO J318.5-22,24.0,False,0.0,0.0,0.0,0.0,0.0,8140,G,1309,S
8141_01,Earth,True,TRAPPIST-1e,38.0,False,0.0,0.0,0.0,0.0,0.0,8141,G,1310,S
8143_01,Earth,False,TRAPPIST-1e,18.0,False,0.0,17.0,5.0,0.0,712.0,8143,F,1558,S
8144_01,Europa,True,55 Cancri e,45.0,False,0.0,0.0,0.0,0.0,0.0,8144,B,270,P
8144_02,Europa,False,TRAPPIST-1e,13.0,False,0.0,3680.0,0.0,1529.0,3854.0,8144,B,270,P
8144_03,Europa,False,TRAPPIST-1e,28.0,False,0.0,3317.0,77.0,0.0,130.0,8144,B,270,P
8144_04,Europa,False,TRAPPIST-1e,5.0,False,0.0,0.0,0.0,0.0,0.0,8144,B,270,P
8147_01,Earth,False,TRAPPIST-1e,20.0,False,0.0,142.0,0.0,3528.0,92.0,8147,G,1317,P
8147_02,Earth,True,TRAPPIST-1e,2.0,False,0.0,0.0,0.0,0.0,0.0,8147,G,734,S
8147_03,Earth,False,TRAPPIST-1e,42.0,False,18.0,5.0,470.0,356.0,57.0,8147,G,1317,P
8147_04,Earth,False,55 Cancri e,0.0,False,0.0,0.0,0.0,0.0,0.0,8147,G,1317,P
8148_01,Earth,False,TRAPPIST-1e,18.0,False,0.0,508.0,0.0,44.0,257.0,8148,G,1318,P
8149_01,Earth,True,PSO J318.5-22,26.0,False,0.0,0.0,0.0,0.0,0.0,8149,G,1319,P
8150_01,Mars,True,55 Cancri e,3.0,False,0.0,0.0,,0.0,0.0,8150,E,539,S
8150_02,Mars,True,PSO J318.5-22,49.0,False,0.0,0.0,0.0,0.0,0.0,8150,E,539,S
8150_03,Mars,False,TRAPPIST-1e,19.0,False,691.0,0.0,10.0,561.0,25.0,8150,E,539,S
8152_01,Earth,True,TRAPPIST-1e,19.0,False,0.0,0.0,0.0,0.0,0.0,8152,G,1312,S
8153_01,Earth,True,TRAPPIST-1e,15.0,False,0.0,0.0,0.0,0.0,0.0,8153,G,1320,P
8156_01,Earth,False,PSO J318.5-22,53.0,False,90.0,29.0,102.0,244.0,56.0,8156,G,1321,P
8157_01,Earth,False,TRAPPIST-1e,0.0,False,0.0,0.0,0.0,0.0,0.0,8157,G,1313,S
8157_02,Earth,False,55 Cancri e,39.0,False,1663.0,0.0,262.0,229.0,0.0,8157,F,1560,S
8157_03,Earth,False,TRAPPIST-1e,45.0,False,0.0,0.0,2778.0,1910.0,0.0,8157,G,1313,S
8157_04,Earth,True,TRAPPIST-1e,10.0,False,0.0,0.0,0.0,0.0,0.0,8157,G,1313,S
8157_05,Earth,False,55 Cancri e,1.0,False,0.0,0.0,0.0,0.0,0.0,8157,G,1313,S
8157_06,Earth,False,TRAPPIST-1e,9.0,False,0.0,0.0,0.0,0.0,0.0,8157,G,1313,S
8158_01,Mars,False,TRAPPIST-1e,40.0,False,953.0,0.0,356.0,0.0,0.0,8158,F,1686,P
8159_01,Earth,False,,26.0,False,0.0,0.0,0.0,622.0,8.0,8159,F,1687,P
8161_01,Earth,False,TRAPPIST-1e,18.0,False,1157.0,28.0,50.0,0.0,0.0,8161,F,1688,P
8162_01,Europa,False,TRAPPIST-1e,47.0,False,0.0,314.0,0.0,889.0,1090.0,8162,E,524,P
8164_01,Earth,False,TRAPPIST-1e,31.0,False,0.0,918.0,0.0,0.0,900.0,8164,G,1314,S
8165_01,Mars,False,TRAPPIST-1e,,False,279.0,11.0,40.0,718.0,0.0,8165,E,525,P
8167_01,Earth,True,PSO J318.5-22,23.0,False,0.0,0.0,0.0,0.0,0.0,8167,G,1315,S
8168_01,Earth,False,55 Cancri e,32.0,False,7.0,723.0,,6.0,13.0,8168,F,1561,S
8168_02,Earth,False,TRAPPIST-1e,32.0,False,293.0,889.0,1.0,1.0,200.0,8168,F,1561,S
8168_03,Earth,False,TRAPPIST-1e,21.0,False,644.0,0.0,0.0,0.0,2.0,8168,F,1561,S
8168_04,Earth,False,TRAPPIST-1e,,False,4.0,0.0,9.0,20.0,831.0,8168,F,1561,S
8168_05,Earth,False,TRAPPIST-1e,22.0,False,753.0,0.0,0.0,0.0,0.0,8168,G,1316,S
8168_06,Earth,False,TRAPPIST-1e,18.0,False,0.0,858.0,2.0,,0.0,8168,G,1316,S
8168_07,Earth,True,PSO J318.5-22,28.0,False,0.0,0.0,0.0,0.0,0.0,8168,G,1316,S
8168_08,Earth,True,TRAPPIST-1e,38.0,False,0.0,0.0,0.0,0.0,0.0,8168,G,1316,S
8171_01,Earth,False,TRAPPIST-1e,46.0,False,0.0,0.0,594.0,154.0,0.0,8171,F,1690,P
8173_01,Europa,False,TRAPPIST-1e,44.0,False,0.0,3771.0,0.0,521.0,4.0,8173,C,304,S
8175_01,Europa,True,TRAPPIST-1e,38.0,False,0.0,0.0,0.0,0.0,0.0,8175,C,305,S
8176_01,Europa,False,55 Cancri e,28.0,False,5.0,8252.0,0.0,181.0,3027.0,8176,A,98,S
8177_01,Earth,False,TRAPPIST-1e,31.0,False,116.0,,298.0,2.0,227.0,8177,G,1317,S
8178_01,Earth,True,TRAPPIST-1e,18.0,False,0.0,0.0,0.0,0.0,0.0,8178,G,1318,S
8182_01,Earth,False,PSO J318.5-22,18.0,False,0.0,220.0,4.0,0.0,532.0,8182,F,1564,S
8186_01,Earth,False,55 Cancri e,4.0,False,0.0,0.0,0.0,0.0,0.0,8186,G,1319,S
8186_02,Earth,True,PSO J318.5-22,0.0,False,0.0,0.0,0.0,0.0,0.0,8186,G,1319,S
8186_03,Earth,False,TRAPPIST-1e,0.0,False,0.0,0.0,0.0,0.0,,8186,G,1319,S
8186_04,Earth,True,PSO J318.5-22,23.0,False,0.0,0.0,0.0,0.0,0.0,8186,G,1319,S
8189_01,Europa,False,TRAPPIST-1e,35.0,False,0.0,747.0,0.0,0.0,2478.0,8189,C,271,P
8190_01,Europa,True,55 Cancri e,43.0,False,0.0,0.0,0.0,0.0,0.0,8190,B,320,S
8191_01,Earth,False,PSO J318.5-22,18.0,False,0.0,0.0,19.0,751.0,4.0,8191,G,1320,S
8192_01,Earth,False,TRAPPIST-1e,18.0,False,539.0,2.0,3.0,900.0,0.0,8192,F,1566,S
8194_01,Earth,False,TRAPPIST-1e,18.0,False,0.0,0.0,662.0,30.0,0.0,8194,F,1567,S
8197_01,Earth,False,55 Cancri e,49.0,False,598.0,0.0,0.0,118.0,0.0,8197,F,1693,P
8199_01,Earth,False,TRAPPIST-1e,19.0,False,0.0,0.0,0.0,0.0,0.0,8199,G,1329,P
8200_01,Earth,True,PSO J318.5-22,22.0,False,0.0,0.0,0.0,0.0,0.0,8200,G,1330,P
8202_01,Europa,False,TRAPPIST-1e,4.0,False,0.0,,0.0,,0.0,8202,C,306,S
8202_02,Europa,False,TRAPPIST-1e,0.0,False,0.0,0.0,0.0,0.0,0.0,8202,C,306,S
8202_03,,True,TRAPPIST-1e,,False,0.0,0.0,0.0,0.0,,8202,C,306,S
8202_04,Europa,False,TRAPPIST-1e,39.0,False,19.0,3603.0,0.0,421.0,517.0,8202,C,306,S
8202_05,Europa,False,55 Cancri e,36.0,False,0.0,8151.0,5.0,0.0,8182.0,8202,C,306,S
8202_06,Europa,True,TRAPPIST-1e,53.0,False,0.0,0.0,0.0,0.0,0.0,8202,C,306,S
8203_01,Europa,False,55 Cancri e,23.0,False,0.0,395.0,0.0,6.0,,8203,C,307,S
8203_02,Europa,True,TRAPPIST-1e,24.0,False,0.0,0.0,0.0,0.0,0.0,8203,C,307,S
8204_01,Europa,False,TRAPPIST-1e,25.0,False,0.0,1003.0,1629.0,73.0,748.0,8204,E,541,S
8204_02,Europa,False,TRAPPIST-1e,30.0,False,209.0,157.0,2566.0,171.0,472.0,8204,E,541,S
8205_01,Earth,,TRAPPIST-1e,20.0,False,625.0,0.0,2.0,0.0,0.0,8205,G,1331,P
8207_01,Mars,True,TRAPPIST-1e,40.0,False,0.0,0.0,0.0,0.0,0.0,8207,F,1695,P
8208_01,Earth,True,PSO J318.5-22,18.0,False,0.0,0.0,0.0,0.0,0.0,8208,G,1322,S
8209_01,Earth,False,TRAPPIST-1e,57.0,False,6.0,510.0,372.0,0.0,0.0,8209,G,1332,P
8210_01,Mars,False,TRAPPIST-1e,47.0,False,1282.0,0.0,5.0,495.0,0.0,8210,D,241,S
8211_01,Earth,True,55 Cancri e,26.0,False,,0.0,0.0,0.0,0.0,8211,G,1323,S
8212_01,Earth,False,PSO J318.5-22,29.0,False,487.0,0.0,60.0,12.0,0.0,8212,F,1569,S
8213_01,Earth,False,TRAPPIST-1e,32.0,False,0.0,2.0,1.0,0.0,881.0,8213,G,1333,P
8214_01,Europa,True,TRAPPIST-1e,30.0,False,0.0,0.0,0.0,0.0,0.0,8214,D,242,S
8216_01,Earth,False,TRAPPIST-1e,18.0,False,22.0,0.0,681.0,0.0,1.0,8216,G,1334,P
8217_01,Earth,False,TRAPPIST-1e,49.0,False,0.0,4.0,50.0,0.0,746.0,8217,F,1570,S
8218_01,Europa,True,TRAPPIST-1e,33.0,False,0.0,0.0,0.0,0.0,0.0,8218,B,272,P
8219_01,Earth,,TRAPPIST-1e,18.0,False,3.0,0.0,3.0,1773.0,0.0,8219,G,1335,P
8220_01,Europa,False,TRAPPIST-1e,29.0,False,0.0,5157.0,1.0,136.0,32.0,8220,A,99,S
8221_01,Mars,True,TRAPPIST-1e,34.0,False,0.0,0.0,0.0,0.0,0.0,8221,F,1696,P
8222_01,Mars,False,TRAPPIST-1e,43.0,False,1054.0,109.0,576.0,645.0,0.0,8222,D,257,P
8222_02,Mars,False,TRAPPIST-1e,18.0,False,32.0,1255.0,1.0,0.0,0.0,8222,F,1697,P
8224_01,Earth,True,TRAPPIST-1e,31.0,False,0.0,0.0,0.0,0.0,0.0,8224,G,1325,S
8225_01,Mars,False,TRAPPIST-1e,15.0,False,85.0,0.0,1130.0,0.0,248.0,8225,G,734,S
8226_01,Mars,True,TRAPPIST-1e,3.0,False,0.0,0.0,0.0,0.0,0.0,8226,F,1572,S
8226_02,Mars,True,TRAPPIST-1e,37.0,False,0.0,0.0,0.0,0.0,0.0,8226,F,1572,S
8226_03,Mars,True,TRAPPIST-1e,1.0,False,0.0,0.0,0.0,0.0,0.0,8226,F,1572,S
8227_01,Earth,False,TRAPPIST-1e,27.0,False,14.0,1186.0,460.0,12.0,9.0,8227,E,527,P
8229_01,Earth,True,TRAPPIST-1e,15.0,False,0.0,0.0,0.0,0.0,0.0,8229,G,1336,P
8231_01,Earth,False,TRAPPIST-1e,33.0,False,201.0,819.0,0.0,0.0,0.0,8231,G,1327,S
8231_02,Earth,False,TRAPPIST-1e,65.0,False,0.0,0.0,113.0,208.0,587.0,8231,G,1327,S
8232_01,Earth,False,TRAPPIST-1e,19.0,False,5.0,666.0,0.0,123.0,440.0,8232,F,1574,S
8233_01,Earth,False,TRAPPIST-1e,30.0,False,0.0,0.0,779.0,0.0,18.0,8233,F,1575,S
8233_02,Earth,False,TRAPPIST-1e,37.0,False,72.0,0.0,18.0,0.0,809.0,8233,F,1575,S
8235_01,Earth,False,TRAPPIST-1e,15.0,False,0.0,21.0,22.0,1149.0,249.0,8235,F,1576,S
8237_01,Earth,False,TRAPPIST-1e,19.0,False,511.0,0.0,0.0,267.0,0.0,8237,F,1577,S
8238_01,Earth,False,TRAPPIST-1e,20.0,False,749.0,16.0,0.0,0.0,29.0,8238,F,1578,S
8238_02,Earth,True,55 Cancri e,19.0,False,0.0,0.0,0.0,0.0,0.0,8238,G,1328,S
8239_01,Earth,False,55 Cancri e,21.0,False,499.0,0.0,193.0,1.0,1.0,8239,F,1579,S
8242_01,Earth,False,TRAPPIST-1e,20.0,False,2.0,2.0,876.0,8.0,0.0,8242,G,1330,S
8243_01,Earth,False,TRAPPIST-1e,18.0,False,0.0,44.0,0.0,795.0,69.0,8243,G,1331,S
8244_01,Earth,False,TRAPPIST-1e,27.0,False,1007.0,0.0,0.0,9.0,0.0,8244,G,1337,P
8247_01,Europa,False,TRAPPIST-1e,23.0,False,0.0,2984.0,23.0,686.0,173.0,8247,D,258,P
8248_01,Earth,True,TRAPPIST-1e,25.0,False,0.0,0.0,0.0,0.0,0.0,8248,G,1339,P
8248_02,Earth,False,PSO J318.5-22,72.0,False,309.0,0.0,0.0,0.0,463.0,8248,G,1339,P
8251_01,Earth,True,,35.0,False,0.0,0.0,0.0,0.0,0.0,8251,G,1332,S
8252_01,Earth,False,55 Cancri e,29.0,False,52.0,,612.0,465.0,79.0,8252,F,1699,P
8252_02,Earth,,TRAPPIST-1e,11.0,False,0.0,0.0,0.0,0.0,0.0,8252,G,1341,P
8252_03,Earth,True,TRAPPIST-1e,7.0,False,0.0,0.0,0.0,0.0,0.0,8252,G,1341,P
8254_01,Mars,True,TRAPPIST-1e,,False,0.0,0.0,0.0,0.0,0.0,8254,F,1700,P
8255_01,Earth,False,TRAPPIST-1e,28.0,False,0.0,1.0,12.0,875.0,0.0,8255,G,1333,S
8257_01,Mars,False,TRAPPIST-1e,41.0,False,396.0,0.0,653.0,0.0,0.0,8257,E,529,P
8259_01,Earth,False,TRAPPIST-1e,,False,0.0,0.0,486.0,324.0,0.0,8259,G,1342,P
8260_01,Earth,False,55 Cancri e,19.0,,84.0,4.0,4.0,629.0,0.0,8260,F,1582,S
8260_02,Earth,False,55 Cancri e,8.0,False,0.0,0.0,0.0,0.0,0.0,8260,G,1334,S
8260_03,Earth,True,55 Cancri e,4.0,False,0.0,0.0,0.0,0.0,0.0,8260,G,1334,S
8261_01,Earth,True,PSO J318.5-22,38.0,False,0.0,0.0,0.0,0.0,0.0,8261,G,1343,P
8264_01,Mars,False,TRAPPIST-1e,21.0,False,32.0,0.0,1008.0,0.0,0.0,8264,F,1584,S
8265_01,Earth,True,TRAPPIST-1e,18.0,False,0.0,0.0,0.0,0.0,0.0,8265,G,1344,P
8266_01,Earth,True,TRAPPIST-1e,10.0,False,0.0,0.0,0.0,0.0,0.0,8266,G,1345,P
8267_01,Mars,False,TRAPPIST-1e,29.0,False,304.0,0.0,48.0,946.0,0.0,8267,E,530,P
8267_02,Mars,True,TRAPPIST-1e,25.0,False,0.0,0.0,0.0,0.0,0.0,8267,F,1701,P
8268_01,Europa,True,TRAPPIST-1e,40.0,False,0.0,0.0,0.0,0.0,0.0,8268,B,321,S
8268_02,Europa,False,TRAPPIST-1e,19.0,False,0.0,3.0,0.0,918.0,2346.0,8268,B,321,S
8270_01,Mars,False,TRAPPIST-1e,38.0,False,86.0,1144.0,783.0,0.0,0.0,8270,F,1702,P
8271_01,Earth,False,TRAPPIST-1e,19.0,False,29.0,2633.0,0.0,0.0,124.0,8271,F,1586,S
8272_01,Mars,False,TRAPPIST-1e,0.0,False,0.0,0.0,0.0,0.0,0.0,8272,F,1587,S
8272_02,Mars,True,TRAPPIST-1e,4.0,False,0.0,0.0,0.0,0.0,0.0,8272,F,1587,S
8272_03,Mars,True,TRAPPIST-1e,29.0,False,0.0,,0.0,,0.0,8272,F,1587,S
8273_01,Earth,False,TRAPPIST-1e,46.0,False,0.0,0.0,0.0,369.0,515.0,8273,G,1346,P
8275_01,Mars,True,TRAPPIST-1e,32.0,False,0.0,0.0,0.0,0.0,0.0,8275,F,1588,S
8276_01,Europa,,TRAPPIST-1e,26.0,False,0.0,0.0,0.0,0.0,0.0,8276,C,273,P
8276_02,Europa,True,TRAPPIST-1e,23.0,False,0.0,0.0,0.0,0.0,0.0,8276,C,273,P
8277_01,Earth,True,55 Cancri e,32.0,False,0.0,0.0,0.0,0.0,0.0,8277,G,1348,P
8279_01,Earth,False,TRAPPIST-1e,31.0,False,0.0,4334.0,55.0,56.0,,8279,G,1349,P
8280_01,Earth,False,TRAPPIST-1e,34.0,False,0.0,0.0,880.0,22.0,0.0,8280,F,1703,P
8281_01,,False,TRAPPIST-1e,45.0,False,0.0,1.0,233.0,453.0,17.0,8281,F,1704,P
8282_01,Earth,False,TRAPPIST-1e,61.0,False,67.0,0.0,654.0,0.0,86.0,8282,G,1336,S
8287_01,Mars,False,TRAPPIST-1e,21.0,False,1242.0,0.0,654.0,0.0,0.0,8287,E,542,S
8288_01,Mars,False,TRAPPIST-1e,,False,1852.0,0.0,870.0,0.0,7.0,8288,D,259,P
8288_02,Mars,False,TRAPPIST-1e,15.0,False,1150.0,0.0,175.0,1.0,11.0,8288,F,1705,P
8289_01,Earth,True,TRAPPIST-1e,14.0,False,0.0,0.0,0.0,0.0,0.0,8289,G,1350,P
8291_01,Earth,True,TRAPPIST-1e,18.0,False,0.0,0.0,0.0,0.0,0.0,8291,G,1339,S
8292_01,Europa,True,TRAPPIST-1e,39.0,False,0.0,0.0,0.0,0.0,0.0,8292,C,310,S
8294_01,Mars,True,TRAPPIST-1e,62.0,False,0.0,0.0,0.0,0.0,0.0,8294,E,543,S
8295_01,Mars,False,TRAPPIST-1e,40.0,False,1309.0,0.0,0.0,0.0,0.0,8295,F,1591,S
8297_01,,False,TRAPPIST-1e,21.0,False,5.0,0.0,0.0,22.0,639.0,8297,F,1592,S
8298_01,Mars,True,TRAPPIST-1e,12.0,False,0.0,0.0,0.0,0.0,0.0,8298,F,1593,S
8300_01,Europa,False,,27.0,False,0.0,,0.0,1866.0,676.0,8300,C,274,P
8301_01,Europa,False,TRAPPIST-1e,28.0,False,1722.0,5063.0,0.0,87.0,920.0,8301,C,275,P
8302_01,Earth,False,TRAPPIST-1e,0.0,False,0.0,0.0,0.0,0.0,0.0,8302,G,1340,S
8302_02,Earth,False,TRAPPIST-1e,17.0,False,4.0,0.0,867.0,0.0,0.0,8302,F,1594,S
8303_01,Mars,False,55 Cancri e,23.0,False,218.0,0.0,2267.0,497.0,0.0,8303,F,1595,S
8306_01,Earth,False,TRAPPIST-1e,6.0,False,0.0,0.0,0.0,0.0,0.0,8306,G,1351,P
8306_02,Earth,True,PSO J318.5-22,29.0,False,0.0,0.0,0.0,0.0,0.0,8306,G,1351,P
8306_03,Earth,False,,41.0,False,836.0,0.0,0.0,,49.0,8306,G,1351,P
8307_01,Europa,False,55 Cancri e,27.0,True,0.0,1337.0,1929.0,0.0,0.0,8307,A,100,S
8307_02,Europa,True,TRAPPIST-1e,34.0,False,0.0,0.0,0.0,0.0,0.0,8307,A,100,S
8310_01,Europa,True,55 Cancri e,36.0,False,0.0,0.0,0.0,0.0,0.0,8310,E,545,S
8313_01,Earth,False,TRAPPIST-1e,30.0,False,467.0,0.0,0.0,0.0,287.0,8313,G,1341,S
8314_01,Europa,False,TRAPPIST-1e,30.0,False,0.0,640.0,0.0,31.0,6201.0,8314,D,245,S
8314_02,,False,55 Cancri e,29.0,True,0.0,2949.0,0.0,2.0,654.0,8314,D,245,S
8315_01,Earth,False,TRAPPIST-1e,21.0,False,380.0,177.0,161.0,0.0,85.0,8315,F,1598,S
8316_01,Earth,False,55 Cancri e,21.0,False,532.0,4.0,37.0,1.0,0.0,8316,F,1709,P
8317_01,Earth,False,55 Cancri e,18.0,False,2.0,83.0,576.0,37.0,0.0,8317,F,1710,P
8318_01,Mars,True,TRAPPIST-1e,11.0,False,0.0,0.0,0.0,0.0,0.0,8318,F,1711,P
8318_02,Mars,False,TRAPPIST-1e,65.0,False,1399.0,0.0,0.0,0.0,0.0,8318,F,1711,P
8318_03,Mars,False,55 Cancri e,25.0,False,149.0,0.0,194.0,731.0,0.0,8318,F,1711,P
8318_04,Mars,True,55 Cancri e,0.0,False,0.0,0.0,0.0,0.0,0.0,8318,F,1711,P
8319_01,Earth,False,TRAPPIST-1e,24.0,False,0.0,0.0,729.0,,75.0,8319,F,1712,P
8320_01,Earth,True,PSO J318.5-22,19.0,False,0.0,0.0,0.0,0.0,0.0,8320,G,1352,P
8321_01,Earth,False,TRAPPIST-1e,23.0,False,0.0,0.0,0.0,0.0,693.0,8321,F,1713,P
8322_01,Europa,False,PSO J318.5-22,45.0,True,,49.0,0.0,4864.0,3902.0,8322,G,734,S
8322_02,,True,55 Cancri e,52.0,False,0.0,0.0,0.0,0.0,0.0,8322,C,312,S
8323_01,Earth,False,PSO J318.5-22,55.0,False,0.0,465.0,277.0,48.0,0.0,8323,E,546,S
8324_01,Earth,True,PSO J318.5-22,24.0,False,0.0,0.0,0.0,0.0,0.0,8324,G,1353,P
8326_01,Earth,False,TRAPPIST-1e,31.0,False,773.0,0.0,0.0,,1.0,8326,G,1354,P
8328_01,Earth,True,TRAPPIST-1e,18.0,False,0.0,0.0,0.0,0.0,0.0,8328,G,1356,P
8329_01,Earth,True,TRAPPIST-1e,22.0,False,0.0,0.0,0.0,0.0,0.0,8329,G,1357,P
8330_01,Earth,False,TRAPPIST-1e,39.0,False,799.0,0.0,0.0,4.0,0.0,8330,F,1600,S
8332_01,Earth,True,PSO J318.5-22,19.0,False,0.0,0.0,0.0,0.0,0.0,8332,G,1358,P
8333_01,Europa,False,55 Cancri e,33.0,False,988.0,0.0,0.0,2274.0,3098.0,8333,C,313,S
8334_01,Earth,True,PSO J318.5-22,14.0,False,0.0,0.0,0.0,0.0,0.0,8334,G,1359,P
8335_01,Mars,False,TRAPPIST-1e,30.0,False,697.0,0.0,602.0,0.0,0.0,8335,E,531,P
8336_01,Mars,True,TRAPPIST-1e,30.0,False,0.0,0.0,0.0,0.0,0.0,8336,E,547,S
8338_01,Mars,True,TRAPPIST-1e,21.0,False,0.0,0.0,0.0,0.0,0.0,8338,F,1716,P
8338_02,Mars,False,TRAPPIST-1e,45.0,False,506.0,0.0,2.0,829.0,0.0,8338,F,1716,P
8338_03,Mars,True,TRAPPIST-1e,17.0,False,0.0,0.0,0.0,,0.0,8338,F,1716,P
8339_01,Europa,False,TRAPPIST-1e,39.0,False,0.0,261.0,,1831.0,1797.0,8339,D,246,S
8339_02,Europa,,TRAPPIST-1e,22.0,False,0.0,3716.0,0.0,1098.0,2065.0,8339,D,246,S
8341_01,Earth,False,TRAPPIST-1e,37.0,False,477.0,0.0,167.0,0.0,46.0,8341,F,1601,S
8342_01,Europa,False,TRAPPIST-1e,48.0,False,0.0,,0.0,408.0,293.0,8342,E,548,S
8342_02,Europa,True,TRAPPIST-1e,33.0,False,0.0,0.0,0.0,0.0,0.0,8342,E,548,S
8342_03,Europa,False,55 Cancri e,37.0,False,0.0,2215.0,2.0,1294.0,274.0,8342,E,548,S
8343_01,Earth,False,TRAPPIST-1e,27.0,False,1403.0,169.0,1081.0,0.0,0.0,8343,F,1717,P
8344_01,Mars,True,TRAPPIST-1e,29.0,False,0.0,0.0,,0.0,0.0,8344,D,247,S
8344_02,Mars,False,TRAPPIST-1e,38.0,False,30.0,434.0,117.0,372.0,0.0,8344,D,247,S
8344_03,Mars,True,TRAPPIST-1e,16.0,False,0.0,0.0,0.0,0.0,0.0,8344,D,247,S
8345_01,Earth,False,PSO J318.5-22,18.0,False,0.0,0.0,1792.0,16.0,248.0,8345,F,1602,S
8346_01,Earth,False,TRAPPIST-1e,,False,41.0,23.0,63.0,0.0,647.0,8346,F,1718,P
8348_01,Mars,True,TRAPPIST-1e,47.0,False,0.0,,0.0,0.0,0.0,8348,E,532,P
8354_01,Europa,True,TRAPPIST-1e,15.0,False,0.0,0.0,0.0,0.0,0.0,8354,B,323,S
8354_02,Europa,True,TRAPPIST-1e,13.0,False,0.0,0.0,0.0,0.0,0.0,8354,B,323,S
8356_01,Earth,True,PSO J318.5-22,19.0,False,0.0,0.0,0.0,0.0,0.0,8356,G,1361,P
8360_01,Europa,True,TRAPPIST-1e,17.0,False,0.0,0.0,0.0,0.0,0.0,8360,B,326,S
8360_02,Europa,True,TRAPPIST-1e,31.0,False,0.0,,0.0,0.0,0.0,8360,B,326,S
8362_01,Earth,False,TRAPPIST-1e,19.0,False,49.0,680.0,0.0,0.0,46.0,8362,F,1720,P
8363_01,Europa,False,55 Cancri e,25.0,False,0.0,1673.0,0.0,642.0,612.0,8363,A,101,S
8363_02,Europa,False,TRAPPIST-1e,26.0,False,0.0,690.0,1.0,1030.0,2273.0,8363,A,101,S
8365_01,Earth,True,55 Cancri e,25.0,False,0.0,0.0,0.0,0.0,0.0,8365,G,1363,P
8366_01,Earth,False,TRAPPIST-1e,2.0,False,0.0,0.0,0.0,0.0,0.0,8366,G,1364,P
8366_02,Earth,False,TRAPPIST-1e,7.0,False,0.0,0.0,0.0,0.0,0.0,8366,G,734,S
8366_03,Earth,True,TRAPPIST-1e,2.0,False,0.0,0.0,0.0,0.0,0.0,8366,G,1364,P
8366_04,Earth,False,TRAPPIST-1e,19.0,False,0.0,0.0,0.0,,616.0,8366,G,1364,P
8366_05,Earth,,TRAPPIST-1e,1.0,False,0.0,0.0,0.0,0.0,0.0,8366,G,1364,P
8368_01,Earth,True,TRAPPIST-1e,4.0,False,0.0,0.0,0.0,0.0,0.0,8368,G,1365,P
8368_02,Earth,False,55 Cancri e,49.0,False,336.0,64.0,377.0,0.0,0.0,8368,F,1721,P
8369_01,Mars,True,TRAPPIST-1e,61.0,False,0.0,0.0,0.0,0.0,0.0,8369,F,1604,S
8369_02,Mars,False,TRAPPIST-1e,57.0,True,435.0,22.0,1435.0,4.0,0.0,8369,E,549,S
8371_01,Earth,False,55 Cancri e,52.0,False,0.0,0.0,638.0,115.0,0.0,8371,F,1605,S
8373_01,Earth,False,TRAPPIST-1e,22.0,False,1.0,2.0,243.0,0.0,484.0,8373,F,1606,S
8374_01,Europa,True,55 Cancri e,37.0,False,0.0,0.0,0.0,0.0,0.0,8374,G,734,S
8375_01,Earth,False,PSO J318.5-22,15.0,False,64.0,0.0,0.0,0.0,640.0,8375,G,734,S
8376_01,Mars,True,TRAPPIST-1e,28.0,False,0.0,0.0,0.0,0.0,0.0,8376,F,1607,S
8377_01,Mars,False,TRAPPIST-1e,40.0,False,963.0,14.0,320.0,1.0,0.0,8377,E,537,P
8378_01,Earth,False,TRAPPIST-1e,13.0,False,0.0,0.0,505.0,2810.0,9.0,8378,F,1608,S
8379_01,Earth,False,TRAPPIST-1e,24.0,False,462.0,0.0,0.0,0.0,240.0,8379,F,1609,S
8380_01,Earth,True,PSO J318.5-22,25.0,False,0.0,0.0,0.0,0.0,0.0,8380,G,1367,P
8381_01,Earth,False,TRAPPIST-1e,25.0,False,0.0,0.0,0.0,788.0,3.0,8381,E,550,S
8382_01,Europa,False,TRAPPIST-1e,43.0,False,0.0,7269.0,0.0,2750.0,2367.0,8382,C,277,P
8383_01,Earth,True,TRAPPIST-1e,46.0,False,0.0,0.0,0.0,0.0,0.0,8383,G,1368,P
8383_02,Earth,True,TRAPPIST-1e,3.0,False,0.0,0.0,0.0,0.0,0.0,8383,G,1368,P
8383_03,Earth,False,TRAPPIST-1e,3.0,False,0.0,0.0,0.0,0.0,0.0,8383,G,1368,P
8383_04,Earth,True,TRAPPIST-1e,3.0,False,0.0,0.0,0.0,0.0,0.0,8383,G,1368,P
8383_05,Earth,False,TRAPPIST-1e,8.0,,0.0,0.0,0.0,0.0,0.0,8383,G,1368,P
8383_06,Earth,False,TRAPPIST-1e,57.0,False,0.0,839.0,1.0,0.0,2.0,8383,G,1368,P
8383_07,Earth,False,TRAPPIST-1e,11.0,False,0.0,0.0,0.0,0.0,0.0,8383,G,1368,P
8384_01,Earth,False,TRAPPIST-1e,20.0,False,0.0,0.0,0.0,1535.0,0.0,8384,F,1722,P
8386_01,Earth,False,55 Cancri e,27.0,False,0.0,1283.0,0.0,2256.0,0.0,8386,G,1369,P
8388_01,Earth,False,TRAPPIST-1e,20.0,False,781.0,0.0,33.0,,0.0,8388,F,1724,P
8390_01,Earth,True,PSO J318.5-22,14.0,False,0.0,0.0,0.0,0.0,0.0,8390,G,1370,P
8392_01,Earth,False,PSO J318.5-22,24.0,False,86.0,669.0,1.0,0.0,0.0,8392,F,1610,S
8393_01,Earth,False,TRAPPIST-1e,21.0,False,163.0,146.0,54.0,245.0,95.0,8393,F,1725,P
8394_01,Europa,False,55 Cancri e,33.0,True,9.0,1365.0,0.0,5577.0,1483.0,8394,B,276,P
8395_01,Europa,False,TRAPPIST-1e,32.0,False,0.0,13.0,0.0,2148.0,319.0,8395,D,260,P
8397_01,Earth,False,PSO J318.5-22,22.0,False,2.0,104.0,404.0,0.0,0.0,8397,G,1371,P
8398_01,Europa,True,TRAPPIST-1e,15.0,False,0.0,0.0,0.0,0.0,0.0,8398,B,329,S
8398_02,Europa,True,,41.0,False,0.0,0.0,0.0,0.0,0.0,8398,B,329,S
8401_01,Europa,True,55 Cancri e,31.0,False,0.0,0.0,0.0,0.0,0.0,8401,C,315,S
8403_01,Europa,True,55 Cancri e,35.0,False,0.0,0.0,0.0,0.0,0.0,8403,C,316,S
8404_01,Earth,True,TRAPPIST-1e,48.0,False,0.0,0.0,0.0,,0.0,8404,G,1346,S
8404_02,Earth,True,TRAPPIST-1e,15.0,False,0.0,0.0,0.0,0.0,0.0,8404,G,1346,S
8405_01,Earth,False,TRAPPIST-1e,37.0,False,0.0,0.0,1025.0,0.0,0.0,8405,G,1372,P
8406_01,Mars,False,TRAPPIST-1e,21.0,False,1214.0,179.0,566.0,,619.0,8406,D,250,S
8407_01,Earth,False,TRAPPIST-1e,34.0,False,44.0,1290.0,51.0,0.0,9.0,8407,F,1613,S
8409_01,Earth,True,TRAPPIST-1e,19.0,False,0.0,0.0,0.0,0.0,0.0,8409,G,1373,P
8410_01,Earth,False,TRAPPIST-1e,52.0,False,289.0,302.0,0.0,112.0,0.0,8410,F,1615,S
8411_01,Earth,False,TRAPPIST-1e,15.0,False,0.0,3137.0,0.0,0.0,0.0,8411,F,1726,P
8414_01,Earth,False,TRAPPIST-1e,24.0,False,0.0,171.0,591.0,22.0,0.0,8414,G,1374,P
8416_01,Earth,False,TRAPPIST-1e,45.0,False,0.0,0.0,635.0,2.0,0.0,8416,E,553,S
8418_01,Europa,True,55 Cancri e,13.0,False,0.0,0.0,0.0,0.0,0.0,8418,B,330,S
8418_02,Europa,False,TRAPPIST-1e,18.0,False,0.0,0.0,0.0,206.0,2684.0,8418,B,330,S
8419_01,Earth,False,TRAPPIST-1e,19.0,False,0.0,168.0,481.0,0.0,0.0,8419,F,1618,S
8419_02,Earth,True,TRAPPIST-1e,20.0,False,0.0,0.0,0.0,0.0,0.0,8419,G,1349,S
8420_01,Earth,False,TRAPPIST-1e,20.0,False,4210.0,4.0,0.0,58.0,0.0,8420,E,554,S
8421_01,Earth,False,TRAPPIST-1e,27.0,False,1.0,30.0,739.0,0.0,33.0,8421,F,1619,S
8423_01,Earth,False,TRAPPIST-1e,22.0,False,0.0,0.0,6.0,0.0,733.0,8423,F,1620,S
8427_01,Earth,True,PSO J318.5-22,17.0,False,0.0,0.0,0.0,0.0,0.0,8427,G,1376,P
8429_01,Earth,True,55 Cancri e,23.0,False,0.0,0.0,0.0,0.0,0.0,8429,G,1351,S
8430_01,Earth,False,TRAPPIST-1e,29.0,False,324.0,0.0,546.0,0.0,0.0,8430,F,1621,S
8431_01,Europa,True,55 Cancri e,24.0,False,0.0,0.0,0.0,0.0,0.0,8431,B,277,P
8431_02,Europa,,55 Cancri e,26.0,False,1.0,4680.0,25.0,564.0,13.0,8431,B,277,P
8432_01,Earth,True,TRAPPIST-1e,36.0,False,0.0,0.0,0.0,0.0,0.0,8432,G,1377,P
8433_01,Earth,False,TRAPPIST-1e,25.0,False,341.0,608.0,2.0,2.0,16.0,8433,F,1729,P
8437_01,Earth,False,PSO J318.5-22,36.0,False,52.0,0.0,132.0,334.0,176.0,8437,G,734,S
8438_01,Mars,False,TRAPPIST-1e,32.0,False,725.0,0.0,1641.0,0.0,0.0,8438,F,1624,S
8441_01,Earth,True,55 Cancri e,16.0,False,0.0,0.0,0.0,0.0,0.0,8441,G,1352,S
8442_01,Mars,False,TRAPPIST-1e,32.0,False,857.0,158.0,0.0,33.0,0.0,8442,E,540,P
8444_01,Earth,False,TRAPPIST-1e,48.0,False,0.0,1570.0,1.0,0.0,2.0,8444,F,1733,P
8447_01,Earth,False,TRAPPIST-1e,25.0,False,1.0,0.0,1.0,14.0,1491.0,8447,F,1734,P
8448_01,Europa,True,55 Cancri e,46.0,False,0.0,0.0,0.0,0.0,,8448,B,278,P
8449_01,Europa,False,55 Cancri e,32.0,False,0.0,2154.0,0.0,9655.0,859.0,8449,C,317,S
8449_02,Europa,False,TRAPPIST-1e,50.0,False,0.0,3070.0,0.0,44.0,562.0,8449,C,317,S
8451_01,Mars,False,55 Cancri e,31.0,False,1997.0,0.0,0.0,0.0,0.0,8451,F,1625,S
8451_02,Mars,True,TRAPPIST-1e,27.0,False,0.0,0.0,0.0,0.0,0.0,8451,F,1625,S
8452_01,Europa,False,55 Cancri e,52.0,True,0.0,831.0,1536.0,0.0,7953.0,8452,C,279,P
8452_02,Europa,True,TRAPPIST-1e,34.0,False,0.0,0.0,0.0,0.0,0.0,8452,C,279,P
8452_03,Europa,True,55 Cancri e,40.0,False,0.0,0.0,0.0,0.0,0.0,8452,C,279,P
8452_04,Europa,False,TRAPPIST-1e,36.0,False,0.0,1055.0,18.0,1669.0,49.0,8452,C,279,P
8454_01,Earth,False,TRAPPIST-1e,19.0,False,112.0,0.0,265.0,396.0,0.0,8454,G,1354,S
8456_01,Europa,True,55 Cancri e,33.0,False,0.0,0.0,0.0,0.0,0.0,8456,C,280,P
8457_01,Earth,False,TRAPPIST-1e,23.0,False,29.0,0.0,,332.0,270.0,8457,F,1627,S
8458_01,Europa,False,55 Cancri e,57.0,False,0.0,4301.0,31.0,665.0,6329.0,8458,C,319,S
8458_02,Europa,True,55 Cancri e,24.0,False,0.0,0.0,0.0,0.0,0.0,8458,C,319,S
8458_03,Europa,True,55 Cancri e,19.0,False,0.0,0.0,0.0,0.0,0.0,8458,C,319,S
8458_04,Europa,True,TRAPPIST-1e,54.0,False,0.0,0.0,0.0,0.0,0.0,8458,C,319,S
8458_05,Europa,False,TRAPPIST-1e,28.0,False,1004.0,2423.0,0.0,0.0,17.0,8458,C,319,S
8458_06,Europa,False,TRAPPIST-1e,26.0,True,1.0,5610.0,0.0,5.0,119.0,8458,C,319,S
8459_01,Earth,True,PSO J318.5-22,43.0,False,0.0,0.0,0.0,0.0,0.0,8459,G,1355,S
8460_01,Earth,False,TRAPPIST-1e,39.0,False,0.0,21.0,63.0,677.0,0.0,8460,F,1628,S
8462_01,Earth,False,TRAPPIST-1e,21.0,False,32.0,640.0,0.0,0.0,0.0,8462,F,1629,S
8463_01,Earth,False,55 Cancri e,24.0,False,0.0,0.0,608.0,37.0,0.0,8463,F,1630,S
8465_01,Mars,False,TRAPPIST-1e,35.0,False,0.0,0.0,0.0,0.0,0.0,8465,E,542,P
8465_02,Mars,True,TRAPPIST-1e,61.0,False,0.0,0.0,0.0,0.0,0.0,8465,F,1736,P
8466_01,Earth,False,TRAPPIST-1e,21.0,False,0.0,5.0,0.0,687.0,10.0,8466,F,1737,P
8467_01,Earth,True,55 Cancri e,14.0,False,0.0,0.0,0.0,0.0,0.0,8467,G,1379,P
8468_01,Mars,False,55 Cancri e,38.0,False,1161.0,0.0,19.0,0.0,0.0,8468,D,263,P
8469_01,Earth,True,55 Cancri e,23.0,False,0.0,0.0,0.0,0.0,0.0,8469,G,1356,S
8470_01,Europa,,55 Cancri e,31.0,True,8243.0,280.0,0.0,3220.0,2285.0,8470,C,281,P
8471_01,Europa,False,55 Cancri e,66.0,True,0.0,1828.0,1.0,1873.0,45.0,8471,E,556,S
8472_01,Earth,True,TRAPPIST-1e,56.0,False,0.0,0.0,0.0,0.0,0.0,8472,G,1380,P
8474_01,Earth,,55 Cancri e,21.0,False,39.0,53.0,94.0,33.0,518.0,8474,F,1632,S
8475_01,Europa,False,55 Cancri e,49.0,False,0.0,2808.0,1083.0,110.0,1132.0,8475,B,331,S
8475_02,Europa,False,55 Cancri e,21.0,False,2.0,4887.0,64.0,4952.0,1734.0,8475,B,331,S
8476_01,Mars,False,TRAPPIST-1e,27.0,False,244.0,0.0,492.0,297.0,23.0,8476,D,252,S
8477_01,Earth,False,TRAPPIST-1e,23.0,False,0.0,1.0,51.0,1711.0,219.0,8477,F,1633,S
8479_01,Earth,False,TRAPPIST-1e,27.0,,0.0,0.0,0.0,716.0,0.0,8479,F,1738,P
8480_01,Earth,False,TRAPPIST-1e,49.0,False,188.0,0.0,143.0,1443.0,555.0,8480,G,1382,P
8480_02,Earth,False,TRAPPIST-1e,38.0,False,0.0,847.0,3.0,34.0,0.0,8480,G,1382,P
8481_01,Europa,True,TRAPPIST-1e,60.0,False,0.0,0.0,0.0,0.0,0.0,8481,B,332,S
8482_01,Earth,True,55 Cancri e,47.0,False,0.0,0.0,0.0,0.0,0.0,8482,G,1358,S
8483_01,Europa,True,TRAPPIST-1e,29.0,True,0.0,0.0,0.0,0.0,0.0,8483,D,253,S
8486_01,Earth,True,TRAPPIST-1e,19.0,False,0.0,0.0,0.0,0.0,0.0,8486,G,1360,S
8487_01,Europa,,55 Cancri e,32.0,True,65.0,,0.0,88.0,9811.0,8487,C,282,P
8489_01,Earth,True,PSO J318.5-22,22.0,False,,0.0,0.0,0.0,0.0,8489,G,1383,P
8491_01,Mars,False,55 Cancri e,35.0,False,319.0,0.0,6331.0,8.0,0.0,8491,F,1635,S
8492_01,Earth,False,TRAPPIST-1e,28.0,False,0.0,62.0,3.0,667.0,0.0,8492,F,1740,P
8493_01,Earth,True,PSO J318.5-22,22.0,False,0.0,0.0,0.0,0.0,0.0,8493,G,1384,P
8494_01,Mars,False,TRAPPIST-1e,42.0,False,770.0,0.0,1301.0,,0.0,8494,E,543,P
8495_01,Europa,False,55 Cancri e,37.0,False,18.0,4754.0,1.0,1254.0,2.0,8495,C,283,P
8500_01,Mars,False,TRAPPIST-1e,31.0,False,49.0,322.0,977.0,0.0,0.0,8500,F,1743,P
8502_01,Mars,False,TRAPPIST-1e,33.0,True,1264.0,1787.0,36.0,473.0,337.0,8502,D,254,S
8503_01,Europa,False,TRAPPIST-1e,48.0,False,3784.0,917.0,146.0,1770.0,880.0,8503,B,279,P
8503_02,Europa,False,TRAPPIST-1e,31.0,False,0.0,529.0,0.0,,3884.0,8503,B,279,P
8503_03,Europa,True,55 Cancri e,18.0,False,0.0,0.0,0.0,0.0,0.0,8503,B,279,P
8504_01,Earth,False,TRAPPIST-1e,44.0,False,0.0,0.0,2036.0,2.0,1.0,8504,F,1744,P
8504_02,Earth,True,55 Cancri e,22.0,False,0.0,0.0,0.0,0.0,0.0,8504,G,1385,P
8506_01,Earth,False,TRAPPIST-1e,18.0,False,490.0,0.0,54.0,195.0,0.0,8506,F,1746,P
8508_01,Mars,True,TRAPPIST-1e,48.0,False,0.0,0.0,0.0,0.0,0.0,8508,F,1747,P
8508_02,Mars,True,TRAPPIST-1e,2.0,False,0.0,0.0,0.0,0.0,0.0,8508,F,1747,P
8508_03,Mars,False,TRAPPIST-1e,0.0,False,0.0,0.0,0.0,0.0,0.0,8508,F,1747,P
8509_01,Earth,False,TRAPPIST-1e,43.0,False,21.0,0.0,863.0,0.0,0.0,8509,G,1364,S
8511_01,Earth,False,PSO J318.5-22,51.0,False,590.0,28.0,73.0,0.0,82.0,8511,G,1365,S
8512_01,Earth,False,55 Cancri e,48.0,False,0.0,717.0,0.0,0.0,10.0,8512,F,1637,S
8514_01,Mars,,TRAPPIST-1e,51.0,False,870.0,28.0,278.0,154.0,1288.0,8514,F,1748,P
8516_01,Earth,False,TRAPPIST-1e,20.0,False,,0.0,0.0,327.0,0.0,8516,F,1750,P
8521_01,Europa,False,TRAPPIST-1e,41.0,False,0.0,0.0,0.0,0.0,0.0,8521,A,102,S
8522_01,Earth,False,TRAPPIST-1e,27.0,False,3.0,,10.0,4.0,855.0,8522,F,1751,P
8523_01,Europa,False,55 Cancri e,56.0,False,53.0,3033.0,0.0,140.0,6102.0,8523,C,320,S
8524_01,Europa,True,55 Cancri e,26.0,False,0.0,0.0,0.0,0.0,0.0,8524,B,333,S
8528_01,Earth,False,TRAPPIST-1e,21.0,False,11.0,0.0,0.0,839.0,0.0,8528,G,1369,S
8530_01,Mars,False,TRAPPIST-1e,,False,2502.0,0.0,44.0,23.0,29.0,8530,F,1640,S
8535_01,Earth,False,55 Cancri e,23.0,False,348.0,210.0,0.0,0.0,1.0,8535,F,1642,S
8536_01,Europa,False,55 Cancri e,28.0,False,0.0,101.0,0.0,0.0,12143.0,8536,E,559,S
8537_01,Mars,True,TRAPPIST-1e,40.0,False,0.0,0.0,0.0,0.0,0.0,8537,F,1643,S
8537_02,Mars,False,TRAPPIST-1e,39.0,False,5327.0,0.0,290.0,0.0,0.0,8537,F,1643,S
8537_03,Mars,True,TRAPPIST-1e,16.0,,0.0,0.0,0.0,0.0,0.0,8537,F,1643,S
8539_01,Earth,False,TRAPPIST-1e,20.0,False,59.0,29.0,27.0,,0.0,8539,G,1372,S
8540_01,Earth,False,TRAPPIST-1e,24.0,False,686.0,0.0,13.0,0.0,0.0,8540,F,1645,S
8541_01,Mars,False,TRAPPIST-1e,45.0,True,1093.0,950.0,341.0,0.0,0.0,8541,D,266,P
8541_02,Mars,False,55 Cancri e,33.0,False,1914.0,5.0,0.0,0.0,228.0,8541,D,266,P
8542_01,Mars,True,TRAPPIST-1e,19.0,False,0.0,0.0,0.0,0.0,0.0,8542,E,544,P
8544_01,Earth,False,TRAPPIST-1e,15.0,False,114.0,161.0,22.0,419.0,0.0,8544,F,1647,S
8545_01,Earth,False,TRAPPIST-1e,18.0,False,0.0,0.0,7.0,717.0,0.0,8545,F,1753,P
8548_01,Earth,False,TRAPPIST-1e,21.0,False,129.0,106.0,280.0,183.0,18.0,8548,F,1755,P
8549_01,Mars,True,TRAPPIST-1e,37.0,False,0.0,0.0,0.0,0.0,0.0,8549,F,1648,S
8551_01,Europa,False,TRAPPIST-1e,53.0,False,0.0,847.0,,630.0,2060.0,8551,D,257,S
8552_01,Mars,False,TRAPPIST-1e,19.0,False,0.0,0.0,0.0,0.0,0.0,8552,E,545,P
8552_02,Mars,False,TRAPPIST-1e,17.0,False,387.0,0.0,28.0,2183.0,0.0,8552,F,1756,P
8554_01,Earth,False,PSO J318.5-22,58.0,False,487.0,0.0,195.0,0.0,7.0,8554,E,547,P
8556_01,Europa,False,TRAPPIST-1e,18.0,False,0.0,1878.0,0.0,18572.0,10028.0,8556,B,280,P
8556_02,Europa,False,55 Cancri e,25.0,True,0.0,3978.0,0.0,266.0,597.0,8556,B,280,P
8557_01,Europa,True,TRAPPIST-1e,39.0,False,0.0,0.0,0.0,0.0,0.0,8557,B,334,S
8557_02,Europa,True,55 Cancri e,40.0,False,0.0,0.0,0.0,0.0,0.0,8557,B,334,S
8559_01,Mars,False,TRAPPIST-1e,27.0,True,3.0,952.0,208.0,951.0,0.0,8559,E,548,P
8559_02,Mars,False,TRAPPIST-1e,3.0,False,0.0,0.0,0.0,0.0,0.0,8559,F,1758,P
8559_03,Mars,True,TRAPPIST-1e,18.0,False,0.0,0.0,0.0,0.0,0.0,8559,F,1758,P
8560_01,Earth,True,55 Cancri e,18.0,False,0.0,0.0,0.0,0.0,0.0,8560,G,1391,P
8561_01,Earth,True,PSO J318.5-22,29.0,False,0.0,0.0,,0.0,0.0,8561,G,1375,S
8566_01,Earth,False,TRAPPIST-1e,22.0,False,3.0,214.0,0.0,0.0,591.0,8566,G,1392,P
8569_01,Europa,False,TRAPPIST-1e,34.0,False,0.0,3636.0,0.0,70.0,27.0,8569,A,88,P
8570_01,Earth,True,PSO J318.5-22,19.0,False,0.0,0.0,0.0,0.0,0.0,8570,G,1377,S
8571_01,Mars,False,TRAPPIST-1e,26.0,False,5757.0,0.0,206.0,0.0,0.0,8571,F,1651,S
8572_01,Europa,False,TRAPPIST-1e,33.0,False,0.0,739.0,0.0,140.0,6901.0,8572,A,89,P
8573_01,Earth,False,TRAPPIST-1e,34.0,,10.0,4.0,1.0,0.0,791.0,8573,F,1652,S
8573_02,Earth,True,TRAPPIST-1e,18.0,False,0.0,0.0,0.0,0.0,0.0,8573,G,1378,S
8574_01,Mars,True,TRAPPIST-1e,40.0,False,0.0,0.0,0.0,0.0,0.0,8574,F,1653,S
8574_02,Mars,,,53.0,False,1042.0,0.0,2.0,1.0,11.0,8574,D,258,S
8574_03,Mars,True,TRAPPIST-1e,8.0,False,0.0,0.0,0.0,0.0,0.0,8574,F,1653,S
8574_04,Mars,False,TRAPPIST-1e,54.0,False,1763.0,0.0,11.0,0.0,0.0,8574,F,1653,S
8574_05,Mars,True,55 Cancri e,29.0,,0.0,0.0,0.0,0.0,0.0,8574,F,1653,S
8577_01,Mars,True,TRAPPIST-1e,56.0,False,0.0,0.0,0.0,0.0,0.0,8577,F,1654,S
8580_01,Earth,False,PSO J318.5-22,21.0,False,4.0,3.0,149.0,17.0,442.0,8580,G,1379,S
8581_01,Europa,True,TRAPPIST-1e,25.0,True,0.0,0.0,0.0,0.0,0.0,8581,C,323,S
8581_02,Europa,True,TRAPPIST-1e,33.0,False,0.0,0.0,0.0,0.0,0.0,8581,C,323,S
8584_01,Earth,False,TRAPPIST-1e,22.0,False,4.0,0.0,72.0,21.0,600.0,8584,F,1655,S
8585_01,Mars,False,TRAPPIST-1e,50.0,False,748.0,164.0,269.0,0.0,0.0,8585,D,259,S
8586_01,Mars,False,55 Cancri e,24.0,False,0.0,0.0,396.0,256.0,1482.0,8586,E,550,P
8587_01,,False,TRAPPIST-1e,25.0,False,637.0,0.0,89.0,312.0,2.0,8587,F,1763,P
8588_01,Mars,True,TRAPPIST-1e,59.0,False,0.0,0.0,0.0,0.0,0.0,8588,E,562,S
8589_01,Europa,False,55 Cancri e,26.0,False,6.0,728.0,0.0,1273.0,1116.0,8589,D,267,P
8592_01,Europa,False,TRAPPIST-1e,19.0,False,0.0,1406.0,0.0,4199.0,2123.0,8592,D,268,P
8594_01,Earth,False,TRAPPIST-1e,37.0,False,210.0,3.0,601.0,1.0,68.0,8594,G,1381,S
8595_01,Mars,True,TRAPPIST-1e,22.0,False,0.0,0.0,0.0,0.0,0.0,8595,E,551,P
8596_01,Europa,True,TRAPPIST-1e,44.0,False,0.0,0.0,0.0,0.0,0.0,8596,C,284,P
8596_02,Europa,True,55 Cancri e,25.0,False,0.0,0.0,0.0,0.0,0.0,8596,C,284,P
8597_01,Earth,True,TRAPPIST-1e,23.0,False,0.0,0.0,0.0,0.0,0.0,8597,G,1382,S
8598_01,Earth,False,55 Cancri e,6.0,,0.0,0.0,0.0,0.0,0.0,8598,G,1394,P
8598_02,Earth,True,PSO J318.5-22,39.0,False,0.0,0.0,0.0,0.0,0.0,8598,G,1394,P
8598_03,Earth,False,55 Cancri e,26.0,False,12.0,71.0,0.0,103.0,624.0,8598,G,734,S
8599_01,Earth,False,55 Cancri e,14.0,False,547.0,145.0,5.0,0.0,9.0,8599,G,1383,S
8602_01,Earth,True,TRAPPIST-1e,3.0,False,0.0,0.0,0.0,0.0,0.0,8602,G,1396,P
8602_02,Earth,False,PSO J318.5-22,21.0,,10.0,1028.0,3.0,2519.0,0.0,8602,G,1396,P
8602_03,Earth,True,,24.0,,0.0,0.0,0.0,0.0,0.0,8602,G,1396,P
8603_01,Earth,True,PSO J318.5-22,18.0,False,0.0,0.0,0.0,0.0,0.0,8603,G,734,S
8604_01,Mars,False,,37.0,False,50.0,0.0,343.0,2205.0,0.0,8604,F,1765,P
8604_02,Mars,True,TRAPPIST-1e,21.0,False,0.0,0.0,0.0,0.0,0.0,8604,F,1765,P
8605_01,Europa,False,TRAPPIST-1e,67.0,False,0.0,82.0,0.0,2279.0,293.0,8605,C,324,S
8605_02,Europa,True,TRAPPIST-1e,28.0,False,0.0,0.0,0.0,0.0,0.0,8605,G,734,S
8605_03,Europa,True,55 Cancri e,13.0,,0.0,0.0,0.0,0.0,0.0,8605,C,324,S
8605_04,Europa,False,TRAPPIST-1e,26.0,False,0.0,226.0,0.0,436.0,4051.0,8605,C,324,S
8605_05,Europa,True,55 Cancri e,33.0,False,0.0,0.0,0.0,0.0,0.0,8605,C,324,S
8606_01,Earth,True,TRAPPIST-1e,18.0,False,0.0,0.0,0.0,0.0,0.0,8606,G,1386,S
8606_02,Earth,False,TRAPPIST-1e,24.0,False,13.0,221.0,0.0,1154.0,0.0,8606,F,1658,S
8606_03,Earth,False,TRAPPIST-1e,26.0,False,0.0,0.0,148.0,551.0,89.0,8606,E,563,S
8607_01,Earth,False,PSO J318.5-22,21.0,False,0.0,2202.0,9.0,71.0,100.0,8607,G,1387,S
8609_01,Earth,False,TRAPPIST-1e,27.0,False,0.0,0.0,2.0,994.0,0.0,8609,E,564,S
8610_01,Earth,True,PSO J318.5-22,15.0,False,0.0,0.0,0.0,0.0,0.0,8610,G,1398,P
8611_01,Earth,False,55 Cancri e,24.0,False,2.0,644.0,0.0,0.0,0.0,8611,F,1766,P
8612_01,,False,TRAPPIST-1e,31.0,False,4.0,9.0,870.0,0.0,0.0,8612,G,1399,P
8613_01,Earth,False,TRAPPIST-1e,10.0,False,0.0,0.0,0.0,0.0,0.0,8613,G,1388,S
8614_01,Earth,False,TRAPPIST-1e,23.0,False,4.0,3.0,1785.0,0.0,0.0,8614,G,1400,P
8615_01,Earth,False,55 Cancri e,50.0,False,0.0,0.0,117.0,712.0,0.0,8615,E,565,S
8615_02,Earth,True,55 Cancri e,13.0,False,0.0,0.0,0.0,0.0,0.0,8615,G,1389,S
8616_01,Mars,False,TRAPPIST-1e,43.0,False,27.0,0.0,797.0,830.0,161.0,8616,F,1767,P
8616_02,Mars,True,55 Cancri e,20.0,False,0.0,0.0,0.0,0.0,0.0,8616,F,1767,P
8617_01,Earth,False,TRAPPIST-1e,21.0,False,11.0,1475.0,0.0,0.0,0.0,8617,F,1768,P
8618_01,Europa,False,55 Cancri e,18.0,False,0.0,694.0,0.0,0.0,1370.0,8618,B,336,S
8618_02,Europa,True,TRAPPIST-1e,16.0,False,0.0,0.0,0.0,0.0,0.0,8618,B,336,S
8619_01,Europa,False,TRAPPIST-1e,47.0,False,187.0,268.0,977.0,3441.0,236.0,8619,E,566,S
8620_01,Mars,False,TRAPPIST-1e,35.0,True,1234.0,35.0,7.0,0.0,0.0,8620,F,1659,S
8623_01,Earth,False,TRAPPIST-1e,15.0,False,9.0,731.0,85.0,0.0,537.0,8623,G,734,S
8624_01,Earth,False,TRAPPIST-1e,46.0,False,135.0,0.0,0.0,0.0,928.0,8624,F,1661,S
8624_02,Earth,True,TRAPPIST-1e,6.0,,0.0,0.0,0.0,0.0,0.0,8624,G,1390,S
8626_01,Earth,False,TRAPPIST-1e,26.0,False,1.0,0.0,1.0,15.0,854.0,8626,F,1770,P
8628_01,Earth,False,PSO J318.5-22,49.0,False,0.0,18.0,0.0,0.0,686.0,8628,F,1664,S
8629_01,Earth,True,TRAPPIST-1e,28.0,False,0.0,0.0,0.0,0.0,0.0,8629,G,1391,S
8631_01,Mars,True,TRAPPIST-1e,37.0,False,0.0,0.0,0.0,0.0,0.0,8631,E,553,P
8633_01,Earth,False,TRAPPIST-1e,17.0,False,2.0,33.0,97.0,553.0,,8633,F,1665,S
8634_01,Earth,False,TRAPPIST-1e,38.0,False,1739.0,0.0,0.0,83.0,0.0,8634,G,1392,S
8635_01,Earth,False,TRAPPIST-1e,18.0,False,224.0,0.0,0.0,0.0,1384.0,8635,E,554,P
8636_01,Mars,True,TRAPPIST-1e,55.0,False,0.0,0.0,0.0,0.0,0.0,8636,F,1772,P
8637_01,,True,TRAPPIST-1e,28.0,False,0.0,0.0,0.0,0.0,0.0,8637,F,1773,P
8637_02,Mars,False,TRAPPIST-1e,25.0,False,987.0,0.0,6221.0,141.0,0.0,8637,F,1773,P
8637_03,Mars,False,TRAPPIST-1e,17.0,,330.0,1.0,967.0,0.0,0.0,8637,E,555,P
8638_01,Earth,True,TRAPPIST-1e,22.0,False,0.0,0.0,0.0,0.0,0.0,8638,G,1402,P
8638_02,Earth,False,TRAPPIST-1e,4.0,False,0.0,0.0,0.0,0.0,0.0,8638,G,1402,P
8638_03,Earth,False,55 Cancri e,3.0,False,0.0,0.0,0.0,0.0,0.0,8638,G,1402,P
8639_01,Mars,True,TRAPPIST-1e,21.0,False,0.0,0.0,0.0,0.0,0.0,8639,E,567,S
8639_02,Mars,False,TRAPPIST-1e,24.0,False,1455.0,2207.0,163.0,2354.0,0.0,8639,D,260,S
8640_01,Earth,False,,50.0,False,133.0,0.0,525.0,0.0,31.0,8640,F,1666,S
8641_01,Mars,False,TRAPPIST-1e,3.0,False,0.0,0.0,0.0,0.0,0.0,8641,F,1667,S
8641_02,Mars,False,TRAPPIST-1e,19.0,False,1146.0,0.0,3.0,0.0,0.0,8641,F,1667,S
8641_03,Mars,True,TRAPPIST-1e,22.0,False,0.0,0.0,0.0,0.0,0.0,8641,F,1667,S
8642_01,Earth,False,PSO J318.5-22,20.0,False,0.0,4.0,0.0,0.0,625.0,8642,F,1774,P
8643_01,Mars,False,TRAPPIST-1e,18.0,False,2048.0,0.0,2.0,848.0,0.0,8643,F,1775,P
8644_01,Earth,False,TRAPPIST-1e,27.0,False,20.0,0.0,11.0,0.0,848.0,8644,F,1668,S
8644_02,Earth,False,TRAPPIST-1e,29.0,False,0.0,0.0,0.0,0.0,1972.0,8644,F,1668,S
8645_01,Earth,False,55 Cancri e,23.0,False,1.0,26.0,1908.0,318.0,0.0,8645,F,1776,P
8646_01,Europa,True,TRAPPIST-1e,48.0,False,0.0,0.0,0.0,0.0,0.0,8646,C,325,S
8646_02,Europa,False,TRAPPIST-1e,32.0,False,0.0,1285.0,0.0,3030.0,334.0,8646,C,325,S
8646_03,Europa,True,TRAPPIST-1e,55.0,False,0.0,0.0,0.0,0.0,0.0,8646,C,325,S
8646_04,Europa,False,55 Cancri e,49.0,False,3.0,1108.0,2.0,5775.0,1964.0,8646,C,325,S
8650_01,Earth,True,TRAPPIST-1e,15.0,False,0.0,0.0,0.0,0.0,0.0,8650,G,1404,P
8653_01,Earth,True,TRAPPIST-1e,50.0,False,0.0,0.0,0.0,0.0,0.0,8653,G,1393,S
8654_01,Earth,False,TRAPPIST-1e,35.0,False,777.0,0.0,23.0,0.0,61.0,8654,F,1779,P
8656_01,Europa,False,TRAPPIST-1e,29.0,False,0.0,4455.0,0.0,1663.0,4435.0,8656,A,103,S
8656_02,Europa,False,55 Cancri e,38.0,True,0.0,1298.0,0.0,1841.0,1547.0,8656,A,103,S
8656_03,Europa,True,55 Cancri e,29.0,True,0.0,0.0,0.0,0.0,0.0,8656,A,103,S
8657_01,Mars,False,TRAPPIST-1e,39.0,False,200.0,0.0,1083.0,65.0,0.0,8657,F,1780,P
8658_01,Mars,False,TRAPPIST-1e,49.0,False,0.0,1.0,1364.0,226.0,0.0,8658,E,568,S
8658_02,Mars,False,TRAPPIST-1e,39.0,False,345.0,0.0,848.0,0.0,116.0,8658,F,1673,S
8659_01,Earth,False,TRAPPIST-1e,19.0,False,125.0,556.0,23.0,0.0,0.0,8659,F,1781,P
8661_01,Earth,False,TRAPPIST-1e,19.0,False,886.0,0.0,0.0,1587.0,12.0,8661,F,1675,S
8663_01,Earth,False,TRAPPIST-1e,14.0,False,450.0,4791.0,896.0,0.0,0.0,8663,G,1394,S
8663_02,Earth,True,55 Cancri e,40.0,,0.0,0.0,0.0,0.0,0.0,8663,G,734,S
8664_01,Earth,False,TRAPPIST-1e,40.0,False,909.0,0.0,0.0,0.0,0.0,8664,G,1395,S
8667_01,Mars,False,TRAPPIST-1e,20.0,False,733.0,0.0,455.0,,0.0,8667,F,1676,S
8668_01,Mars,True,TRAPPIST-1e,6.0,False,0.0,0.0,0.0,0.0,0.0,8668,F,1783,P
8668_02,Mars,False,TRAPPIST-1e,41.0,False,806.0,16.0,125.0,1008.0,0.0,8668,D,269,P
8668_03,Mars,False,TRAPPIST-1e,37.0,False,0.0,0.0,0.0,0.0,0.0,8668,E,556,P
8669_01,Earth,False,TRAPPIST-1e,31.0,False,949.0,0.0,22.0,0.0,0.0,8669,F,1677,S
8669_02,Earth,False,TRAPPIST-1e,8.0,False,0.0,0.0,0.0,0.0,0.0,8669,G,1397,S
8669_03,Earth,False,TRAPPIST-1e,55.0,False,506.0,0.0,456.0,0.0,0.0,8669,F,1677,S
8670_01,Earth,True,PSO J318.5-22,16.0,False,0.0,0.0,0.0,0.0,0.0,8670,G,1398,S
8671_01,Europa,False,55 Cancri e,29.0,False,1.0,764.0,1.0,265.0,1539.0,8671,A,90,P
8672_01,Earth,False,TRAPPIST-1e,40.0,False,21.0,155.0,0.0,267.0,0.0,8672,G,1406,P
8673_01,Europa,True,,27.0,False,0.0,0.0,0.0,0.0,0.0,8673,C,285,P
8674_01,Mars,False,TRAPPIST-1e,21.0,False,4924.0,0.0,49.0,2.0,0.0,8674,F,1784,P
8675_01,Europa,True,TRAPPIST-1e,25.0,,0.0,0.0,0.0,0.0,0.0,8675,B,281,P
8680_01,Mars,False,TRAPPIST-1e,44.0,False,,971.0,700.0,0.0,0.0,8680,F,1786,P
8681_01,Mars,False,TRAPPIST-1e,34.0,False,368.0,499.0,1729.0,0.0,2.0,8681,F,1787,P
8681_02,Mars,False,TRAPPIST-1e,1.0,False,0.0,0.0,0.0,0.0,0.0,8681,F,1787,P
8681_03,Mars,False,TRAPPIST-1e,1.0,False,0.0,0.0,0.0,0.0,0.0,8681,F,1787,P
8683_01,Earth,False,PSO J318.5-22,42.0,False,51.0,6.0,87.0,21.0,404.0,8683,F,1679,S
8684_01,Earth,False,TRAPPIST-1e,18.0,False,1.0,1.0,0.0,226.0,488.0,8684,F,1788,P
8685_01,Earth,True,55 Cancri e,21.0,False,0.0,0.0,0.0,0.0,0.0,8685,G,1400,S
8687_01,Earth,False,TRAPPIST-1e,24.0,False,0.0,,594.0,95.0,0.0,8687,F,1680,S
8688_01,Earth,False,TRAPPIST-1e,,False,0.0,0.0,0.0,595.0,0.0,8688,F,1681,S
8691_01,Earth,True,PSO J318.5-22,18.0,False,0.0,0.0,0.0,0.0,0.0,8691,G,1409,P
8693_01,Earth,True,PSO J318.5-22,27.0,False,0.0,0.0,0.0,0.0,0.0,8693,G,1410,P
8694_01,Earth,True,TRAPPIST-1e,13.0,False,0.0,0.0,0.0,0.0,0.0,8694,G,1411,P
8694_02,Earth,False,TRAPPIST-1e,10.0,False,0.0,0.0,0.0,0.0,0.0,8694,G,1411,P
8694_03,Earth,True,TRAPPIST-1e,8.0,False,0.0,0.0,0.0,0.0,0.0,8694,G,1411,P
8695_01,Mars,False,TRAPPIST-1e,40.0,False,76.0,0.0,1169.0,0.0,64.0,8695,F,1683,S
8696_01,Europa,True,PSO J318.5-22,35.0,False,0.0,0.0,0.0,0.0,0.0,8696,C,326,S
8700_01,Mars,False,TRAPPIST-1e,13.0,False,217.0,7.0,928.0,0.0,728.0,8700,F,1684,S
8701_01,Mars,False,55 Cancri e,19.0,False,203.0,0.0,172.0,1460.0,151.0,8701,F,1789,P
8703_01,Earth,False,TRAPPIST-1e,44.0,False,84.0,0.0,308.0,0.0,1179.0,8703,F,1685,S
8704_01,Mars,True,TRAPPIST-1e,36.0,,0.0,0.0,0.0,0.0,0.0,8704,F,1686,S
8704_02,Mars,False,,29.0,False,2239.0,0.0,146.0,0.0,0.0,8704,D,264,S
8708_01,Earth,False,PSO J318.5-22,28.0,False,679.0,0.0,0.0,0.0,0.0,8708,G,1413,P
8709_01,Earth,False,TRAPPIST-1e,36.0,False,0.0,98.0,456.0,277.0,70.0,8709,F,1687,S
8710_01,Earth,False,PSO J318.5-22,24.0,,312.0,227.0,50.0,0.0,0.0,8710,F,1688,S
8712_01,Mars,True,TRAPPIST-1e,14.0,,0.0,0.0,0.0,0.0,0.0,8712,F,1792,P
8714_01,Mars,False,TRAPPIST-1e,50.0,False,1584.0,0.0,36.0,104.0,0.0,8714,D,270,P
8716_01,Earth,False,PSO J318.5-22,20.0,False,426.0,0.0,220.0,2.0,0.0,8716,F,1793,P
8717_01,Earth,False,TRAPPIST-1e,38.0,False,139.0,9.0,0.0,0.0,582.0,8717,F,1689,S
8719_01,Europa,False,TRAPPIST-1e,33.0,True,0.0,3076.0,0.0,3.0,994.0,8719,A,104,S
8719_02,Europa,False,55 Cancri e,54.0,False,0.0,1821.0,2370.0,949.0,46.0,8719,A,104,S
8719_03,Europa,,55 Cancri e,20.0,False,0.0,0.0,0.0,0.0,0.0,8719,A,104,S
8720_01,Earth,False,55 Cancri e,23.0,False,0.0,247.0,1063.0,36.0,0.0,8720,F,1690,S
8721_01,Europa,True,55 Cancri e,65.0,False,0.0,0.0,0.0,0.0,0.0,8721,B,337,S
8722_01,Mars,True,TRAPPIST-1e,51.0,False,0.0,0.0,0.0,0.0,0.0,8722,E,558,P
8722_02,Mars,False,TRAPPIST-1e,36.0,False,2002.0,0.0,10.0,87.0,0.0,8722,E,558,P
8723_01,Earth,False,TRAPPIST-1e,38.0,False,32.0,1163.0,0.0,52.0,1935.0,8723,F,1794,P
8727_01,Earth,False,55 Cancri e,28.0,False,34.0,0.0,0.0,0.0,658.0,8727,F,1797,P
8728_01,Earth,,TRAPPIST-1e,32.0,False,258.0,500.0,3.0,15.0,128.0,8728,F,1798,P
8728_02,Earth,False,TRAPPIST-1e,55.0,False,694.0,0.0,1.0,87.0,0.0,8728,G,1416,P
8728_03,Earth,False,TRAPPIST-1e,23.0,False,1254.0,0.0,45.0,0.0,0.0,8728,F,1798,P
8728_04,Earth,False,PSO J318.5-22,38.0,False,647.0,23.0,1.0,0.0,0.0,8728,F,1798,P
8728_05,Earth,True,55 Cancri e,18.0,False,0.0,0.0,0.0,0.0,0.0,8728,G,1416,P
8728_06,Earth,True,PSO J318.5-22,32.0,False,0.0,0.0,0.0,0.0,0.0,8728,G,1416,P
8728_07,Earth,False,TRAPPIST-1e,44.0,False,266.0,3.0,2.0,0.0,748.0,8728,G,734,S
8728_08,Earth,False,TRAPPIST-1e,62.0,False,0.0,592.0,164.0,0.0,0.0,8728,G,1416,P
8729_01,Europa,False,TRAPPIST-1e,66.0,False,354.0,2639.0,0.0,1180.0,0.0,8729,E,559,P
8729_02,Europa,False,TRAPPIST-1e,20.0,False,,7759.0,18.0,4925.0,12685.0,8729,E,559,P
8732_01,Earth,False,TRAPPIST-1e,19.0,False,193.0,251.0,0.0,165.0,0.0,8732,F,1691,S
8733_01,Earth,False,TRAPPIST-1e,,False,22.0,226.0,0.0,0.0,633.0,8733,G,1406,S
8734_01,Earth,False,PSO J318.5-22,25.0,False,,0.0,707.0,1.0,0.0,8734,G,1417,P
8735_01,Earth,False,TRAPPIST-1e,20.0,False,227.0,0.0,1.0,0.0,707.0,8735,F,1799,P
8736_01,Mars,True,TRAPPIST-1e,18.0,False,0.0,0.0,0.0,0.0,0.0,8736,F,1800,P
8736_02,Mars,False,TRAPPIST-1e,20.0,False,,2.0,289.0,976.0,0.0,8736,F,1800,P
8741_01,Europa,True,TRAPPIST-1e,14.0,False,0.0,0.0,0.0,0.0,0.0,8741,A,91,P
8741_02,Europa,False,55 Cancri e,49.0,False,0.0,3853.0,0.0,245.0,178.0,8741,A,91,P
8741_03,Europa,False,TRAPPIST-1e,49.0,False,4.0,44.0,1401.0,1043.0,0.0,8741,A,91,P
8743_01,Earth,,55 Cancri e,19.0,False,179.0,16.0,246.0,280.0,0.0,8743,F,1802,P
8744_01,Earth,False,TRAPPIST-1e,53.0,False,1613.0,0.0,0.0,0.0,7.0,8744,E,570,S
8749_01,Mars,False,TRAPPIST-1e,31.0,False,947.0,83.0,19.0,0.0,0.0,8749,E,562,P
8750_01,Earth,False,TRAPPIST-1e,18.0,False,24.0,753.0,0.0,0.0,0.0,8750,F,1804,P
8751_01,Earth,False,TRAPPIST-1e,24.0,False,0.0,0.0,124.0,4.0,471.0,8751,F,1694,S
8752_01,Mars,False,TRAPPIST-1e,35.0,False,2758.0,0.0,1.0,0.0,0.0,8752,D,272,P
8753_01,Earth,False,TRAPPIST-1e,27.0,False,0.0,0.0,0.0,545.0,89.0,8753,F,1805,P
8753_02,Earth,False,TRAPPIST-1e,38.0,False,22.0,9.0,40.0,732.0,0.0,8753,F,1805,P
8753_03,Earth,False,TRAPPIST-1e,23.0,False,0.0,0.0,9.0,69.0,1157.0,8753,F,1805,P
8754_01,Earth,False,TRAPPIST-1e,22.0,False,151.0,,613.0,6.0,0.0,8754,G,1408,S
8755_01,Europa,True,55 Cancri e,38.0,False,0.0,0.0,0.0,0.0,0.0,8755,D,265,S
8757_01,Earth,False,TRAPPIST-1e,28.0,False,1.0,1484.0,210.0,0.0,5.0,8757,G,1409,S
8759_01,Mars,False,TRAPPIST-1e,25.0,False,520.0,0.0,139.0,0.0,77.0,8759,F,1695,S
8759_02,Mars,False,TRAPPIST-1e,45.0,False,74.0,0.0,0.0,1130.0,22.0,8759,F,1695,S
8760_01,Earth,False,,22.0,False,804.0,0.0,0.0,0.0,0.0,8760,F,1696,S
8762_01,Earth,False,TRAPPIST-1e,30.0,False,32.0,180.0,497.0,0.0,99.0,8762,G,1410,S
8764_01,Mars,True,55 Cancri e,25.0,False,0.0,0.0,0.0,0.0,0.0,8764,F,1697,S
8766_01,Mars,True,TRAPPIST-1e,24.0,False,0.0,0.0,0.0,0.0,0.0,8766,F,1807,P
8769_01,Mars,False,TRAPPIST-1e,44.0,False,1.0,0.0,2080.0,11.0,0.0,8769,F,1700,S
8770_01,Earth,False,TRAPPIST-1e,6.0,False,0.0,0.0,0.0,0.0,0.0,8770,F,1808,P
8770_02,Earth,True,TRAPPIST-1e,0.0,False,0.0,0.0,0.0,0.0,0.0,8770,F,1808,P
8770_03,Earth,False,PSO J318.5-22,14.0,False,476.0,14.0,0.0,328.0,8.0,8770,G,734,S
8770_04,Earth,False,TRAPPIST-1e,37.0,False,0.0,0.0,11.0,1028.0,7.0,8770,F,1808,P
8770_05,Earth,False,TRAPPIST-1e,15.0,False,0.0,912.0,82.0,5.0,0.0,8770,F,1808,P
8770_06,Earth,False,TRAPPIST-1e,0.0,False,0.0,0.0,0.0,0.0,0.0,8770,F,1808,P
8770_07,Earth,False,TRAPPIST-1e,17.0,False,0.0,810.0,66.0,0.0,0.0,8770,F,1808,P
8771_01,Earth,False,TRAPPIST-1e,58.0,False,0.0,805.0,3.0,3.0,0.0,8771,G,1421,P
8772_01,Europa,True,55 Cancri e,15.0,False,0.0,0.0,0.0,0.0,0.0,8772,B,339,S
8772_02,Europa,False,55 Cancri e,53.0,False,0.0,1127.0,0.0,3939.0,,8772,G,734,S
8773_01,Mars,False,TRAPPIST-1e,29.0,False,257.0,0.0,782.0,8.0,3.0,8773,D,274,P
8774_01,Earth,True,TRAPPIST-1e,24.0,False,0.0,0.0,0.0,0.0,0.0,8774,G,1412,S
8776_01,Earth,False,TRAPPIST-1e,40.0,False,0.0,0.0,286.0,6.0,570.0,8776,E,574,S
8779_01,Earth,False,55 Cancri e,21.0,False,2.0,,0.0,634.0,0.0,8779,G,1413,S
8780_01,Earth,False,TRAPPIST-1e,30.0,False,0.0,114.0,0.0,726.0,67.0,8780,G,1414,S
8781_01,Earth,False,TRAPPIST-1e,20.0,False,0.0,91.0,2.0,623.0,93.0,8781,G,1415,S
8782_01,Mars,True,TRAPPIST-1e,20.0,False,0.0,0.0,0.0,0.0,,8782,F,1701,S
8783_01,Mars,False,,18.0,False,697.0,0.0,25.0,0.0,61.0,8783,D,276,P
8783_02,Mars,True,TRAPPIST-1e,36.0,False,0.0,0.0,0.0,0.0,0.0,8783,D,276,P
8785_01,Earth,False,TRAPPIST-1e,20.0,False,874.0,0.0,80.0,,0.0,8785,F,1810,P
8785_02,Earth,False,TRAPPIST-1e,4.0,False,0.0,0.0,0.0,0.0,0.0,8785,G,1422,P
8786_01,Europa,True,55 Cancri e,59.0,False,0.0,0.0,0.0,0.0,0.0,8786,B,284,P
8787_01,Earth,False,TRAPPIST-1e,20.0,False,11.0,0.0,0.0,843.0,0.0,8787,G,1416,S
8789_01,Earth,False,55 Cancri e,4.0,False,0.0,0.0,0.0,0.0,0.0,8789,G,1417,S
8789_02,Earth,False,TRAPPIST-1e,23.0,False,0.0,565.0,0.0,35.0,188.0,8789,E,576,S
8790_01,Europa,False,55 Cancri e,25.0,False,698.0,4978.0,0.0,146.0,0.0,8790,D,277,P
8791_01,Earth,False,PSO J318.5-22,20.0,False,0.0,571.0,82.0,0.0,0.0,8791,F,1812,P
8794_01,Earth,False,TRAPPIST-1e,22.0,False,0.0,0.0,637.0,0.0,50.0,8794,E,563,P
8796_01,Earth,False,TRAPPIST-1e,6.0,False,0.0,0.0,0.0,0.0,0.0,8796,G,1418,S
8796_02,Earth,False,TRAPPIST-1e,14.0,False,588.0,144.0,1.0,0.0,168.0,8796,F,1704,S
8796_03,Earth,True,TRAPPIST-1e,0.0,False,,0.0,0.0,0.0,0.0,8796,G,1418,S
8796_04,Earth,True,TRAPPIST-1e,4.0,False,0.0,0.0,0.0,0.0,0.0,8796,G,1418,S
8796_05,Earth,False,TRAPPIST-1e,37.0,False,63.0,0.0,0.0,0.0,661.0,8796,F,1704,S
8796_06,Earth,False,TRAPPIST-1e,14.0,False,0.0,1427.0,148.0,0.0,7.0,8796,F,1704,S
8796_07,Earth,False,TRAPPIST-1e,34.0,False,14.0,748.0,0.0,41.0,0.0,8796,F,1704,S
8796_08,Earth,True,55 Cancri e,3.0,False,0.0,0.0,0.0,0.0,0.0,8796,G,1418,S
8797_01,Earth,False,PSO J318.5-22,18.0,False,0.0,3.0,110.0,588.0,0.0,8797,F,1705,S
8798_01,Earth,False,TRAPPIST-1e,27.0,False,1771.0,0.0,242.0,0.0,37.0,8798,F,1706,S
8799_01,Earth,False,TRAPPIST-1e,19.0,False,0.0,0.0,855.0,11.0,42.0,8799,G,1419,S
8801_01,Earth,False,TRAPPIST-1e,37.0,False,10.0,557.0,51.0,83.0,0.0,8801,F,1707,S
8802_01,Europa,True,TRAPPIST-1e,29.0,False,0.0,0.0,0.0,0.0,0.0,8802,D,266,S
8805_01,Earth,False,PSO J318.5-22,37.0,False,570.0,0.0,7.0,107.0,0.0,8805,F,1815,P
8806_01,Mars,False,TRAPPIST-1e,32.0,False,81.0,0.0,1363.0,0.0,0.0,8806,F,1708,S
8807_01,Earth,False,PSO J318.5-22,22.0,False,0.0,0.0,0.0,617.0,0.0,8807,G,1420,S
8808_01,Earth,False,TRAPPIST-1e,38.0,False,0.0,2532.0,0.0,204.0,0.0,8808,F,1816,P
8809_01,Earth,False,TRAPPIST-1e,24.0,False,0.0,0.0,0.0,2019.0,117.0,8809,F,1817,P
8811_01,Earth,False,PSO J318.5-22,63.0,False,0.0,0.0,80.0,0.0,2322.0,8811,E,577,S
8812_01,Mars,True,TRAPPIST-1e,23.0,False,0.0,0.0,0.0,0.0,0.0,8812,E,564,P
8813_01,Earth,False,PSO J318.5-22,41.0,False,413.0,0.0,0.0,7.0,347.0,8813,G,1421,S
8815_01,Earth,False,55 Cancri e,20.0,False,0.0,0.0,0.0,335.0,957.0,8815,F,1818,P
8816_01,Europa,True,TRAPPIST-1e,48.0,False,0.0,0.0,0.0,0.0,,8816,B,340,S
8816_02,,True,55 Cancri e,44.0,False,0.0,0.0,0.0,0.0,0.0,8816,B,340,S
8816_03,Europa,True,55 Cancri e,15.0,False,0.0,0.0,0.0,0.0,0.0,8816,B,340,S
8816_04,Europa,True,55 Cancri e,29.0,False,0.0,0.0,0.0,0.0,0.0,8816,B,340,S
8816_05,Europa,False,TRAPPIST-1e,64.0,,0.0,1770.0,0.0,4111.0,180.0,8816,B,340,S
8817_01,Earth,False,TRAPPIST-1e,19.0,False,586.0,10.0,0.0,30.0,0.0,8817,G,1426,P
8818_01,Earth,True,PSO J318.5-22,28.0,False,0.0,0.0,0.0,0.0,0.0,8818,G,1427,P
8819_01,Earth,False,TRAPPIST-1e,44.0,False,857.0,0.0,1.0,8.0,17.0,8819,G,1428,P
8820_01,Earth,True,TRAPPIST-1e,13.0,False,0.0,0.0,0.0,0.0,0.0,8820,G,1429,P
8821_01,Earth,False,TRAPPIST-1e,45.0,False,198.0,454.0,1.0,0.0,4.0,8821,E,565,P
8822_01,Europa,False,55 Cancri e,25.0,False,0.0,145.0,1359.0,492.0,205.0,8822,A,92,P
8823_01,Mars,True,TRAPPIST-1e,19.0,False,0.0,0.0,0.0,0.0,0.0,8823,F,1710,S
8824_01,Earth,False,TRAPPIST-1e,29.0,False,128.0,0.0,130.0,132.0,473.0,8824,F,1819,P
8825_01,Earth,True,55 Cancri e,21.0,False,0.0,0.0,0.0,0.0,0.0,8825,G,1422,S
8826_01,Europa,False,55 Cancri e,13.0,False,1212.0,4485.0,0.0,4016.0,57.0,8826,C,290,P
8826_02,Europa,False,55 Cancri e,25.0,False,1369.0,310.0,3.0,4502.0,377.0,8826,C,290,P
8826_03,Europa,False,TRAPPIST-1e,46.0,False,1384.0,229.0,0.0,1572.0,1.0,8826,C,290,P
8827_01,Earth,False,55 Cancri e,37.0,False,88.0,0.0,719.0,88.0,0.0,8827,F,1820,P
8828_01,Earth,False,55 Cancri e,19.0,,0.0,6.0,0.0,0.0,1179.0,8828,F,1711,S
8830_01,Mars,False,TRAPPIST-1e,29.0,False,230.0,0.0,1404.0,464.0,0.0,8830,E,578,S
8830_02,Mars,True,TRAPPIST-1e,21.0,False,0.0,0.0,0.0,0.0,0.0,8830,F,1712,S
8831_01,Mars,True,TRAPPIST-1e,13.0,False,0.0,0.0,0.0,0.0,0.0,8831,F,1713,S
8833_01,Earth,True,55 Cancri e,15.0,False,0.0,0.0,0.0,0.0,0.0,8833,G,1424,S
8834_01,Earth,False,TRAPPIST-1e,42.0,False,4.0,0.0,0.0,0.0,792.0,8834,F,1715,S
8835_01,Earth,True,TRAPPIST-1e,,False,0.0,0.0,0.0,0.0,0.0,8835,G,1425,S
8836_01,Earth,False,TRAPPIST-1e,26.0,False,903.0,0.0,182.0,0.0,27.0,8836,F,1821,P
8836_02,Earth,True,TRAPPIST-1e,19.0,False,0.0,0.0,0.0,0.0,0.0,8836,G,1430,P
8838_01,Earth,False,TRAPPIST-1e,18.0,,0.0,181.0,628.0,0.0,0.0,8838,G,1431,P
8840_01,Earth,False,55 Cancri e,50.0,False,0.0,433.0,4.0,0.0,2020.0,8840,F,1716,S
8841_01,Mars,True,TRAPPIST-1e,28.0,False,0.0,0.0,0.0,0.0,0.0,8841,F,1822,P
8842_01,Europa,False,TRAPPIST-1e,24.0,False,3.0,2910.0,0.0,112.0,36.0,8842,D,267,S
8843_01,Europa,False,TRAPPIST-1e,31.0,False,,927.0,0.0,2760.0,1.0,8843,C,327,S
8844_01,Earth,False,55 Cancri e,19.0,False,0.0,0.0,717.0,1.0,0.0,8844,E,579,S
8845_01,Earth,False,TRAPPIST-1e,20.0,False,735.0,0.0,0.0,41.0,1.0,8845,F,1823,P
8845_02,Earth,False,TRAPPIST-1e,23.0,False,0.0,1204.0,40.0,0.0,375.0,8845,E,566,P
8848_01,,False,TRAPPIST-1e,19.0,False,1037.0,0.0,40.0,0.0,0.0,8848,F,1824,P
8849_01,Earth,True,55 Cancri e,27.0,False,0.0,0.0,,0.0,,8849,G,1427,S
8850_01,Mars,False,TRAPPIST-1e,16.0,False,1032.0,0.0,267.0,0.0,0.0,8850,E,580,S
8852_01,Mars,True,TRAPPIST-1e,76.0,False,0.0,0.0,0.0,0.0,0.0,8852,D,278,P
8852_02,Mars,False,TRAPPIST-1e,41.0,True,22.0,484.0,354.0,0.0,0.0,8852,D,278,P
8853_01,Earth,False,PSO J318.5-22,24.0,False,726.0,3488.0,200.0,17.0,275.0,8853,G,1433,P
8854_01,Earth,True,TRAPPIST-1e,12.0,False,0.0,0.0,0.0,0.0,0.0,8854,G,1429,S
8856_01,Earth,True,PSO J318.5-22,28.0,False,0.0,0.0,0.0,0.0,0.0,8856,G,1434,P
8858_01,Europa,False,TRAPPIST-1e,36.0,True,0.0,0.0,0.0,0.0,0.0,8858,B,285,P
8860_01,Mars,True,TRAPPIST-1e,20.0,False,0.0,0.0,0.0,0.0,0.0,8860,F,1825,P
8860_02,,True,TRAPPIST-1e,7.0,False,0.0,0.0,0.0,0.0,0.0,8860,F,1825,P
8860_03,Mars,True,TRAPPIST-1e,21.0,False,0.0,0.0,0.0,0.0,0.0,8860,F,1825,P
8860_04,Mars,False,TRAPPIST-1e,33.0,,1054.0,0.0,222.0,22.0,0.0,8860,E,567,P
8861_01,Europa,False,TRAPPIST-1e,32.0,False,0.0,2583.0,3.0,500.0,129.0,8861,C,291,P
8862_01,Europa,False,55 Cancri e,34.0,False,0.0,3126.0,0.0,112.0,15.0,8862,C,329,S
8862_02,Europa,False,PSO J318.5-22,38.0,True,0.0,2191.0,863.0,207.0,6262.0,8862,C,329,S
8862_03,Europa,True,TRAPPIST-1e,,False,0.0,0.0,0.0,0.0,0.0,8862,C,329,S
8862_04,Europa,True,55 Cancri e,28.0,False,0.0,0.0,0.0,0.0,0.0,8862,C,329,S
8862_05,Europa,True,TRAPPIST-1e,25.0,False,0.0,0.0,0.0,0.0,0.0,8862,C,329,S
8863_01,Earth,False,55 Cancri e,24.0,False,0.0,784.0,5.0,0.0,1.0,8863,E,582,S
8864_01,Mars,True,TRAPPIST-1e,18.0,False,0.0,0.0,0.0,0.0,0.0,8864,F,1717,S
8865_01,Earth,False,TRAPPIST-1e,24.0,False,121.0,10.0,341.0,307.0,47.0,8865,F,1826,P
8867_01,Europa,True,55 Cancri e,30.0,False,0.0,0.0,0.0,0.0,0.0,8867,B,286,P
8867_02,Europa,True,55 Cancri e,38.0,False,0.0,0.0,0.0,0.0,0.0,8867,B,286,P
8868_01,Earth,False,TRAPPIST-1e,39.0,False,0.0,798.0,0.0,56.0,0.0,8868,G,1430,S
8869_01,Earth,True,TRAPPIST-1e,31.0,False,0.0,0.0,0.0,0.0,0.0,8869,G,1431,S
8871_01,Earth,False,TRAPPIST-1e,33.0,False,0.0,116.0,412.0,379.0,0.0,8871,G,1432,S
8871_02,Earth,True,PSO J318.5-22,15.0,False,,0.0,,0.0,0.0,8871,G,1432,S
8872_01,Mars,True,TRAPPIST-1e,23.0,False,0.0,0.0,0.0,0.0,0.0,8872,F,1828,P
8874_01,Earth,True,TRAPPIST-1e,24.0,,0.0,0.0,0.0,0.0,0.0,8874,G,1436,P
8876_01,Europa,False,55 Cancri e,44.0,False,0.0,71.0,7148.0,427.0,394.0,8876,B,287,P
8878_01,Earth,False,TRAPPIST-1e,22.0,False,0.0,0.0,0.0,0.0,906.0,8878,E,568,P
8880_01,Mars,True,TRAPPIST-1e,28.0,False,0.0,0.0,0.0,0.0,0.0,8880,F,1829,P
8881_01,Earth,False,55 Cancri e,34.0,False,0.0,0.0,717.0,0.0,0.0,8881,F,1719,S
8883_01,,False,TRAPPIST-1e,8.0,False,0.0,0.0,0.0,0.0,0.0,8883,G,1438,P
8884_01,Earth,False,TRAPPIST-1e,26.0,False,1471.0,0.0,7.0,5.0,0.0,8884,F,1830,P
8885_01,Mars,False,TRAPPIST-1e,29.0,False,876.0,1.0,54.0,125.0,0.0,8885,D,269,S
8886_01,Earth,False,55 Cancri e,58.0,False,0.0,0.0,620.0,0.0,0.0,8886,G,1433,S
8886_02,Earth,True,TRAPPIST-1e,4.0,False,0.0,0.0,0.0,0.0,0.0,8886,G,1433,S
8886_03,Earth,False,PSO J318.5-22,1.0,False,0.0,0.0,0.0,0.0,0.0,8886,G,1433,S
8889_01,,False,55 Cancri e,17.0,False,0.0,0.0,615.0,0.0,0.0,8889,G,1439,P
8890_01,Earth,False,PSO J318.5-22,27.0,False,0.0,0.0,0.0,1606.0,3675.0,8890,G,1434,S
8891_01,Earth,False,TRAPPIST-1e,24.0,False,1186.0,0.0,381.0,3.0,173.0,8891,F,1831,P
8891_02,Earth,False,TRAPPIST-1e,16.0,False,0.0,1332.0,0.0,0.0,0.0,8891,F,1831,P
8892_01,Earth,False,TRAPPIST-1e,28.0,False,0.0,16.0,496.0,318.0,0.0,8892,F,1832,P
8894_01,Mars,True,TRAPPIST-1e,23.0,False,0.0,0.0,0.0,0.0,0.0,8894,F,1721,S
8896_01,Mars,True,55 Cancri e,33.0,False,0.0,0.0,0.0,0.0,0.0,8896,F,1722,S
8897_01,Earth,True,PSO J318.5-22,24.0,False,0.0,0.0,0.0,0.0,0.0,8897,G,1440,P
8899_01,Earth,False,TRAPPIST-1e,6.0,False,0.0,0.0,0.0,0.0,0.0,8899,G,1435,S
8900_01,Earth,False,TRAPPIST-1e,19.0,False,23.0,659.0,0.0,15.0,113.0,8900,G,1441,P
8901_01,Europa,True,TRAPPIST-1e,31.0,False,0.0,0.0,0.0,0.0,0.0,8901,B,341,S
8902_01,Earth,False,TRAPPIST-1e,19.0,False,16.0,1739.0,9.0,5.0,8.0,8902,G,1436,S
8903_01,Earth,False,TRAPPIST-1e,18.0,False,0.0,0.0,0.0,0.0,810.0,8903,G,1437,S
8904_01,Earth,False,TRAPPIST-1e,35.0,False,522.0,0.0,1.0,324.0,60.0,8904,G,1442,P
8905_01,Mars,False,TRAPPIST-1e,32.0,True,0.0,0.0,0.0,0.0,0.0,8905,E,570,P
8906_01,Earth,False,55 Cancri e,19.0,False,720.0,2.0,,,0.0,8906,F,1723,S
8907_01,Earth,True,PSO J318.5-22,24.0,False,0.0,0.0,0.0,0.0,0.0,8907,G,1438,S
8910_01,Earth,False,TRAPPIST-1e,33.0,False,0.0,3.0,0.0,782.0,7.0,8910,E,585,S
8918_01,Earth,False,TRAPPIST-1e,20.0,False,0.0,1.0,32.0,755.0,21.0,8918,G,1448,P
8919_01,Europa,False,TRAPPIST-1e,27.0,False,0.0,2481.0,0.0,3657.0,93.0,8919,C,331,S
8920_01,Europa,False,TRAPPIST-1e,26.0,False,0.0,70.0,0.0,41.0,,8920,D,280,P
8922_01,Earth,True,TRAPPIST-1e,28.0,False,0.0,0.0,0.0,0.0,0.0,8922,G,1449,P
8923_01,Earth,False,TRAPPIST-1e,19.0,False,0.0,0.0,0.0,0.0,0.0,8923,G,1450,P
8926_01,Earth,False,TRAPPIST-1e,24.0,False,0.0,,3.0,80.0,0.0,8926,E,571,P
8928_01,Europa,True,55 Cancri e,52.0,False,0.0,0.0,0.0,,0.0,8928,C,333,S
8930_01,Earth,False,PSO J318.5-22,23.0,False,0.0,471.0,120.0,13.0,6.0,8930,F,1725,S
8932_01,Earth,False,TRAPPIST-1e,23.0,False,0.0,0.0,0.0,912.0,41.0,8932,F,1727,S
8937_01,Europa,True,TRAPPIST-1e,25.0,False,0.0,0.0,0.0,0.0,0.0,8937,E,574,P
8938_01,,True,TRAPPIST-1e,22.0,False,0.0,0.0,0.0,0.0,0.0,8938,F,1729,S
8938_02,Mars,True,TRAPPIST-1e,35.0,False,0.0,0.0,0.0,0.0,0.0,8938,F,1729,S
8939_01,Earth,True,PSO J318.5-22,24.0,False,0.0,0.0,0.0,0.0,0.0,8939,G,1441,S
8940_01,Earth,False,TRAPPIST-1e,24.0,False,771.0,0.0,22.0,0.0,0.0,8940,E,587,S
8941_01,Mars,False,TRAPPIST-1e,26.0,True,1.0,445.0,170.0,614.0,68.0,8941,E,575,P
8941_02,Mars,False,TRAPPIST-1e,37.0,False,528.0,0.0,1598.0,62.0,0.0,8941,F,1834,P
8941_03,Mars,False,TRAPPIST-1e,14.0,False,1737.0,0.0,336.0,0.0,0.0,8941,E,575,P
8942_01,Europa,False,TRAPPIST-1e,36.0,False,0.0,3423.0,0.0,466.0,349.0,8942,C,297,P
8944_01,Earth,True,PSO J318.5-22,0.0,False,,0.0,0.0,0.0,0.0,8944,G,1442,S
8944_02,Earth,,PSO J318.5-22,17.0,False,0.0,0.0,0.0,0.0,0.0,8944,G,1442,S
8944_03,Earth,False,TRAPPIST-1e,18.0,False,327.0,170.0,0.0,0.0,130.0,8944,G,1442,S
8945_01,Europa,False,TRAPPIST-1e,43.0,False,,1632.0,346.0,957.0,128.0,8945,D,270,S
8945_02,Europa,False,TRAPPIST-1e,21.0,,3036.0,32.0,0.0,2.0,416.0,8945,D,270,S
8947_01,Mars,True,TRAPPIST-1e,34.0,False,0.0,0.0,0.0,0.0,0.0,8947,F,1731,S
8948_01,Europa,False,TRAPPIST-1e,57.0,,0.0,13.0,0.0,52.0,11325.0,8948,B,342,S
8948_02,Europa,False,55 Cancri e,18.0,False,0.0,4715.0,0.0,36.0,995.0,8948,B,342,S
8954_01,Earth,False,PSO J318.5-22,73.0,False,1806.0,0.0,47.0,0.0,0.0,8954,G,1452,P
8955_01,Earth,False,TRAPPIST-1e,31.0,False,0.0,1524.0,0.0,0.0,0.0,8955,F,1837,P
8956_01,Earth,False,TRAPPIST-1e,25.0,False,0.0,0.0,0.0,6.0,1989.0,8956,F,1838,P
8956_02,Earth,True,,20.0,False,0.0,0.0,0.0,0.0,0.0,8956,G,1453,P
8956_03,Earth,False,PSO J318.5-22,24.0,False,0.0,0.0,40.0,0.0,575.0,8956,G,1453,P
8956_04,Earth,False,TRAPPIST-1e,,False,194.0,1.0,10.0,629.0,0.0,8956,G,1453,P
8956_05,Earth,True,TRAPPIST-1e,21.0,False,0.0,0.0,0.0,0.0,0.0,8956,G,1453,P
8956_06,Earth,False,PSO J318.5-22,22.0,False,0.0,29.0,165.0,404.0,0.0,8956,F,1838,P
8956_07,Earth,False,55 Cancri e,39.0,False,0.0,0.0,1291.0,224.0,0.0,8956,F,1838,P
8956_08,Earth,False,TRAPPIST-1e,26.0,False,0.0,0.0,0.0,0.0,741.0,8956,F,1838,P
8959_01,Europa,True,TRAPPIST-1e,32.0,False,0.0,0.0,0.0,0.0,0.0,8959,C,298,P
8961_01,Earth,True,TRAPPIST-1e,1.0,False,,0.0,0.0,0.0,0.0,8961,G,1455,P
8961_02,Earth,False,TRAPPIST-1e,7.0,False,0.0,0.0,0.0,0.0,0.0,8961,G,1455,P
8961_03,Earth,False,TRAPPIST-1e,4.0,False,0.0,0.0,0.0,0.0,0.0,8961,G,1455,P
8961_04,,False,TRAPPIST-1e,21.0,False,0.0,6.0,0.0,593.0,0.0,8961,F,1839,P
8961_05,Earth,True,TRAPPIST-1e,12.0,False,0.0,0.0,0.0,0.0,0.0,8961,G,1455,P
8964_01,Mars,False,TRAPPIST-1e,28.0,False,1708.0,,65.0,1.0,0.0,8964,F,1734,S
8964_02,Mars,False,TRAPPIST-1e,0.0,False,0.0,0.0,0.0,0.0,0.0,8964,F,1734,S
8964_03,Mars,True,TRAPPIST-1e,18.0,False,0.0,0.0,0.0,0.0,0.0,8964,F,1734,S
8966_01,Mars,False,TRAPPIST-1e,52.0,False,1231.0,2.0,8.0,0.0,0.0,8966,F,1735,S
8967_01,Earth,False,TRAPPIST-1e,18.0,False,13.0,822.0,27.0,0.0,46.0,8967,G,1445,S
8968_01,Europa,True,TRAPPIST-1e,51.0,False,0.0,0.0,0.0,0.0,0.0,8968,E,588,S
8969_01,Europa,False,55 Cancri e,21.0,False,0.0,846.0,4407.0,0.0,2491.0,8969,C,299,P
8970_01,Europa,False,55 Cancri e,28.0,False,,3751.0,0.0,5025.0,11741.0,8970,C,300,P
8972_01,Mars,True,TRAPPIST-1e,34.0,False,0.0,,0.0,0.0,0.0,8972,F,1736,S
8973_01,Earth,True,TRAPPIST-1e,13.0,False,0.0,0.0,0.0,0.0,0.0,8973,G,1446,S
8975_01,Earth,False,TRAPPIST-1e,35.0,False,503.0,236.0,2.0,0.0,68.0,8975,G,1456,P
8975_02,Earth,False,TRAPPIST-1e,27.0,False,1.0,,0.0,20.0,948.0,8975,F,1840,P
8976_01,Earth,False,TRAPPIST-1e,35.0,False,1.0,0.0,0.0,0.0,803.0,8976,F,1737,S
8977_01,Mars,False,55 Cancri e,51.0,False,324.0,0.0,563.0,119.0,0.0,8977,D,272,S
8978_01,Mars,False,TRAPPIST-1e,53.0,False,24.0,0.0,1105.0,0.0,0.0,8978,F,1841,P
8981_01,Earth,False,TRAPPIST-1e,29.0,False,311.0,7.0,665.0,0.0,0.0,8981,E,589,S
8982_01,Earth,False,TRAPPIST-1e,41.0,False,0.0,924.0,,0.0,0.0,8982,F,1739,S
8983_01,Earth,False,TRAPPIST-1e,47.0,False,42.0,509.0,0.0,0.0,1057.0,8983,E,576,P
8985_01,Earth,False,55 Cancri e,22.0,False,0.0,0.0,626.0,0.0,14.0,8985,F,1842,P
8986_01,Earth,False,TRAPPIST-1e,19.0,False,0.0,810.0,21.0,788.0,,8986,E,590,S
8986_02,Earth,False,PSO J318.5-22,22.0,False,0.0,17.0,0.0,620.0,0.0,8986,F,1740,S
8987_01,Europa,True,55 Cancri e,25.0,False,0.0,0.0,0.0,0.0,0.0,8987,D,282,P
8988_01,Earth,True,TRAPPIST-1e,,False,0.0,0.0,0.0,0.0,0.0,8988,G,1448,S
8988_02,Earth,True,55 Cancri e,17.0,False,0.0,0.0,0.0,0.0,,8988,G,1448,S
8988_03,Earth,True,55 Cancri e,0.0,False,0.0,0.0,0.0,0.0,0.0,8988,G,1448,S
8988_04,Earth,True,TRAPPIST-1e,5.0,False,0.0,0.0,,0.0,0.0,8988,G,1448,S
8988_05,Earth,False,TRAPPIST-1e,30.0,False,0.0,1028.0,0.0,80.0,0.0,8988,F,1741,S
8988_06,Earth,True,TRAPPIST-1e,17.0,False,,0.0,0.0,0.0,0.0,8988,G,1448,S
8988_07,Earth,False,TRAPPIST-1e,53.0,False,0.0,1487.0,0.0,67.0,0.0,8988,F,1741,S
8988_08,Earth,True,TRAPPIST-1e,9.0,False,0.0,0.0,0.0,0.0,0.0,8988,G,1448,S
8989_01,Europa,False,TRAPPIST-1e,17.0,False,0.0,366.0,23492.0,356.0,3.0,8989,B,291,P
8989_02,Europa,True,55 Cancri e,16.0,False,0.0,0.0,0.0,0.0,0.0,8989,B,291,P
8989_03,Europa,True,TRAPPIST-1e,29.0,False,0.0,0.0,0.0,0.0,0.0,8989,B,291,P
8989_04,Europa,False,55 Cancri e,29.0,False,80.0,3707.0,0.0,1465.0,1320.0,8989,B,291,P
8992_01,Mars,False,TRAPPIST-1e,46.0,False,479.0,4.0,699.0,0.0,0.0,8992,D,283,P
8993_01,Earth,,PSO J318.5-22,27.0,False,32.0,8.0,5.0,588.0,18.0,8993,F,1844,P
8996_01,Europa,False,TRAPPIST-1e,39.0,False,2101.0,41.0,0.0,525.0,19.0,8996,D,285,P
8997_01,Earth,True,55 Cancri e,15.0,False,0.0,,0.0,0.0,0.0,8997,F,1742,S
8997_02,Earth,False,TRAPPIST-1e,30.0,False,604.0,0.0,50.0,147.0,2.0,8997,F,1742,S
8998_01,Earth,True,TRAPPIST-1e,41.0,False,0.0,0.0,0.0,0.0,0.0,8998,G,1449,S
8998_02,Earth,False,TRAPPIST-1e,47.0,False,,1.0,0.0,967.0,5.0,8998,E,591,S
8999_01,Mars,False,55 Cancri e,32.0,False,2555.0,0.0,456.0,2.0,0.0,8999,D,274,S
9001_01,Earth,False,55 Cancri e,15.0,False,0.0,20.0,816.0,39.0,1.0,9001,F,1743,S
9003_01,Earth,False,TRAPPIST-1e,23.0,,2.0,167.0,0.0,0.0,555.0,9003,F,1744,S
9004_01,Europa,True,55 Cancri e,20.0,False,0.0,0.0,0.0,0.0,0.0,9004,B,292,P
9006_01,Europa,True,TRAPPIST-1e,33.0,,0.0,0.0,0.0,0.0,0.0,9006,B,343,S
9007_01,Earth,True,TRAPPIST-1e,18.0,False,0.0,0.0,0.0,0.0,0.0,9007,G,1458,P
9008_01,Earth,False,TRAPPIST-1e,31.0,False,0.0,173.0,409.0,102.0,43.0,9008,F,1745,S
9008_02,Earth,True,TRAPPIST-1e,25.0,False,0.0,0.0,0.0,0.0,0.0,9008,F,1745,S
9009_01,Earth,True,PSO J318.5-22,19.0,False,0.0,0.0,0.0,0.0,0.0,9009,G,1459,P
9010_01,Mars,True,55 Cancri e,32.0,False,0.0,0.0,0.0,0.0,0.0,9010,F,1846,P
9011_01,Earth,False,TRAPPIST-1e,45.0,False,2.0,338.0,307.0,64.0,0.0,9011,F,1746,S
9012_01,Earth,False,TRAPPIST-1e,43.0,False,224.0,0.0,623.0,0.0,62.0,9012,G,1460,P
9013_01,Earth,False,TRAPPIST-1e,21.0,False,128.0,108.0,8.0,3.0,522.0,9013,G,1461,P
9013_02,Earth,False,TRAPPIST-1e,48.0,False,38.0,0.0,23.0,722.0,1.0,9013,G,1461,P
9013_03,Earth,False,55 Cancri e,0.0,False,0.0,0.0,0.0,0.0,0.0,9013,G,1461,P
9014_01,Europa,True,TRAPPIST-1e,29.0,False,0.0,0.0,0.0,0.0,0.0,9014,B,293,P
9015_01,Europa,False,55 Cancri e,41.0,False,3.0,1320.0,0.0,0.0,12392.0,9015,B,344,S
9018_01,Earth,False,TRAPPIST-1e,23.0,False,0.0,554.0,0.0,299.0,0.0,9018,G,1462,P
9019_01,Earth,False,55 Cancri e,48.0,False,304.0,0.0,164.0,320.0,0.0,9019,E,592,S
9020_01,Earth,False,PSO J318.5-22,18.0,False,0.0,0.0,0.0,391.0,283.0,9020,F,1747,S
9021_01,Mars,False,TRAPPIST-1e,30.0,False,522.0,0.0,,0.0,27.0,9021,E,577,P
9021_02,Mars,False,TRAPPIST-1e,26.0,True,1297.0,0.0,62.0,0.0,364.0,9021,D,286,P
9023_01,Earth,False,TRAPPIST-1e,18.0,False,0.0,1.0,0.0,618.0,21.0,9023,E,593,S
9024_01,Mars,False,55 Cancri e,27.0,False,63.0,0.0,1970.0,0.0,0.0,9024,F,1749,S
9026_01,Earth,True,TRAPPIST-1e,58.0,False,,0.0,0.0,0.0,0.0,9026,G,1463,P
9028_01,Earth,False,TRAPPIST-1e,22.0,False,1.0,676.0,13.0,217.0,1.0,9028,G,1464,P
9029_01,Mars,False,TRAPPIST-1e,17.0,False,3146.0,0.0,87.0,135.0,0.0,9029,D,287,P
9030_01,Earth,False,TRAPPIST-1e,28.0,False,1954.0,43.0,0.0,0.0,7.0,9030,F,1847,P
9030_02,,False,TRAPPIST-1e,27.0,False,0.0,0.0,0.0,298.0,511.0,9030,G,1465,P
9031_01,Earth,,TRAPPIST-1e,51.0,False,0.0,0.0,689.0,0.0,32.0,9031,G,1455,S
9032_01,Mars,True,TRAPPIST-1e,37.0,False,0.0,0.0,0.0,0.0,0.0,9032,E,578,P
9034_01,Europa,True,TRAPPIST-1e,14.0,False,0.0,0.0,0.0,0.0,0.0,9034,D,288,P
9034_02,Europa,True,TRAPPIST-1e,43.0,False,0.0,0.0,0.0,0.0,0.0,9034,D,288,P
9034_03,Europa,False,55 Cancri e,27.0,False,0.0,984.0,0.0,13995.0,312.0,9034,D,288,P
9034_04,Europa,False,TRAPPIST-1e,60.0,False,0.0,,947.0,668.0,1.0,9034,D,288,P
9034_05,Europa,False,TRAPPIST-1e,33.0,False,0.0,1876.0,0.0,1432.0,14.0,9034,D,288,P
9035_01,Earth,False,TRAPPIST-1e,39.0,False,266.0,4.0,1.0,0.0,452.0,9035,G,1466,P
9036_01,Earth,True,PSO J318.5-22,21.0,False,0.0,0.0,0.0,0.0,0.0,9036,G,1467,P
9037_01,Mars,False,55 Cancri e,21.0,False,1410.0,3.0,49.0,0.0,0.0,9037,F,1751,S
9038_01,Europa,True,55 Cancri e,28.0,False,0.0,0.0,0.0,0.0,0.0,9038,A,106,S
9041_01,Earth,True,PSO J318.5-22,30.0,False,0.0,0.0,0.0,,0.0,9041,G,1470,P
9042_01,Europa,False,55 Cancri e,42.0,False,0.0,5436.0,0.0,471.0,109.0,9042,B,294,P
9043_01,,True,TRAPPIST-1e,25.0,False,0.0,0.0,0.0,0.0,0.0,9043,F,1848,P
9046_01,Europa,True,55 Cancri e,25.0,False,0.0,0.0,0.0,0.0,0.0,9046,C,335,S
9046_02,Europa,False,TRAPPIST-1e,25.0,False,6899.0,265.0,0.0,2234.0,2090.0,9046,C,335,S
9048_01,Earth,True,TRAPPIST-1e,54.0,False,0.0,0.0,0.0,0.0,0.0,9048,G,1471,P
9049_01,Europa,True,TRAPPIST-1e,41.0,False,0.0,0.0,0.0,0.0,0.0,9049,C,336,S
9052_01,Earth,False,TRAPPIST-1e,36.0,False,0.0,17.0,204.0,559.0,3.0,9052,G,1457,S
9052_02,Earth,False,55 Cancri e,33.0,False,1006.0,0.0,1357.0,45.0,6.0,9052,F,1752,S
9057_01,Europa,False,55 Cancri e,36.0,True,132.0,3479.0,0.0,3786.0,0.0,9057,G,734,S
9057_02,Europa,True,TRAPPIST-1e,55.0,False,0.0,0.0,0.0,0.0,0.0,9057,B,296,P
9059_01,Earth,False,TRAPPIST-1e,16.0,False,866.0,0.0,0.0,184.0,0.0,9059,F,1753,S
9060_01,Earth,False,TRAPPIST-1e,28.0,False,0.0,8.0,338.0,135.0,390.0,9060,F,1853,P
9061_01,Mars,False,TRAPPIST-1e,26.0,False,887.0,6.0,15.0,148.0,0.0,9061,D,276,S
9064_01,Earth,False,TRAPPIST-1e,42.0,False,815.0,19.0,2.0,11.0,17.0,9064,F,1754,S
9066_01,Earth,False,PSO J318.5-22,30.0,False,1269.0,9.0,0.0,0.0,0.0,9066,F,1756,S
9068_01,Europa,False,TRAPPIST-1e,31.0,False,1062.0,1605.0,0.0,2718.0,1674.0,9068,C,337,S
9069_01,Europa,True,TRAPPIST-1e,22.0,False,0.0,0.0,0.0,0.0,0.0,9069,B,297,P
9069_02,Europa,True,55 Cancri e,26.0,False,0.0,0.0,0.0,0.0,0.0,9069,B,297,P
9069_03,Europa,True,55 Cancri e,25.0,False,0.0,0.0,0.0,0.0,0.0,9069,G,734,S
9069_04,Europa,False,TRAPPIST-1e,44.0,False,0.0,4313.0,0.0,568.0,7.0,9069,B,297,P
9069_05,Europa,False,55 Cancri e,29.0,False,0.0,12563.0,0.0,3.0,5057.0,9069,B,297,P
9071_01,Earth,False,55 Cancri e,22.0,False,0.0,0.0,1072.0,46.0,3.0,9071,F,1855,P
9072_01,,True,TRAPPIST-1e,23.0,False,0.0,0.0,0.0,0.0,0.0,9072,F,1758,S
9072_02,Mars,False,TRAPPIST-1e,30.0,False,160.0,0.0,719.0,162.0,0.0,9072,F,1758,S
9072_03,Mars,False,TRAPPIST-1e,23.0,False,455.0,10.0,591.0,232.0,0.0,9072,F,1758,S
9073_01,Europa,False,TRAPPIST-1e,13.0,False,24.0,838.0,1069.0,1376.0,181.0,9073,A,107,S
9073_02,Europa,True,55 Cancri e,53.0,False,0.0,0.0,,0.0,0.0,9073,B,347,S
9074_01,Earth,True,TRAPPIST-1e,0.0,,0.0,0.0,,0.0,0.0,9074,G,1460,S
9074_02,Earth,False,PSO J318.5-22,27.0,False,0.0,468.0,0.0,59.0,309.0,9074,G,1460,S
9074_03,Earth,True,TRAPPIST-1e,27.0,False,0.0,0.0,0.0,0.0,0.0,9074,G,1460,S
9074_04,Earth,True,55 Cancri e,10.0,False,0.0,0.0,0.0,0.0,0.0,9074,G,1460,S
9074_05,Earth,True,TRAPPIST-1e,2.0,False,0.0,0.0,0.0,0.0,0.0,9074,G,1460,S
9074_06,Earth,False,55 Cancri e,5.0,False,0.0,0.0,0.0,0.0,0.0,9074,G,1460,S
9075_01,Earth,False,TRAPPIST-1e,24.0,False,0.0,10.0,758.0,0.0,20.0,9075,E,580,P
9076_01,Earth,,TRAPPIST-1e,32.0,False,0.0,0.0,0.0,0.0,0.0,9076,G,1461,S
9077_01,Earth,False,55 Cancri e,22.0,False,23.0,100.0,1353.0,0.0,0.0,9077,F,1856,P
9077_02,Earth,True,PSO J318.5-22,22.0,False,0.0,0.0,0.0,0.0,0.0,9077,G,1475,P
9078_01,Earth,False,PSO J318.5-22,44.0,False,0.0,2.0,0.0,0.0,1556.0,9078,E,594,S
9079_01,Earth,False,TRAPPIST-1e,55.0,False,1.0,0.0,58.0,0.0,802.0,9079,E,595,S
9080_01,Earth,False,TRAPPIST-1e,22.0,False,34.0,0.0,0.0,711.0,0.0,9080,F,1857,P
9081_01,Earth,False,TRAPPIST-1e,8.0,False,0.0,0.0,0.0,0.0,0.0,9081,G,1476,P
9081_02,Earth,False,55 Cancri e,15.0,False,0.0,0.0,0.0,208.0,754.0,9081,F,1858,P
9081_03,Earth,True,TRAPPIST-1e,1.0,False,0.0,0.0,0.0,0.0,0.0,9081,G,734,S
9081_04,Earth,False,TRAPPIST-1e,9.0,False,0.0,0.0,0.0,0.0,0.0,9081,G,1476,P
9081_05,Earth,False,TRAPPIST-1e,48.0,False,0.0,586.0,784.0,4.0,21.0,9081,F,1858,P
9081_06,Earth,False,PSO J318.5-22,16.0,,0.0,0.0,761.0,0.0,0.0,9081,F,1858,P
9081_07,Earth,True,TRAPPIST-1e,27.0,False,0.0,0.0,0.0,0.0,0.0,9081,G,1476,P
9081_08,Earth,True,PSO J318.5-22,3.0,False,0.0,0.0,0.0,0.0,0.0,9081,G,1476,P
9084_01,,False,TRAPPIST-1e,25.0,False,1258.0,0.0,22.0,19.0,0.0,9084,E,582,P
9085_01,Europa,False,55 Cancri e,70.0,False,0.0,2113.0,0.0,1972.0,51.0,9085,A,95,P
9085_02,Europa,False,55 Cancri e,30.0,False,11.0,495.0,0.0,2049.0,2064.0,9085,A,95,P
9085_03,Europa,True,TRAPPIST-1e,57.0,False,0.0,0.0,0.0,0.0,0.0,9085,A,95,P
9089_01,Earth,False,TRAPPIST-1e,42.0,False,866.0,0.0,16.0,0.0,0.0,9089,G,1463,S
9094_01,Earth,True,PSO J318.5-22,14.0,False,0.0,0.0,0.0,0.0,0.0,9094,G,1465,S
9094_02,Earth,False,TRAPPIST-1e,43.0,False,0.0,704.0,0.0,2.0,0.0,9094,G,1465,S
9097_01,Mars,True,TRAPPIST-1e,34.0,False,0.0,0.0,0.0,0.0,0.0,9097,F,1863,P
9098_01,Earth,False,TRAPPIST-1e,21.0,False,8.0,796.0,0.0,0.0,0.0,9098,F,1864,P
9099_01,Earth,False,TRAPPIST-1e,32.0,False,0.0,475.0,51.0,440.0,642.0,9099,E,597,S
9101_01,Earth,False,TRAPPIST-1e,21.0,False,,0.0,496.0,430.0,0.0,9101,F,1865,P
9103_01,Earth,False,TRAPPIST-1e,25.0,False,3402.0,2449.0,28.0,259.0,197.0,9103,G,1479,P
9104_01,Europa,True,55 Cancri e,25.0,False,0.0,0.0,0.0,0.0,0.0,9104,C,302,P
9106_01,Earth,False,TRAPPIST-1e,38.0,False,1736.0,0.0,123.0,5.0,115.0,9106,F,1761,S
9107_01,Earth,True,TRAPPIST-1e,36.0,False,0.0,0.0,0.0,0.0,0.0,9107,G,1467,S
9108_01,Earth,True,TRAPPIST-1e,44.0,False,0.0,0.0,0.0,0.0,0.0,9108,G,1468,S
9108_02,Earth,False,TRAPPIST-1e,37.0,False,15.0,7.0,0.0,786.0,0.0,9108,G,1468,S
9110_01,Earth,False,TRAPPIST-1e,47.0,False,0.0,0.0,16.0,3.0,854.0,9110,F,1866,P
9111_01,Mars,False,TRAPPIST-1e,38.0,False,1478.0,0.0,631.0,0.0,0.0,9111,E,598,S
9112_01,Mars,False,TRAPPIST-1e,28.0,False,,0.0,0.0,0.0,0.0,9112,D,290,P
9114_01,Europa,True,55 Cancri e,38.0,False,0.0,0.0,0.0,0.0,0.0,9114,B,348,S
9115_01,Earth,False,PSO J318.5-22,53.0,False,1215.0,0.0,0.0,0.0,0.0,9115,F,1867,P
9116_01,Earth,False,TRAPPIST-1e,26.0,False,0.0,,0.0,1.0,48.0,9116,F,1868,P
9118_01,Earth,False,55 Cancri e,13.0,False,0.0,1501.0,23.0,5.0,163.0,9118,E,585,P
9118_02,Earth,False,TRAPPIST-1e,64.0,False,37.0,1585.0,234.0,0.0,18.0,9118,G,1482,P
9119_01,Earth,True,TRAPPIST-1e,16.0,False,0.0,0.0,0.0,0.0,0.0,9119,G,1483,P
9120_01,Earth,False,TRAPPIST-1e,13.0,False,101.0,12.0,184.0,780.0,0.0,9120,F,1763,S
9122_01,Earth,True,55 Cancri e,55.0,,0.0,0.0,0.0,0.0,0.0,9122,G,1469,S
9124_01,Mars,False,TRAPPIST-1e,26.0,False,733.0,0.0,1296.0,80.0,0.0,9124,E,599,S
9125_01,Mars,True,TRAPPIST-1e,23.0,False,0.0,0.0,0.0,0.0,0.0,9125,E,586,P
9125_02,Mars,True,TRAPPIST-1e,55.0,False,0.0,0.0,0.0,0.0,0.0,9125,E,586,P
9126_01,Mars,True,TRAPPIST-1e,50.0,False,0.0,0.0,0.0,0.0,0.0,9126,E,600,S
9127_01,Earth,False,PSO J318.5-22,26.0,False,0.0,749.0,20.0,0.0,0.0,9127,G,1470,S
9128_01,Earth,False,TRAPPIST-1e,36.0,False,794.0,371.0,0.0,228.0,1.0,9128,F,1870,P
9128_02,Earth,True,PSO J318.5-22,33.0,False,0.0,0.0,0.0,0.0,0.0,9128,G,1484,P
9129_01,Earth,False,TRAPPIST-1e,21.0,False,0.0,1.0,0.0,808.0,0.0,9129,G,1485,P
9130_01,Mars,True,,41.0,False,0.0,0.0,0.0,0.0,0.0,9130,F,1765,S
9131_01,Europa,False,55 Cancri e,33.0,False,0.0,1961.0,0.0,226.0,1077.0,9131,C,303,P
9131_02,Europa,True,TRAPPIST-1e,23.0,False,0.0,0.0,0.0,0.0,0.0,9131,C,303,P
9132_01,Mars,False,TRAPPIST-1e,31.0,False,2575.0,1.0,2.0,,0.0,9132,D,291,P
9132_02,Mars,False,TRAPPIST-1e,28.0,False,1789.0,16.0,3.0,10.0,1.0,9132,F,1871,P
9134_01,Earth,False,TRAPPIST-1e,13.0,False,590.0,0.0,32.0,363.0,0.0,9134,E,601,S
9136_01,Earth,False,TRAPPIST-1e,,False,6.0,0.0,0.0,800.0,3.0,9136,G,1471,S
9137_01,Mars,False,TRAPPIST-1e,35.0,False,3.0,1376.0,11.0,0.0,360.0,9137,F,1872,P
9139_01,Mars,False,TRAPPIST-1e,25.0,False,410.0,32.0,14.0,1239.0,10.0,9139,F,1766,S
9140_01,Earth,True,PSO J318.5-22,19.0,False,0.0,0.0,0.0,0.0,0.0,9140,G,1488,P
9141_01,Europa,True,TRAPPIST-1e,56.0,False,0.0,0.0,0.0,0.0,0.0,9141,B,349,S
9142_01,Earth,False,TRAPPIST-1e,18.0,False,83.0,165.0,1.0,0.0,2002.0,9142,F,1873,P
9144_01,Earth,False,TRAPPIST-1e,22.0,False,1.0,702.0,0.0,0.0,0.0,9144,F,1768,S
9145_01,Earth,True,TRAPPIST-1e,34.0,False,0.0,0.0,0.0,0.0,0.0,9145,G,1489,P
9148_01,Earth,False,TRAPPIST-1e,11.0,False,0.0,0.0,0.0,0.0,0.0,9148,G,1473,S
9149_01,Europa,True,55 Cancri e,37.0,False,0.0,0.0,0.0,,0.0,9149,B,350,S
9149_02,Europa,False,55 Cancri e,22.0,False,0.0,36.0,1.0,3761.0,4521.0,9149,B,350,S
9150_01,Earth,False,TRAPPIST-1e,45.0,False,1.0,0.0,638.0,9.0,161.0,9150,G,1474,S
9151_01,Mars,True,TRAPPIST-1e,19.0,False,0.0,0.0,0.0,,0.0,9151,F,1769,S
9152_01,Earth,True,TRAPPIST-1e,39.0,False,0.0,0.0,0.0,0.0,0.0,9152,G,1491,P
9156_01,Europa,True,TRAPPIST-1e,28.0,False,0.0,0.0,0.0,0.0,0.0,9156,B,351,S
9157_01,Earth,False,TRAPPIST-1e,36.0,False,0.0,281.0,0.0,0.0,632.0,9157,G,1476,S
9157_02,Earth,True,PSO J318.5-22,1.0,False,0.0,0.0,0.0,0.0,0.0,9157,G,1476,S
9157_03,Earth,False,PSO J318.5-22,10.0,False,0.0,0.0,0.0,0.0,0.0,9157,G,1476,S
9157_04,Earth,False,55 Cancri e,12.0,False,0.0,0.0,0.0,0.0,0.0,9157,G,1476,S
9157_05,Earth,False,TRAPPIST-1e,31.0,False,0.0,522.0,0.0,54.0,332.0,9157,G,1476,S
9157_06,Earth,False,TRAPPIST-1e,12.0,False,0.0,0.0,0.0,0.0,0.0,9157,G,1476,S
9157_07,Earth,True,TRAPPIST-1e,3.0,False,0.0,0.0,0.0,0.0,0.0,9157,G,1476,S
9158_01,Europa,True,55 Cancri e,30.0,True,0.0,0.0,0.0,0.0,0.0,9158,B,298,P
9159_01,Earth,False,TRAPPIST-1e,41.0,False,169.0,0.0,516.0,0.0,52.0,9159,F,1875,P
9160_01,Earth,False,TRAPPIST-1e,19.0,False,640.0,0.0,0.0,38.0,12.0,9160,F,1770,S
9161_01,Earth,True,55 Cancri e,38.0,False,0.0,0.0,0.0,0.0,0.0,9161,G,1493,P
9161_02,Earth,True,TRAPPIST-1e,36.0,False,0.0,0.0,,0.0,0.0,9161,G,1493,P
9163_01,Earth,True,TRAPPIST-1e,0.0,False,0.0,0.0,0.0,0.0,0.0,9163,G,1477,S
9164_01,Mars,False,TRAPPIST-1e,20.0,False,574.0,1.0,792.0,11.0,0.0,9164,E,602,S
9165_01,Earth,False,TRAPPIST-1e,23.0,False,9.0,2.0,1.0,0.0,727.0,9165,F,1771,S
9167_01,Earth,False,TRAPPIST-1e,35.0,False,0.0,0.0,0.0,684.0,0.0,9167,F,1772,S
9168_01,Europa,False,55 Cancri e,36.0,False,23.0,14773.0,0.0,1159.0,7819.0,9168,C,338,S
9168_02,Europa,True,TRAPPIST-1e,41.0,False,0.0,0.0,0.0,0.0,0.0,9168,C,338,S
9169_01,Mars,False,TRAPPIST-1e,38.0,False,48.0,2318.0,5.0,11.0,0.0,9169,D,295,P
9170_01,Earth,,TRAPPIST-1e,33.0,False,1060.0,403.0,1.0,0.0,145.0,9170,E,587,P
9172_01,Earth,False,TRAPPIST-1e,54.0,False,724.0,25.0,71.0,0.0,1054.0,9172,G,1478,S
9173_01,Earth,False,PSO J318.5-22,33.0,False,0.0,688.0,2.0,0.0,426.0,9173,F,1876,P
9174_01,Earth,False,PSO J318.5-22,54.0,False,65.0,670.0,0.0,177.0,0.0,9174,G,1479,S
9175_01,Europa,False,55 Cancri e,32.0,False,0.0,10073.0,0.0,168.0,337.0,9175,B,299,P
9176_01,Earth,False,TRAPPIST-1e,24.0,False,0.0,537.0,0.0,5.0,197.0,9176,F,1773,S
9178_01,Earth,False,TRAPPIST-1e,53.0,False,49.0,584.0,0.0,0.0,70.0,9178,F,1877,P
9179_01,Earth,True,TRAPPIST-1e,26.0,False,0.0,0.0,0.0,0.0,0.0,9179,G,1494,P
9179_02,Earth,False,TRAPPIST-1e,31.0,False,459.0,194.0,0.0,5.0,125.0,9179,G,1494,P
9179_03,Earth,True,PSO J318.5-22,18.0,False,0.0,0.0,,0.0,0.0,9179,G,1494,P
9179_04,Earth,True,TRAPPIST-1e,39.0,False,0.0,0.0,0.0,0.0,0.0,9179,G,1494,P
9180_01,Mars,False,TRAPPIST-1e,37.0,False,148.0,0.0,684.0,1446.0,88.0,9180,F,1774,S
9181_01,Earth,False,TRAPPIST-1e,35.0,False,270.0,4.0,453.0,7.0,0.0,9181,F,1775,S
9183_01,Europa,False,55 Cancri e,34.0,False,0.0,5.0,11.0,62.0,5804.0,9183,C,307,P
9184_01,Earth,False,TRAPPIST-1e,28.0,False,0.0,7.0,6.0,0.0,482.0,9184,G,1480,S
9185_01,Earth,False,TRAPPIST-1e,43.0,False,698.0,94.0,0.0,0.0,0.0,9185,E,588,P
9186_01,Mars,True,TRAPPIST-1e,2.0,False,0.0,0.0,,0.0,0.0,9186,F,1878,P
9188_01,Earth,False,TRAPPIST-1e,24.0,False,0.0,0.0,807.0,0.0,2.0,9188,G,1481,S
9189_01,Earth,False,PSO J318.5-22,18.0,False,87.0,41.0,483.0,0.0,0.0,9189,F,1777,S
9190_01,Earth,False,TRAPPIST-1e,21.0,False,802.0,0.0,1.0,1.0,0.0,9190,F,1778,S
9192_01,Earth,False,PSO J318.5-22,24.0,False,,599.0,,0.0,0.0,9192,F,1880,P
9193_01,Earth,,PSO J318.5-22,35.0,False,0.0,0.0,0.0,0.0,0.0,9193,G,1483,S
9194_01,,False,55 Cancri e,53.0,False,0.0,4017.0,0.0,13.0,3147.0,9194,E,603,S
9194_02,Europa,False,TRAPPIST-1e,32.0,True,1003.0,909.0,0.0,0.0,15.0,9194,E,603,S
9195_01,Mars,True,TRAPPIST-1e,44.0,False,0.0,0.0,0.0,0.0,0.0,9195,F,1779,S
9195_02,Mars,True,,33.0,False,0.0,0.0,0.0,0.0,0.0,9195,F,1779,S
9196_01,Europa,False,TRAPPIST-1e,40.0,False,0.0,1674.0,0.0,269.0,4.0,9196,C,339,S
9196_02,Europa,False,TRAPPIST-1e,31.0,False,1.0,104.0,1338.0,698.0,126.0,9196,C,339,S
9196_03,Europa,False,TRAPPIST-1e,23.0,False,381.0,794.0,52.0,654.0,1317.0,9196,C,339,S
9197_01,Europa,,55 Cancri e,44.0,False,0.0,0.0,0.0,0.0,0.0,9197,C,308,P
9197_02,Europa,False,,41.0,True,0.0,7964.0,0.0,3238.0,5839.0,9197,C,308,P
9197_03,Europa,False,TRAPPIST-1e,31.0,False,0.0,4634.0,8.0,616.0,0.0,9197,C,308,P
9197_04,Europa,False,55 Cancri e,30.0,False,1569.0,,0.0,,2252.0,9197,C,308,P
9199_01,Europa,True,55 Cancri e,33.0,False,0.0,0.0,0.0,0.0,0.0,9199,E,590,P
9201_01,Earth,False,PSO J318.5-22,30.0,False,0.0,816.0,0.0,0.0,0.0,9201,G,1484,S
9202_01,Europa,False,TRAPPIST-1e,26.0,False,8586.0,77.0,114.0,29.0,4.0,9202,C,309,P
9203_01,Mars,True,55 Cancri e,22.0,False,0.0,0.0,0.0,0.0,0.0,9203,F,1780,S
9205_01,Europa,True,55 Cancri e,37.0,False,0.0,0.0,0.0,0.0,0.0,9205,B,300,P
9205_02,Europa,True,TRAPPIST-1e,15.0,False,0.0,0.0,0.0,0.0,0.0,9205,B,300,P
9205_03,Europa,True,TRAPPIST-1e,52.0,,0.0,0.0,0.0,0.0,0.0,9205,B,300,P
9208_01,Earth,True,TRAPPIST-1e,35.0,False,0.0,0.0,0.0,0.0,0.0,9208,G,1485,S
9208_02,Earth,False,TRAPPIST-1e,40.0,False,757.0,40.0,4.0,2.0,0.0,9208,F,1782,S
9211_01,Earth,False,TRAPPIST-1e,60.0,False,0.0,8.0,,360.0,74.0,9211,G,1486,S
9213_01,Earth,False,TRAPPIST-1e,24.0,False,0.0,90.0,0.0,795.0,0.0,9213,F,1884,P
9217_01,Earth,False,55 Cancri e,31.0,False,15.0,679.0,89.0,6.0,0.0,9217,E,604,S
9218_01,Europa,True,55 Cancri e,43.0,False,0.0,0.0,0.0,0.0,0.0,9218,B,353,S
9219_01,Earth,False,55 Cancri e,9.0,False,0.0,0.0,0.0,0.0,0.0,9219,G,1487,S
9219_02,Earth,False,TRAPPIST-1e,51.0,False,6.0,0.0,0.0,0.0,1164.0,9219,F,1783,S
9220_01,Earth,False,TRAPPIST-1e,25.0,False,2.0,45.0,45.0,0.0,815.0,9220,G,1496,P
9220_02,Earth,True,TRAPPIST-1e,20.0,False,0.0,0.0,0.0,0.0,0.0,9220,G,1496,P
9220_03,Earth,False,PSO J318.5-22,22.0,False,623.0,0.0,,0.0,53.0,9220,F,1886,P
9221_01,Earth,True,TRAPPIST-1e,21.0,False,0.0,0.0,0.0,0.0,,9221,G,1497,P
9222_01,Mars,True,TRAPPIST-1e,50.0,False,0.0,0.0,0.0,,0.0,9222,F,1784,S
9224_01,Mars,False,TRAPPIST-1e,24.0,False,745.0,639.0,977.0,4.0,0.0,9224,F,1786,S
9225_01,Earth,False,TRAPPIST-1e,45.0,False,1.0,197.0,0.0,660.0,15.0,9225,F,1787,S
9226_01,Earth,False,,22.0,False,676.0,0.0,13.0,0.0,12.0,9226,F,1788,S
9227_01,Earth,True,TRAPPIST-1e,7.0,False,0.0,0.0,0.0,0.0,0.0,9227,G,1498,P
9227_02,Earth,True,PSO J318.5-22,11.0,False,0.0,0.0,0.0,0.0,0.0,9227,G,1498,P
9227_03,Earth,True,PSO J318.5-22,1.0,False,0.0,0.0,0.0,0.0,0.0,9227,G,1498,P
9227_04,Earth,True,TRAPPIST-1e,0.0,False,0.0,0.0,0.0,0.0,0.0,9227,G,1498,P
9227_05,Earth,,TRAPPIST-1e,8.0,False,0.0,0.0,0.0,0.0,0.0,9227,G,1498,P
9230_01,Europa,False,TRAPPIST-1e,36.0,True,0.0,5600.0,715.0,2868.0,971.0,9230,C,342,S
9231_01,Mars,True,55 Cancri e,2.0,False,0.0,0.0,0.0,0.0,0.0,9231,F,1888,P
9231_02,Mars,False,TRAPPIST-1e,0.0,False,0.0,0.0,0.0,0.0,0.0,9231,F,1888,P
9231_03,Mars,False,TRAPPIST-1e,22.0,False,0.0,0.0,0.0,0.0,0.0,9231,E,592,P
9233_01,Earth,False,TRAPPIST-1e,41.0,False,3.0,0.0,668.0,0.0,0.0,9233,G,734,S
9234_01,Earth,False,TRAPPIST-1e,49.0,False,6.0,1.0,638.0,1107.0,23.0,9234,G,1500,P
9235_01,Earth,False,TRAPPIST-1e,30.0,False,8.0,752.0,0.0,0.0,687.0,9235,F,1789,S
9237_01,Earth,True,TRAPPIST-1e,37.0,False,0.0,0.0,0.0,0.0,0.0,9237,G,1488,S
9239_01,Mars,False,TRAPPIST-1e,14.0,False,2.0,0.0,918.0,128.0,0.0,9239,E,593,P
9241_01,Mars,False,TRAPPIST-1e,30.0,False,699.0,0.0,600.0,0.0,0.0,9241,E,595,P
9242_01,Earth,False,TRAPPIST-1e,62.0,False,102.0,696.0,0.0,0.0,0.0,9242,F,1891,P
9244_01,Earth,True,PSO J318.5-22,13.0,False,0.0,0.0,0.0,0.0,0.0,9244,G,1489,S
9246_01,Earth,,TRAPPIST-1e,32.0,False,0.0,0.0,0.0,0.0,0.0,9246,G,1490,S
9247_01,Earth,True,TRAPPIST-1e,33.0,False,0.0,0.0,0.0,0.0,,9247,G,1491,S
9248_01,,False,55 Cancri e,38.0,,28.0,1208.0,973.0,207.0,0.0,9248,F,1792,S
9250_01,Europa,False,TRAPPIST-1e,29.0,False,0.0,2972.0,,28.0,188.0,9250,E,597,P
9251_01,Mars,True,TRAPPIST-1e,25.0,False,0.0,0.0,0.0,0.0,0.0,9251,F,1793,S
9252_01,Europa,False,55 Cancri e,26.0,False,0.0,8160.0,205.0,0.0,438.0,9252,B,301,P
9252_02,Europa,True,55 Cancri e,19.0,False,0.0,0.0,0.0,0.0,0.0,9252,B,301,P
9253_01,Earth,True,PSO J318.5-22,16.0,False,0.0,0.0,0.0,0.0,0.0,9253,G,1493,S
9254_01,Earth,True,PSO J318.5-22,61.0,False,0.0,0.0,0.0,0.0,0.0,9254,G,1502,P
9256_01,Earth,True,TRAPPIST-1e,28.0,False,0.0,0.0,0.0,0.0,0.0,9256,G,1494,S
9257_01,,False,TRAPPIST-1e,13.0,False,39.0,0.0,1085.0,24.0,0.0,9257,F,1892,P
9259_01,Earth,,TRAPPIST-1e,44.0,False,1030.0,1015.0,0.0,11.0,,9259,F,1893,P
9261_01,Earth,True,PSO J318.5-22,22.0,False,0.0,0.0,0.0,0.0,0.0,9261,G,1504,P
9264_01,Europa,True,55 Cancri e,30.0,False,0.0,0.0,0.0,0.0,0.0,9264,E,606,S
9267_01,Europa,True,TRAPPIST-1e,21.0,False,0.0,0.0,0.0,0.0,0.0,9267,E,607,S
9267_02,Europa,True,TRAPPIST-1e,20.0,False,0.0,0.0,0.0,0.0,0.0,9267,E,607,S
9268_01,Earth,True,TRAPPIST-1e,31.0,False,0.0,0.0,0.0,0.0,0.0,9268,G,1505,P
9270_01,Earth,True,55 Cancri e,33.0,False,0.0,0.0,0.0,0.0,0.0,9270,G,1497,S
9272_01,Earth,False,TRAPPIST-1e,26.0,False,240.0,242.0,510.0,0.0,0.0,9272,G,1507,P
9272_02,Earth,False,TRAPPIST-1e,21.0,False,86.0,3.0,149.0,208.0,329.0,9272,F,1894,P
9274_01,,True,TRAPPIST-1e,23.0,False,0.0,0.0,0.0,0.0,0.0,9274,G,1508,P
9275_01,Europa,False,TRAPPIST-1e,0.0,False,0.0,0.0,0.0,0.0,0.0,9275,A,97,P
9275_02,Europa,False,TRAPPIST-1e,32.0,False,1.0,1146.0,0.0,50.0,34.0,9275,A,97,P
9275_03,Europa,,TRAPPIST-1e,30.0,False,0.0,3208.0,0.0,2.0,330.0,9275,A,97,P
9276_01,Europa,False,55 Cancri e,41.0,True,0.0,6819.0,0.0,1643.0,74.0,9276,A,98,P
9278_01,Earth,True,PSO J318.5-22,18.0,False,0.0,0.0,0.0,0.0,0.0,9278,G,1499,S
9279_01,Earth,False,TRAPPIST-1e,26.0,False,0.0,0.0,1872.0,1.0,0.0,9279,G,1500,S
9280_01,Europa,False,55 Cancri e,32.0,False,0.0,1049.0,0.0,353.0,3235.0,9280,E,608,S
9280_02,Europa,False,TRAPPIST-1e,44.0,False,126.0,4688.0,0.0,0.0,12.0,9280,E,608,S
